subject,mechanism,state,repetition,block_id,execution_order,warmup,start_ns,end_ns,elapsed_seconds,database,command,valid,invalid_reason
mcv:county:scofflaw_indicator,mcv,candidate,-1,mcv:county:scofflaw_indicator:-1,1,True,9884077218885,9884211346757,0.134127872,dmv_candidate_cost_v0,ANALYZE dmv,True,
mcv:county:scofflaw_indicator,mcv,baseline,-1,mcv:county:scofflaw_indicator:-1,2,True,9884213012307,9884335339443,0.122327136,dmv_candidate_cost_v0,ANALYZE dmv,True,
mcv:county:scofflaw_indicator,mcv,baseline,0,mcv:county:scofflaw_indicator:0,3,False,9884335557645,9884464815753,0.129258108,dmv_candidate_cost_v0,ANALYZE dmv,True,
mcv:county:scofflaw_indicator,mcv,candidate,0,mcv:county:scofflaw_indicator:0,4,False,9884466406014,9884617997049,0.151591035,dmv_candidate_cost_v0,ANALYZE dmv,True,
mcv:county:scofflaw_indicator,mcv,candidate,1,mcv:county:scofflaw_indicator:1,5,False,9884620542499,9884747745981,0.127203482,dmv_candidate_cost_v0,ANALYZE dmv,True,
mcv:county:scofflaw_indicator,mcv,baseline,1,mcv:county:scofflaw_indicator:1,6,False,9884748798327,9884872815264,0.124016937,dmv_candidate_cost_v0,ANALYZE dmv,True,
mcv:county:scofflaw_indicator,mcv,baseline,2,mcv:county:scofflaw_indicator:2,7,False,9884873035287,9884990704484,0.117669197,dmv_candidate_cost_v0,ANALYZE dmv,True,
mcv:county:scofflaw_indicator,mcv,candidate,2,mcv:county:scofflaw_indicator:2,8,False,9884992665723,9885120338193,0.12767247,dmv_candidate_cost_v0,ANALYZE dmv,True,
mcv:county:scofflaw_indicator,mcv,candidate,3,mcv:county:scofflaw_indicator:3,9,False,9885123089189,9885251305784,0.128216595,dmv_candidate_cost_v0,ANALYZE dmv,True,
mcv:county:scofflaw_indicator,mcv,baseline,3,mcv:county:scofflaw_indicator:3,10,False,9885252291387,9885368919591,0.116628204,dmv_candidate_cost_v0,ANALYZE dmv,True,
mcv:county:scofflaw_indicator,mcv,baseline,4,mcv:county:scofflaw_indicator:4,11,False,9885369366400,9885491144599,0.121778199,dmv_candidate_cost_v0,ANALYZE dmv,True,
mcv:county:scofflaw_indicator,mcv,candidate,4,mcv:county:scofflaw_indicator:4,12,False,9885493552929,9885620383178,0.126830249,dmv_candidate_cost_v0,ANALYZE dmv,True,
mcv:county:scofflaw_indicator,mcv,candidate,5,mcv:county:scofflaw_indicator:5,13,False,9885623155853,9885752593102,0.129437249,dmv_candidate_cost_v0,ANALYZE dmv,True,
mcv:county:scofflaw_indicator,mcv,baseline,5,mcv:county:scofflaw_indicator:5,14,False,9885753580024,9885877267184,0.12368716,dmv_candidate_cost_v0,ANALYZE dmv,True,
mcv:county:scofflaw_indicator,mcv,baseline,6,mcv:county:scofflaw_indicator:6,15,False,9885877568972,9885998292186,0.120723214,dmv_candidate_cost_v0,ANALYZE dmv,True,
mcv:county:scofflaw_indicator,mcv,candidate,6,mcv:county:scofflaw_indicator:6,16,False,9886000230889,9886123843527,0.123612638,dmv_candidate_cost_v0,ANALYZE dmv,True,
mcv:county:scofflaw_indicator,mcv,candidate,7,mcv:county:scofflaw_indicator:7,17,False,9886126519051,9886254516959,0.127997908,dmv_candidate_cost_v0,ANALYZE dmv,True,
mcv:county:scofflaw_indicator,mcv,baseline,7,mcv:county:scofflaw_indicator:7,18,False,9886255764438,9886376295853,0.120531415,dmv_candidate_cost_v0,ANALYZE dmv,True,
mcv:county:scofflaw_indicator,mcv,baseline,8,mcv:county:scofflaw_indicator:8,19,False,9886376556644,9886491784899,0.115228255,dmv_candidate_cost_v0,ANALYZE dmv,True,
mcv:county:scofflaw_indicator,mcv,candidate,8,mcv:county:scofflaw_indicator:8,20,False,9886493713997,9886618053913,0.124339916,dmv_candidate_cost_v0,ANALYZE dmv,True,
mcv:county:scofflaw_indicator,mcv,candidate,9,mcv:county:scofflaw_indicator:9,21,False,9886620753307,9886750469758,0.129716451,dmv_candidate_cost_v0,ANALYZE dmv,True,
mcv:county:scofflaw_indicator,mcv,baseline,9,mcv:county:scofflaw_indicator:9,22,False,9886751563359,9886868352338,0.116788979,dmv_candidate_cost_v0,ANALYZE dmv,True,
mcv:county:scofflaw_indicator,mcv,baseline,10,mcv:county:scofflaw_indicator:10,23,False,9886868609267,9886988830957,0.12022169,dmv_candidate_cost_v0,ANALYZE dmv,True,
mcv:county:scofflaw_indicator,mcv,candidate,10,mcv:county:scofflaw_indicator:10,24,False,9886990705504,9887116702575,0.125997071,dmv_candidate_cost_v0,ANALYZE dmv,True,
mcv:county:scofflaw_indicator,mcv,candidate,11,mcv:county:scofflaw_indicator:11,25,False,9887119585831,9887243877985,0.124292154,dmv_candidate_cost_v0,ANALYZE dmv,True,
mcv:county:scofflaw_indicator,mcv,baseline,11,mcv:county:scofflaw_indicator:11,26,False,9887244793187,9887364524743,0.119731556,dmv_candidate_cost_v0,ANALYZE dmv,True,
mcv:county:scofflaw_indicator,mcv,baseline,12,mcv:county:scofflaw_indicator:12,27,False,9887364736241,9887485621684,0.120885443,dmv_candidate_cost_v0,ANALYZE dmv,True,
mcv:county:scofflaw_indicator,mcv,candidate,12,mcv:county:scofflaw_indicator:12,28,False,9887487459074,9887609610729,0.122151655,dmv_candidate_cost_v0,ANALYZE dmv,True,
mcv:county:scofflaw_indicator,mcv,candidate,13,mcv:county:scofflaw_indicator:13,29,False,9887611731294,9887740482835,0.128751541,dmv_candidate_cost_v0,ANALYZE dmv,True,
mcv:county:scofflaw_indicator,mcv,baseline,13,mcv:county:scofflaw_indicator:13,30,False,9887741841096,9887860072341,0.118231245,dmv_candidate_cost_v0,ANALYZE dmv,True,
mcv:county:scofflaw_indicator,mcv,baseline,14,mcv:county:scofflaw_indicator:14,31,False,9887860353746,9887981937945,0.121584199,dmv_candidate_cost_v0,ANALYZE dmv,True,
mcv:county:scofflaw_indicator,mcv,candidate,14,mcv:county:scofflaw_indicator:14,32,False,9887983491206,9888109855016,0.12636381,dmv_candidate_cost_v0,ANALYZE dmv,True,
mcv:county:scofflaw_indicator,mcv,candidate,15,mcv:county:scofflaw_indicator:15,33,False,9888112674955,9888270385058,0.157710103,dmv_candidate_cost_v0,ANALYZE dmv,True,
mcv:county:scofflaw_indicator,mcv,baseline,15,mcv:county:scofflaw_indicator:15,34,False,9888271195777,9888394423715,0.123227938,dmv_candidate_cost_v0,ANALYZE dmv,True,
mcv:county:scofflaw_indicator,mcv,baseline,16,mcv:county:scofflaw_indicator:16,35,False,9888394650302,9888513440304,0.118790002,dmv_candidate_cost_v0,ANALYZE dmv,True,
mcv:county:scofflaw_indicator,mcv,candidate,16,mcv:county:scofflaw_indicator:16,36,False,9888515656627,9888638912436,0.123255809,dmv_candidate_cost_v0,ANALYZE dmv,True,
mcv:county:scofflaw_indicator,mcv,candidate,17,mcv:county:scofflaw_indicator:17,37,False,9888640737362,9888779565129,0.138827767,dmv_candidate_cost_v0,ANALYZE dmv,True,
mcv:county:scofflaw_indicator,mcv,baseline,17,mcv:county:scofflaw_indicator:17,38,False,9888781084142,9888922086562,0.14100242,dmv_candidate_cost_v0,ANALYZE dmv,True,
mcv:county:scofflaw_indicator,mcv,baseline,18,mcv:county:scofflaw_indicator:18,39,False,9888922473459,9889194219959,0.2717465,dmv_candidate_cost_v0,ANALYZE dmv,True,
mcv:county:scofflaw_indicator,mcv,candidate,18,mcv:county:scofflaw_indicator:18,40,False,9889250455575,9889387563028,0.137107453,dmv_candidate_cost_v0,ANALYZE dmv,True,
mcv:county:scofflaw_indicator,mcv,candidate,19,mcv:county:scofflaw_indicator:19,41,False,9889390651923,9889530098830,0.139446907,dmv_candidate_cost_v0,ANALYZE dmv,True,
mcv:county:scofflaw_indicator,mcv,baseline,19,mcv:county:scofflaw_indicator:19,42,False,9889531051641,9889652472317,0.121420676,dmv_candidate_cost_v0,ANALYZE dmv,True,
mcv:county:scofflaw_indicator,mcv,baseline,20,mcv:county:scofflaw_indicator:20,43,False,9889652699988,9889774890788,0.1221908,dmv_candidate_cost_v0,ANALYZE dmv,True,
mcv:county:scofflaw_indicator,mcv,candidate,20,mcv:county:scofflaw_indicator:20,44,False,9889776814154,9889908821024,0.13200687,dmv_candidate_cost_v0,ANALYZE dmv,True,
fd:body_type:registration_class,fd,candidate,-1,fd:body_type:registration_class:-1,45,True,9889911573762,9890036604800,0.125031038,dmv_candidate_cost_v0,ANALYZE dmv,True,
fd:body_type:registration_class,fd,baseline,-1,fd:body_type:registration_class:-1,46,True,9890038358222,9890160546046,0.122187824,dmv_candidate_cost_v0,ANALYZE dmv,True,
fd:body_type:registration_class,fd,baseline,0,fd:body_type:registration_class:0,47,False,9890160810941,9890283718502,0.122907561,dmv_candidate_cost_v0,ANALYZE dmv,True,
fd:body_type:registration_class,fd,candidate,0,fd:body_type:registration_class:0,48,False,9890286500224,9890421287652,0.134787428,dmv_candidate_cost_v0,ANALYZE dmv,True,
fd:body_type:registration_class,fd,candidate,1,fd:body_type:registration_class:1,49,False,9890424201813,9890553832750,0.129630937,dmv_candidate_cost_v0,ANALYZE dmv,True,
fd:body_type:registration_class,fd,baseline,1,fd:body_type:registration_class:1,50,False,9890554872866,9890678883568,0.124010702,dmv_candidate_cost_v0,ANALYZE dmv,True,
fd:body_type:registration_class,fd,baseline,2,fd:body_type:registration_class:2,51,False,9890679169634,9890797119957,0.117950323,dmv_candidate_cost_v0,ANALYZE dmv,True,
fd:body_type:registration_class,fd,candidate,2,fd:body_type:registration_class:2,52,False,9890799806717,9890925266903,0.125460186,dmv_candidate_cost_v0,ANALYZE dmv,True,
fd:body_type:registration_class,fd,candidate,3,fd:body_type:registration_class:3,53,False,9890928122467,9891056704493,0.128582026,dmv_candidate_cost_v0,ANALYZE dmv,True,
fd:body_type:registration_class,fd,baseline,3,fd:body_type:registration_class:3,54,False,9891058079174,9891179361398,0.121282224,dmv_candidate_cost_v0,ANALYZE dmv,True,
fd:body_type:registration_class,fd,baseline,4,fd:body_type:registration_class:4,55,False,9891179734363,9891303352980,0.123618617,dmv_candidate_cost_v0,ANALYZE dmv,True,
fd:body_type:registration_class,fd,candidate,4,fd:body_type:registration_class:4,56,False,9891305378833,9891430514626,0.125135793,dmv_candidate_cost_v0,ANALYZE dmv,True,
fd:body_type:registration_class,fd,candidate,5,fd:body_type:registration_class:5,57,False,9891433034813,9891565552000,0.132517187,dmv_candidate_cost_v0,ANALYZE dmv,True,
fd:body_type:registration_class,fd,baseline,5,fd:body_type:registration_class:5,58,False,9891566557396,9891699434123,0.132876727,dmv_candidate_cost_v0,ANALYZE dmv,True,
fd:body_type:registration_class,fd,baseline,6,fd:body_type:registration_class:6,59,False,9891699661006,9891820810734,0.121149728,dmv_candidate_cost_v0,ANALYZE dmv,True,
fd:body_type:registration_class,fd,candidate,6,fd:body_type:registration_class:6,60,False,9891822258459,9891949335621,0.127077162,dmv_candidate_cost_v0,ANALYZE dmv,True,
fd:body_type:registration_class,fd,candidate,7,fd:body_type:registration_class:7,61,False,9891951420003,9892099432689,0.148012686,dmv_candidate_cost_v0,ANALYZE dmv,True,
fd:body_type:registration_class,fd,baseline,7,fd:body_type:registration_class:7,62,False,9892100356484,9892230317366,0.129960882,dmv_candidate_cost_v0,ANALYZE dmv,True,
fd:body_type:registration_class,fd,baseline,8,fd:body_type:registration_class:8,63,False,9892230817993,9892355814531,0.124996538,dmv_candidate_cost_v0,ANALYZE dmv,True,
fd:body_type:registration_class,fd,candidate,8,fd:body_type:registration_class:8,64,False,9892357470704,9892487668111,0.130197407,dmv_candidate_cost_v0,ANALYZE dmv,True,
fd:body_type:registration_class,fd,candidate,9,fd:body_type:registration_class:9,65,False,9892490593343,9892617495025,0.126901682,dmv_candidate_cost_v0,ANALYZE dmv,True,
fd:body_type:registration_class,fd,baseline,9,fd:body_type:registration_class:9,66,False,9892618653426,9892739667360,0.121013934,dmv_candidate_cost_v0,ANALYZE dmv,True,
fd:body_type:registration_class,fd,baseline,10,fd:body_type:registration_class:10,67,False,9892739948962,9892861607439,0.121658477,dmv_candidate_cost_v0,ANALYZE dmv,True,
fd:body_type:registration_class,fd,candidate,10,fd:body_type:registration_class:10,68,False,9892863651633,9892988344639,0.124693006,dmv_candidate_cost_v0,ANALYZE dmv,True,
fd:body_type:registration_class,fd,candidate,11,fd:body_type:registration_class:11,69,False,9892991133133,9893118456801,0.127323668,dmv_candidate_cost_v0,ANALYZE dmv,True,
fd:body_type:registration_class,fd,baseline,11,fd:body_type:registration_class:11,70,False,9893119648358,9893239342560,0.119694202,dmv_candidate_cost_v0,ANALYZE dmv,True,
fd:body_type:registration_class,fd,baseline,12,fd:body_type:registration_class:12,71,False,9893239620214,9893364738176,0.125117962,dmv_candidate_cost_v0,ANALYZE dmv,True,
fd:body_type:registration_class,fd,candidate,12,fd:body_type:registration_class:12,72,False,9893366867836,9893498275054,0.131407218,dmv_candidate_cost_v0,ANALYZE dmv,True,
fd:body_type:registration_class,fd,candidate,13,fd:body_type:registration_class:13,73,False,9893500862162,9893634070254,0.133208092,dmv_candidate_cost_v0,ANALYZE dmv,True,
fd:body_type:registration_class,fd,baseline,13,fd:body_type:registration_class:13,74,False,9893635269108,9893760307509,0.125038401,dmv_candidate_cost_v0,ANALYZE dmv,True,
fd:body_type:registration_class,fd,baseline,14,fd:body_type:registration_class:14,75,False,9893760598892,9893882606250,0.122007358,dmv_candidate_cost_v0,ANALYZE dmv,True,
fd:body_type:registration_class,fd,candidate,14,fd:body_type:registration_class:14,76,False,9893885111609,9894033591364,0.148479755,dmv_candidate_cost_v0,ANALYZE dmv,True,
fd:body_type:registration_class,fd,candidate,15,fd:body_type:registration_class:15,77,False,9894036569855,9894162140386,0.125570531,dmv_candidate_cost_v0,ANALYZE dmv,True,
fd:body_type:registration_class,fd,baseline,15,fd:body_type:registration_class:15,78,False,9894163514814,9894285747482,0.122232668,dmv_candidate_cost_v0,ANALYZE dmv,True,
fd:body_type:registration_class,fd,baseline,16,fd:body_type:registration_class:16,79,False,9894286056939,9894411859667,0.125802728,dmv_candidate_cost_v0,ANALYZE dmv,True,
fd:body_type:registration_class,fd,candidate,16,fd:body_type:registration_class:16,80,False,9894413425525,9894567150181,0.153724656,dmv_candidate_cost_v0,ANALYZE dmv,True,
fd:body_type:registration_class,fd,candidate,17,fd:body_type:registration_class:17,81,False,9894569833387,9894714494362,0.144660975,dmv_candidate_cost_v0,ANALYZE dmv,True,
fd:body_type:registration_class,fd,baseline,17,fd:body_type:registration_class:17,82,False,9894715651474,9894833654584,0.11800311,dmv_candidate_cost_v0,ANALYZE dmv,True,
fd:body_type:registration_class,fd,baseline,18,fd:body_type:registration_class:18,83,False,9894833951378,9894954350339,0.120398961,dmv_candidate_cost_v0,ANALYZE dmv,True,
fd:body_type:registration_class,fd,candidate,18,fd:body_type:registration_class:18,84,False,9894957160859,9895084330255,0.127169396,dmv_candidate_cost_v0,ANALYZE dmv,True,
fd:body_type:registration_class,fd,candidate,19,fd:body_type:registration_class:19,85,False,9895087069062,9895211490741,0.124421679,dmv_candidate_cost_v0,ANALYZE dmv,True,
fd:body_type:registration_class,fd,baseline,19,fd:body_type:registration_class:19,86,False,9895213091445,9895334291043,0.121199598,dmv_candidate_cost_v0,ANALYZE dmv,True,
fd:body_type:registration_class,fd,baseline,20,fd:body_type:registration_class:20,87,False,9895334565948,9895452129569,0.117563621,dmv_candidate_cost_v0,ANALYZE dmv,True,
fd:body_type:registration_class,fd,candidate,20,fd:body_type:registration_class:20,88,False,9895453883544,9895584737204,0.13085366,dmv_candidate_cost_v0,ANALYZE dmv,True,
mcv:fuel_type:state,mcv,candidate,-1,mcv:fuel_type:state:-1,89,True,9895588284660,9895709960897,0.121676237,dmv_candidate_cost_v0,ANALYZE dmv,True,
mcv:fuel_type:state,mcv,baseline,-1,mcv:fuel_type:state:-1,90,True,9895710834296,9895826307543,0.115473247,dmv_candidate_cost_v0,ANALYZE dmv,True,
mcv:fuel_type:state,mcv,baseline,0,mcv:fuel_type:state:0,91,False,9895826510265,9895947706711,0.121196446,dmv_candidate_cost_v0,ANALYZE dmv,True,
mcv:fuel_type:state,mcv,candidate,0,mcv:fuel_type:state:0,92,False,9895950017155,9896070675262,0.120658107,dmv_candidate_cost_v0,ANALYZE dmv,True,
mcv:fuel_type:state,mcv,candidate,1,mcv:fuel_type:state:1,93,False,9896073043143,9896198033567,0.124990424,dmv_candidate_cost_v0,ANALYZE dmv,True,
mcv:fuel_type:state,mcv,baseline,1,mcv:fuel_type:state:1,94,False,9896198937802,9896316776684,0.117838882,dmv_candidate_cost_v0,ANALYZE dmv,True,
mcv:fuel_type:state,mcv,baseline,2,mcv:fuel_type:state:2,95,False,9896317097821,9896438474374,0.121376553,dmv_candidate_cost_v0,ANALYZE dmv,True,
mcv:fuel_type:state,mcv,candidate,2,mcv:fuel_type:state:2,96,False,9896440162803,9896566571353,0.12640855,dmv_candidate_cost_v0,ANALYZE dmv,True,
mcv:fuel_type:state,mcv,candidate,3,mcv:fuel_type:state:3,97,False,9896568677269,9896691048256,0.122370987,dmv_candidate_cost_v0,ANALYZE dmv,True,
mcv:fuel_type:state,mcv,baseline,3,mcv:fuel_type:state:3,98,False,9896692035487,9896814891672,0.122856185,dmv_candidate_cost_v0,ANALYZE dmv,True,
mcv:fuel_type:state,mcv,baseline,4,mcv:fuel_type:state:4,99,False,9896815140496,9896936644613,0.121504117,dmv_candidate_cost_v0,ANALYZE dmv,True,
mcv:fuel_type:state,mcv,candidate,4,mcv:fuel_type:state:4,100,False,9896938621472,9897058461766,0.119840294,dmv_candidate_cost_v0,ANALYZE dmv,True,
mcv:fuel_type:state,mcv,candidate,5,mcv:fuel_type:state:5,101,False,9897061240455,9897182329265,0.12108881,dmv_candidate_cost_v0,ANALYZE dmv,True,
mcv:fuel_type:state,mcv,baseline,5,mcv:fuel_type:state:5,102,False,9897183095931,9897303224995,0.120129064,dmv_candidate_cost_v0,ANALYZE dmv,True,
mcv:fuel_type:state,mcv,baseline,6,mcv:fuel_type:state:6,103,False,9897303484846,9897420017626,0.11653278,dmv_candidate_cost_v0,ANALYZE dmv,True,
mcv:fuel_type:state,mcv,candidate,6,mcv:fuel_type:state:6,104,False,9897422533048,9897546626329,0.124093281,dmv_candidate_cost_v0,ANALYZE dmv,True,
mcv:fuel_type:state,mcv,candidate,7,mcv:fuel_type:state:7,105,False,9897549011599,9897672631662,0.123620063,dmv_candidate_cost_v0,ANALYZE dmv,True,
mcv:fuel_type:state,mcv,baseline,7,mcv:fuel_type:state:7,106,False,9897673828819,9897792741085,0.118912266,dmv_candidate_cost_v0,ANALYZE dmv,True,
mcv:fuel_type:state,mcv,baseline,8,mcv:fuel_type:state:8,107,False,9897792949946,9897910956578,0.118006632,dmv_candidate_cost_v0,ANALYZE dmv,True,
mcv:fuel_type:state,mcv,candidate,8,mcv:fuel_type:state:8,108,False,9897912794434,9898035400343,0.122605909,dmv_candidate_cost_v0,ANALYZE dmv,True,
mcv:fuel_type:state,mcv,candidate,9,mcv:fuel_type:state:9,109,False,9898037247421,9898159404111,0.12215669,dmv_candidate_cost_v0,ANALYZE dmv,True,
mcv:fuel_type:state,mcv,baseline,9,mcv:fuel_type:state:9,110,False,9898160166378,9898277892578,0.1177262,dmv_candidate_cost_v0,ANALYZE dmv,True,
mcv:fuel_type:state,mcv,baseline,10,mcv:fuel_type:state:10,111,False,9898278199464,9898391507832,0.113308368,dmv_candidate_cost_v0,ANALYZE dmv,True,
mcv:fuel_type:state,mcv,candidate,10,mcv:fuel_type:state:10,112,False,9898393674934,9898516290818,0.122615884,dmv_candidate_cost_v0,ANALYZE dmv,True,
mcv:fuel_type:state,mcv,candidate,11,mcv:fuel_type:state:11,113,False,9898518441089,9898641380078,0.122938989,dmv_candidate_cost_v0,ANALYZE dmv,True,
mcv:fuel_type:state,mcv,baseline,11,mcv:fuel_type:state:11,114,False,9898642473778,9898757588637,0.115114859,dmv_candidate_cost_v0,ANALYZE dmv,True,
mcv:fuel_type:state,mcv,baseline,12,mcv:fuel_type:state:12,115,False,9898757856660,9898872034527,0.114177867,dmv_candidate_cost_v0,ANALYZE dmv,True,
mcv:fuel_type:state,mcv,candidate,12,mcv:fuel_type:state:12,116,False,9898874300200,9898992553801,0.118253601,dmv_candidate_cost_v0,ANALYZE dmv,True,
mcv:fuel_type:state,mcv,candidate,13,mcv:fuel_type:state:13,117,False,9898995498933,9899117635033,0.1221361,dmv_candidate_cost_v0,ANALYZE dmv,True,
mcv:fuel_type:state,mcv,baseline,13,mcv:fuel_type:state:13,118,False,9899118664707,9899233498732,0.114834025,dmv_candidate_cost_v0,ANALYZE dmv,True,
mcv:fuel_type:state,mcv,baseline,14,mcv:fuel_type:state:14,119,False,9899233738537,9899349683919,0.115945382,dmv_candidate_cost_v0,ANALYZE dmv,True,
mcv:fuel_type:state,mcv,candidate,14,mcv:fuel_type:state:14,120,False,9899351235847,9899476326098,0.125090251,dmv_candidate_cost_v0,ANALYZE dmv,True,
mcv:fuel_type:state,mcv,candidate,15,mcv:fuel_type:state:15,121,False,9899478425291,9899610054116,0.131628825,dmv_candidate_cost_v0,ANALYZE dmv,True,
mcv:fuel_type:state,mcv,baseline,15,mcv:fuel_type:state:15,122,False,9899611031121,9899733103337,0.122072216,dmv_candidate_cost_v0,ANALYZE dmv,True,
mcv:fuel_type:state,mcv,baseline,16,mcv:fuel_type:state:16,123,False,9899733367017,9899867241653,0.133874636,dmv_candidate_cost_v0,ANALYZE dmv,True,
mcv:fuel_type:state,mcv,candidate,16,mcv:fuel_type:state:16,124,False,9899869068547,9899994866088,0.125797541,dmv_candidate_cost_v0,ANALYZE dmv,True,
mcv:fuel_type:state,mcv,candidate,17,mcv:fuel_type:state:17,125,False,9899997803096,9900120482055,0.122678959,dmv_candidate_cost_v0,ANALYZE dmv,True,
mcv:fuel_type:state,mcv,baseline,17,mcv:fuel_type:state:17,126,False,9900121471457,9900238952253,0.117480796,dmv_candidate_cost_v0,ANALYZE dmv,True,
mcv:fuel_type:state,mcv,baseline,18,mcv:fuel_type:state:18,127,False,9900239335012,9900355721973,0.116386961,dmv_candidate_cost_v0,ANALYZE dmv,True,
mcv:fuel_type:state,mcv,candidate,18,mcv:fuel_type:state:18,128,False,9900357807617,9900484218385,0.126410768,dmv_candidate_cost_v0,ANALYZE dmv,True,
mcv:fuel_type:state,mcv,candidate,19,mcv:fuel_type:state:19,129,False,9900486799905,9900613708267,0.126908362,dmv_candidate_cost_v0,ANALYZE dmv,True,
mcv:fuel_type:state,mcv,baseline,19,mcv:fuel_type:state:19,130,False,9900615334755,9900746922092,0.131587337,dmv_candidate_cost_v0,ANALYZE dmv,True,
mcv:fuel_type:state,mcv,baseline,20,mcv:fuel_type:state:20,131,False,9900747150457,9900869280644,0.122130187,dmv_candidate_cost_v0,ANALYZE dmv,True,
mcv:fuel_type:state,mcv,candidate,20,mcv:fuel_type:state:20,132,False,9900871865828,9901001537568,0.12967174,dmv_candidate_cost_v0,ANALYZE dmv,True,
mcv:body_type:county,mcv,candidate,-1,mcv:body_type:county:-1,133,True,9901004797573,9901137203306,0.132405733,dmv_candidate_cost_v0,ANALYZE dmv,True,
mcv:body_type:county,mcv,baseline,-1,mcv:body_type:county:-1,134,True,9901138698410,9901258128994,0.119430584,dmv_candidate_cost_v0,ANALYZE dmv,True,
mcv:body_type:county,mcv,baseline,0,mcv:body_type:county:0,135,False,9901258475930,9901382936608,0.124460678,dmv_candidate_cost_v0,ANALYZE dmv,True,
mcv:body_type:county,mcv,candidate,0,mcv:body_type:county:0,136,False,9901384868138,9901508352740,0.123484602,dmv_candidate_cost_v0,ANALYZE dmv,True,
mcv:body_type:county,mcv,candidate,1,mcv:body_type:county:1,137,False,9901511032596,9901638239525,0.127206929,dmv_candidate_cost_v0,ANALYZE dmv,True,
mcv:body_type:county,mcv,baseline,1,mcv:body_type:county:1,138,False,9901639601756,9901762449971,0.122848215,dmv_candidate_cost_v0,ANALYZE dmv,True,
mcv:body_type:county,mcv,baseline,2,mcv:body_type:county:2,139,False,9901762666622,9901884076018,0.121409396,dmv_candidate_cost_v0,ANALYZE dmv,True,
mcv:body_type:county,mcv,candidate,2,mcv:body_type:county:2,140,False,9901886082633,9902012183582,0.126100949,dmv_candidate_cost_v0,ANALYZE dmv,True,
mcv:body_type:county,mcv,candidate,3,mcv:body_type:county:3,141,False,9902014474309,9902144546277,0.130071968,dmv_candidate_cost_v0,ANALYZE dmv,True,
mcv:body_type:county,mcv,baseline,3,mcv:body_type:county:3,142,False,9902145523921,9902264534031,0.11901011,dmv_candidate_cost_v0,ANALYZE dmv,True,
mcv:body_type:county,mcv,baseline,4,mcv:body_type:county:4,143,False,9902264744157,9902380223930,0.115479773,dmv_candidate_cost_v0,ANALYZE dmv,True,
mcv:body_type:county,mcv,candidate,4,mcv:body_type:county:4,144,False,9902381847487,9902505177121,0.123329634,dmv_candidate_cost_v0,ANALYZE dmv,True,
mcv:body_type:county,mcv,candidate,5,mcv:body_type:county:5,145,False,9902507440387,9902632358766,0.124918379,dmv_candidate_cost_v0,ANALYZE dmv,True,
mcv:body_type:county,mcv,baseline,5,mcv:body_type:county:5,146,False,9902633185498,9902757124594,0.123939096,dmv_candidate_cost_v0,ANALYZE dmv,True,
mcv:body_type:county,mcv,baseline,6,mcv:body_type:county:6,147,False,9902757348303,9902873118430,0.115770127,dmv_candidate_cost_v0,ANALYZE dmv,True,
mcv:body_type:county,mcv,candidate,6,mcv:body_type:county:6,148,False,9902875471820,9903005209296,0.129737476,dmv_candidate_cost_v0,ANALYZE dmv,True,
mcv:body_type:county,mcv,candidate,7,mcv:body_type:county:7,149,False,9903008965489,9903135491575,0.126526086,dmv_candidate_cost_v0,ANALYZE dmv,True,
mcv:body_type:county,mcv,baseline,7,mcv:body_type:county:7,150,False,9903136678993,9903252615689,0.115936696,dmv_candidate_cost_v0,ANALYZE dmv,True,
mcv:body_type:county,mcv,baseline,8,mcv:body_type:county:8,151,False,9903252895163,9903372264384,0.119369221,dmv_candidate_cost_v0,ANALYZE dmv,True,
mcv:body_type:county,mcv,candidate,8,mcv:body_type:county:8,152,False,9903373959351,9903500287751,0.1263284,dmv_candidate_cost_v0,ANALYZE dmv,True,
mcv:body_type:county,mcv,candidate,9,mcv:body_type:county:9,153,False,9903502785089,9903635344391,0.132559302,dmv_candidate_cost_v0,ANALYZE dmv,True,
mcv:body_type:county,mcv,baseline,9,mcv:body_type:county:9,154,False,9903636890843,9903785450024,0.148559181,dmv_candidate_cost_v0,ANALYZE dmv,True,
mcv:body_type:county,mcv,baseline,10,mcv:body_type:county:10,155,False,9903785695201,9903903210318,0.117515117,dmv_candidate_cost_v0,ANALYZE dmv,True,
mcv:body_type:county,mcv,candidate,10,mcv:body_type:county:10,156,False,9903904650819,9904037445207,0.132794388,dmv_candidate_cost_v0,ANALYZE dmv,True,
mcv:body_type:county,mcv,candidate,11,mcv:body_type:county:11,157,False,9904040195680,9904167658259,0.127462579,dmv_candidate_cost_v0,ANALYZE dmv,True,
mcv:body_type:county,mcv,baseline,11,mcv:body_type:county:11,158,False,9904169127868,9904293498120,0.124370252,dmv_candidate_cost_v0,ANALYZE dmv,True,
mcv:body_type:county,mcv,baseline,12,mcv:body_type:county:12,159,False,9904293749801,9904417973070,0.124223269,dmv_candidate_cost_v0,ANALYZE dmv,True,
mcv:body_type:county,mcv,candidate,12,mcv:body_type:county:12,160,False,9904419505707,9904545050292,0.125544585,dmv_candidate_cost_v0,ANALYZE dmv,True,
mcv:body_type:county,mcv,candidate,13,mcv:body_type:county:13,161,False,9904547247012,9904675466549,0.128219537,dmv_candidate_cost_v0,ANALYZE dmv,True,
mcv:body_type:county,mcv,baseline,13,mcv:body_type:county:13,162,False,9904676470040,9904800329634,0.123859594,dmv_candidate_cost_v0,ANALYZE dmv,True,
mcv:body_type:county,mcv,baseline,14,mcv:body_type:county:14,163,False,9904800670554,9904929562620,0.128892066,dmv_candidate_cost_v0,ANALYZE dmv,True,
mcv:body_type:county,mcv,candidate,14,mcv:body_type:county:14,164,False,9904931712071,9905094569955,0.162857884,dmv_candidate_cost_v0,ANALYZE dmv,True,
mcv:body_type:county,mcv,candidate,15,mcv:body_type:county:15,165,False,9905096608191,9905228808965,0.132200774,dmv_candidate_cost_v0,ANALYZE dmv,True,
mcv:body_type:county,mcv,baseline,15,mcv:body_type:county:15,166,False,9905229908256,9905348595347,0.118687091,dmv_candidate_cost_v0,ANALYZE dmv,True,
mcv:body_type:county,mcv,baseline,16,mcv:body_type:county:16,167,False,9905348803703,9905466664134,0.117860431,dmv_candidate_cost_v0,ANALYZE dmv,True,
mcv:body_type:county,mcv,candidate,16,mcv:body_type:county:16,168,False,9905468508547,9905598657033,0.130148486,dmv_candidate_cost_v0,ANALYZE dmv,True,
mcv:body_type:county,mcv,candidate,17,mcv:body_type:county:17,169,False,9905601823906,9905726425625,0.124601719,dmv_candidate_cost_v0,ANALYZE dmv,True,
mcv:body_type:county,mcv,baseline,17,mcv:body_type:county:17,170,False,9905728161182,9905847036497,0.118875315,dmv_candidate_cost_v0,ANALYZE dmv,True,
mcv:body_type:county,mcv,baseline,18,mcv:body_type:county:18,171,False,9905847344830,9905970154160,0.12280933,dmv_candidate_cost_v0,ANALYZE dmv,True,
mcv:body_type:county,mcv,candidate,18,mcv:body_type:county:18,172,False,9905971674193,9906104878493,0.1332043,dmv_candidate_cost_v0,ANALYZE dmv,True,
mcv:body_type:county,mcv,candidate,19,mcv:body_type:county:19,173,False,9906107482403,9906253486194,0.146003791,dmv_candidate_cost_v0,ANALYZE dmv,True,
mcv:body_type:county,mcv,baseline,19,mcv:body_type:county:19,174,False,9906254496899,9906379193950,0.124697051,dmv_candidate_cost_v0,ANALYZE dmv,True,
mcv:body_type:county,mcv,baseline,20,mcv:body_type:county:20,175,False,9906379507852,9906498243977,0.118736125,dmv_candidate_cost_v0,ANALYZE dmv,True,
mcv:body_type:county,mcv,candidate,20,mcv:body_type:county:20,176,False,9906499989373,9906624344900,0.124355527,dmv_candidate_cost_v0,ANALYZE dmv,True,
fd:revocation_indicator:scofflaw_indicator,fd,candidate,-1,fd:revocation_indicator:scofflaw_indicator:-1,177,True,9906627147938,9906754232707,0.127084769,dmv_candidate_cost_v0,ANALYZE dmv,True,
fd:revocation_indicator:scofflaw_indicator,fd,baseline,-1,fd:revocation_indicator:scofflaw_indicator:-1,178,True,9906755151775,9906877640993,0.122489218,dmv_candidate_cost_v0,ANALYZE dmv,True,
fd:revocation_indicator:scofflaw_indicator,fd,baseline,0,fd:revocation_indicator:scofflaw_indicator:0,179,False,9906877834638,9907002638697,0.124804059,dmv_candidate_cost_v0,ANALYZE dmv,True,
fd:revocation_indicator:scofflaw_indicator,fd,candidate,0,fd:revocation_indicator:scofflaw_indicator:0,180,False,9907004304457,9907129007018,0.124702561,dmv_candidate_cost_v0,ANALYZE dmv,True,
fd:revocation_indicator:scofflaw_indicator,fd,candidate,1,fd:revocation_indicator:scofflaw_indicator:1,181,False,9907131942664,9907260328415,0.128385751,dmv_candidate_cost_v0,ANALYZE dmv,True,
fd:revocation_indicator:scofflaw_indicator,fd,baseline,1,fd:revocation_indicator:scofflaw_indicator:1,182,False,9907261370526,9907409208590,0.147838064,dmv_candidate_cost_v0,ANALYZE dmv,True,
fd:revocation_indicator:scofflaw_indicator,fd,baseline,2,fd:revocation_indicator:scofflaw_indicator:2,183,False,9907409483412,9907535274481,0.125791069,dmv_candidate_cost_v0,ANALYZE dmv,True,
fd:revocation_indicator:scofflaw_indicator,fd,candidate,2,fd:revocation_indicator:scofflaw_indicator:2,184,False,9907537199685,9907662219076,0.125019391,dmv_candidate_cost_v0,ANALYZE dmv,True,
fd:revocation_indicator:scofflaw_indicator,fd,candidate,3,fd:revocation_indicator:scofflaw_indicator:3,185,False,9907665051654,9907793593200,0.128541546,dmv_candidate_cost_v0,ANALYZE dmv,True,
fd:revocation_indicator:scofflaw_indicator,fd,baseline,3,fd:revocation_indicator:scofflaw_indicator:3,186,False,9907794714286,9907914264044,0.119549758,dmv_candidate_cost_v0,ANALYZE dmv,True,
fd:revocation_indicator:scofflaw_indicator,fd,baseline,4,fd:revocation_indicator:scofflaw_indicator:4,187,False,9907914650315,9908045626844,0.130976529,dmv_candidate_cost_v0,ANALYZE dmv,True,
fd:revocation_indicator:scofflaw_indicator,fd,candidate,4,fd:revocation_indicator:scofflaw_indicator:4,188,False,9908047310753,9908172037440,0.124726687,dmv_candidate_cost_v0,ANALYZE dmv,True,
fd:revocation_indicator:scofflaw_indicator,fd,candidate,5,fd:revocation_indicator:scofflaw_indicator:5,189,False,9908174307113,9908302648471,0.128341358,dmv_candidate_cost_v0,ANALYZE dmv,True,
fd:revocation_indicator:scofflaw_indicator,fd,baseline,5,fd:revocation_indicator:scofflaw_indicator:5,190,False,9908303518496,9908422501325,0.118982829,dmv_candidate_cost_v0,ANALYZE dmv,True,
fd:revocation_indicator:scofflaw_indicator,fd,baseline,6,fd:revocation_indicator:scofflaw_indicator:6,191,False,9908422923679,9908544506535,0.121582856,dmv_candidate_cost_v0,ANALYZE dmv,True,
fd:revocation_indicator:scofflaw_indicator,fd,candidate,6,fd:revocation_indicator:scofflaw_indicator:6,192,False,9908545742427,9908674589166,0.128846739,dmv_candidate_cost_v0,ANALYZE dmv,True,
fd:revocation_indicator:scofflaw_indicator,fd,candidate,7,fd:revocation_indicator:scofflaw_indicator:7,193,False,9908677170459,9908800671931,0.123501472,dmv_candidate_cost_v0,ANALYZE dmv,True,
fd:revocation_indicator:scofflaw_indicator,fd,baseline,7,fd:revocation_indicator:scofflaw_indicator:7,194,False,9908801926460,9908918347522,0.116421062,dmv_candidate_cost_v0,ANALYZE dmv,True,
fd:revocation_indicator:scofflaw_indicator,fd,baseline,8,fd:revocation_indicator:scofflaw_indicator:8,195,False,9908918570235,9909041701561,0.123131326,dmv_candidate_cost_v0,ANALYZE dmv,True,
fd:revocation_indicator:scofflaw_indicator,fd,candidate,8,fd:revocation_indicator:scofflaw_indicator:8,196,False,9909043423222,9909212612226,0.169189004,dmv_candidate_cost_v0,ANALYZE dmv,True,
fd:revocation_indicator:scofflaw_indicator,fd,candidate,9,fd:revocation_indicator:scofflaw_indicator:9,197,False,9909215212661,9909341057940,0.125845279,dmv_candidate_cost_v0,ANALYZE dmv,True,
fd:revocation_indicator:scofflaw_indicator,fd,baseline,9,fd:revocation_indicator:scofflaw_indicator:9,198,False,9909342168066,9909458769141,0.116601075,dmv_candidate_cost_v0,ANALYZE dmv,True,
fd:revocation_indicator:scofflaw_indicator,fd,baseline,10,fd:revocation_indicator:scofflaw_indicator:10,199,False,9909458972031,9909576755747,0.117783716,dmv_candidate_cost_v0,ANALYZE dmv,True,
fd:revocation_indicator:scofflaw_indicator,fd,candidate,10,fd:revocation_indicator:scofflaw_indicator:10,200,False,9909578703180,9909701658179,0.122954999,dmv_candidate_cost_v0,ANALYZE dmv,True,
fd:revocation_indicator:scofflaw_indicator,fd,candidate,11,fd:revocation_indicator:scofflaw_indicator:11,201,False,9909704075311,9909831687279,0.127611968,dmv_candidate_cost_v0,ANALYZE dmv,True,
fd:revocation_indicator:scofflaw_indicator,fd,baseline,11,fd:revocation_indicator:scofflaw_indicator:11,202,False,9909832947451,9909963439689,0.130492238,dmv_candidate_cost_v0,ANALYZE dmv,True,
fd:revocation_indicator:scofflaw_indicator,fd,baseline,12,fd:revocation_indicator:scofflaw_indicator:12,203,False,9909963740500,9910108383885,0.144643385,dmv_candidate_cost_v0,ANALYZE dmv,True,
fd:revocation_indicator:scofflaw_indicator,fd,candidate,12,fd:revocation_indicator:scofflaw_indicator:12,204,False,9910109852556,9910238907936,0.12905538,dmv_candidate_cost_v0,ANALYZE dmv,True,
fd:revocation_indicator:scofflaw_indicator,fd,candidate,13,fd:revocation_indicator:scofflaw_indicator:13,205,False,9910241632768,9910364537904,0.122905136,dmv_candidate_cost_v0,ANALYZE dmv,True,
fd:revocation_indicator:scofflaw_indicator,fd,baseline,13,fd:revocation_indicator:scofflaw_indicator:13,206,False,9910366059955,9910485089673,0.119029718,dmv_candidate_cost_v0,ANALYZE dmv,True,
fd:revocation_indicator:scofflaw_indicator,fd,baseline,14,fd:revocation_indicator:scofflaw_indicator:14,207,False,9910485361872,9910608879809,0.123517937,dmv_candidate_cost_v0,ANALYZE dmv,True,
fd:revocation_indicator:scofflaw_indicator,fd,candidate,14,fd:revocation_indicator:scofflaw_indicator:14,208,False,9910610579159,9910733475552,0.122896393,dmv_candidate_cost_v0,ANALYZE dmv,True,
fd:revocation_indicator:scofflaw_indicator,fd,candidate,15,fd:revocation_indicator:scofflaw_indicator:15,209,False,9910736138142,9910866008057,0.129869915,dmv_candidate_cost_v0,ANALYZE dmv,True,
fd:revocation_indicator:scofflaw_indicator,fd,baseline,15,fd:revocation_indicator:scofflaw_indicator:15,210,False,9910867030716,9910989021914,0.121991198,dmv_candidate_cost_v0,ANALYZE dmv,True,
fd:revocation_indicator:scofflaw_indicator,fd,baseline,16,fd:revocation_indicator:scofflaw_indicator:16,211,False,9910989299046,9911108977815,0.119678769,dmv_candidate_cost_v0,ANALYZE dmv,True,
fd:revocation_indicator:scofflaw_indicator,fd,candidate,16,fd:revocation_indicator:scofflaw_indicator:16,212,False,9911110646485,9911239672691,0.129026206,dmv_candidate_cost_v0,ANALYZE dmv,True,
fd:revocation_indicator:scofflaw_indicator,fd,candidate,17,fd:revocation_indicator:scofflaw_indicator:17,213,False,9911243237103,9911372989254,0.129752151,dmv_candidate_cost_v0,ANALYZE dmv,True,
fd:revocation_indicator:scofflaw_indicator,fd,baseline,17,fd:revocation_indicator:scofflaw_indicator:17,214,False,9911373975094,9911492929512,0.118954418,dmv_candidate_cost_v0,ANALYZE dmv,True,
fd:revocation_indicator:scofflaw_indicator,fd,baseline,18,fd:revocation_indicator:scofflaw_indicator:18,215,False,9911493169070,9911612277320,0.11910825,dmv_candidate_cost_v0,ANALYZE dmv,True,
fd:revocation_indicator:scofflaw_indicator,fd,candidate,18,fd:revocation_indicator:scofflaw_indicator:18,216,False,9911614115501,9911736081574,0.121966073,dmv_candidate_cost_v0,ANALYZE dmv,True,
fd:revocation_indicator:scofflaw_indicator,fd,candidate,19,fd:revocation_indicator:scofflaw_indicator:19,217,False,9911738902937,9911861992413,0.123089476,dmv_candidate_cost_v0,ANALYZE dmv,True,
fd:revocation_indicator:scofflaw_indicator,fd,baseline,19,fd:revocation_indicator:scofflaw_indicator:19,218,False,9911862895028,9911986472878,0.12357785,dmv_candidate_cost_v0,ANALYZE dmv,True,
fd:revocation_indicator:scofflaw_indicator,fd,baseline,20,fd:revocation_indicator:scofflaw_indicator:20,219,False,9911986800693,9912108167158,0.121366465,dmv_candidate_cost_v0,ANALYZE dmv,True,
fd:revocation_indicator:scofflaw_indicator,fd,candidate,20,fd:revocation_indicator:scofflaw_indicator:20,220,False,9912109805070,9912236029149,0.126224079,dmv_candidate_cost_v0,ANALYZE dmv,True,
fd:fuel_type:revocation_indicator,fd,candidate,-1,fd:fuel_type:revocation_indicator:-1,221,True,9912238182288,9912361445256,0.123262968,dmv_candidate_cost_v0,ANALYZE dmv,True,
fd:fuel_type:revocation_indicator,fd,baseline,-1,fd:fuel_type:revocation_indicator:-1,222,True,9912362360766,9912485988813,0.123628047,dmv_candidate_cost_v0,ANALYZE dmv,True,
fd:fuel_type:revocation_indicator,fd,baseline,0,fd:fuel_type:revocation_indicator:0,223,False,9912486269916,9912613618527,0.127348611,dmv_candidate_cost_v0,ANALYZE dmv,True,
fd:fuel_type:revocation_indicator,fd,candidate,0,fd:fuel_type:revocation_indicator:0,224,False,9912615303463,9912738035468,0.122732005,dmv_candidate_cost_v0,ANALYZE dmv,True,
fd:fuel_type:revocation_indicator,fd,candidate,1,fd:fuel_type:revocation_indicator:1,225,False,9912741114113,9912868275615,0.127161502,dmv_candidate_cost_v0,ANALYZE dmv,True,
fd:fuel_type:revocation_indicator,fd,baseline,1,fd:fuel_type:revocation_indicator:1,226,False,9912869519047,9912991612827,0.12209378,dmv_candidate_cost_v0,ANALYZE dmv,True,
fd:fuel_type:revocation_indicator,fd,baseline,2,fd:fuel_type:revocation_indicator:2,227,False,9912991840603,9913110011303,0.1181707,dmv_candidate_cost_v0,ANALYZE dmv,True,
fd:fuel_type:revocation_indicator,fd,candidate,2,fd:fuel_type:revocation_indicator:2,228,False,9913112751737,9913236268961,0.123517224,dmv_candidate_cost_v0,ANALYZE dmv,True,
fd:fuel_type:revocation_indicator,fd,candidate,3,fd:fuel_type:revocation_indicator:3,229,False,9913239577486,9913366457380,0.126879894,dmv_candidate_cost_v0,ANALYZE dmv,True,
fd:fuel_type:revocation_indicator,fd,baseline,3,fd:fuel_type:revocation_indicator:3,230,False,9913367497537,9913484531804,0.117034267,dmv_candidate_cost_v0,ANALYZE dmv,True,
fd:fuel_type:revocation_indicator,fd,baseline,4,fd:fuel_type:revocation_indicator:4,231,False,9913484840516,9913605277929,0.120437413,dmv_candidate_cost_v0,ANALYZE dmv,True,
fd:fuel_type:revocation_indicator,fd,candidate,4,fd:fuel_type:revocation_indicator:4,232,False,9913606827157,9913733312148,0.126484991,dmv_candidate_cost_v0,ANALYZE dmv,True,
fd:fuel_type:revocation_indicator,fd,candidate,5,fd:fuel_type:revocation_indicator:5,233,False,9913736122385,9913862324263,0.126201878,dmv_candidate_cost_v0,ANALYZE dmv,True,
fd:fuel_type:revocation_indicator,fd,baseline,5,fd:fuel_type:revocation_indicator:5,234,False,9913863352901,9914014125272,0.150772371,dmv_candidate_cost_v0,ANALYZE dmv,True,
fd:fuel_type:revocation_indicator,fd,baseline,6,fd:fuel_type:revocation_indicator:6,235,False,9914014500528,9914158882340,0.144381812,dmv_candidate_cost_v0,ANALYZE dmv,True,
fd:fuel_type:revocation_indicator,fd,candidate,6,fd:fuel_type:revocation_indicator:6,236,False,9914160899187,9914291186562,0.130287375,dmv_candidate_cost_v0,ANALYZE dmv,True,
fd:fuel_type:revocation_indicator,fd,candidate,7,fd:fuel_type:revocation_indicator:7,237,False,9914293550525,9914423810502,0.130259977,dmv_candidate_cost_v0,ANALYZE dmv,True,
fd:fuel_type:revocation_indicator,fd,baseline,7,fd:fuel_type:revocation_indicator:7,238,False,9914424915900,9914566573626,0.141657726,dmv_candidate_cost_v0,ANALYZE dmv,True,
fd:fuel_type:revocation_indicator,fd,baseline,8,fd:fuel_type:revocation_indicator:8,239,False,9914566821510,9914687558479,0.120736969,dmv_candidate_cost_v0,ANALYZE dmv,True,
fd:fuel_type:revocation_indicator,fd,candidate,8,fd:fuel_type:revocation_indicator:8,240,False,9914688995577,9914818833422,0.129837845,dmv_candidate_cost_v0,ANALYZE dmv,True,
fd:fuel_type:revocation_indicator,fd,candidate,9,fd:fuel_type:revocation_indicator:9,241,False,9914821280768,9914949226424,0.127945656,dmv_candidate_cost_v0,ANALYZE dmv,True,
fd:fuel_type:revocation_indicator,fd,baseline,9,fd:fuel_type:revocation_indicator:9,242,False,9914950140650,9915067973094,0.117832444,dmv_candidate_cost_v0,ANALYZE dmv,True,
fd:fuel_type:revocation_indicator,fd,baseline,10,fd:fuel_type:revocation_indicator:10,243,False,9915068350676,9915192295268,0.123944592,dmv_candidate_cost_v0,ANALYZE dmv,True,
fd:fuel_type:revocation_indicator,fd,candidate,10,fd:fuel_type:revocation_indicator:10,244,False,9915194152478,9915316323891,0.122171413,dmv_candidate_cost_v0,ANALYZE dmv,True,
fd:fuel_type:revocation_indicator,fd,candidate,11,fd:fuel_type:revocation_indicator:11,245,False,9915318814750,9915449948893,0.131134143,dmv_candidate_cost_v0,ANALYZE dmv,True,
fd:fuel_type:revocation_indicator,fd,baseline,11,fd:fuel_type:revocation_indicator:11,246,False,9915451242431,9915577978752,0.126736321,dmv_candidate_cost_v0,ANALYZE dmv,True,
fd:fuel_type:revocation_indicator,fd,baseline,12,fd:fuel_type:revocation_indicator:12,247,False,9915578199444,9915703002261,0.124802817,dmv_candidate_cost_v0,ANALYZE dmv,True,
fd:fuel_type:revocation_indicator,fd,candidate,12,fd:fuel_type:revocation_indicator:12,248,False,9915705138296,9915834626370,0.129488074,dmv_candidate_cost_v0,ANALYZE dmv,True,
fd:fuel_type:revocation_indicator,fd,candidate,13,fd:fuel_type:revocation_indicator:13,249,False,9915837292164,9915975273180,0.137981016,dmv_candidate_cost_v0,ANALYZE dmv,True,
fd:fuel_type:revocation_indicator,fd,baseline,13,fd:fuel_type:revocation_indicator:13,250,False,9915976400766,9916125130920,0.148730154,dmv_candidate_cost_v0,ANALYZE dmv,True,
fd:fuel_type:revocation_indicator,fd,baseline,14,fd:fuel_type:revocation_indicator:14,251,False,9916125608372,9916251842348,0.126233976,dmv_candidate_cost_v0,ANALYZE dmv,True,
fd:fuel_type:revocation_indicator,fd,candidate,14,fd:fuel_type:revocation_indicator:14,252,False,9916254132454,9916395068996,0.140936542,dmv_candidate_cost_v0,ANALYZE dmv,True,
fd:fuel_type:revocation_indicator,fd,candidate,15,fd:fuel_type:revocation_indicator:15,253,False,9916397401147,9916544556843,0.147155696,dmv_candidate_cost_v0,ANALYZE dmv,True,
fd:fuel_type:revocation_indicator,fd,baseline,15,fd:fuel_type:revocation_indicator:15,254,False,9916545506281,9916669101644,0.123595363,dmv_candidate_cost_v0,ANALYZE dmv,True,
fd:fuel_type:revocation_indicator,fd,baseline,16,fd:fuel_type:revocation_indicator:16,255,False,9916669352519,9916827225235,0.157872716,dmv_candidate_cost_v0,ANALYZE dmv,True,
fd:fuel_type:revocation_indicator,fd,candidate,16,fd:fuel_type:revocation_indicator:16,256,False,9916830357296,9916967784393,0.137427097,dmv_candidate_cost_v0,ANALYZE dmv,True,
fd:fuel_type:revocation_indicator,fd,candidate,17,fd:fuel_type:revocation_indicator:17,257,False,9916969621325,9917094520489,0.124899164,dmv_candidate_cost_v0,ANALYZE dmv,True,
fd:fuel_type:revocation_indicator,fd,baseline,17,fd:fuel_type:revocation_indicator:17,258,False,9917095782462,9917214478714,0.118696252,dmv_candidate_cost_v0,ANALYZE dmv,True,
fd:fuel_type:revocation_indicator,fd,baseline,18,fd:fuel_type:revocation_indicator:18,259,False,9917214687059,9917336188688,0.121501629,dmv_candidate_cost_v0,ANALYZE dmv,True,
fd:fuel_type:revocation_indicator,fd,candidate,18,fd:fuel_type:revocation_indicator:18,260,False,9917338268588,9917467961108,0.12969252,dmv_candidate_cost_v0,ANALYZE dmv,True,
fd:fuel_type:revocation_indicator,fd,candidate,19,fd:fuel_type:revocation_indicator:19,261,False,9917470787404,9917623804771,0.153017367,dmv_candidate_cost_v0,ANALYZE dmv,True,
fd:fuel_type:revocation_indicator,fd,baseline,19,fd:fuel_type:revocation_indicator:19,262,False,9917624836875,9917743367918,0.118531043,dmv_candidate_cost_v0,ANALYZE dmv,True,
fd:fuel_type:revocation_indicator,fd,baseline,20,fd:fuel_type:revocation_indicator:20,263,False,9917743661779,9917886046703,0.142384924,dmv_candidate_cost_v0,ANALYZE dmv,True,
fd:fuel_type:revocation_indicator,fd,candidate,20,fd:fuel_type:revocation_indicator:20,264,False,9917888034445,9918033409537,0.145375092,dmv_candidate_cost_v0,ANALYZE dmv,True,
fd:fuel_type:scofflaw_indicator,fd,candidate,-1,fd:fuel_type:scofflaw_indicator:-1,265,True,9918036395057,9918161128733,0.124733676,dmv_candidate_cost_v0,ANALYZE dmv,True,
fd:fuel_type:scofflaw_indicator,fd,baseline,-1,fd:fuel_type:scofflaw_indicator:-1,266,True,9918161991300,9918281356527,0.119365227,dmv_candidate_cost_v0,ANALYZE dmv,True,
fd:fuel_type:scofflaw_indicator,fd,baseline,0,fd:fuel_type:scofflaw_indicator:0,267,False,9918281545371,9918416372908,0.134827537,dmv_candidate_cost_v0,ANALYZE dmv,True,
fd:fuel_type:scofflaw_indicator,fd,candidate,0,fd:fuel_type:scofflaw_indicator:0,268,False,9918418514809,9918572525119,0.15401031,dmv_candidate_cost_v0,ANALYZE dmv,True,
fd:fuel_type:scofflaw_indicator,fd,candidate,1,fd:fuel_type:scofflaw_indicator:1,269,False,9918574889592,9918699785313,0.124895721,dmv_candidate_cost_v0,ANALYZE dmv,True,
fd:fuel_type:scofflaw_indicator,fd,baseline,1,fd:fuel_type:scofflaw_indicator:1,270,False,9918700950150,9918826327667,0.125377517,dmv_candidate_cost_v0,ANALYZE dmv,True,
fd:fuel_type:scofflaw_indicator,fd,baseline,2,fd:fuel_type:scofflaw_indicator:2,271,False,9918826622544,9918956993138,0.130370594,dmv_candidate_cost_v0,ANALYZE dmv,True,
fd:fuel_type:scofflaw_indicator,fd,candidate,2,fd:fuel_type:scofflaw_indicator:2,272,False,9918958498718,9919101618774,0.143120056,dmv_candidate_cost_v0,ANALYZE dmv,True,
fd:fuel_type:scofflaw_indicator,fd,candidate,3,fd:fuel_type:scofflaw_indicator:3,273,False,9919104061725,9919253341757,0.149280032,dmv_candidate_cost_v0,ANALYZE dmv,True,
fd:fuel_type:scofflaw_indicator,fd,baseline,3,fd:fuel_type:scofflaw_indicator:3,274,False,9919254283179,9919376416897,0.122133718,dmv_candidate_cost_v0,ANALYZE dmv,True,
fd:fuel_type:scofflaw_indicator,fd,baseline,4,fd:fuel_type:scofflaw_indicator:4,275,False,9919376656333,9919502904993,0.12624866,dmv_candidate_cost_v0,ANALYZE dmv,True,
fd:fuel_type:scofflaw_indicator,fd,candidate,4,fd:fuel_type:scofflaw_indicator:4,276,False,9919505224662,9919640727449,0.135502787,dmv_candidate_cost_v0,ANALYZE dmv,True,
fd:fuel_type:scofflaw_indicator,fd,candidate,5,fd:fuel_type:scofflaw_indicator:5,277,False,9919642946109,9919769318366,0.126372257,dmv_candidate_cost_v0,ANALYZE dmv,True,
fd:fuel_type:scofflaw_indicator,fd,baseline,5,fd:fuel_type:scofflaw_indicator:5,278,False,9919770303877,9919894720068,0.124416191,dmv_candidate_cost_v0,ANALYZE dmv,True,
fd:fuel_type:scofflaw_indicator,fd,baseline,6,fd:fuel_type:scofflaw_indicator:6,279,False,9919895067174,9920020239427,0.125172253,dmv_candidate_cost_v0,ANALYZE dmv,True,
fd:fuel_type:scofflaw_indicator,fd,candidate,6,fd:fuel_type:scofflaw_indicator:6,280,False,9920021984311,9920153280646,0.131296335,dmv_candidate_cost_v0,ANALYZE dmv,True,
fd:fuel_type:scofflaw_indicator,fd,candidate,7,fd:fuel_type:scofflaw_indicator:7,281,False,9920156132623,9920285370495,0.129237872,dmv_candidate_cost_v0,ANALYZE dmv,True,
fd:fuel_type:scofflaw_indicator,fd,baseline,7,fd:fuel_type:scofflaw_indicator:7,282,False,9920286371531,9920410084154,0.123712623,dmv_candidate_cost_v0,ANALYZE dmv,True,
fd:fuel_type:scofflaw_indicator,fd,baseline,8,fd:fuel_type:scofflaw_indicator:8,283,False,9920410318781,9920534018971,0.12370019,dmv_candidate_cost_v0,ANALYZE dmv,True,
fd:fuel_type:scofflaw_indicator,fd,candidate,8,fd:fuel_type:scofflaw_indicator:8,284,False,9920535591661,9920666647881,0.13105622,dmv_candidate_cost_v0,ANALYZE dmv,True,
fd:fuel_type:scofflaw_indicator,fd,candidate,9,fd:fuel_type:scofflaw_indicator:9,285,False,9920669086695,9920798244103,0.129157408,dmv_candidate_cost_v0,ANALYZE dmv,True,
fd:fuel_type:scofflaw_indicator,fd,baseline,9,fd:fuel_type:scofflaw_indicator:9,286,False,9920799334393,9920919116287,0.119781894,dmv_candidate_cost_v0,ANALYZE dmv,True,
fd:fuel_type:scofflaw_indicator,fd,baseline,10,fd:fuel_type:scofflaw_indicator:10,287,False,9920919513197,9921045268835,0.125755638,dmv_candidate_cost_v0,ANALYZE dmv,True,
fd:fuel_type:scofflaw_indicator,fd,candidate,10,fd:fuel_type:scofflaw_indicator:10,288,False,9921046477274,9921175577992,0.129100718,dmv_candidate_cost_v0,ANALYZE dmv,True,
fd:fuel_type:scofflaw_indicator,fd,candidate,11,fd:fuel_type:scofflaw_indicator:11,289,False,9921178360943,9921300488092,0.122127149,dmv_candidate_cost_v0,ANALYZE dmv,True,
fd:fuel_type:scofflaw_indicator,fd,baseline,11,fd:fuel_type:scofflaw_indicator:11,290,False,9921301465593,9921449164253,0.14769866,dmv_candidate_cost_v0,ANALYZE dmv,True,
fd:fuel_type:scofflaw_indicator,fd,baseline,12,fd:fuel_type:scofflaw_indicator:12,291,False,9921449424553,9921574380518,0.124955965,dmv_candidate_cost_v0,ANALYZE dmv,True,
fd:fuel_type:scofflaw_indicator,fd,candidate,12,fd:fuel_type:scofflaw_indicator:12,292,False,9921576300884,9921709281973,0.132981089,dmv_candidate_cost_v0,ANALYZE dmv,True,
fd:fuel_type:scofflaw_indicator,fd,candidate,13,fd:fuel_type:scofflaw_indicator:13,293,False,9921712262719,9921864295206,0.152032487,dmv_candidate_cost_v0,ANALYZE dmv,True,
fd:fuel_type:scofflaw_indicator,fd,baseline,13,fd:fuel_type:scofflaw_indicator:13,294,False,9921865687132,9921988324082,0.12263695,dmv_candidate_cost_v0,ANALYZE dmv,True,
fd:fuel_type:scofflaw_indicator,fd,baseline,14,fd:fuel_type:scofflaw_indicator:14,295,False,9921988682266,9922113376175,0.124693909,dmv_candidate_cost_v0,ANALYZE dmv,True,
fd:fuel_type:scofflaw_indicator,fd,candidate,14,fd:fuel_type:scofflaw_indicator:14,296,False,9922115659871,9922244100751,0.12844088,dmv_candidate_cost_v0,ANALYZE dmv,True,
fd:fuel_type:scofflaw_indicator,fd,candidate,15,fd:fuel_type:scofflaw_indicator:15,297,False,9922247156081,9922384039291,0.13688321,dmv_candidate_cost_v0,ANALYZE dmv,True,
fd:fuel_type:scofflaw_indicator,fd,baseline,15,fd:fuel_type:scofflaw_indicator:15,298,False,9922385378032,9922527496291,0.142118259,dmv_candidate_cost_v0,ANALYZE dmv,True,
fd:fuel_type:scofflaw_indicator,fd,baseline,16,fd:fuel_type:scofflaw_indicator:16,299,False,9922527736170,9922654249075,0.126512905,dmv_candidate_cost_v0,ANALYZE dmv,True,
fd:fuel_type:scofflaw_indicator,fd,candidate,16,fd:fuel_type:scofflaw_indicator:16,300,False,9922656054446,9922785977000,0.129922554,dmv_candidate_cost_v0,ANALYZE dmv,True,
fd:fuel_type:scofflaw_indicator,fd,candidate,17,fd:fuel_type:scofflaw_indicator:17,301,False,9922788580676,9922919564856,0.13098418,dmv_candidate_cost_v0,ANALYZE dmv,True,
fd:fuel_type:scofflaw_indicator,fd,baseline,17,fd:fuel_type:scofflaw_indicator:17,302,False,9922920546077,9923041643398,0.121097321,dmv_candidate_cost_v0,ANALYZE dmv,True,
fd:fuel_type:scofflaw_indicator,fd,baseline,18,fd:fuel_type:scofflaw_indicator:18,303,False,9923042000377,9923177614094,0.135613717,dmv_candidate_cost_v0,ANALYZE dmv,True,
fd:fuel_type:scofflaw_indicator,fd,candidate,18,fd:fuel_type:scofflaw_indicator:18,304,False,9923179211333,9923333287862,0.154076529,dmv_candidate_cost_v0,ANALYZE dmv,True,
fd:fuel_type:scofflaw_indicator,fd,candidate,19,fd:fuel_type:scofflaw_indicator:19,305,False,9923336364000,9923482510350,0.14614635,dmv_candidate_cost_v0,ANALYZE dmv,True,
fd:fuel_type:scofflaw_indicator,fd,baseline,19,fd:fuel_type:scofflaw_indicator:19,306,False,9923483445966,9923621809471,0.138363505,dmv_candidate_cost_v0,ANALYZE dmv,True,
fd:fuel_type:scofflaw_indicator,fd,baseline,20,fd:fuel_type:scofflaw_indicator:20,307,False,9923622087841,9923766297351,0.14420951,dmv_candidate_cost_v0,ANALYZE dmv,True,
fd:fuel_type:scofflaw_indicator,fd,candidate,20,fd:fuel_type:scofflaw_indicator:20,308,False,9923768441788,9923920438258,0.15199647,dmv_candidate_cost_v0,ANALYZE dmv,True,
fd:body_type:state,fd,candidate,-1,fd:body_type:state:-1,309,True,9923923462479,9924074143346,0.150680867,dmv_candidate_cost_v0,ANALYZE dmv,True,
fd:body_type:state,fd,baseline,-1,fd:body_type:state:-1,310,True,9924075715202,9924215820521,0.140105319,dmv_candidate_cost_v0,ANALYZE dmv,True,
fd:body_type:state,fd,baseline,0,fd:body_type:state:0,311,False,9924216177640,9924366532123,0.150354483,dmv_candidate_cost_v0,ANALYZE dmv,True,
fd:body_type:state,fd,candidate,0,fd:body_type:state:0,312,False,9924370559449,9924519445726,0.148886277,dmv_candidate_cost_v0,ANALYZE dmv,True,
fd:body_type:state,fd,candidate,1,fd:body_type:state:1,313,False,9924521294365,9924667609401,0.146315036,dmv_candidate_cost_v0,ANALYZE dmv,True,
fd:body_type:state,fd,baseline,1,fd:body_type:state:1,314,False,9924668783848,9924807393454,0.138609606,dmv_candidate_cost_v0,ANALYZE dmv,True,
fd:body_type:state,fd,baseline,2,fd:body_type:state:2,315,False,9924807721559,9924955149797,0.147428238,dmv_candidate_cost_v0,ANALYZE dmv,True,
fd:body_type:state,fd,candidate,2,fd:body_type:state:2,316,False,9924957245724,9925112255999,0.155010275,dmv_candidate_cost_v0,ANALYZE dmv,True,
fd:body_type:state,fd,candidate,3,fd:body_type:state:3,317,False,9925114975696,9925254419020,0.139443324,dmv_candidate_cost_v0,ANALYZE dmv,True,
fd:body_type:state,fd,baseline,3,fd:body_type:state:3,318,False,9925255383243,9925375618411,0.120235168,dmv_candidate_cost_v0,ANALYZE dmv,True,
fd:body_type:state,fd,baseline,4,fd:body_type:state:4,319,False,9925375837248,9925497101115,0.121263867,dmv_candidate_cost_v0,ANALYZE dmv,True,
fd:body_type:state,fd,candidate,4,fd:body_type:state:4,320,False,9925499162624,9925625895628,0.126733004,dmv_candidate_cost_v0,ANALYZE dmv,True,
fd:body_type:state,fd,candidate,5,fd:body_type:state:5,321,False,9925628582337,9925777152478,0.148570141,dmv_candidate_cost_v0,ANALYZE dmv,True,
fd:body_type:state,fd,baseline,5,fd:body_type:state:5,322,False,9925778411886,9925909238645,0.130826759,dmv_candidate_cost_v0,ANALYZE dmv,True,
fd:body_type:state,fd,baseline,6,fd:body_type:state:6,323,False,9925909480968,9926029422053,0.119941085,dmv_candidate_cost_v0,ANALYZE dmv,True,
fd:body_type:state,fd,candidate,6,fd:body_type:state:6,324,False,9926031346769,9926181526485,0.150179716,dmv_candidate_cost_v0,ANALYZE dmv,True,
fd:body_type:state,fd,candidate,7,fd:body_type:state:7,325,False,9926183701994,9926313026201,0.129324207,dmv_candidate_cost_v0,ANALYZE dmv,True,
fd:body_type:state,fd,baseline,7,fd:body_type:state:7,326,False,9926313843617,9926434969862,0.121126245,dmv_candidate_cost_v0,ANALYZE dmv,True,
fd:body_type:state,fd,baseline,8,fd:body_type:state:8,327,False,9926435275855,9926558187439,0.122911584,dmv_candidate_cost_v0,ANALYZE dmv,True,
fd:body_type:state,fd,candidate,8,fd:body_type:state:8,328,False,9926559949632,9926727996157,0.168046525,dmv_candidate_cost_v0,ANALYZE dmv,True,
fd:body_type:state,fd,candidate,9,fd:body_type:state:9,329,False,9926729920440,9926859147069,0.129226629,dmv_candidate_cost_v0,ANALYZE dmv,True,
fd:body_type:state,fd,baseline,9,fd:body_type:state:9,330,False,9926860149469,9926998334080,0.138184611,dmv_candidate_cost_v0,ANALYZE dmv,True,
fd:body_type:state,fd,baseline,10,fd:body_type:state:10,331,False,9926998587376,9927137172324,0.138584948,dmv_candidate_cost_v0,ANALYZE dmv,True,
fd:body_type:state,fd,candidate,10,fd:body_type:state:10,332,False,9927139160359,9927296458206,0.157297847,dmv_candidate_cost_v0,ANALYZE dmv,True,
fd:body_type:state,fd,candidate,11,fd:body_type:state:11,333,False,9927299177891,9927455840541,0.15666265,dmv_candidate_cost_v0,ANALYZE dmv,True,
fd:body_type:state,fd,baseline,11,fd:body_type:state:11,334,False,9927457275158,9927590192031,0.132916873,dmv_candidate_cost_v0,ANALYZE dmv,True,
fd:body_type:state,fd,baseline,12,fd:body_type:state:12,335,False,9927590441312,9927712541130,0.122099818,dmv_candidate_cost_v0,ANALYZE dmv,True,
fd:body_type:state,fd,candidate,12,fd:body_type:state:12,336,False,9927714463811,9927862874470,0.148410659,dmv_candidate_cost_v0,ANALYZE dmv,True,
fd:body_type:state,fd,candidate,13,fd:body_type:state:13,337,False,9927866416906,9928010968189,0.144551283,dmv_candidate_cost_v0,ANALYZE dmv,True,
fd:body_type:state,fd,baseline,13,fd:body_type:state:13,338,False,9928011925589,9928136981101,0.125055512,dmv_candidate_cost_v0,ANALYZE dmv,True,
fd:body_type:state,fd,baseline,14,fd:body_type:state:14,339,False,9928137362746,9928260452838,0.123090092,dmv_candidate_cost_v0,ANALYZE dmv,True,
fd:body_type:state,fd,candidate,14,fd:body_type:state:14,340,False,9928262960387,9928393714966,0.130754579,dmv_candidate_cost_v0,ANALYZE dmv,True,
fd:body_type:state,fd,candidate,15,fd:body_type:state:15,341,False,9928396808435,9928540748920,0.143940485,dmv_candidate_cost_v0,ANALYZE dmv,True,
fd:body_type:state,fd,baseline,15,fd:body_type:state:15,342,False,9928541971194,9928674624230,0.132653036,dmv_candidate_cost_v0,ANALYZE dmv,True,
fd:body_type:state,fd,baseline,16,fd:body_type:state:16,343,False,9928674836012,9928797317123,0.122481111,dmv_candidate_cost_v0,ANALYZE dmv,True,
fd:body_type:state,fd,candidate,16,fd:body_type:state:16,344,False,9928799047371,9928927063272,0.128015901,dmv_candidate_cost_v0,ANALYZE dmv,True,
fd:body_type:state,fd,candidate,17,fd:body_type:state:17,345,False,9928929891070,9929060419666,0.130528596,dmv_candidate_cost_v0,ANALYZE dmv,True,
fd:body_type:state,fd,baseline,17,fd:body_type:state:17,346,False,9929061347997,9929189723614,0.128375617,dmv_candidate_cost_v0,ANALYZE dmv,True,
fd:body_type:state,fd,baseline,18,fd:body_type:state:18,347,False,9929189965080,9929316893449,0.126928369,dmv_candidate_cost_v0,ANALYZE dmv,True,
fd:body_type:state,fd,candidate,18,fd:body_type:state:18,348,False,9929318525079,9929448180249,0.12965517,dmv_candidate_cost_v0,ANALYZE dmv,True,
fd:body_type:state,fd,candidate,19,fd:body_type:state:19,349,False,9929451287646,9929599096708,0.147809062,dmv_candidate_cost_v0,ANALYZE dmv,True,
fd:body_type:state,fd,baseline,19,fd:body_type:state:19,350,False,9929600110332,9929723473340,0.123363008,dmv_candidate_cost_v0,ANALYZE dmv,True,
fd:body_type:state,fd,baseline,20,fd:body_type:state:20,351,False,9929723700993,9929848503957,0.124802964,dmv_candidate_cost_v0,ANALYZE dmv,True,
fd:body_type:state,fd,candidate,20,fd:body_type:state:20,352,False,9929850280864,9929981634157,0.131353293,dmv_candidate_cost_v0,ANALYZE dmv,True,
mcv:fuel_type:revocation_indicator,mcv,candidate,-1,mcv:fuel_type:revocation_indicator:-1,353,True,9929984422393,9930141436358,0.157013965,dmv_candidate_cost_v0,ANALYZE dmv,True,
mcv:fuel_type:revocation_indicator,mcv,baseline,-1,mcv:fuel_type:revocation_indicator:-1,354,True,9930142278902,9930265063733,0.122784831,dmv_candidate_cost_v0,ANALYZE dmv,True,
mcv:fuel_type:revocation_indicator,mcv,baseline,0,mcv:fuel_type:revocation_indicator:0,355,False,9930265257522,9930387129616,0.121872094,dmv_candidate_cost_v0,ANALYZE dmv,True,
mcv:fuel_type:revocation_indicator,mcv,candidate,0,mcv:fuel_type:revocation_indicator:0,356,False,9930389989552,9930517087637,0.127098085,dmv_candidate_cost_v0,ANALYZE dmv,True,
mcv:fuel_type:revocation_indicator,mcv,candidate,1,mcv:fuel_type:revocation_indicator:1,357,False,9930519632866,9930646707947,0.127075081,dmv_candidate_cost_v0,ANALYZE dmv,True,
mcv:fuel_type:revocation_indicator,mcv,baseline,1,mcv:fuel_type:revocation_indicator:1,358,False,9930647899735,9930797297694,0.149397959,dmv_candidate_cost_v0,ANALYZE dmv,True,
mcv:fuel_type:revocation_indicator,mcv,baseline,2,mcv:fuel_type:revocation_indicator:2,359,False,9930797572452,9930926062054,0.128489602,dmv_candidate_cost_v0,ANALYZE dmv,True,
mcv:fuel_type:revocation_indicator,mcv,candidate,2,mcv:fuel_type:revocation_indicator:2,360,False,9930927754340,9931067024050,0.13926971,dmv_candidate_cost_v0,ANALYZE dmv,True,
mcv:fuel_type:revocation_indicator,mcv,candidate,3,mcv:fuel_type:revocation_indicator:3,361,False,9931069759338,9931214885516,0.145126178,dmv_candidate_cost_v0,ANALYZE dmv,True,
mcv:fuel_type:revocation_indicator,mcv,baseline,3,mcv:fuel_type:revocation_indicator:3,362,False,9931215811288,9931340829464,0.125018176,dmv_candidate_cost_v0,ANALYZE dmv,True,
mcv:fuel_type:revocation_indicator,mcv,baseline,4,mcv:fuel_type:revocation_indicator:4,363,False,9931341124630,9931462933106,0.121808476,dmv_candidate_cost_v0,ANALYZE dmv,True,
mcv:fuel_type:revocation_indicator,mcv,candidate,4,mcv:fuel_type:revocation_indicator:4,364,False,9931465051533,9931589821249,0.124769716,dmv_candidate_cost_v0,ANALYZE dmv,True,
mcv:fuel_type:revocation_indicator,mcv,candidate,5,mcv:fuel_type:revocation_indicator:5,365,False,9931592432401,9931719859576,0.127427175,dmv_candidate_cost_v0,ANALYZE dmv,True,
mcv:fuel_type:revocation_indicator,mcv,baseline,5,mcv:fuel_type:revocation_indicator:5,366,False,9931721002344,9931843690174,0.12268783,dmv_candidate_cost_v0,ANALYZE dmv,True,
mcv:fuel_type:revocation_indicator,mcv,baseline,6,mcv:fuel_type:revocation_indicator:6,367,False,9931843952052,9931964376065,0.120424013,dmv_candidate_cost_v0,ANALYZE dmv,True,
mcv:fuel_type:revocation_indicator,mcv,candidate,6,mcv:fuel_type:revocation_indicator:6,368,False,9931966269968,9932107852289,0.141582321,dmv_candidate_cost_v0,ANALYZE dmv,True,
mcv:fuel_type:revocation_indicator,mcv,candidate,7,mcv:fuel_type:revocation_indicator:7,369,False,9932111414535,9932255268599,0.143854064,dmv_candidate_cost_v0,ANALYZE dmv,True,
mcv:fuel_type:revocation_indicator,mcv,baseline,7,mcv:fuel_type:revocation_indicator:7,370,False,9932256467415,9932376915634,0.120448219,dmv_candidate_cost_v0,ANALYZE dmv,True,
mcv:fuel_type:revocation_indicator,mcv,baseline,8,mcv:fuel_type:revocation_indicator:8,371,False,9932377124967,9932500061923,0.122936956,dmv_candidate_cost_v0,ANALYZE dmv,True,
mcv:fuel_type:revocation_indicator,mcv,candidate,8,mcv:fuel_type:revocation_indicator:8,372,False,9932502097213,9932625397319,0.123300106,dmv_candidate_cost_v0,ANALYZE dmv,True,
mcv:fuel_type:revocation_indicator,mcv,candidate,9,mcv:fuel_type:revocation_indicator:9,373,False,9932627799344,9932754131055,0.126331711,dmv_candidate_cost_v0,ANALYZE dmv,True,
mcv:fuel_type:revocation_indicator,mcv,baseline,9,mcv:fuel_type:revocation_indicator:9,374,False,9932755178733,9932880039081,0.124860348,dmv_candidate_cost_v0,ANALYZE dmv,True,
mcv:fuel_type:revocation_indicator,mcv,baseline,10,mcv:fuel_type:revocation_indicator:10,375,False,9932880350518,9932998728924,0.118378406,dmv_candidate_cost_v0,ANALYZE dmv,True,
mcv:fuel_type:revocation_indicator,mcv,candidate,10,mcv:fuel_type:revocation_indicator:10,376,False,9933000429203,9933126041872,0.125612669,dmv_candidate_cost_v0,ANALYZE dmv,True,
mcv:fuel_type:revocation_indicator,mcv,candidate,11,mcv:fuel_type:revocation_indicator:11,377,False,9933128330356,9933270602591,0.142272235,dmv_candidate_cost_v0,ANALYZE dmv,True,
mcv:fuel_type:revocation_indicator,mcv,baseline,11,mcv:fuel_type:revocation_indicator:11,378,False,9933272034689,9933401267131,0.129232442,dmv_candidate_cost_v0,ANALYZE dmv,True,
mcv:fuel_type:revocation_indicator,mcv,baseline,12,mcv:fuel_type:revocation_indicator:12,379,False,9933401535539,9933522438327,0.120902788,dmv_candidate_cost_v0,ANALYZE dmv,True,
mcv:fuel_type:revocation_indicator,mcv,candidate,12,mcv:fuel_type:revocation_indicator:12,380,False,9933524241751,9933649014464,0.124772713,dmv_candidate_cost_v0,ANALYZE dmv,True,
mcv:fuel_type:revocation_indicator,mcv,candidate,13,mcv:fuel_type:revocation_indicator:13,381,False,9933651797722,9933775495110,0.123697388,dmv_candidate_cost_v0,ANALYZE dmv,True,
mcv:fuel_type:revocation_indicator,mcv,baseline,13,mcv:fuel_type:revocation_indicator:13,382,False,9933776868861,9933897923285,0.121054424,dmv_candidate_cost_v0,ANALYZE dmv,True,
mcv:fuel_type:revocation_indicator,mcv,baseline,14,mcv:fuel_type:revocation_indicator:14,383,False,9933898256808,9934017678765,0.119421957,dmv_candidate_cost_v0,ANALYZE dmv,True,
mcv:fuel_type:revocation_indicator,mcv,candidate,14,mcv:fuel_type:revocation_indicator:14,384,False,9934019267112,9934158989605,0.139722493,dmv_candidate_cost_v0,ANALYZE dmv,True,
mcv:fuel_type:revocation_indicator,mcv,candidate,15,mcv:fuel_type:revocation_indicator:15,385,False,9934161728801,9934308577573,0.146848772,dmv_candidate_cost_v0,ANALYZE dmv,True,
mcv:fuel_type:revocation_indicator,mcv,baseline,15,mcv:fuel_type:revocation_indicator:15,386,False,9934309608987,9934428558842,0.118949855,dmv_candidate_cost_v0,ANALYZE dmv,True,
mcv:fuel_type:revocation_indicator,mcv,baseline,16,mcv:fuel_type:revocation_indicator:16,387,False,9934428799160,9934554286829,0.125487669,dmv_candidate_cost_v0,ANALYZE dmv,True,
mcv:fuel_type:revocation_indicator,mcv,candidate,16,mcv:fuel_type:revocation_indicator:16,388,False,9934556556335,9934691391474,0.134835139,dmv_candidate_cost_v0,ANALYZE dmv,True,
mcv:fuel_type:revocation_indicator,mcv,candidate,17,mcv:fuel_type:revocation_indicator:17,389,False,9934694394071,9934846243384,0.151849313,dmv_candidate_cost_v0,ANALYZE dmv,True,
mcv:fuel_type:revocation_indicator,mcv,baseline,17,mcv:fuel_type:revocation_indicator:17,390,False,9934847733552,9934977612405,0.129878853,dmv_candidate_cost_v0,ANALYZE dmv,True,
mcv:fuel_type:revocation_indicator,mcv,baseline,18,mcv:fuel_type:revocation_indicator:18,391,False,9934977890193,9935098852708,0.120962515,dmv_candidate_cost_v0,ANALYZE dmv,True,
mcv:fuel_type:revocation_indicator,mcv,candidate,18,mcv:fuel_type:revocation_indicator:18,392,False,9935100940443,9935229877395,0.128936952,dmv_candidate_cost_v0,ANALYZE dmv,True,
mcv:fuel_type:revocation_indicator,mcv,candidate,19,mcv:fuel_type:revocation_indicator:19,393,False,9935232968534,9935367143065,0.134174531,dmv_candidate_cost_v0,ANALYZE dmv,True,
mcv:fuel_type:revocation_indicator,mcv,baseline,19,mcv:fuel_type:revocation_indicator:19,394,False,9935368856647,9935527865463,0.159008816,dmv_candidate_cost_v0,ANALYZE dmv,True,
mcv:fuel_type:revocation_indicator,mcv,baseline,20,mcv:fuel_type:revocation_indicator:20,395,False,9935528118557,9935650064918,0.121946361,dmv_candidate_cost_v0,ANALYZE dmv,True,
mcv:fuel_type:revocation_indicator,mcv,candidate,20,mcv:fuel_type:revocation_indicator:20,396,False,9935651774555,9935793497296,0.141722741,dmv_candidate_cost_v0,ANALYZE dmv,True,
mcv:registration_class:suspension_indicator,mcv,candidate,-1,mcv:registration_class:suspension_indicator:-1,397,True,9935796733611,9935947199784,0.150466173,dmv_candidate_cost_v0,ANALYZE dmv,True,
mcv:registration_class:suspension_indicator,mcv,baseline,-1,mcv:registration_class:suspension_indicator:-1,398,True,9935948209333,9936084413638,0.136204305,dmv_candidate_cost_v0,ANALYZE dmv,True,
mcv:registration_class:suspension_indicator,mcv,baseline,0,mcv:registration_class:suspension_indicator:0,399,False,9936084693165,9936235621806,0.150928641,dmv_candidate_cost_v0,ANALYZE dmv,True,
mcv:registration_class:suspension_indicator,mcv,candidate,0,mcv:registration_class:suspension_indicator:0,400,False,9936237383422,9936387322267,0.149938845,dmv_candidate_cost_v0,ANALYZE dmv,True,
mcv:registration_class:suspension_indicator,mcv,candidate,1,mcv:registration_class:suspension_indicator:1,401,False,9936390054185,9936533267545,0.14321336,dmv_candidate_cost_v0,ANALYZE dmv,True,
mcv:registration_class:suspension_indicator,mcv,baseline,1,mcv:registration_class:suspension_indicator:1,402,False,9936534313992,9936653556655,0.119242663,dmv_candidate_cost_v0,ANALYZE dmv,True,
mcv:registration_class:suspension_indicator,mcv,baseline,2,mcv:registration_class:suspension_indicator:2,403,False,9936653868067,9936782143439,0.128275372,dmv_candidate_cost_v0,ANALYZE dmv,True,
mcv:registration_class:suspension_indicator,mcv,candidate,2,mcv:registration_class:suspension_indicator:2,404,False,9936783664298,9936939793287,0.156128989,dmv_candidate_cost_v0,ANALYZE dmv,True,
mcv:registration_class:suspension_indicator,mcv,candidate,3,mcv:registration_class:suspension_indicator:3,405,False,9936942295703,9937071125593,0.12882989,dmv_candidate_cost_v0,ANALYZE dmv,True,
mcv:registration_class:suspension_indicator,mcv,baseline,3,mcv:registration_class:suspension_indicator:3,406,False,9937072184077,9937191868026,0.119683949,dmv_candidate_cost_v0,ANALYZE dmv,True,
mcv:registration_class:suspension_indicator,mcv,baseline,4,mcv:registration_class:suspension_indicator:4,407,False,9937192099170,9937316304775,0.124205605,dmv_candidate_cost_v0,ANALYZE dmv,True,
mcv:registration_class:suspension_indicator,mcv,candidate,4,mcv:registration_class:suspension_indicator:4,408,False,9937318214935,9937444663438,0.126448503,dmv_candidate_cost_v0,ANALYZE dmv,True,
mcv:registration_class:suspension_indicator,mcv,candidate,5,mcv:registration_class:suspension_indicator:5,409,False,9937446636076,9937572230773,0.125594697,dmv_candidate_cost_v0,ANALYZE dmv,True,
mcv:registration_class:suspension_indicator,mcv,baseline,5,mcv:registration_class:suspension_indicator:5,410,False,9937573262829,9937698537045,0.125274216,dmv_candidate_cost_v0,ANALYZE dmv,True,
mcv:registration_class:suspension_indicator,mcv,baseline,6,mcv:registration_class:suspension_indicator:6,411,False,9937698781960,9937817971214,0.119189254,dmv_candidate_cost_v0,ANALYZE dmv,True,
mcv:registration_class:suspension_indicator,mcv,candidate,6,mcv:registration_class:suspension_indicator:6,412,False,9937819699970,9937948795513,0.129095543,dmv_candidate_cost_v0,ANALYZE dmv,True,
mcv:registration_class:suspension_indicator,mcv,candidate,7,mcv:registration_class:suspension_indicator:7,413,False,9937951549518,9938081487300,0.129937782,dmv_candidate_cost_v0,ANALYZE dmv,True,
mcv:registration_class:suspension_indicator,mcv,baseline,7,mcv:registration_class:suspension_indicator:7,414,False,9938082419903,9938205473094,0.123053191,dmv_candidate_cost_v0,ANALYZE dmv,True,
mcv:registration_class:suspension_indicator,mcv,baseline,8,mcv:registration_class:suspension_indicator:8,415,False,9938205699104,9938346946612,0.141247508,dmv_candidate_cost_v0,ANALYZE dmv,True,
mcv:registration_class:suspension_indicator,mcv,candidate,8,mcv:registration_class:suspension_indicator:8,416,False,9938349143403,9938492137865,0.142994462,dmv_candidate_cost_v0,ANALYZE dmv,True,
mcv:registration_class:suspension_indicator,mcv,candidate,9,mcv:registration_class:suspension_indicator:9,417,False,9938494513011,9938616813804,0.122300793,dmv_candidate_cost_v0,ANALYZE dmv,True,
mcv:registration_class:suspension_indicator,mcv,baseline,9,mcv:registration_class:suspension_indicator:9,418,False,9938617825546,9938742913105,0.125087559,dmv_candidate_cost_v0,ANALYZE dmv,True,
mcv:registration_class:suspension_indicator,mcv,baseline,10,mcv:registration_class:suspension_indicator:10,419,False,9938743163661,9938863933063,0.120769402,dmv_candidate_cost_v0,ANALYZE dmv,True,
mcv:registration_class:suspension_indicator,mcv,candidate,10,mcv:registration_class:suspension_indicator:10,420,False,9938865926200,9938989026295,0.123100095,dmv_candidate_cost_v0,ANALYZE dmv,True,
mcv:registration_class:suspension_indicator,mcv,candidate,11,mcv:registration_class:suspension_indicator:11,421,False,9938991597923,9939114424413,0.12282649,dmv_candidate_cost_v0,ANALYZE dmv,True,
mcv:registration_class:suspension_indicator,mcv,baseline,11,mcv:registration_class:suspension_indicator:11,422,False,9939116355834,9939236771667,0.120415833,dmv_candidate_cost_v0,ANALYZE dmv,True,
mcv:registration_class:suspension_indicator,mcv,baseline,12,mcv:registration_class:suspension_indicator:12,423,False,9939237042027,9939358017747,0.12097572,dmv_candidate_cost_v0,ANALYZE dmv,True,
mcv:registration_class:suspension_indicator,mcv,candidate,12,mcv:registration_class:suspension_indicator:12,424,False,9939360121791,9939489590168,0.129468377,dmv_candidate_cost_v0,ANALYZE dmv,True,
mcv:registration_class:suspension_indicator,mcv,candidate,13,mcv:registration_class:suspension_indicator:13,425,False,9939491896783,9939621501748,0.129604965,dmv_candidate_cost_v0,ANALYZE dmv,True,
mcv:registration_class:suspension_indicator,mcv,baseline,13,mcv:registration_class:suspension_indicator:13,426,False,9939622420021,9939743252198,0.120832177,dmv_candidate_cost_v0,ANALYZE dmv,True,
mcv:registration_class:suspension_indicator,mcv,baseline,14,mcv:registration_class:suspension_indicator:14,427,False,9939743659184,9939875734957,0.132075773,dmv_candidate_cost_v0,ANALYZE dmv,True,
mcv:registration_class:suspension_indicator,mcv,candidate,14,mcv:registration_class:suspension_indicator:14,428,False,9939877650472,9940000706751,0.123056279,dmv_candidate_cost_v0,ANALYZE dmv,True,
mcv:registration_class:suspension_indicator,mcv,candidate,15,mcv:registration_class:suspension_indicator:15,429,False,9940003442798,9940129870000,0.126427202,dmv_candidate_cost_v0,ANALYZE dmv,True,
mcv:registration_class:suspension_indicator,mcv,baseline,15,mcv:registration_class:suspension_indicator:15,430,False,9940131099851,9940251305069,0.120205218,dmv_candidate_cost_v0,ANALYZE dmv,True,
mcv:registration_class:suspension_indicator,mcv,baseline,16,mcv:registration_class:suspension_indicator:16,431,False,9940251558542,9940381264486,0.129705944,dmv_candidate_cost_v0,ANALYZE dmv,True,
mcv:registration_class:suspension_indicator,mcv,candidate,16,mcv:registration_class:suspension_indicator:16,432,False,9940383259364,9940510640485,0.127381121,dmv_candidate_cost_v0,ANALYZE dmv,True,
mcv:registration_class:suspension_indicator,mcv,candidate,17,mcv:registration_class:suspension_indicator:17,433,False,9940514111427,9940635872738,0.121761311,dmv_candidate_cost_v0,ANALYZE dmv,True,
mcv:registration_class:suspension_indicator,mcv,baseline,17,mcv:registration_class:suspension_indicator:17,434,False,9940637123408,9940761590462,0.124467054,dmv_candidate_cost_v0,ANALYZE dmv,True,
mcv:registration_class:suspension_indicator,mcv,baseline,18,mcv:registration_class:suspension_indicator:18,435,False,9940761861608,9940881324921,0.119463313,dmv_candidate_cost_v0,ANALYZE dmv,True,
mcv:registration_class:suspension_indicator,mcv,candidate,18,mcv:registration_class:suspension_indicator:18,436,False,9940883063311,9941012122707,0.129059396,dmv_candidate_cost_v0,ANALYZE dmv,True,
mcv:registration_class:suspension_indicator,mcv,candidate,19,mcv:registration_class:suspension_indicator:19,437,False,9941014777138,9941146749625,0.131972487,dmv_candidate_cost_v0,ANALYZE dmv,True,
mcv:registration_class:suspension_indicator,mcv,baseline,19,mcv:registration_class:suspension_indicator:19,438,False,9941147682113,9941265802884,0.118120771,dmv_candidate_cost_v0,ANALYZE dmv,True,
mcv:registration_class:suspension_indicator,mcv,baseline,20,mcv:registration_class:suspension_indicator:20,439,False,9941266185149,9941385317145,0.119131996,dmv_candidate_cost_v0,ANALYZE dmv,True,
mcv:registration_class:suspension_indicator,mcv,candidate,20,mcv:registration_class:suspension_indicator:20,440,False,9941386914009,9941514988357,0.128074348,dmv_candidate_cost_v0,ANALYZE dmv,True,
mcv:county:registration_class,mcv,candidate,-1,mcv:county:registration_class:-1,441,True,9941518207697,9941647691348,0.129483651,dmv_candidate_cost_v0,ANALYZE dmv,True,
mcv:county:registration_class,mcv,baseline,-1,mcv:county:registration_class:-1,442,True,9941648893594,9941769030627,0.120137033,dmv_candidate_cost_v0,ANALYZE dmv,True,
mcv:county:registration_class,mcv,baseline,0,mcv:county:registration_class:0,443,False,9941769331218,9941896921824,0.127590606,dmv_candidate_cost_v0,ANALYZE dmv,True,
mcv:county:registration_class,mcv,candidate,0,mcv:county:registration_class:0,444,False,9941899334948,9942023598046,0.124263098,dmv_candidate_cost_v0,ANALYZE dmv,True,
mcv:county:registration_class,mcv,candidate,1,mcv:county:registration_class:1,445,False,9942026170458,9942155947986,0.129777528,dmv_candidate_cost_v0,ANALYZE dmv,True,
mcv:county:registration_class,mcv,baseline,1,mcv:county:registration_class:1,446,False,9942157205367,9942274846075,0.117640708,dmv_candidate_cost_v0,ANALYZE dmv,True,
mcv:county:registration_class,mcv,baseline,2,mcv:county:registration_class:2,447,False,9942275193809,9942401194210,0.126000401,dmv_candidate_cost_v0,ANALYZE dmv,True,
mcv:county:registration_class,mcv,candidate,2,mcv:county:registration_class:2,448,False,9942402892160,9942528047672,0.125155512,dmv_candidate_cost_v0,ANALYZE dmv,True,
mcv:county:registration_class,mcv,candidate,3,mcv:county:registration_class:3,449,False,9942531128598,9942656104738,0.12497614,dmv_candidate_cost_v0,ANALYZE dmv,True,
mcv:county:registration_class,mcv,baseline,3,mcv:county:registration_class:3,450,False,9942657512453,9942776568887,0.119056434,dmv_candidate_cost_v0,ANALYZE dmv,True,
mcv:county:registration_class,mcv,baseline,4,mcv:county:registration_class:4,451,False,9942776824302,9942896133919,0.119309617,dmv_candidate_cost_v0,ANALYZE dmv,True,
mcv:county:registration_class,mcv,candidate,4,mcv:county:registration_class:4,452,False,9942897912273,9943021687759,0.123775486,dmv_candidate_cost_v0,ANALYZE dmv,True,
mcv:county:registration_class,mcv,candidate,5,mcv:county:registration_class:5,453,False,9943025259048,9943156359132,0.131100084,dmv_candidate_cost_v0,ANALYZE dmv,True,
mcv:county:registration_class,mcv,baseline,5,mcv:county:registration_class:5,454,False,9943157677614,9943290915524,0.13323791,dmv_candidate_cost_v0,ANALYZE dmv,True,
mcv:county:registration_class,mcv,baseline,6,mcv:county:registration_class:6,455,False,9943291277254,9943422571041,0.131293787,dmv_candidate_cost_v0,ANALYZE dmv,True,
mcv:county:registration_class,mcv,candidate,6,mcv:county:registration_class:6,456,False,9943424529084,9943550354539,0.125825455,dmv_candidate_cost_v0,ANALYZE dmv,True,
mcv:county:registration_class,mcv,candidate,7,mcv:county:registration_class:7,457,False,9943553045766,9943688656524,0.135610758,dmv_candidate_cost_v0,ANALYZE dmv,True,
mcv:county:registration_class,mcv,baseline,7,mcv:county:registration_class:7,458,False,9943690208468,9943821888396,0.131679928,dmv_candidate_cost_v0,ANALYZE dmv,True,
mcv:county:registration_class,mcv,baseline,8,mcv:county:registration_class:8,459,False,9943822242825,9943948429162,0.126186337,dmv_candidate_cost_v0,ANALYZE dmv,True,
mcv:county:registration_class,mcv,candidate,8,mcv:county:registration_class:8,460,False,9943950099633,9944075559077,0.125459444,dmv_candidate_cost_v0,ANALYZE dmv,True,
mcv:county:registration_class,mcv,candidate,9,mcv:county:registration_class:9,461,False,9944077864309,9944206016730,0.128152421,dmv_candidate_cost_v0,ANALYZE dmv,True,
mcv:county:registration_class,mcv,baseline,9,mcv:county:registration_class:9,462,False,9944207483606,9944335047146,0.12756354,dmv_candidate_cost_v0,ANALYZE dmv,True,
mcv:county:registration_class,mcv,baseline,10,mcv:county:registration_class:10,463,False,9944335369493,9944456419758,0.121050265,dmv_candidate_cost_v0,ANALYZE dmv,True,
mcv:county:registration_class,mcv,candidate,10,mcv:county:registration_class:10,464,False,9944458045835,9944587296365,0.12925053,dmv_candidate_cost_v0,ANALYZE dmv,True,
mcv:county:registration_class,mcv,candidate,11,mcv:county:registration_class:11,465,False,9944589458863,9944719282589,0.129823726,dmv_candidate_cost_v0,ANALYZE dmv,True,
mcv:county:registration_class,mcv,baseline,11,mcv:county:registration_class:11,466,False,9944720224415,9944838577586,0.118353171,dmv_candidate_cost_v0,ANALYZE dmv,True,
mcv:county:registration_class,mcv,baseline,12,mcv:county:registration_class:12,467,False,9944838874849,9944958334656,0.119459807,dmv_candidate_cost_v0,ANALYZE dmv,True,
mcv:county:registration_class,mcv,candidate,12,mcv:county:registration_class:12,468,False,9944960101953,9945091243806,0.131141853,dmv_candidate_cost_v0,ANALYZE dmv,True,
mcv:county:registration_class,mcv,candidate,13,mcv:county:registration_class:13,469,False,9945093966160,9945218463162,0.124497002,dmv_candidate_cost_v0,ANALYZE dmv,True,
mcv:county:registration_class,mcv,baseline,13,mcv:county:registration_class:13,470,False,9945219460471,9945340189132,0.120728661,dmv_candidate_cost_v0,ANALYZE dmv,True,
mcv:county:registration_class,mcv,baseline,14,mcv:county:registration_class:14,471,False,9945340424703,9945463941752,0.123517049,dmv_candidate_cost_v0,ANALYZE dmv,True,
mcv:county:registration_class,mcv,candidate,14,mcv:county:registration_class:14,472,False,9945466046672,9945589859952,0.12381328,dmv_candidate_cost_v0,ANALYZE dmv,True,
mcv:county:registration_class,mcv,candidate,15,mcv:county:registration_class:15,473,False,9945592480300,9945725816426,0.133336126,dmv_candidate_cost_v0,ANALYZE dmv,True,
mcv:county:registration_class,mcv,baseline,15,mcv:county:registration_class:15,474,False,9945727143829,9945850095112,0.122951283,dmv_candidate_cost_v0,ANALYZE dmv,True,
mcv:county:registration_class,mcv,baseline,16,mcv:county:registration_class:16,475,False,9945850333334,9945970017755,0.119684421,dmv_candidate_cost_v0,ANALYZE dmv,True,
mcv:county:registration_class,mcv,candidate,16,mcv:county:registration_class:16,476,False,9945972450942,9946100065778,0.127614836,dmv_candidate_cost_v0,ANALYZE dmv,True,
mcv:county:registration_class,mcv,candidate,17,mcv:county:registration_class:17,477,False,9946102576893,9946227726854,0.125149961,dmv_candidate_cost_v0,ANALYZE dmv,True,
mcv:county:registration_class,mcv,baseline,17,mcv:county:registration_class:17,478,False,9946229108102,9946347622977,0.118514875,dmv_candidate_cost_v0,ANALYZE dmv,True,
mcv:county:registration_class,mcv,baseline,18,mcv:county:registration_class:18,479,False,9946347933882,9946469679362,0.12174548,dmv_candidate_cost_v0,ANALYZE dmv,True,
mcv:county:registration_class,mcv,candidate,18,mcv:county:registration_class:18,480,False,9946471996387,9946602987751,0.130991364,dmv_candidate_cost_v0,ANALYZE dmv,True,
mcv:county:registration_class,mcv,candidate,19,mcv:county:registration_class:19,481,False,9946605414980,9946734530804,0.129115824,dmv_candidate_cost_v0,ANALYZE dmv,True,
mcv:county:registration_class,mcv,baseline,19,mcv:county:registration_class:19,482,False,9946735555216,9946857890171,0.122334955,dmv_candidate_cost_v0,ANALYZE dmv,True,
mcv:county:registration_class,mcv,baseline,20,mcv:county:registration_class:20,483,False,9946858139689,9946975798387,0.117658698,dmv_candidate_cost_v0,ANALYZE dmv,True,
mcv:county:registration_class,mcv,candidate,20,mcv:county:registration_class:20,484,False,9946978016302,9947104908783,0.126892481,dmv_candidate_cost_v0,ANALYZE dmv,True,
fd:record_type:suspension_indicator,fd,candidate,-1,fd:record_type:suspension_indicator:-1,485,True,9947107963157,9947231928786,0.123965629,dmv_candidate_cost_v0,ANALYZE dmv,True,
fd:record_type:suspension_indicator,fd,baseline,-1,fd:record_type:suspension_indicator:-1,486,True,9947233372244,9947362505540,0.129133296,dmv_candidate_cost_v0,ANALYZE dmv,True,
fd:record_type:suspension_indicator,fd,baseline,0,fd:record_type:suspension_indicator:0,487,False,9947362729439,9947480582902,0.117853463,dmv_candidate_cost_v0,ANALYZE dmv,True,
fd:record_type:suspension_indicator,fd,candidate,0,fd:record_type:suspension_indicator:0,488,False,9947482447621,9947606654863,0.124207242,dmv_candidate_cost_v0,ANALYZE dmv,True,
fd:record_type:suspension_indicator,fd,candidate,1,fd:record_type:suspension_indicator:1,489,False,9947609240682,9947734514025,0.125273343,dmv_candidate_cost_v0,ANALYZE dmv,True,
fd:record_type:suspension_indicator,fd,baseline,1,fd:record_type:suspension_indicator:1,490,False,9947735809836,9947855710440,0.119900604,dmv_candidate_cost_v0,ANALYZE dmv,True,
fd:record_type:suspension_indicator,fd,baseline,2,fd:record_type:suspension_indicator:2,491,False,9947856029803,9947984667091,0.128637288,dmv_candidate_cost_v0,ANALYZE dmv,True,
fd:record_type:suspension_indicator,fd,candidate,2,fd:record_type:suspension_indicator:2,492,False,9947987002350,9948113564318,0.126561968,dmv_candidate_cost_v0,ANALYZE dmv,True,
fd:record_type:suspension_indicator,fd,candidate,3,fd:record_type:suspension_indicator:3,493,False,9948115941192,9948242994457,0.127053265,dmv_candidate_cost_v0,ANALYZE dmv,True,
fd:record_type:suspension_indicator,fd,baseline,3,fd:record_type:suspension_indicator:3,494,False,9948243868966,9948363593136,0.11972417,dmv_candidate_cost_v0,ANALYZE dmv,True,
fd:record_type:suspension_indicator,fd,baseline,4,fd:record_type:suspension_indicator:4,495,False,9948363892943,9948483538675,0.119645732,dmv_candidate_cost_v0,ANALYZE dmv,True,
fd:record_type:suspension_indicator,fd,candidate,4,fd:record_type:suspension_indicator:4,496,False,9948485597708,9948610294581,0.124696873,dmv_candidate_cost_v0,ANALYZE dmv,True,
fd:record_type:suspension_indicator,fd,candidate,5,fd:record_type:suspension_indicator:5,497,False,9948613117976,9948736131134,0.123013158,dmv_candidate_cost_v0,ANALYZE dmv,True,
fd:record_type:suspension_indicator,fd,baseline,5,fd:record_type:suspension_indicator:5,498,False,9948737038272,9948855974532,0.11893626,dmv_candidate_cost_v0,ANALYZE dmv,True,
fd:record_type:suspension_indicator,fd,baseline,6,fd:record_type:suspension_indicator:6,499,False,9948856294754,9948975128858,0.118834104,dmv_candidate_cost_v0,ANALYZE dmv,True,
fd:record_type:suspension_indicator,fd,candidate,6,fd:record_type:suspension_indicator:6,500,False,9948977080099,9949104801786,0.127721687,dmv_candidate_cost_v0,ANALYZE dmv,True,
fd:record_type:suspension_indicator,fd,candidate,7,fd:record_type:suspension_indicator:7,501,False,9949107266042,9949229239329,0.121973287,dmv_candidate_cost_v0,ANALYZE dmv,True,
fd:record_type:suspension_indicator,fd,baseline,7,fd:record_type:suspension_indicator:7,502,False,9949230226986,9949354898715,0.124671729,dmv_candidate_cost_v0,ANALYZE dmv,True,
fd:record_type:suspension_indicator,fd,baseline,8,fd:record_type:suspension_indicator:8,503,False,9949355131796,9949473102765,0.117970969,dmv_candidate_cost_v0,ANALYZE dmv,True,
fd:record_type:suspension_indicator,fd,candidate,8,fd:record_type:suspension_indicator:8,504,False,9949474835113,9949596291158,0.121456045,dmv_candidate_cost_v0,ANALYZE dmv,True,
fd:record_type:suspension_indicator,fd,candidate,9,fd:record_type:suspension_indicator:9,505,False,9949598772848,9949727081337,0.128308489,dmv_candidate_cost_v0,ANALYZE dmv,True,
fd:record_type:suspension_indicator,fd,baseline,9,fd:record_type:suspension_indicator:9,506,False,9949728254160,9949855196437,0.126942277,dmv_candidate_cost_v0,ANALYZE dmv,True,
fd:record_type:suspension_indicator,fd,baseline,10,fd:record_type:suspension_indicator:10,507,False,9949855443072,9949974390188,0.118947116,dmv_candidate_cost_v0,ANALYZE dmv,True,
fd:record_type:suspension_indicator,fd,candidate,10,fd:record_type:suspension_indicator:10,508,False,9949976220477,9950100137413,0.123916936,dmv_candidate_cost_v0,ANALYZE dmv,True,
fd:record_type:suspension_indicator,fd,candidate,11,fd:record_type:suspension_indicator:11,509,False,9950103221408,9950231775261,0.128553853,dmv_candidate_cost_v0,ANALYZE dmv,True,
fd:record_type:suspension_indicator,fd,baseline,11,fd:record_type:suspension_indicator:11,510,False,9950232784832,9950357002554,0.124217722,dmv_candidate_cost_v0,ANALYZE dmv,True,
fd:record_type:suspension_indicator,fd,baseline,12,fd:record_type:suspension_indicator:12,511,False,9950357301656,9950473680317,0.116378661,dmv_candidate_cost_v0,ANALYZE dmv,True,
fd:record_type:suspension_indicator,fd,candidate,12,fd:record_type:suspension_indicator:12,512,False,9950476054801,9950599300822,0.123246021,dmv_candidate_cost_v0,ANALYZE dmv,True,
fd:record_type:suspension_indicator,fd,candidate,13,fd:record_type:suspension_indicator:13,513,False,9950601483243,9950729128611,0.127645368,dmv_candidate_cost_v0,ANALYZE dmv,True,
fd:record_type:suspension_indicator,fd,baseline,13,fd:record_type:suspension_indicator:13,514,False,9950730415816,9950846145447,0.115729631,dmv_candidate_cost_v0,ANALYZE dmv,True,
fd:record_type:suspension_indicator,fd,baseline,14,fd:record_type:suspension_indicator:14,515,False,9950846451509,9950990300525,0.143849016,dmv_candidate_cost_v0,ANALYZE dmv,True,
fd:record_type:suspension_indicator,fd,candidate,14,fd:record_type:suspension_indicator:14,516,False,9950992161460,9951136478999,0.144317539,dmv_candidate_cost_v0,ANALYZE dmv,True,
fd:record_type:suspension_indicator,fd,candidate,15,fd:record_type:suspension_indicator:15,517,False,9951139119587,9951267707428,0.128587841,dmv_candidate_cost_v0,ANALYZE dmv,True,
fd:record_type:suspension_indicator,fd,baseline,15,fd:record_type:suspension_indicator:15,518,False,9951268889289,9951401674915,0.132785626,dmv_candidate_cost_v0,ANALYZE dmv,True,
fd:record_type:suspension_indicator,fd,baseline,16,fd:record_type:suspension_indicator:16,519,False,9951401901428,9951524779830,0.122878402,dmv_candidate_cost_v0,ANALYZE dmv,True,
fd:record_type:suspension_indicator,fd,candidate,16,fd:record_type:suspension_indicator:16,520,False,9951526966783,9951653923676,0.126956893,dmv_candidate_cost_v0,ANALYZE dmv,True,
fd:record_type:suspension_indicator,fd,candidate,17,fd:record_type:suspension_indicator:17,521,False,9951657177081,9951813902677,0.156725596,dmv_candidate_cost_v0,ANALYZE dmv,True,
fd:record_type:suspension_indicator,fd,baseline,17,fd:record_type:suspension_indicator:17,522,False,9951814825347,9951937887717,0.12306237,dmv_candidate_cost_v0,ANALYZE dmv,True,
fd:record_type:suspension_indicator,fd,baseline,18,fd:record_type:suspension_indicator:18,523,False,9951938115279,9952057978393,0.119863114,dmv_candidate_cost_v0,ANALYZE dmv,True,
fd:record_type:suspension_indicator,fd,candidate,18,fd:record_type:suspension_indicator:18,524,False,9952060093721,9952188703294,0.128609573,dmv_candidate_cost_v0,ANALYZE dmv,True,
fd:record_type:suspension_indicator,fd,candidate,19,fd:record_type:suspension_indicator:19,525,False,9952192346921,9952313681788,0.121334867,dmv_candidate_cost_v0,ANALYZE dmv,True,
fd:record_type:suspension_indicator,fd,baseline,19,fd:record_type:suspension_indicator:19,526,False,9952315128615,9952437146424,0.122017809,dmv_candidate_cost_v0,ANALYZE dmv,True,
fd:record_type:suspension_indicator,fd,baseline,20,fd:record_type:suspension_indicator:20,527,False,9952437478635,9952555465915,0.11798728,dmv_candidate_cost_v0,ANALYZE dmv,True,
fd:record_type:suspension_indicator,fd,candidate,20,fd:record_type:suspension_indicator:20,528,False,9952557488792,9952684731653,0.127242861,dmv_candidate_cost_v0,ANALYZE dmv,True,
mcv:county:revocation_indicator,mcv,candidate,-1,mcv:county:revocation_indicator:-1,529,True,9952687709883,9952814575856,0.126865973,dmv_candidate_cost_v0,ANALYZE dmv,True,
mcv:county:revocation_indicator,mcv,baseline,-1,mcv:county:revocation_indicator:-1,530,True,9952815898868,9952934885288,0.11898642,dmv_candidate_cost_v0,ANALYZE dmv,True,
mcv:county:revocation_indicator,mcv,baseline,0,mcv:county:revocation_indicator:0,531,False,9952935183208,9953054317915,0.119134707,dmv_candidate_cost_v0,ANALYZE dmv,True,
mcv:county:revocation_indicator,mcv,candidate,0,mcv:county:revocation_indicator:0,532,False,9953056154408,9953184631323,0.128476915,dmv_candidate_cost_v0,ANALYZE dmv,True,
mcv:county:revocation_indicator,mcv,candidate,1,mcv:county:revocation_indicator:1,533,False,9953187486845,9953313097403,0.125610558,dmv_candidate_cost_v0,ANALYZE dmv,True,
mcv:county:revocation_indicator,mcv,baseline,1,mcv:county:revocation_indicator:1,534,False,9953314404127,9953433290751,0.118886624,dmv_candidate_cost_v0,ANALYZE dmv,True,
mcv:county:revocation_indicator,mcv,baseline,2,mcv:county:revocation_indicator:2,535,False,9953433549176,9953556351421,0.122802245,dmv_candidate_cost_v0,ANALYZE dmv,True,
mcv:county:revocation_indicator,mcv,candidate,2,mcv:county:revocation_indicator:2,536,False,9953558450802,9953710068782,0.15161798,dmv_candidate_cost_v0,ANALYZE dmv,True,
mcv:county:revocation_indicator,mcv,candidate,3,mcv:county:revocation_indicator:3,537,False,9953712875419,9953859483009,0.14660759,dmv_candidate_cost_v0,ANALYZE dmv,True,
mcv:county:revocation_indicator,mcv,baseline,3,mcv:county:revocation_indicator:3,538,False,9953861194563,9954003810671,0.142616108,dmv_candidate_cost_v0,ANALYZE dmv,True,
mcv:county:revocation_indicator,mcv,baseline,4,mcv:county:revocation_indicator:4,539,False,9954004177364,9954130067527,0.125890163,dmv_candidate_cost_v0,ANALYZE dmv,True,
mcv:county:revocation_indicator,mcv,candidate,4,mcv:county:revocation_indicator:4,540,False,9954132049879,9954294705143,0.162655264,dmv_candidate_cost_v0,ANALYZE dmv,True,
mcv:county:revocation_indicator,mcv,candidate,5,mcv:county:revocation_indicator:5,541,False,9954297248610,9954430084458,0.132835848,dmv_candidate_cost_v0,ANALYZE dmv,True,
mcv:county:revocation_indicator,mcv,baseline,5,mcv:county:revocation_indicator:5,542,False,9954431015310,9954551140104,0.120124794,dmv_candidate_cost_v0,ANALYZE dmv,True,
mcv:county:revocation_indicator,mcv,baseline,6,mcv:county:revocation_indicator:6,543,False,9954551428300,9954670946849,0.119518549,dmv_candidate_cost_v0,ANALYZE dmv,True,
mcv:county:revocation_indicator,mcv,candidate,6,mcv:county:revocation_indicator:6,544,False,9954672749480,9954808957434,0.136207954,dmv_candidate_cost_v0,ANALYZE dmv,True,
mcv:county:revocation_indicator,mcv,candidate,7,mcv:county:revocation_indicator:7,545,False,9954811681113,9954950366223,0.13868511,dmv_candidate_cost_v0,ANALYZE dmv,True,
mcv:county:revocation_indicator,mcv,baseline,7,mcv:county:revocation_indicator:7,546,False,9954951466370,9955070738219,0.119271849,dmv_candidate_cost_v0,ANALYZE dmv,True,
mcv:county:revocation_indicator,mcv,baseline,8,mcv:county:revocation_indicator:8,547,False,9955071063365,9955212115059,0.141051694,dmv_candidate_cost_v0,ANALYZE dmv,True,
mcv:county:revocation_indicator,mcv,candidate,8,mcv:county:revocation_indicator:8,548,False,9955214199704,9955363944156,0.149744452,dmv_candidate_cost_v0,ANALYZE dmv,True,
mcv:county:revocation_indicator,mcv,candidate,9,mcv:county:revocation_indicator:9,549,False,9955366741379,9955493719777,0.126978398,dmv_candidate_cost_v0,ANALYZE dmv,True,
mcv:county:revocation_indicator,mcv,baseline,9,mcv:county:revocation_indicator:9,550,False,9955495044971,9955619002785,0.123957814,dmv_candidate_cost_v0,ANALYZE dmv,True,
mcv:county:revocation_indicator,mcv,baseline,10,mcv:county:revocation_indicator:10,551,False,9955619251784,9955739607833,0.120356049,dmv_candidate_cost_v0,ANALYZE dmv,True,
mcv:county:revocation_indicator,mcv,candidate,10,mcv:county:revocation_indicator:10,552,False,9955742836879,9955866780831,0.123943952,dmv_candidate_cost_v0,ANALYZE dmv,True,
mcv:county:revocation_indicator,mcv,candidate,11,mcv:county:revocation_indicator:11,553,False,9955869683826,9956013707311,0.144023485,dmv_candidate_cost_v0,ANALYZE dmv,True,
mcv:county:revocation_indicator,mcv,baseline,11,mcv:county:revocation_indicator:11,554,False,9956014863959,9956140257527,0.125393568,dmv_candidate_cost_v0,ANALYZE dmv,True,
mcv:county:revocation_indicator,mcv,baseline,12,mcv:county:revocation_indicator:12,555,False,9956140605607,9956268860846,0.128255239,dmv_candidate_cost_v0,ANALYZE dmv,True,
mcv:county:revocation_indicator,mcv,candidate,12,mcv:county:revocation_indicator:12,556,False,9956270485174,9956403243606,0.132758432,dmv_candidate_cost_v0,ANALYZE dmv,True,
mcv:county:revocation_indicator,mcv,candidate,13,mcv:county:revocation_indicator:13,557,False,9956405975071,9956531024537,0.125049466,dmv_candidate_cost_v0,ANALYZE dmv,True,
mcv:county:revocation_indicator,mcv,baseline,13,mcv:county:revocation_indicator:13,558,False,9956532321400,9956651275979,0.118954579,dmv_candidate_cost_v0,ANALYZE dmv,True,
mcv:county:revocation_indicator,mcv,baseline,14,mcv:county:revocation_indicator:14,559,False,9956651556187,9956780512483,0.128956296,dmv_candidate_cost_v0,ANALYZE dmv,True,
mcv:county:revocation_indicator,mcv,candidate,14,mcv:county:revocation_indicator:14,560,False,9956782477223,9956914165270,0.131688047,dmv_candidate_cost_v0,ANALYZE dmv,True,
mcv:county:revocation_indicator,mcv,candidate,15,mcv:county:revocation_indicator:15,561,False,9956916334294,9957045641781,0.129307487,dmv_candidate_cost_v0,ANALYZE dmv,True,
mcv:county:revocation_indicator,mcv,baseline,15,mcv:county:revocation_indicator:15,562,False,9957046805558,9957198653013,0.151847455,dmv_candidate_cost_v0,ANALYZE dmv,True,
mcv:county:revocation_indicator,mcv,baseline,16,mcv:county:revocation_indicator:16,563,False,9957199034397,9957321798720,0.122764323,dmv_candidate_cost_v0,ANALYZE dmv,True,
mcv:county:revocation_indicator,mcv,candidate,16,mcv:county:revocation_indicator:16,564,False,9957324203455,9957447951973,0.123748518,dmv_candidate_cost_v0,ANALYZE dmv,True,
mcv:county:revocation_indicator,mcv,candidate,17,mcv:county:revocation_indicator:17,565,False,9957450259818,9957575693786,0.125433968,dmv_candidate_cost_v0,ANALYZE dmv,True,
mcv:county:revocation_indicator,mcv,baseline,17,mcv:county:revocation_indicator:17,566,False,9957577045392,9957696853660,0.119808268,dmv_candidate_cost_v0,ANALYZE dmv,True,
mcv:county:revocation_indicator,mcv,baseline,18,mcv:county:revocation_indicator:18,567,False,9957697082311,9957822632785,0.125550474,dmv_candidate_cost_v0,ANALYZE dmv,True,
mcv:county:revocation_indicator,mcv,candidate,18,mcv:county:revocation_indicator:18,568,False,9957824352734,9957977705503,0.153352769,dmv_candidate_cost_v0,ANALYZE dmv,True,
mcv:county:revocation_indicator,mcv,candidate,19,mcv:county:revocation_indicator:19,569,False,9957979730843,9958105368301,0.125637458,dmv_candidate_cost_v0,ANALYZE dmv,True,
mcv:county:revocation_indicator,mcv,baseline,19,mcv:county:revocation_indicator:19,570,False,9958106414843,9958230243672,0.123828829,dmv_candidate_cost_v0,ANALYZE dmv,True,
mcv:county:revocation_indicator,mcv,baseline,20,mcv:county:revocation_indicator:20,571,False,9958230679794,9958350485324,0.11980553,dmv_candidate_cost_v0,ANALYZE dmv,True,
mcv:county:revocation_indicator,mcv,candidate,20,mcv:county:revocation_indicator:20,572,False,9958352767290,9958478645930,0.12587864,dmv_candidate_cost_v0,ANALYZE dmv,True,
fd:body_type:county,fd,candidate,-1,fd:body_type:county:-1,573,True,9958481542943,9958618026948,0.136484005,dmv_candidate_cost_v0,ANALYZE dmv,True,
fd:body_type:county,fd,baseline,-1,fd:body_type:county:-1,574,True,9958619015836,9958752780995,0.133765159,dmv_candidate_cost_v0,ANALYZE dmv,True,
fd:body_type:county,fd,baseline,0,fd:body_type:county:0,575,False,9958753407379,9958884170493,0.130763114,dmv_candidate_cost_v0,ANALYZE dmv,True,
fd:body_type:county,fd,candidate,0,fd:body_type:county:0,576,False,9958886304520,9959029671317,0.143366797,dmv_candidate_cost_v0,ANALYZE dmv,True,
fd:body_type:county,fd,candidate,1,fd:body_type:county:1,577,False,9959032779063,9959164386631,0.131607568,dmv_candidate_cost_v0,ANALYZE dmv,True,
fd:body_type:county,fd,baseline,1,fd:body_type:county:1,578,False,9959165534929,9959290516465,0.124981536,dmv_candidate_cost_v0,ANALYZE dmv,True,
fd:body_type:county,fd,baseline,2,fd:body_type:county:2,579,False,9959290836458,9959420947824,0.130111366,dmv_candidate_cost_v0,ANALYZE dmv,True,
fd:body_type:county,fd,candidate,2,fd:body_type:county:2,580,False,9959422904341,9959564027954,0.141123613,dmv_candidate_cost_v0,ANALYZE dmv,True,
fd:body_type:county,fd,candidate,3,fd:body_type:county:3,581,False,9959566690167,9959699163727,0.13247356,dmv_candidate_cost_v0,ANALYZE dmv,True,
fd:body_type:county,fd,baseline,3,fd:body_type:county:3,582,False,9959700370455,9959818386585,0.11801613,dmv_candidate_cost_v0,ANALYZE dmv,True,
fd:body_type:county,fd,baseline,4,fd:body_type:county:4,583,False,9959818619834,9959943482994,0.12486316,dmv_candidate_cost_v0,ANALYZE dmv,True,
fd:body_type:county,fd,candidate,4,fd:body_type:county:4,584,False,9959945667323,9960086446825,0.140779502,dmv_candidate_cost_v0,ANALYZE dmv,True,
fd:body_type:county,fd,candidate,5,fd:body_type:county:5,585,False,9960089278171,9960226873061,0.13759489,dmv_candidate_cost_v0,ANALYZE dmv,True,
fd:body_type:county,fd,baseline,5,fd:body_type:county:5,586,False,9960228399853,9960354256860,0.125857007,dmv_candidate_cost_v0,ANALYZE dmv,True,
fd:body_type:county,fd,baseline,6,fd:body_type:county:6,587,False,9960354633321,9960472942945,0.118309624,dmv_candidate_cost_v0,ANALYZE dmv,True,
fd:body_type:county,fd,candidate,6,fd:body_type:county:6,588,False,9960474828152,9960610495179,0.135667027,dmv_candidate_cost_v0,ANALYZE dmv,True,
fd:body_type:county,fd,candidate,7,fd:body_type:county:7,589,False,9960613106321,9960743479935,0.130373614,dmv_candidate_cost_v0,ANALYZE dmv,True,
fd:body_type:county,fd,baseline,7,fd:body_type:county:7,590,False,9960744663711,9960863905393,0.119241682,dmv_candidate_cost_v0,ANALYZE dmv,True,
fd:body_type:county,fd,baseline,8,fd:body_type:county:8,591,False,9960864196297,9960991396196,0.127199899,dmv_candidate_cost_v0,ANALYZE dmv,True,
fd:body_type:county,fd,candidate,8,fd:body_type:county:8,592,False,9960993393614,9961124113938,0.130720324,dmv_candidate_cost_v0,ANALYZE dmv,True,
fd:body_type:county,fd,candidate,9,fd:body_type:county:9,593,False,9961127696430,9961269475715,0.141779285,dmv_candidate_cost_v0,ANALYZE dmv,True,
fd:body_type:county,fd,baseline,9,fd:body_type:county:9,594,False,9961270365285,9961393705652,0.123340367,dmv_candidate_cost_v0,ANALYZE dmv,True,
fd:body_type:county,fd,baseline,10,fd:body_type:county:10,595,False,9961393988847,9961510595512,0.116606665,dmv_candidate_cost_v0,ANALYZE dmv,True,
fd:body_type:county,fd,candidate,10,fd:body_type:county:10,596,False,9961512712593,9961676558463,0.16384587,dmv_candidate_cost_v0,ANALYZE dmv,True,
fd:body_type:county,fd,candidate,11,fd:body_type:county:11,597,False,9961679448993,9961830220672,0.150771679,dmv_candidate_cost_v0,ANALYZE dmv,True,
fd:body_type:county,fd,baseline,11,fd:body_type:county:11,598,False,9961831447965,9961954512008,0.123064043,dmv_candidate_cost_v0,ANALYZE dmv,True,
fd:body_type:county,fd,baseline,12,fd:body_type:county:12,599,False,9961954736439,9962078694962,0.123958523,dmv_candidate_cost_v0,ANALYZE dmv,True,
fd:body_type:county,fd,candidate,12,fd:body_type:county:12,600,False,9962080487439,9962211699510,0.131212071,dmv_candidate_cost_v0,ANALYZE dmv,True,
fd:body_type:county,fd,candidate,13,fd:body_type:county:13,601,False,9962214496786,9962351560248,0.137063462,dmv_candidate_cost_v0,ANALYZE dmv,True,
fd:body_type:county,fd,baseline,13,fd:body_type:county:13,602,False,9962352883455,9962476420068,0.123536613,dmv_candidate_cost_v0,ANALYZE dmv,True,
fd:body_type:county,fd,baseline,14,fd:body_type:county:14,603,False,9962476731941,9962600061021,0.12332908,dmv_candidate_cost_v0,ANALYZE dmv,True,
fd:body_type:county,fd,candidate,14,fd:body_type:county:14,604,False,9962601832278,9962739993196,0.138160918,dmv_candidate_cost_v0,ANALYZE dmv,True,
fd:body_type:county,fd,candidate,15,fd:body_type:county:15,605,False,9962742613952,9962877720442,0.13510649,dmv_candidate_cost_v0,ANALYZE dmv,True,
fd:body_type:county,fd,baseline,15,fd:body_type:county:15,606,False,9962879305726,9963005059150,0.125753424,dmv_candidate_cost_v0,ANALYZE dmv,True,
fd:body_type:county,fd,baseline,16,fd:body_type:county:16,607,False,9963005545308,9963136673078,0.13112777,dmv_candidate_cost_v0,ANALYZE dmv,True,
fd:body_type:county,fd,candidate,16,fd:body_type:county:16,608,False,9963138751703,9963290105560,0.151353857,dmv_candidate_cost_v0,ANALYZE dmv,True,
fd:body_type:county,fd,candidate,17,fd:body_type:county:17,609,False,9963291945013,9963452447111,0.160502098,dmv_candidate_cost_v0,ANALYZE dmv,True,
fd:body_type:county,fd,baseline,17,fd:body_type:county:17,610,False,9963453518162,9963573802432,0.12028427,dmv_candidate_cost_v0,ANALYZE dmv,True,
fd:body_type:county,fd,baseline,18,fd:body_type:county:18,611,False,9963574073264,9963700546277,0.126473013,dmv_candidate_cost_v0,ANALYZE dmv,True,
fd:body_type:county,fd,candidate,18,fd:body_type:county:18,612,False,9963702284597,9963836256539,0.133971942,dmv_candidate_cost_v0,ANALYZE dmv,True,
fd:body_type:county,fd,candidate,19,fd:body_type:county:19,613,False,9963838911864,9963972279807,0.133367943,dmv_candidate_cost_v0,ANALYZE dmv,True,
fd:body_type:county,fd,baseline,19,fd:body_type:county:19,614,False,9963973260630,9964093893765,0.120633135,dmv_candidate_cost_v0,ANALYZE dmv,True,
fd:body_type:county,fd,baseline,20,fd:body_type:county:20,615,False,9964094261830,9964222625888,0.128364058,dmv_candidate_cost_v0,ANALYZE dmv,True,
fd:body_type:county,fd,candidate,20,fd:body_type:county:20,616,False,9964224454648,9964357787623,0.133332975,dmv_candidate_cost_v0,ANALYZE dmv,True,
fd:county:revocation_indicator,fd,candidate,-1,fd:county:revocation_indicator:-1,617,True,9964361429703,9964487275342,0.125845639,dmv_candidate_cost_v0,ANALYZE dmv,True,
fd:county:revocation_indicator,fd,baseline,-1,fd:county:revocation_indicator:-1,618,True,9964488185845,9964604948732,0.116762887,dmv_candidate_cost_v0,ANALYZE dmv,True,
fd:county:revocation_indicator,fd,baseline,0,fd:county:revocation_indicator:0,619,False,9964605228764,9964724678743,0.119449979,dmv_candidate_cost_v0,ANALYZE dmv,True,
fd:county:revocation_indicator,fd,candidate,0,fd:county:revocation_indicator:0,620,False,9964726406929,9964853878190,0.127471261,dmv_candidate_cost_v0,ANALYZE dmv,True,
fd:county:revocation_indicator,fd,candidate,1,fd:county:revocation_indicator:1,621,False,9964856451635,9964989963492,0.133511857,dmv_candidate_cost_v0,ANALYZE dmv,True,
fd:county:revocation_indicator,fd,baseline,1,fd:county:revocation_indicator:1,622,False,9964991118011,9965111478561,0.12036055,dmv_candidate_cost_v0,ANALYZE dmv,True,
fd:county:revocation_indicator,fd,baseline,2,fd:county:revocation_indicator:2,623,False,9965111703277,9965229653581,0.117950304,dmv_candidate_cost_v0,ANALYZE dmv,True,
fd:county:revocation_indicator,fd,candidate,2,fd:county:revocation_indicator:2,624,False,9965231261384,9965359930691,0.128669307,dmv_candidate_cost_v0,ANALYZE dmv,True,
fd:county:revocation_indicator,fd,candidate,3,fd:county:revocation_indicator:3,625,False,9965362759552,9965494473561,0.131714009,dmv_candidate_cost_v0,ANALYZE dmv,True,
fd:county:revocation_indicator,fd,baseline,3,fd:county:revocation_indicator:3,626,False,9965495725233,9965616469240,0.120744007,dmv_candidate_cost_v0,ANALYZE dmv,True,
fd:county:revocation_indicator,fd,baseline,4,fd:county:revocation_indicator:4,627,False,9965616782755,9965739496601,0.122713846,dmv_candidate_cost_v0,ANALYZE dmv,True,
fd:county:revocation_indicator,fd,candidate,4,fd:county:revocation_indicator:4,628,False,9965741470989,9965876066228,0.134595239,dmv_candidate_cost_v0,ANALYZE dmv,True,
fd:county:revocation_indicator,fd,candidate,5,fd:county:revocation_indicator:5,629,False,9965879062933,9966013621444,0.134558511,dmv_candidate_cost_v0,ANALYZE dmv,True,
fd:county:revocation_indicator,fd,baseline,5,fd:county:revocation_indicator:5,630,False,9966014774415,9966139457389,0.124682974,dmv_candidate_cost_v0,ANALYZE dmv,True,
fd:county:revocation_indicator,fd,baseline,6,fd:county:revocation_indicator:6,631,False,9966139787137,9966262446538,0.122659401,dmv_candidate_cost_v0,ANALYZE dmv,True,
fd:county:revocation_indicator,fd,candidate,6,fd:county:revocation_indicator:6,632,False,9966264555504,9966401468825,0.136913321,dmv_candidate_cost_v0,ANALYZE dmv,True,
fd:county:revocation_indicator,fd,candidate,7,fd:county:revocation_indicator:7,633,False,9966403909560,9966531783531,0.127873971,dmv_candidate_cost_v0,ANALYZE dmv,True,
fd:county:revocation_indicator,fd,baseline,7,fd:county:revocation_indicator:7,634,False,9966533091619,9966666321580,0.133229961,dmv_candidate_cost_v0,ANALYZE dmv,True,
fd:county:revocation_indicator,fd,baseline,8,fd:county:revocation_indicator:8,635,False,9966666849190,9966804614569,0.137765379,dmv_candidate_cost_v0,ANALYZE dmv,True,
fd:county:revocation_indicator,fd,candidate,8,fd:county:revocation_indicator:8,636,False,9966805955002,9966935239062,0.12928406,dmv_candidate_cost_v0,ANALYZE dmv,True,
fd:county:revocation_indicator,fd,candidate,9,fd:county:revocation_indicator:9,637,False,9966937542906,9967075182600,0.137639694,dmv_candidate_cost_v0,ANALYZE dmv,True,
fd:county:revocation_indicator,fd,baseline,9,fd:county:revocation_indicator:9,638,False,9967076425763,9967199346637,0.122920874,dmv_candidate_cost_v0,ANALYZE dmv,True,
fd:county:revocation_indicator,fd,baseline,10,fd:county:revocation_indicator:10,639,False,9967199647818,9967322567998,0.12292018,dmv_candidate_cost_v0,ANALYZE dmv,True,
fd:county:revocation_indicator,fd,candidate,10,fd:county:revocation_indicator:10,640,False,9967324724870,9967456729761,0.132004891,dmv_candidate_cost_v0,ANALYZE dmv,True,
fd:county:revocation_indicator,fd,candidate,11,fd:county:revocation_indicator:11,641,False,9967459158724,9967588720122,0.129561398,dmv_candidate_cost_v0,ANALYZE dmv,True,
fd:county:revocation_indicator,fd,baseline,11,fd:county:revocation_indicator:11,642,False,9967589566228,9967704373771,0.114807543,dmv_candidate_cost_v0,ANALYZE dmv,True,
fd:county:revocation_indicator,fd,baseline,12,fd:county:revocation_indicator:12,643,False,9967704652178,9967825571766,0.120919588,dmv_candidate_cost_v0,ANALYZE dmv,True,
fd:county:revocation_indicator,fd,candidate,12,fd:county:revocation_indicator:12,644,False,9967828178633,9967956795849,0.128617216,dmv_candidate_cost_v0,ANALYZE dmv,True,
fd:county:revocation_indicator,fd,candidate,13,fd:county:revocation_indicator:13,645,False,9967959668709,9968088187890,0.128519181,dmv_candidate_cost_v0,ANALYZE dmv,True,
fd:county:revocation_indicator,fd,baseline,13,fd:county:revocation_indicator:13,646,False,9968089341335,9968219144871,0.129803536,dmv_candidate_cost_v0,ANALYZE dmv,True,
fd:county:revocation_indicator,fd,baseline,14,fd:county:revocation_indicator:14,647,False,9968219527653,9968336854984,0.117327331,dmv_candidate_cost_v0,ANALYZE dmv,True,
fd:county:revocation_indicator,fd,candidate,14,fd:county:revocation_indicator:14,648,False,9968338330800,9968467644725,0.129313925,dmv_candidate_cost_v0,ANALYZE dmv,True,
fd:county:revocation_indicator,fd,candidate,15,fd:county:revocation_indicator:15,649,False,9968470278941,9968598594517,0.128315576,dmv_candidate_cost_v0,ANALYZE dmv,True,
fd:county:revocation_indicator,fd,baseline,15,fd:county:revocation_indicator:15,650,False,9968599599814,9968720351308,0.120751494,dmv_candidate_cost_v0,ANALYZE dmv,True,
fd:county:revocation_indicator,fd,baseline,16,fd:county:revocation_indicator:16,651,False,9968720692429,9968844199206,0.123506777,dmv_candidate_cost_v0,ANALYZE dmv,True,
fd:county:revocation_indicator,fd,candidate,16,fd:county:revocation_indicator:16,652,False,9968846011116,9968975673186,0.12966207,dmv_candidate_cost_v0,ANALYZE dmv,True,
fd:county:revocation_indicator,fd,candidate,17,fd:county:revocation_indicator:17,653,False,9968978026501,9969111642393,0.133615892,dmv_candidate_cost_v0,ANALYZE dmv,True,
fd:county:revocation_indicator,fd,baseline,17,fd:county:revocation_indicator:17,654,False,9969112516781,9969230850724,0.118333943,dmv_candidate_cost_v0,ANALYZE dmv,True,
fd:county:revocation_indicator,fd,baseline,18,fd:county:revocation_indicator:18,655,False,9969231117618,9969355801559,0.124683941,dmv_candidate_cost_v0,ANALYZE dmv,True,
fd:county:revocation_indicator,fd,candidate,18,fd:county:revocation_indicator:18,656,False,9969357639812,9969499909049,0.142269237,dmv_candidate_cost_v0,ANALYZE dmv,True,
fd:county:revocation_indicator,fd,candidate,19,fd:county:revocation_indicator:19,657,False,9969502409410,9969644060272,0.141650862,dmv_candidate_cost_v0,ANALYZE dmv,True,
fd:county:revocation_indicator,fd,baseline,19,fd:county:revocation_indicator:19,658,False,9969645602483,9969795502890,0.149900407,dmv_candidate_cost_v0,ANALYZE dmv,True,
fd:county:revocation_indicator,fd,baseline,20,fd:county:revocation_indicator:20,659,False,9969795746195,9969921796280,0.126050085,dmv_candidate_cost_v0,ANALYZE dmv,True,
fd:county:revocation_indicator,fd,candidate,20,fd:county:revocation_indicator:20,660,False,9969923592030,9970063191497,0.139599467,dmv_candidate_cost_v0,ANALYZE dmv,True,
fd:registration_class:scofflaw_indicator,fd,candidate,-1,fd:registration_class:scofflaw_indicator:-1,661,True,9970066136787,9970198639541,0.132502754,dmv_candidate_cost_v0,ANALYZE dmv,True,
fd:registration_class:scofflaw_indicator,fd,baseline,-1,fd:registration_class:scofflaw_indicator:-1,662,True,9970199981685,9970327646843,0.127665158,dmv_candidate_cost_v0,ANALYZE dmv,True,
fd:registration_class:scofflaw_indicator,fd,baseline,0,fd:registration_class:scofflaw_indicator:0,663,False,9970328118050,9970452788410,0.12467036,dmv_candidate_cost_v0,ANALYZE dmv,True,
fd:registration_class:scofflaw_indicator,fd,candidate,0,fd:registration_class:scofflaw_indicator:0,664,False,9970454597405,9970579367139,0.124769734,dmv_candidate_cost_v0,ANALYZE dmv,True,
fd:registration_class:scofflaw_indicator,fd,candidate,1,fd:registration_class:scofflaw_indicator:1,665,False,9970582154543,9970707577254,0.125422711,dmv_candidate_cost_v0,ANALYZE dmv,True,
fd:registration_class:scofflaw_indicator,fd,baseline,1,fd:registration_class:scofflaw_indicator:1,666,False,9970708445821,9970858183364,0.149737543,dmv_candidate_cost_v0,ANALYZE dmv,True,
fd:registration_class:scofflaw_indicator,fd,baseline,2,fd:registration_class:scofflaw_indicator:2,667,False,9970858447789,9970987834523,0.129386734,dmv_candidate_cost_v0,ANALYZE dmv,True,
fd:registration_class:scofflaw_indicator,fd,candidate,2,fd:registration_class:scofflaw_indicator:2,668,False,9970989956921,9971118903125,0.128946204,dmv_candidate_cost_v0,ANALYZE dmv,True,
fd:registration_class:scofflaw_indicator,fd,candidate,3,fd:registration_class:scofflaw_indicator:3,669,False,9971122068685,9971256533835,0.13446515,dmv_candidate_cost_v0,ANALYZE dmv,True,
fd:registration_class:scofflaw_indicator,fd,baseline,3,fd:registration_class:scofflaw_indicator:3,670,False,9971257598451,9971383504162,0.125905711,dmv_candidate_cost_v0,ANALYZE dmv,True,
fd:registration_class:scofflaw_indicator,fd,baseline,4,fd:registration_class:scofflaw_indicator:4,671,False,9971383878249,9971525038167,0.141159918,dmv_candidate_cost_v0,ANALYZE dmv,True,
fd:registration_class:scofflaw_indicator,fd,candidate,4,fd:registration_class:scofflaw_indicator:4,672,False,9971527725861,9971668285699,0.140559838,dmv_candidate_cost_v0,ANALYZE dmv,True,
fd:registration_class:scofflaw_indicator,fd,candidate,5,fd:registration_class:scofflaw_indicator:5,673,False,9971670775477,9971802771187,0.13199571,dmv_candidate_cost_v0,ANALYZE dmv,True,
fd:registration_class:scofflaw_indicator,fd,baseline,5,fd:registration_class:scofflaw_indicator:5,674,False,9971804192774,9971938277424,0.13408465,dmv_candidate_cost_v0,ANALYZE dmv,True,
fd:registration_class:scofflaw_indicator,fd,baseline,6,fd:registration_class:scofflaw_indicator:6,675,False,9971938700853,9972088369072,0.149668219,dmv_candidate_cost_v0,ANALYZE dmv,True,
fd:registration_class:scofflaw_indicator,fd,candidate,6,fd:registration_class:scofflaw_indicator:6,676,False,9972090055743,9972217311591,0.127255848,dmv_candidate_cost_v0,ANALYZE dmv,True,
fd:registration_class:scofflaw_indicator,fd,candidate,7,fd:registration_class:scofflaw_indicator:7,677,False,9972219715824,9972355025421,0.135309597,dmv_candidate_cost_v0,ANALYZE dmv,True,
fd:registration_class:scofflaw_indicator,fd,baseline,7,fd:registration_class:scofflaw_indicator:7,678,False,9972356150298,9972473860384,0.117710086,dmv_candidate_cost_v0,ANALYZE dmv,True,
fd:registration_class:scofflaw_indicator,fd,baseline,8,fd:registration_class:scofflaw_indicator:8,679,False,9972474091457,9972595338526,0.121247069,dmv_candidate_cost_v0,ANALYZE dmv,True,
fd:registration_class:scofflaw_indicator,fd,candidate,8,fd:registration_class:scofflaw_indicator:8,680,False,9972597247631,9972721653611,0.12440598,dmv_candidate_cost_v0,ANALYZE dmv,True,
fd:registration_class:scofflaw_indicator,fd,candidate,9,fd:registration_class:scofflaw_indicator:9,681,False,9972723881070,9972848805725,0.124924655,dmv_candidate_cost_v0,ANALYZE dmv,True,
fd:registration_class:scofflaw_indicator,fd,baseline,9,fd:registration_class:scofflaw_indicator:9,682,False,9972850111063,9972970418922,0.120307859,dmv_candidate_cost_v0,ANALYZE dmv,True,
fd:registration_class:scofflaw_indicator,fd,baseline,10,fd:registration_class:scofflaw_indicator:10,683,False,9972970671580,9973095917560,0.12524598,dmv_candidate_cost_v0,ANALYZE dmv,True,
fd:registration_class:scofflaw_indicator,fd,candidate,10,fd:registration_class:scofflaw_indicator:10,684,False,9973097605754,9973224630836,0.127025082,dmv_candidate_cost_v0,ANALYZE dmv,True,
fd:registration_class:scofflaw_indicator,fd,candidate,11,fd:registration_class:scofflaw_indicator:11,685,False,9973227311367,9973357715562,0.130404195,dmv_candidate_cost_v0,ANALYZE dmv,True,
fd:registration_class:scofflaw_indicator,fd,baseline,11,fd:registration_class:scofflaw_indicator:11,686,False,9973358971280,9973485790263,0.126818983,dmv_candidate_cost_v0,ANALYZE dmv,True,
fd:registration_class:scofflaw_indicator,fd,baseline,12,fd:registration_class:scofflaw_indicator:12,687,False,9973486035909,9973607391173,0.121355264,dmv_candidate_cost_v0,ANALYZE dmv,True,
fd:registration_class:scofflaw_indicator,fd,candidate,12,fd:registration_class:scofflaw_indicator:12,688,False,9973609445323,9973734772578,0.125327255,dmv_candidate_cost_v0,ANALYZE dmv,True,
fd:registration_class:scofflaw_indicator,fd,candidate,13,fd:registration_class:scofflaw_indicator:13,689,False,9973737575037,9973867862499,0.130287462,dmv_candidate_cost_v0,ANALYZE dmv,True,
fd:registration_class:scofflaw_indicator,fd,baseline,13,fd:registration_class:scofflaw_indicator:13,690,False,9973869376449,9973995100513,0.125724064,dmv_candidate_cost_v0,ANALYZE dmv,True,
fd:registration_class:scofflaw_indicator,fd,baseline,14,fd:registration_class:scofflaw_indicator:14,691,False,9973995411914,9974119162110,0.123750196,dmv_candidate_cost_v0,ANALYZE dmv,True,
fd:registration_class:scofflaw_indicator,fd,candidate,14,fd:registration_class:scofflaw_indicator:14,692,False,9974121185962,9974258631154,0.137445192,dmv_candidate_cost_v0,ANALYZE dmv,True,
fd:registration_class:scofflaw_indicator,fd,candidate,15,fd:registration_class:scofflaw_indicator:15,693,False,9974261701356,9974389727805,0.128026449,dmv_candidate_cost_v0,ANALYZE dmv,True,
fd:registration_class:scofflaw_indicator,fd,baseline,15,fd:registration_class:scofflaw_indicator:15,694,False,9974390581553,9974509615030,0.119033477,dmv_candidate_cost_v0,ANALYZE dmv,True,
fd:registration_class:scofflaw_indicator,fd,baseline,16,fd:registration_class:scofflaw_indicator:16,695,False,9974509883626,9974628873348,0.118989722,dmv_candidate_cost_v0,ANALYZE dmv,True,
fd:registration_class:scofflaw_indicator,fd,candidate,16,fd:registration_class:scofflaw_indicator:16,696,False,9974630878351,9974762349710,0.131471359,dmv_candidate_cost_v0,ANALYZE dmv,True,
fd:registration_class:scofflaw_indicator,fd,candidate,17,fd:registration_class:scofflaw_indicator:17,697,False,9974764821930,9974899617072,0.134795142,dmv_candidate_cost_v0,ANALYZE dmv,True,
fd:registration_class:scofflaw_indicator,fd,baseline,17,fd:registration_class:scofflaw_indicator:17,698,False,9974900697849,9975031378473,0.130680624,dmv_candidate_cost_v0,ANALYZE dmv,True,
fd:registration_class:scofflaw_indicator,fd,baseline,18,fd:registration_class:scofflaw_indicator:18,699,False,9975031629798,9975159399461,0.127769663,dmv_candidate_cost_v0,ANALYZE dmv,True,
fd:registration_class:scofflaw_indicator,fd,candidate,18,fd:registration_class:scofflaw_indicator:18,700,False,9975161321764,9975294174566,0.132852802,dmv_candidate_cost_v0,ANALYZE dmv,True,
fd:registration_class:scofflaw_indicator,fd,candidate,19,fd:registration_class:scofflaw_indicator:19,701,False,9975297457684,9975425516999,0.128059315,dmv_candidate_cost_v0,ANALYZE dmv,True,
fd:registration_class:scofflaw_indicator,fd,baseline,19,fd:registration_class:scofflaw_indicator:19,702,False,9975426811553,9975546384259,0.119572706,dmv_candidate_cost_v0,ANALYZE dmv,True,
fd:registration_class:scofflaw_indicator,fd,baseline,20,fd:registration_class:scofflaw_indicator:20,703,False,9975546613056,9975672338606,0.12572555,dmv_candidate_cost_v0,ANALYZE dmv,True,
fd:registration_class:scofflaw_indicator,fd,candidate,20,fd:registration_class:scofflaw_indicator:20,704,False,9975674284947,9975799166994,0.124882047,dmv_candidate_cost_v0,ANALYZE dmv,True,
fd:body_type:revocation_indicator,fd,candidate,-1,fd:body_type:revocation_indicator:-1,705,True,9975802400903,9975926335560,0.123934657,dmv_candidate_cost_v0,ANALYZE dmv,True,
fd:body_type:revocation_indicator,fd,baseline,-1,fd:body_type:revocation_indicator:-1,706,True,9975927195026,9976046397443,0.119202417,dmv_candidate_cost_v0,ANALYZE dmv,True,
fd:body_type:revocation_indicator,fd,baseline,0,fd:body_type:revocation_indicator:0,707,False,9976046638279,9976167366018,0.120727739,dmv_candidate_cost_v0,ANALYZE dmv,True,
fd:body_type:revocation_indicator,fd,candidate,0,fd:body_type:revocation_indicator:0,708,False,9976169368010,9976303098114,0.133730104,dmv_candidate_cost_v0,ANALYZE dmv,True,
fd:body_type:revocation_indicator,fd,candidate,1,fd:body_type:revocation_indicator:1,709,False,9976305484949,9976433555175,0.128070226,dmv_candidate_cost_v0,ANALYZE dmv,True,
fd:body_type:revocation_indicator,fd,baseline,1,fd:body_type:revocation_indicator:1,710,False,9976434669184,9976555818747,0.121149563,dmv_candidate_cost_v0,ANALYZE dmv,True,
fd:body_type:revocation_indicator,fd,baseline,2,fd:body_type:revocation_indicator:2,711,False,9976556144691,9976682855495,0.126710804,dmv_candidate_cost_v0,ANALYZE dmv,True,
fd:body_type:revocation_indicator,fd,candidate,2,fd:body_type:revocation_indicator:2,712,False,9976685189717,9976818342912,0.133153195,dmv_candidate_cost_v0,ANALYZE dmv,True,
fd:body_type:revocation_indicator,fd,candidate,3,fd:body_type:revocation_indicator:3,713,False,9976820603841,9976952368168,0.131764327,dmv_candidate_cost_v0,ANALYZE dmv,True,
fd:body_type:revocation_indicator,fd,baseline,3,fd:body_type:revocation_indicator:3,714,False,9976953312911,9977078882667,0.125569756,dmv_candidate_cost_v0,ANALYZE dmv,True,
fd:body_type:revocation_indicator,fd,baseline,4,fd:body_type:revocation_indicator:4,715,False,9977079243891,9977206583964,0.127340073,dmv_candidate_cost_v0,ANALYZE dmv,True,
fd:body_type:revocation_indicator,fd,candidate,4,fd:body_type:revocation_indicator:4,716,False,9977208102484,9977340896941,0.132794457,dmv_candidate_cost_v0,ANALYZE dmv,True,
fd:body_type:revocation_indicator,fd,candidate,5,fd:body_type:revocation_indicator:5,717,False,9977343584876,9977474441691,0.130856815,dmv_candidate_cost_v0,ANALYZE dmv,True,
fd:body_type:revocation_indicator,fd,baseline,5,fd:body_type:revocation_indicator:5,718,False,9977475495754,9977600718531,0.125222777,dmv_candidate_cost_v0,ANALYZE dmv,True,
fd:body_type:revocation_indicator,fd,baseline,6,fd:body_type:revocation_indicator:6,719,False,9977600980341,9977726368345,0.125388004,dmv_candidate_cost_v0,ANALYZE dmv,True,
fd:body_type:revocation_indicator,fd,candidate,6,fd:body_type:revocation_indicator:6,720,False,9977728222652,9977859040277,0.130817625,dmv_candidate_cost_v0,ANALYZE dmv,True,
fd:body_type:revocation_indicator,fd,candidate,7,fd:body_type:revocation_indicator:7,721,False,9977862308572,9978024173367,0.161864795,dmv_candidate_cost_v0,ANALYZE dmv,True,
fd:body_type:revocation_indicator,fd,baseline,7,fd:body_type:revocation_indicator:7,722,False,9978025712185,9978145108741,0.119396556,dmv_candidate_cost_v0,ANALYZE dmv,True,
fd:body_type:revocation_indicator,fd,baseline,8,fd:body_type:revocation_indicator:8,723,False,9978145354773,9978270535456,0.125180683,dmv_candidate_cost_v0,ANALYZE dmv,True,
fd:body_type:revocation_indicator,fd,candidate,8,fd:body_type:revocation_indicator:8,724,False,9978272655400,9978399801396,0.127145996,dmv_candidate_cost_v0,ANALYZE dmv,True,
fd:body_type:revocation_indicator,fd,candidate,9,fd:body_type:revocation_indicator:9,725,False,9978403217406,9978531540831,0.128323425,dmv_candidate_cost_v0,ANALYZE dmv,True,
fd:body_type:revocation_indicator,fd,baseline,9,fd:body_type:revocation_indicator:9,726,False,9978532929307,9978661238993,0.128309686,dmv_candidate_cost_v0,ANALYZE dmv,True,
fd:body_type:revocation_indicator,fd,baseline,10,fd:body_type:revocation_indicator:10,727,False,9978661585787,9978787370405,0.125784618,dmv_candidate_cost_v0,ANALYZE dmv,True,
fd:body_type:revocation_indicator,fd,candidate,10,fd:body_type:revocation_indicator:10,728,False,9978788902334,9978921198588,0.132296254,dmv_candidate_cost_v0,ANALYZE dmv,True,
fd:body_type:revocation_indicator,fd,candidate,11,fd:body_type:revocation_indicator:11,729,False,9978924292011,9979052144822,0.127852811,dmv_candidate_cost_v0,ANALYZE dmv,True,
fd:body_type:revocation_indicator,fd,baseline,11,fd:body_type:revocation_indicator:11,730,False,9979053556693,9979181444354,0.127887661,dmv_candidate_cost_v0,ANALYZE dmv,True,
fd:body_type:revocation_indicator,fd,baseline,12,fd:body_type:revocation_indicator:12,731,False,9979181741259,9979312981320,0.131240061,dmv_candidate_cost_v0,ANALYZE dmv,True,
fd:body_type:revocation_indicator,fd,candidate,12,fd:body_type:revocation_indicator:12,732,False,9979315076018,9979441027721,0.125951703,dmv_candidate_cost_v0,ANALYZE dmv,True,
fd:body_type:revocation_indicator,fd,candidate,13,fd:body_type:revocation_indicator:13,733,False,9979444085364,9979569575592,0.125490228,dmv_candidate_cost_v0,ANALYZE dmv,True,
fd:body_type:revocation_indicator,fd,baseline,13,fd:body_type:revocation_indicator:13,734,False,9979570484152,9979696486841,0.126002689,dmv_candidate_cost_v0,ANALYZE dmv,True,
fd:body_type:revocation_indicator,fd,baseline,14,fd:body_type:revocation_indicator:14,735,False,9979696887858,9979840415168,0.14352731,dmv_candidate_cost_v0,ANALYZE dmv,True,
fd:body_type:revocation_indicator,fd,candidate,14,fd:body_type:revocation_indicator:14,736,False,9979842290845,9979971681767,0.129390922,dmv_candidate_cost_v0,ANALYZE dmv,True,
fd:body_type:revocation_indicator,fd,candidate,15,fd:body_type:revocation_indicator:15,737,False,9979974490793,9980098983433,0.12449264,dmv_candidate_cost_v0,ANALYZE dmv,True,
fd:body_type:revocation_indicator,fd,baseline,15,fd:body_type:revocation_indicator:15,738,False,9980099984873,9980224873526,0.124888653,dmv_candidate_cost_v0,ANALYZE dmv,True,
fd:body_type:revocation_indicator,fd,baseline,16,fd:body_type:revocation_indicator:16,739,False,9980225119994,9980343440472,0.118320478,dmv_candidate_cost_v0,ANALYZE dmv,True,
fd:body_type:revocation_indicator,fd,candidate,16,fd:body_type:revocation_indicator:16,740,False,9980345424551,9980476375416,0.130950865,dmv_candidate_cost_v0,ANALYZE dmv,True,
fd:body_type:revocation_indicator,fd,candidate,17,fd:body_type:revocation_indicator:17,741,False,9980478444458,9980604962540,0.126518082,dmv_candidate_cost_v0,ANALYZE dmv,True,
fd:body_type:revocation_indicator,fd,baseline,17,fd:body_type:revocation_indicator:17,742,False,9980606084196,9980730655189,0.124570993,dmv_candidate_cost_v0,ANALYZE dmv,True,
fd:body_type:revocation_indicator,fd,baseline,18,fd:body_type:revocation_indicator:18,743,False,9980731008359,9980854447657,0.123439298,dmv_candidate_cost_v0,ANALYZE dmv,True,
fd:body_type:revocation_indicator,fd,candidate,18,fd:body_type:revocation_indicator:18,744,False,9980856202809,9980986917723,0.130714914,dmv_candidate_cost_v0,ANALYZE dmv,True,
fd:body_type:revocation_indicator,fd,candidate,19,fd:body_type:revocation_indicator:19,745,False,9980989776299,9981119733958,0.129957659,dmv_candidate_cost_v0,ANALYZE dmv,True,
fd:body_type:revocation_indicator,fd,baseline,19,fd:body_type:revocation_indicator:19,746,False,9981120704918,9981239476759,0.118771841,dmv_candidate_cost_v0,ANALYZE dmv,True,
fd:body_type:revocation_indicator,fd,baseline,20,fd:body_type:revocation_indicator:20,747,False,9981239786724,9981362135909,0.122349185,dmv_candidate_cost_v0,ANALYZE dmv,True,
fd:body_type:revocation_indicator,fd,candidate,20,fd:body_type:revocation_indicator:20,748,False,9981363395104,9981493922872,0.130527768,dmv_candidate_cost_v0,ANALYZE dmv,True,
mcv:record_type:state,mcv,candidate,-1,mcv:record_type:state:-1,749,True,9981497421614,9981620620197,0.123198583,dmv_candidate_cost_v0,ANALYZE dmv,True,
mcv:record_type:state,mcv,baseline,-1,mcv:record_type:state:-1,750,True,9981621618375,9981743922525,0.12230415,dmv_candidate_cost_v0,ANALYZE dmv,True,
mcv:record_type:state,mcv,baseline,0,mcv:record_type:state:0,751,False,9981744207187,9981869358137,0.12515095,dmv_candidate_cost_v0,ANALYZE dmv,True,
mcv:record_type:state,mcv,candidate,0,mcv:record_type:state:0,752,False,9981870676351,9981992100026,0.121423675,dmv_candidate_cost_v0,ANALYZE dmv,True,
mcv:record_type:state,mcv,candidate,1,mcv:record_type:state:1,753,False,9981995543717,9982121187186,0.125643469,dmv_candidate_cost_v0,ANALYZE dmv,True,
mcv:record_type:state,mcv,baseline,1,mcv:record_type:state:1,754,False,9982122151008,9982246483284,0.124332276,dmv_candidate_cost_v0,ANALYZE dmv,True,
mcv:record_type:state,mcv,baseline,2,mcv:record_type:state:2,755,False,9982246885050,9982376712382,0.129827332,dmv_candidate_cost_v0,ANALYZE dmv,True,
mcv:record_type:state,mcv,candidate,2,mcv:record_type:state:2,756,False,9982378586187,9982501572660,0.122986473,dmv_candidate_cost_v0,ANALYZE dmv,True,
mcv:record_type:state,mcv,candidate,3,mcv:record_type:state:3,757,False,9982503978707,9982632985971,0.129007264,dmv_candidate_cost_v0,ANALYZE dmv,True,
mcv:record_type:state,mcv,baseline,3,mcv:record_type:state:3,758,False,9982634293011,9982761250491,0.12695748,dmv_candidate_cost_v0,ANALYZE dmv,True,
mcv:record_type:state,mcv,baseline,4,mcv:record_type:state:4,759,False,9982761861686,9982890671664,0.128809978,dmv_candidate_cost_v0,ANALYZE dmv,True,
mcv:record_type:state,mcv,candidate,4,mcv:record_type:state:4,760,False,9982893037759,9983018790781,0.125753022,dmv_candidate_cost_v0,ANALYZE dmv,True,
mcv:record_type:state,mcv,candidate,5,mcv:record_type:state:5,761,False,9983021088375,9983150760927,0.129672552,dmv_candidate_cost_v0,ANALYZE dmv,True,
mcv:record_type:state,mcv,baseline,5,mcv:record_type:state:5,762,False,9983152376551,9983273847701,0.12147115,dmv_candidate_cost_v0,ANALYZE dmv,True,
mcv:record_type:state,mcv,baseline,6,mcv:record_type:state:6,763,False,9983274335659,9983400111626,0.125775967,dmv_candidate_cost_v0,ANALYZE dmv,True,
mcv:record_type:state,mcv,candidate,6,mcv:record_type:state:6,764,False,9983401822391,9983524163447,0.122341056,dmv_candidate_cost_v0,ANALYZE dmv,True,
mcv:record_type:state,mcv,candidate,7,mcv:record_type:state:7,765,False,9983526879719,9983654797690,0.127917971,dmv_candidate_cost_v0,ANALYZE dmv,True,
mcv:record_type:state,mcv,baseline,7,mcv:record_type:state:7,766,False,9983656165686,9983778290985,0.122125299,dmv_candidate_cost_v0,ANALYZE dmv,True,
mcv:record_type:state,mcv,baseline,8,mcv:record_type:state:8,767,False,9983778577509,9983905879337,0.127301828,dmv_candidate_cost_v0,ANALYZE dmv,True,
mcv:record_type:state,mcv,candidate,8,mcv:record_type:state:8,768,False,9983907605582,9984030444135,0.122838553,dmv_candidate_cost_v0,ANALYZE dmv,True,
mcv:record_type:state,mcv,candidate,9,mcv:record_type:state:9,769,False,9984033370219,9984155024759,0.12165454,dmv_candidate_cost_v0,ANALYZE dmv,True,
mcv:record_type:state,mcv,baseline,9,mcv:record_type:state:9,770,False,9984156366301,9984279996613,0.123630312,dmv_candidate_cost_v0,ANALYZE dmv,True,
mcv:record_type:state,mcv,baseline,10,mcv:record_type:state:10,771,False,9984280341394,9984399787355,0.119445961,dmv_candidate_cost_v0,ANALYZE dmv,True,
mcv:record_type:state,mcv,candidate,10,mcv:record_type:state:10,772,False,9984401773837,9984522632383,0.120858546,dmv_candidate_cost_v0,ANALYZE dmv,True,
mcv:record_type:state,mcv,candidate,11,mcv:record_type:state:11,773,False,9984525599702,9984650741538,0.125141836,dmv_candidate_cost_v0,ANALYZE dmv,True,
mcv:record_type:state,mcv,baseline,11,mcv:record_type:state:11,774,False,9984651673638,9984771027285,0.119353647,dmv_candidate_cost_v0,ANALYZE dmv,True,
mcv:record_type:state,mcv,baseline,12,mcv:record_type:state:12,775,False,9984771364206,9984893995009,0.122630803,dmv_candidate_cost_v0,ANALYZE dmv,True,
mcv:record_type:state,mcv,candidate,12,mcv:record_type:state:12,776,False,9984896064677,9985019087693,0.123023016,dmv_candidate_cost_v0,ANALYZE dmv,True,
mcv:record_type:state,mcv,candidate,13,mcv:record_type:state:13,777,False,9985021663923,9985147495520,0.125831597,dmv_candidate_cost_v0,ANALYZE dmv,True,
mcv:record_type:state,mcv,baseline,13,mcv:record_type:state:13,778,False,9985148548885,9985268488581,0.119939696,dmv_candidate_cost_v0,ANALYZE dmv,True,
mcv:record_type:state,mcv,baseline,14,mcv:record_type:state:14,779,False,9985268794215,9985387963194,0.119168979,dmv_candidate_cost_v0,ANALYZE dmv,True,
mcv:record_type:state,mcv,candidate,14,mcv:record_type:state:14,780,False,9985390464194,9985515679117,0.125214923,dmv_candidate_cost_v0,ANALYZE dmv,True,
mcv:record_type:state,mcv,candidate,15,mcv:record_type:state:15,781,False,9985518855860,9985646637466,0.127781606,dmv_candidate_cost_v0,ANALYZE dmv,True,
mcv:record_type:state,mcv,baseline,15,mcv:record_type:state:15,782,False,9985648110852,9985776070974,0.127960122,dmv_candidate_cost_v0,ANALYZE dmv,True,
mcv:record_type:state,mcv,baseline,16,mcv:record_type:state:16,783,False,9985776317889,9985905852584,0.129534695,dmv_candidate_cost_v0,ANALYZE dmv,True,
mcv:record_type:state,mcv,candidate,16,mcv:record_type:state:16,784,False,9985907624826,9986039871827,0.132247001,dmv_candidate_cost_v0,ANALYZE dmv,True,
mcv:record_type:state,mcv,candidate,17,mcv:record_type:state:17,785,False,9986042650350,9986163936985,0.121286635,dmv_candidate_cost_v0,ANALYZE dmv,True,
mcv:record_type:state,mcv,baseline,17,mcv:record_type:state:17,786,False,9986165400552,9986288076485,0.122675933,dmv_candidate_cost_v0,ANALYZE dmv,True,
mcv:record_type:state,mcv,baseline,18,mcv:record_type:state:18,787,False,9986288430048,9986410205332,0.121775284,dmv_candidate_cost_v0,ANALYZE dmv,True,
mcv:record_type:state,mcv,candidate,18,mcv:record_type:state:18,788,False,9986412098809,9986535369927,0.123271118,dmv_candidate_cost_v0,ANALYZE dmv,True,
mcv:record_type:state,mcv,candidate,19,mcv:record_type:state:19,789,False,9986538028306,9986663462552,0.125434246,dmv_candidate_cost_v0,ANALYZE dmv,True,
mcv:record_type:state,mcv,baseline,19,mcv:record_type:state:19,790,False,9986664586884,9986787371424,0.12278454,dmv_candidate_cost_v0,ANALYZE dmv,True,
mcv:record_type:state,mcv,baseline,20,mcv:record_type:state:20,791,False,9986787760821,9986913426600,0.125665779,dmv_candidate_cost_v0,ANALYZE dmv,True,
mcv:record_type:state,mcv,candidate,20,mcv:record_type:state:20,792,False,9986915392592,9987045795553,0.130402961,dmv_candidate_cost_v0,ANALYZE dmv,True,
fd:state:suspension_indicator,fd,candidate,-1,fd:state:suspension_indicator:-1,793,True,9987049042583,9987174588605,0.125546022,dmv_candidate_cost_v0,ANALYZE dmv,True,
fd:state:suspension_indicator,fd,baseline,-1,fd:state:suspension_indicator:-1,794,True,9987176058666,9987300354666,0.124296,dmv_candidate_cost_v0,ANALYZE dmv,True,
fd:state:suspension_indicator,fd,baseline,0,fd:state:suspension_indicator:0,795,False,9987300831734,9987422659177,0.121827443,dmv_candidate_cost_v0,ANALYZE dmv,True,
fd:state:suspension_indicator,fd,candidate,0,fd:state:suspension_indicator:0,796,False,9987424414883,9987549039201,0.124624318,dmv_candidate_cost_v0,ANALYZE dmv,True,
fd:state:suspension_indicator,fd,candidate,1,fd:state:suspension_indicator:1,797,False,9987551363534,9987681394727,0.130031193,dmv_candidate_cost_v0,ANALYZE dmv,True,
fd:state:suspension_indicator,fd,baseline,1,fd:state:suspension_indicator:1,798,False,9987682813549,9987801473437,0.118659888,dmv_candidate_cost_v0,ANALYZE dmv,True,
fd:state:suspension_indicator,fd,baseline,2,fd:state:suspension_indicator:2,799,False,9987801770411,9987926144563,0.124374152,dmv_candidate_cost_v0,ANALYZE dmv,True,
fd:state:suspension_indicator,fd,candidate,2,fd:state:suspension_indicator:2,800,False,9987927849876,9988056350041,0.128500165,dmv_candidate_cost_v0,ANALYZE dmv,True,
fd:state:suspension_indicator,fd,candidate,3,fd:state:suspension_indicator:3,801,False,9988058740876,9988188830451,0.130089575,dmv_candidate_cost_v0,ANALYZE dmv,True,
fd:state:suspension_indicator,fd,baseline,3,fd:state:suspension_indicator:3,802,False,9988189882244,9988310349209,0.120466965,dmv_candidate_cost_v0,ANALYZE dmv,True,
fd:state:suspension_indicator,fd,baseline,4,fd:state:suspension_indicator:4,803,False,9988310570755,9988433564597,0.122993842,dmv_candidate_cost_v0,ANALYZE dmv,True,
fd:state:suspension_indicator,fd,candidate,4,fd:state:suspension_indicator:4,804,False,9988435245854,9988559463598,0.124217744,dmv_candidate_cost_v0,ANALYZE dmv,True,
fd:state:suspension_indicator,fd,candidate,5,fd:state:suspension_indicator:5,805,False,9988562204854,9988689841797,0.127636943,dmv_candidate_cost_v0,ANALYZE dmv,True,
fd:state:suspension_indicator,fd,baseline,5,fd:state:suspension_indicator:5,806,False,9988691181425,9988817015893,0.125834468,dmv_candidate_cost_v0,ANALYZE dmv,True,
fd:state:suspension_indicator,fd,baseline,6,fd:state:suspension_indicator:6,807,False,9988817284915,9988937122607,0.119837692,dmv_candidate_cost_v0,ANALYZE dmv,True,
fd:state:suspension_indicator,fd,candidate,6,fd:state:suspension_indicator:6,808,False,9988939680303,9989067530774,0.127850471,dmv_candidate_cost_v0,ANALYZE dmv,True,
fd:state:suspension_indicator,fd,candidate,7,fd:state:suspension_indicator:7,809,False,9989070173925,9989193633082,0.123459157,dmv_candidate_cost_v0,ANALYZE dmv,True,
fd:state:suspension_indicator,fd,baseline,7,fd:state:suspension_indicator:7,810,False,9989194685996,9989313483731,0.118797735,dmv_candidate_cost_v0,ANALYZE dmv,True,
fd:state:suspension_indicator,fd,baseline,8,fd:state:suspension_indicator:8,811,False,9989313709890,9989432743588,0.119033698,dmv_candidate_cost_v0,ANALYZE dmv,True,
fd:state:suspension_indicator,fd,candidate,8,fd:state:suspension_indicator:8,812,False,9989434404966,9989558537853,0.124132887,dmv_candidate_cost_v0,ANALYZE dmv,True,
fd:state:suspension_indicator,fd,candidate,9,fd:state:suspension_indicator:9,813,False,9989560947037,9989686697533,0.125750496,dmv_candidate_cost_v0,ANALYZE dmv,True,
fd:state:suspension_indicator,fd,baseline,9,fd:state:suspension_indicator:9,814,False,9989687825998,9989810558687,0.122732689,dmv_candidate_cost_v0,ANALYZE dmv,True,
fd:state:suspension_indicator,fd,baseline,10,fd:state:suspension_indicator:10,815,False,9989810784447,9989930154807,0.11937036,dmv_candidate_cost_v0,ANALYZE dmv,True,
fd:state:suspension_indicator,fd,candidate,10,fd:state:suspension_indicator:10,816,False,9989932624619,9990060961482,0.128336863,dmv_candidate_cost_v0,ANALYZE dmv,True,
fd:state:suspension_indicator,fd,candidate,11,fd:state:suspension_indicator:11,817,False,9990063591466,9990192175919,0.128584453,dmv_candidate_cost_v0,ANALYZE dmv,True,
fd:state:suspension_indicator,fd,baseline,11,fd:state:suspension_indicator:11,818,False,9990193293957,9990319736355,0.126442398,dmv_candidate_cost_v0,ANALYZE dmv,True,
fd:state:suspension_indicator,fd,baseline,12,fd:state:suspension_indicator:12,819,False,9990319998375,9990441532254,0.121533879,dmv_candidate_cost_v0,ANALYZE dmv,True,
fd:state:suspension_indicator,fd,candidate,12,fd:state:suspension_indicator:12,820,False,9990444732523,9990574115199,0.129382676,dmv_candidate_cost_v0,ANALYZE dmv,True,
fd:state:suspension_indicator,fd,candidate,13,fd:state:suspension_indicator:13,821,False,9990577025870,9990703274834,0.126248964,dmv_candidate_cost_v0,ANALYZE dmv,True,
fd:state:suspension_indicator,fd,baseline,13,fd:state:suspension_indicator:13,822,False,9990704230152,9990833335660,0.129105508,dmv_candidate_cost_v0,ANALYZE dmv,True,
fd:state:suspension_indicator,fd,baseline,14,fd:state:suspension_indicator:14,823,False,9990833584771,9990955336536,0.121751765,dmv_candidate_cost_v0,ANALYZE dmv,True,
fd:state:suspension_indicator,fd,candidate,14,fd:state:suspension_indicator:14,824,False,9990957174369,9991088263045,0.131088676,dmv_candidate_cost_v0,ANALYZE dmv,True,
fd:state:suspension_indicator,fd,candidate,15,fd:state:suspension_indicator:15,825,False,9991091509774,9991220595454,0.12908568,dmv_candidate_cost_v0,ANALYZE dmv,True,
fd:state:suspension_indicator,fd,baseline,15,fd:state:suspension_indicator:15,826,False,9991221682850,9991341058555,0.119375705,dmv_candidate_cost_v0,ANALYZE dmv,True,
fd:state:suspension_indicator,fd,baseline,16,fd:state:suspension_indicator:16,827,False,9991341446820,9991465298283,0.123851463,dmv_candidate_cost_v0,ANALYZE dmv,True,
fd:state:suspension_indicator,fd,candidate,16,fd:state:suspension_indicator:16,828,False,9991467261471,9991596346845,0.129085374,dmv_candidate_cost_v0,ANALYZE dmv,True,
fd:state:suspension_indicator,fd,candidate,17,fd:state:suspension_indicator:17,829,False,9991599127594,9991723003259,0.123875665,dmv_candidate_cost_v0,ANALYZE dmv,True,
fd:state:suspension_indicator,fd,baseline,17,fd:state:suspension_indicator:17,830,False,9991724420460,9991849299555,0.124879095,dmv_candidate_cost_v0,ANALYZE dmv,True,
fd:state:suspension_indicator,fd,baseline,18,fd:state:suspension_indicator:18,831,False,9991849606838,9991974976954,0.125370116,dmv_candidate_cost_v0,ANALYZE dmv,True,
fd:state:suspension_indicator,fd,candidate,18,fd:state:suspension_indicator:18,832,False,9991977161752,9992099990087,0.122828335,dmv_candidate_cost_v0,ANALYZE dmv,True,
fd:state:suspension_indicator,fd,candidate,19,fd:state:suspension_indicator:19,833,False,9992102830344,9992227921898,0.125091554,dmv_candidate_cost_v0,ANALYZE dmv,True,
fd:state:suspension_indicator,fd,baseline,19,fd:state:suspension_indicator:19,834,False,9992228985457,9992355005292,0.126019835,dmv_candidate_cost_v0,ANALYZE dmv,True,
fd:state:suspension_indicator,fd,baseline,20,fd:state:suspension_indicator:20,835,False,9992355346313,9992479693105,0.124346792,dmv_candidate_cost_v0,ANALYZE dmv,True,
fd:state:suspension_indicator,fd,candidate,20,fd:state:suspension_indicator:20,836,False,9992481959960,9992609298313,0.127338353,dmv_candidate_cost_v0,ANALYZE dmv,True,
mcv:registration_class:state,mcv,candidate,-1,mcv:registration_class:state:-1,837,True,9992612335314,9992741704656,0.129369342,dmv_candidate_cost_v0,ANALYZE dmv,True,
mcv:registration_class:state,mcv,baseline,-1,mcv:registration_class:state:-1,838,True,9992742795549,9992864214833,0.121419284,dmv_candidate_cost_v0,ANALYZE dmv,True,
mcv:registration_class:state,mcv,baseline,0,mcv:registration_class:state:0,839,False,9992864450319,9992984879369,0.12042905,dmv_candidate_cost_v0,ANALYZE dmv,True,
mcv:registration_class:state,mcv,candidate,0,mcv:registration_class:state:0,840,False,9992986525300,9993113500190,0.12697489,dmv_candidate_cost_v0,ANALYZE dmv,True,
mcv:registration_class:state,mcv,candidate,1,mcv:registration_class:state:1,841,False,9993115918866,9993238280858,0.122361992,dmv_candidate_cost_v0,ANALYZE dmv,True,
mcv:registration_class:state,mcv,baseline,1,mcv:registration_class:state:1,842,False,9993239255455,9993363198709,0.123943254,dmv_candidate_cost_v0,ANALYZE dmv,True,
mcv:registration_class:state,mcv,baseline,2,mcv:registration_class:state:2,843,False,9993363603576,9993489753917,0.126150341,dmv_candidate_cost_v0,ANALYZE dmv,True,
mcv:registration_class:state,mcv,candidate,2,mcv:registration_class:state:2,844,False,9993492118419,9993620455713,0.128337294,dmv_candidate_cost_v0,ANALYZE dmv,True,
mcv:registration_class:state,mcv,candidate,3,mcv:registration_class:state:3,845,False,9993622478083,9993748224251,0.125746168,dmv_candidate_cost_v0,ANALYZE dmv,True,
mcv:registration_class:state,mcv,baseline,3,mcv:registration_class:state:3,846,False,9993749535332,9993876673706,0.127138374,dmv_candidate_cost_v0,ANALYZE dmv,True,
mcv:registration_class:state,mcv,baseline,4,mcv:registration_class:state:4,847,False,9993877036123,9994002083602,0.125047479,dmv_candidate_cost_v0,ANALYZE dmv,True,
mcv:registration_class:state,mcv,candidate,4,mcv:registration_class:state:4,848,False,9994003792614,9994133686482,0.129893868,dmv_candidate_cost_v0,ANALYZE dmv,True,
mcv:registration_class:state,mcv,candidate,5,mcv:registration_class:state:5,849,False,9994136140941,9994260726567,0.124585626,dmv_candidate_cost_v0,ANALYZE dmv,True,
mcv:registration_class:state,mcv,baseline,5,mcv:registration_class:state:5,850,False,9994262122895,9994382459184,0.120336289,dmv_candidate_cost_v0,ANALYZE dmv,True,
mcv:registration_class:state,mcv,baseline,6,mcv:registration_class:state:6,851,False,9994382761285,9994509491404,0.126730119,dmv_candidate_cost_v0,ANALYZE dmv,True,
mcv:registration_class:state,mcv,candidate,6,mcv:registration_class:state:6,852,False,9994512039307,9994637250552,0.125211245,dmv_candidate_cost_v0,ANALYZE dmv,True,
mcv:registration_class:state,mcv,candidate,7,mcv:registration_class:state:7,853,False,9994640180367,9994764120515,0.123940148,dmv_candidate_cost_v0,ANALYZE dmv,True,
mcv:registration_class:state,mcv,baseline,7,mcv:registration_class:state:7,854,False,9994765590993,9994890288211,0.124697218,dmv_candidate_cost_v0,ANALYZE dmv,True,
mcv:registration_class:state,mcv,baseline,8,mcv:registration_class:state:8,855,False,9994890521748,9995017031860,0.126510112,dmv_candidate_cost_v0,ANALYZE dmv,True,
mcv:registration_class:state,mcv,candidate,8,mcv:registration_class:state:8,856,False,9995019748275,9995146851699,0.127103424,dmv_candidate_cost_v0,ANALYZE dmv,True,
mcv:registration_class:state,mcv,candidate,9,mcv:registration_class:state:9,857,False,9995150007735,9995277916116,0.127908381,dmv_candidate_cost_v0,ANALYZE dmv,True,
mcv:registration_class:state,mcv,baseline,9,mcv:registration_class:state:9,858,False,9995279084260,9995402476128,0.123391868,dmv_candidate_cost_v0,ANALYZE dmv,True,
mcv:registration_class:state,mcv,baseline,10,mcv:registration_class:state:10,859,False,9995403102452,9995529998829,0.126896377,dmv_candidate_cost_v0,ANALYZE dmv,True,
mcv:registration_class:state,mcv,candidate,10,mcv:registration_class:state:10,860,False,9995531976301,9995659138954,0.127162653,dmv_candidate_cost_v0,ANALYZE dmv,True,
mcv:registration_class:state,mcv,candidate,11,mcv:registration_class:state:11,861,False,9995661329532,9995788269523,0.126939991,dmv_candidate_cost_v0,ANALYZE dmv,True,
mcv:registration_class:state,mcv,baseline,11,mcv:registration_class:state:11,862,False,9995789366329,9995912615484,0.123249155,dmv_candidate_cost_v0,ANALYZE dmv,True,
mcv:registration_class:state,mcv,baseline,12,mcv:registration_class:state:12,863,False,9995912854535,9996032350409,0.119495874,dmv_candidate_cost_v0,ANALYZE dmv,True,
mcv:registration_class:state,mcv,candidate,12,mcv:registration_class:state:12,864,False,9996033973296,9996156110757,0.122137461,dmv_candidate_cost_v0,ANALYZE dmv,True,
mcv:registration_class:state,mcv,candidate,13,mcv:registration_class:state:13,865,False,9996158274523,9996281926501,0.123651978,dmv_candidate_cost_v0,ANALYZE dmv,True,
mcv:registration_class:state,mcv,baseline,13,mcv:registration_class:state:13,866,False,9996282929370,9996403693092,0.120763722,dmv_candidate_cost_v0,ANALYZE dmv,True,
mcv:registration_class:state,mcv,baseline,14,mcv:registration_class:state:14,867,False,9996404021663,9996524578722,0.120557059,dmv_candidate_cost_v0,ANALYZE dmv,True,
mcv:registration_class:state,mcv,candidate,14,mcv:registration_class:state:14,868,False,9996526427249,9996652784186,0.126356937,dmv_candidate_cost_v0,ANALYZE dmv,True,
mcv:registration_class:state,mcv,candidate,15,mcv:registration_class:state:15,869,False,9996655742243,9996782158737,0.126416494,dmv_candidate_cost_v0,ANALYZE dmv,True,
mcv:registration_class:state,mcv,baseline,15,mcv:registration_class:state:15,870,False,9996783226635,9996908823057,0.125596422,dmv_candidate_cost_v0,ANALYZE dmv,True,
mcv:registration_class:state,mcv,baseline,16,mcv:registration_class:state:16,871,False,9996909071567,9997032619938,0.123548371,dmv_candidate_cost_v0,ANALYZE dmv,True,
mcv:registration_class:state,mcv,candidate,16,mcv:registration_class:state:16,872,False,9997034191516,9997158640233,0.124448717,dmv_candidate_cost_v0,ANALYZE dmv,True,
mcv:registration_class:state,mcv,candidate,17,mcv:registration_class:state:17,873,False,9997161095747,9997289406436,0.128310689,dmv_candidate_cost_v0,ANALYZE dmv,True,
mcv:registration_class:state,mcv,baseline,17,mcv:registration_class:state:17,874,False,9997290579791,9997415666325,0.125086534,dmv_candidate_cost_v0,ANALYZE dmv,True,
mcv:registration_class:state,mcv,baseline,18,mcv:registration_class:state:18,875,False,9997415921345,9997541216159,0.125294814,dmv_candidate_cost_v0,ANALYZE dmv,True,
mcv:registration_class:state,mcv,candidate,18,mcv:registration_class:state:18,876,False,9997542847086,9997665930441,0.123083355,dmv_candidate_cost_v0,ANALYZE dmv,True,
mcv:registration_class:state,mcv,candidate,19,mcv:registration_class:state:19,877,False,9997668456874,9997791299549,0.122842675,dmv_candidate_cost_v0,ANALYZE dmv,True,
mcv:registration_class:state,mcv,baseline,19,mcv:registration_class:state:19,878,False,9997792863560,9997915607988,0.122744428,dmv_candidate_cost_v0,ANALYZE dmv,True,
mcv:registration_class:state,mcv,baseline,20,mcv:registration_class:state:20,879,False,9997916039788,9998039195970,0.123156182,dmv_candidate_cost_v0,ANALYZE dmv,True,
mcv:registration_class:state,mcv,candidate,20,mcv:registration_class:state:20,880,False,9998041004094,9998170488645,0.129484551,dmv_candidate_cost_v0,ANALYZE dmv,True,
mcv:record_type:scofflaw_indicator,mcv,candidate,-1,mcv:record_type:scofflaw_indicator:-1,881,True,9998173777311,9998301669213,0.127891902,dmv_candidate_cost_v0,ANALYZE dmv,True,
mcv:record_type:scofflaw_indicator,mcv,baseline,-1,mcv:record_type:scofflaw_indicator:-1,882,True,9998302721982,9998422306612,0.11958463,dmv_candidate_cost_v0,ANALYZE dmv,True,
mcv:record_type:scofflaw_indicator,mcv,baseline,0,mcv:record_type:scofflaw_indicator:0,883,False,9998422608152,9998552700248,0.130092096,dmv_candidate_cost_v0,ANALYZE dmv,True,
mcv:record_type:scofflaw_indicator,mcv,candidate,0,mcv:record_type:scofflaw_indicator:0,884,False,9998554389651,9998680039024,0.125649373,dmv_candidate_cost_v0,ANALYZE dmv,True,
mcv:record_type:scofflaw_indicator,mcv,candidate,1,mcv:record_type:scofflaw_indicator:1,885,False,9998682787798,9998804976340,0.122188542,dmv_candidate_cost_v0,ANALYZE dmv,True,
mcv:record_type:scofflaw_indicator,mcv,baseline,1,mcv:record_type:scofflaw_indicator:1,886,False,9998806135090,9998928800164,0.122665074,dmv_candidate_cost_v0,ANALYZE dmv,True,
mcv:record_type:scofflaw_indicator,mcv,baseline,2,mcv:record_type:scofflaw_indicator:2,887,False,9998929040764,9999053995301,0.124954537,dmv_candidate_cost_v0,ANALYZE dmv,True,
mcv:record_type:scofflaw_indicator,mcv,candidate,2,mcv:record_type:scofflaw_indicator:2,888,False,9999055711339,9999178302091,0.122590752,dmv_candidate_cost_v0,ANALYZE dmv,True,
mcv:record_type:scofflaw_indicator,mcv,candidate,3,mcv:record_type:scofflaw_indicator:3,889,False,9999181000145,9999311822459,0.130822314,dmv_candidate_cost_v0,ANALYZE dmv,True,
mcv:record_type:scofflaw_indicator,mcv,baseline,3,mcv:record_type:scofflaw_indicator:3,890,False,9999312839570,9999436367260,0.12352769,dmv_candidate_cost_v0,ANALYZE dmv,True,
mcv:record_type:scofflaw_indicator,mcv,baseline,4,mcv:record_type:scofflaw_indicator:4,891,False,9999436752723,9999557504113,0.12075139,dmv_candidate_cost_v0,ANALYZE dmv,True,
mcv:record_type:scofflaw_indicator,mcv,candidate,4,mcv:record_type:scofflaw_indicator:4,892,False,9999559576000,9999681340137,0.121764137,dmv_candidate_cost_v0,ANALYZE dmv,True,
mcv:record_type:scofflaw_indicator,mcv,candidate,5,mcv:record_type:scofflaw_indicator:5,893,False,9999683950845,9999806167260,0.122216415,dmv_candidate_cost_v0,ANALYZE dmv,True,
mcv:record_type:scofflaw_indicator,mcv,baseline,5,mcv:record_type:scofflaw_indicator:5,894,False,9999807334497,9999926110448,0.118775951,dmv_candidate_cost_v0,ANALYZE dmv,True,
mcv:record_type:scofflaw_indicator,mcv,baseline,6,mcv:record_type:scofflaw_indicator:6,895,False,9999926356061,10000046410433,0.120054372,dmv_candidate_cost_v0,ANALYZE dmv,True,
mcv:record_type:scofflaw_indicator,mcv,candidate,6,mcv:record_type:scofflaw_indicator:6,896,False,10000048525955,10000176162273,0.127636318,dmv_candidate_cost_v0,ANALYZE dmv,True,
mcv:record_type:scofflaw_indicator,mcv,candidate,7,mcv:record_type:scofflaw_indicator:7,897,False,10000178779801,10000306866285,0.128086484,dmv_candidate_cost_v0,ANALYZE dmv,True,
mcv:record_type:scofflaw_indicator,mcv,baseline,7,mcv:record_type:scofflaw_indicator:7,898,False,10000307923109,10000428734947,0.120811838,dmv_candidate_cost_v0,ANALYZE dmv,True,
mcv:record_type:scofflaw_indicator,mcv,baseline,8,mcv:record_type:scofflaw_indicator:8,899,False,10000428980594,10000552646480,0.123665886,dmv_candidate_cost_v0,ANALYZE dmv,True,
mcv:record_type:scofflaw_indicator,mcv,candidate,8,mcv:record_type:scofflaw_indicator:8,900,False,10000554622331,10000679526560,0.124904229,dmv_candidate_cost_v0,ANALYZE dmv,True,
mcv:record_type:scofflaw_indicator,mcv,candidate,9,mcv:record_type:scofflaw_indicator:9,901,False,10000682581045,10000804685963,0.122104918,dmv_candidate_cost_v0,ANALYZE dmv,True,
mcv:record_type:scofflaw_indicator,mcv,baseline,9,mcv:record_type:scofflaw_indicator:9,902,False,10000805795082,10000927457306,0.121662224,dmv_candidate_cost_v0,ANALYZE dmv,True,
mcv:record_type:scofflaw_indicator,mcv,baseline,10,mcv:record_type:scofflaw_indicator:10,903,False,10000927789833,10001050244568,0.122454735,dmv_candidate_cost_v0,ANALYZE dmv,True,
mcv:record_type:scofflaw_indicator,mcv,candidate,10,mcv:record_type:scofflaw_indicator:10,904,False,10001051742228,10001175027292,0.123285064,dmv_candidate_cost_v0,ANALYZE dmv,True,
mcv:record_type:scofflaw_indicator,mcv,candidate,11,mcv:record_type:scofflaw_indicator:11,905,False,10001177849169,10001305350366,0.127501197,dmv_candidate_cost_v0,ANALYZE dmv,True,
mcv:record_type:scofflaw_indicator,mcv,baseline,11,mcv:record_type:scofflaw_indicator:11,906,False,10001306365032,10001430779677,0.124414645,dmv_candidate_cost_v0,ANALYZE dmv,True,
mcv:record_type:scofflaw_indicator,mcv,baseline,12,mcv:record_type:scofflaw_indicator:12,907,False,10001431127163,10001567076082,0.135948919,dmv_candidate_cost_v0,ANALYZE dmv,True,
mcv:record_type:scofflaw_indicator,mcv,candidate,12,mcv:record_type:scofflaw_indicator:12,908,False,10001569204664,10001696158915,0.126954251,dmv_candidate_cost_v0,ANALYZE dmv,True,
mcv:record_type:scofflaw_indicator,mcv,candidate,13,mcv:record_type:scofflaw_indicator:13,909,False,10001698958775,10001824652701,0.125693926,dmv_candidate_cost_v0,ANALYZE dmv,True,
mcv:record_type:scofflaw_indicator,mcv,baseline,13,mcv:record_type:scofflaw_indicator:13,910,False,10001825619173,10001954167759,0.128548586,dmv_candidate_cost_v0,ANALYZE dmv,True,
mcv:record_type:scofflaw_indicator,mcv,baseline,14,mcv:record_type:scofflaw_indicator:14,911,False,10001954558697,10002088339293,0.133780596,dmv_candidate_cost_v0,ANALYZE dmv,True,
mcv:record_type:scofflaw_indicator,mcv,candidate,14,mcv:record_type:scofflaw_indicator:14,912,False,10002090827220,10002225064543,0.134237323,dmv_candidate_cost_v0,ANALYZE dmv,True,
mcv:record_type:scofflaw_indicator,mcv,candidate,15,mcv:record_type:scofflaw_indicator:15,913,False,10002227791284,10002360161197,0.132369913,dmv_candidate_cost_v0,ANALYZE dmv,True,
mcv:record_type:scofflaw_indicator,mcv,baseline,15,mcv:record_type:scofflaw_indicator:15,914,False,10002361359536,10002493878452,0.132518916,dmv_candidate_cost_v0,ANALYZE dmv,True,
mcv:record_type:scofflaw_indicator,mcv,baseline,16,mcv:record_type:scofflaw_indicator:16,915,False,10002494282196,10002631466677,0.137184481,dmv_candidate_cost_v0,ANALYZE dmv,True,
mcv:record_type:scofflaw_indicator,mcv,candidate,16,mcv:record_type:scofflaw_indicator:16,916,False,10002633593032,10002779464662,0.14587163,dmv_candidate_cost_v0,ANALYZE dmv,True,
mcv:record_type:scofflaw_indicator,mcv,candidate,17,mcv:record_type:scofflaw_indicator:17,917,False,10002782795424,10002915998403,0.133202979,dmv_candidate_cost_v0,ANALYZE dmv,True,
mcv:record_type:scofflaw_indicator,mcv,baseline,17,mcv:record_type:scofflaw_indicator:17,918,False,10002917181613,10003044077370,0.126895757,dmv_candidate_cost_v0,ANALYZE dmv,True,
mcv:record_type:scofflaw_indicator,mcv,baseline,18,mcv:record_type:scofflaw_indicator:18,919,False,10003044408008,10003171694182,0.127286174,dmv_candidate_cost_v0,ANALYZE dmv,True,
mcv:record_type:scofflaw_indicator,mcv,candidate,18,mcv:record_type:scofflaw_indicator:18,920,False,10003173509124,10003296893315,0.123384191,dmv_candidate_cost_v0,ANALYZE dmv,True,
mcv:record_type:scofflaw_indicator,mcv,candidate,19,mcv:record_type:scofflaw_indicator:19,921,False,10003299620102,10003428132866,0.128512764,dmv_candidate_cost_v0,ANALYZE dmv,True,
mcv:record_type:scofflaw_indicator,mcv,baseline,19,mcv:record_type:scofflaw_indicator:19,922,False,10003429108619,10003553944276,0.124835657,dmv_candidate_cost_v0,ANALYZE dmv,True,
mcv:record_type:scofflaw_indicator,mcv,baseline,20,mcv:record_type:scofflaw_indicator:20,923,False,10003554211104,10003679034546,0.124823442,dmv_candidate_cost_v0,ANALYZE dmv,True,
mcv:record_type:scofflaw_indicator,mcv,candidate,20,mcv:record_type:scofflaw_indicator:20,924,False,10003680923004,10003808835813,0.127912809,dmv_candidate_cost_v0,ANALYZE dmv,True,
fd:revocation_indicator:state,fd,candidate,-1,fd:revocation_indicator:state:-1,925,True,10003812098124,10003942349421,0.130251297,dmv_candidate_cost_v0,ANALYZE dmv,True,
fd:revocation_indicator:state,fd,baseline,-1,fd:revocation_indicator:state:-1,926,True,10003943262594,10004067441861,0.124179267,dmv_candidate_cost_v0,ANALYZE dmv,True,
fd:revocation_indicator:state,fd,baseline,0,fd:revocation_indicator:state:0,927,False,10004067644376,10004192106281,0.124461905,dmv_candidate_cost_v0,ANALYZE dmv,True,
fd:revocation_indicator:state,fd,candidate,0,fd:revocation_indicator:state:0,928,False,10004193634736,10004323033621,0.129398885,dmv_candidate_cost_v0,ANALYZE dmv,True,
fd:revocation_indicator:state,fd,candidate,1,fd:revocation_indicator:state:1,929,False,10004325058351,10004456366873,0.131308522,dmv_candidate_cost_v0,ANALYZE dmv,True,
fd:revocation_indicator:state,fd,baseline,1,fd:revocation_indicator:state:1,930,False,10004457243825,10004576979636,0.119735811,dmv_candidate_cost_v0,ANALYZE dmv,True,
fd:revocation_indicator:state,fd,baseline,2,fd:revocation_indicator:state:2,931,False,10004577304106,10004701729776,0.12442567,dmv_candidate_cost_v0,ANALYZE dmv,True,
fd:revocation_indicator:state,fd,candidate,2,fd:revocation_indicator:state:2,932,False,10004703820296,10004832890463,0.129070167,dmv_candidate_cost_v0,ANALYZE dmv,True,
fd:revocation_indicator:state,fd,candidate,3,fd:revocation_indicator:state:3,933,False,10004835432873,10004957778421,0.122345548,dmv_candidate_cost_v0,ANALYZE dmv,True,
fd:revocation_indicator:state,fd,baseline,3,fd:revocation_indicator:state:3,934,False,10004958812252,10005082094621,0.123282369,dmv_candidate_cost_v0,ANALYZE dmv,True,
fd:revocation_indicator:state,fd,baseline,4,fd:revocation_indicator:state:4,935,False,10005082394764,10005206044641,0.123649877,dmv_candidate_cost_v0,ANALYZE dmv,True,
fd:revocation_indicator:state,fd,candidate,4,fd:revocation_indicator:state:4,936,False,10005208065080,10005339018564,0.130953484,dmv_candidate_cost_v0,ANALYZE dmv,True,
fd:revocation_indicator:state,fd,candidate,5,fd:revocation_indicator:state:5,937,False,10005341648520,10005466421142,0.124772622,dmv_candidate_cost_v0,ANALYZE dmv,True,
fd:revocation_indicator:state,fd,baseline,5,fd:revocation_indicator:state:5,938,False,10005467647927,10005591895403,0.124247476,dmv_candidate_cost_v0,ANALYZE dmv,True,
fd:revocation_indicator:state,fd,baseline,6,fd:revocation_indicator:state:6,939,False,10005592276448,10005714453966,0.122177518,dmv_candidate_cost_v0,ANALYZE dmv,True,
fd:revocation_indicator:state,fd,candidate,6,fd:revocation_indicator:state:6,940,False,10005716035915,10005844318722,0.128282807,dmv_candidate_cost_v0,ANALYZE dmv,True,
fd:revocation_indicator:state,fd,candidate,7,fd:revocation_indicator:state:7,941,False,10005846765702,10005977588027,0.130822325,dmv_candidate_cost_v0,ANALYZE dmv,True,
fd:revocation_indicator:state,fd,baseline,7,fd:revocation_indicator:state:7,942,False,10005978535661,10006100944985,0.122409324,dmv_candidate_cost_v0,ANALYZE dmv,True,
fd:revocation_indicator:state,fd,baseline,8,fd:revocation_indicator:state:8,943,False,10006101267006,10006225694080,0.124427074,dmv_candidate_cost_v0,ANALYZE dmv,True,
fd:revocation_indicator:state,fd,candidate,8,fd:revocation_indicator:state:8,944,False,10006227584889,10006361371283,0.133786394,dmv_candidate_cost_v0,ANALYZE dmv,True,
fd:revocation_indicator:state,fd,candidate,9,fd:revocation_indicator:state:9,945,False,10006363572848,10006488885359,0.125312511,dmv_candidate_cost_v0,ANALYZE dmv,True,
fd:revocation_indicator:state,fd,baseline,9,fd:revocation_indicator:state:9,946,False,10006490358627,10006615689855,0.125331228,dmv_candidate_cost_v0,ANALYZE dmv,True,
fd:revocation_indicator:state,fd,baseline,10,fd:revocation_indicator:state:10,947,False,10006616141237,10006745701980,0.129560743,dmv_candidate_cost_v0,ANALYZE dmv,True,
fd:revocation_indicator:state,fd,candidate,10,fd:revocation_indicator:state:10,948,False,10006747768882,10006880717105,0.132948223,dmv_candidate_cost_v0,ANALYZE dmv,True,
fd:revocation_indicator:state,fd,candidate,11,fd:revocation_indicator:state:11,949,False,10006883061064,10007009670257,0.126609193,dmv_candidate_cost_v0,ANALYZE dmv,True,
fd:revocation_indicator:state,fd,baseline,11,fd:revocation_indicator:state:11,950,False,10007010774781,10007136654352,0.125879571,dmv_candidate_cost_v0,ANALYZE dmv,True,
fd:revocation_indicator:state,fd,baseline,12,fd:revocation_indicator:state:12,951,False,10007136935409,10007256357506,0.119422097,dmv_candidate_cost_v0,ANALYZE dmv,True,
fd:revocation_indicator:state,fd,candidate,12,fd:revocation_indicator:state:12,952,False,10007257976680,10007381724440,0.12374776,dmv_candidate_cost_v0,ANALYZE dmv,True,
fd:revocation_indicator:state,fd,candidate,13,fd:revocation_indicator:state:13,953,False,10007384096329,10007508922423,0.124826094,dmv_candidate_cost_v0,ANALYZE dmv,True,
fd:revocation_indicator:state,fd,baseline,13,fd:revocation_indicator:state:13,954,False,10007509949334,10007631965746,0.122016412,dmv_candidate_cost_v0,ANALYZE dmv,True,
fd:revocation_indicator:state,fd,baseline,14,fd:revocation_indicator:state:14,955,False,10007632263202,10007757524659,0.125261457,dmv_candidate_cost_v0,ANALYZE dmv,True,
fd:revocation_indicator:state,fd,candidate,14,fd:revocation_indicator:state:14,956,False,10007759385059,10007887712318,0.128327259,dmv_candidate_cost_v0,ANALYZE dmv,True,
fd:revocation_indicator:state,fd,candidate,15,fd:revocation_indicator:state:15,957,False,10007890398959,10008018842735,0.128443776,dmv_candidate_cost_v0,ANALYZE dmv,True,
fd:revocation_indicator:state,fd,baseline,15,fd:revocation_indicator:state:15,958,False,10008020080574,10008141981305,0.121900731,dmv_candidate_cost_v0,ANALYZE dmv,True,
fd:revocation_indicator:state,fd,baseline,16,fd:revocation_indicator:state:16,959,False,10008142304829,10008267044026,0.124739197,dmv_candidate_cost_v0,ANALYZE dmv,True,
fd:revocation_indicator:state,fd,candidate,16,fd:revocation_indicator:state:16,960,False,10008268517607,10008395354525,0.126836918,dmv_candidate_cost_v0,ANALYZE dmv,True,
fd:revocation_indicator:state,fd,candidate,17,fd:revocation_indicator:state:17,961,False,10008397757722,10008528491030,0.130733308,dmv_candidate_cost_v0,ANALYZE dmv,True,
fd:revocation_indicator:state,fd,baseline,17,fd:revocation_indicator:state:17,962,False,10008530239496,10008653410085,0.123170589,dmv_candidate_cost_v0,ANALYZE dmv,True,
fd:revocation_indicator:state,fd,baseline,18,fd:revocation_indicator:state:18,963,False,10008653712720,10008777182716,0.123469996,dmv_candidate_cost_v0,ANALYZE dmv,True,
fd:revocation_indicator:state,fd,candidate,18,fd:revocation_indicator:state:18,964,False,10008778727306,10008908436947,0.129709641,dmv_candidate_cost_v0,ANALYZE dmv,True,
fd:revocation_indicator:state,fd,candidate,19,fd:revocation_indicator:state:19,965,False,10008911035125,10009040149841,0.129114716,dmv_candidate_cost_v0,ANALYZE dmv,True,
fd:revocation_indicator:state,fd,baseline,19,fd:revocation_indicator:state:19,966,False,10009041122683,10009161533171,0.120410488,dmv_candidate_cost_v0,ANALYZE dmv,True,
fd:revocation_indicator:state,fd,baseline,20,fd:revocation_indicator:state:20,967,False,10009161841639,10009286431247,0.124589608,dmv_candidate_cost_v0,ANALYZE dmv,True,
fd:revocation_indicator:state,fd,candidate,20,fd:revocation_indicator:state:20,968,False,10009288028228,10009412031672,0.124003444,dmv_candidate_cost_v0,ANALYZE dmv,True,
fd:body_type:suspension_indicator,fd,candidate,-1,fd:body_type:suspension_indicator:-1,969,True,10009414550715,10009545220777,0.130670062,dmv_candidate_cost_v0,ANALYZE dmv,True,
fd:body_type:suspension_indicator,fd,baseline,-1,fd:body_type:suspension_indicator:-1,970,True,10009546456485,10009669703149,0.123246664,dmv_candidate_cost_v0,ANALYZE dmv,True,
fd:body_type:suspension_indicator,fd,baseline,0,fd:body_type:suspension_indicator:0,971,False,10009669910137,10009791778083,0.121867946,dmv_candidate_cost_v0,ANALYZE dmv,True,
fd:body_type:suspension_indicator,fd,candidate,0,fd:body_type:suspension_indicator:0,972,False,10009793842779,10009927483171,0.133640392,dmv_candidate_cost_v0,ANALYZE dmv,True,
fd:body_type:suspension_indicator,fd,candidate,1,fd:body_type:suspension_indicator:1,973,False,10009930312796,10010056111977,0.125799181,dmv_candidate_cost_v0,ANALYZE dmv,True,
fd:body_type:suspension_indicator,fd,baseline,1,fd:body_type:suspension_indicator:1,974,False,10010057274793,10010182168477,0.124893684,dmv_candidate_cost_v0,ANALYZE dmv,True,
fd:body_type:suspension_indicator,fd,baseline,2,fd:body_type:suspension_indicator:2,975,False,10010182507372,10010308915865,0.126408493,dmv_candidate_cost_v0,ANALYZE dmv,True,
fd:body_type:suspension_indicator,fd,candidate,2,fd:body_type:suspension_indicator:2,976,False,10010310370059,10010437086880,0.126716821,dmv_candidate_cost_v0,ANALYZE dmv,True,
fd:body_type:suspension_indicator,fd,candidate,3,fd:body_type:suspension_indicator:3,977,False,10010439516090,10010566437525,0.126921435,dmv_candidate_cost_v0,ANALYZE dmv,True,
fd:body_type:suspension_indicator,fd,baseline,3,fd:body_type:suspension_indicator:3,978,False,10010567510238,10010689903343,0.122393105,dmv_candidate_cost_v0,ANALYZE dmv,True,
fd:body_type:suspension_indicator,fd,baseline,4,fd:body_type:suspension_indicator:4,979,False,10010690169954,10010813290854,0.1231209,dmv_candidate_cost_v0,ANALYZE dmv,True,
fd:body_type:suspension_indicator,fd,candidate,4,fd:body_type:suspension_indicator:4,980,False,10010815307598,10010947588900,0.132281302,dmv_candidate_cost_v0,ANALYZE dmv,True,
fd:body_type:suspension_indicator,fd,candidate,5,fd:body_type:suspension_indicator:5,981,False,10010950454290,10011079980710,0.12952642,dmv_candidate_cost_v0,ANALYZE dmv,True,
fd:body_type:suspension_indicator,fd,baseline,5,fd:body_type:suspension_indicator:5,982,False,10011081202956,10011206650955,0.125447999,dmv_candidate_cost_v0,ANALYZE dmv,True,
fd:body_type:suspension_indicator,fd,baseline,6,fd:body_type:suspension_indicator:6,983,False,10011206925776,10011329913029,0.122987253,dmv_candidate_cost_v0,ANALYZE dmv,True,
fd:body_type:suspension_indicator,fd,candidate,6,fd:body_type:suspension_indicator:6,984,False,10011331622921,10011462646022,0.131023101,dmv_candidate_cost_v0,ANALYZE dmv,True,
fd:body_type:suspension_indicator,fd,candidate,7,fd:body_type:suspension_indicator:7,985,False,10011465494509,10011595992473,0.130497964,dmv_candidate_cost_v0,ANALYZE dmv,True,
fd:body_type:suspension_indicator,fd,baseline,7,fd:body_type:suspension_indicator:7,986,False,10011597122199,10011718921592,0.121799393,dmv_candidate_cost_v0,ANALYZE dmv,True,
fd:body_type:suspension_indicator,fd,baseline,8,fd:body_type:suspension_indicator:8,987,False,10011719233773,10011842285697,0.123051924,dmv_candidate_cost_v0,ANALYZE dmv,True,
fd:body_type:suspension_indicator,fd,candidate,8,fd:body_type:suspension_indicator:8,988,False,10011843518959,10011972650809,0.12913185,dmv_candidate_cost_v0,ANALYZE dmv,True,
fd:body_type:suspension_indicator,fd,candidate,9,fd:body_type:suspension_indicator:9,989,False,10011975457405,10012102100275,0.12664287,dmv_candidate_cost_v0,ANALYZE dmv,True,
fd:body_type:suspension_indicator,fd,baseline,9,fd:body_type:suspension_indicator:9,990,False,10012103077469,10012227532308,0.124454839,dmv_candidate_cost_v0,ANALYZE dmv,True,
fd:body_type:suspension_indicator,fd,baseline,10,fd:body_type:suspension_indicator:10,991,False,10012227853433,10012352933088,0.125079655,dmv_candidate_cost_v0,ANALYZE dmv,True,
fd:body_type:suspension_indicator,fd,candidate,10,fd:body_type:suspension_indicator:10,992,False,10012354783830,10012486504091,0.131720261,dmv_candidate_cost_v0,ANALYZE dmv,True,
fd:body_type:suspension_indicator,fd,candidate,11,fd:body_type:suspension_indicator:11,993,False,10012488898462,10012619516652,0.13061819,dmv_candidate_cost_v0,ANALYZE dmv,True,
fd:body_type:suspension_indicator,fd,baseline,11,fd:body_type:suspension_indicator:11,994,False,10012620778651,10012744318801,0.12354015,dmv_candidate_cost_v0,ANALYZE dmv,True,
fd:body_type:suspension_indicator,fd,baseline,12,fd:body_type:suspension_indicator:12,995,False,10012744671611,10012867314350,0.122642739,dmv_candidate_cost_v0,ANALYZE dmv,True,
fd:body_type:suspension_indicator,fd,candidate,12,fd:body_type:suspension_indicator:12,996,False,10012869119779,10013000300080,0.131180301,dmv_candidate_cost_v0,ANALYZE dmv,True,
fd:body_type:suspension_indicator,fd,candidate,13,fd:body_type:suspension_indicator:13,997,False,10013003025433,10013132968330,0.129942897,dmv_candidate_cost_v0,ANALYZE dmv,True,
fd:body_type:suspension_indicator,fd,baseline,13,fd:body_type:suspension_indicator:13,998,False,10013134462282,10013258024827,0.123562545,dmv_candidate_cost_v0,ANALYZE dmv,True,
fd:body_type:suspension_indicator,fd,baseline,14,fd:body_type:suspension_indicator:14,999,False,10013258316081,10013379248955,0.120932874,dmv_candidate_cost_v0,ANALYZE dmv,True,
fd:body_type:suspension_indicator,fd,candidate,14,fd:body_type:suspension_indicator:14,1000,False,10013381084673,10013511773990,0.130689317,dmv_candidate_cost_v0,ANALYZE dmv,True,
fd:body_type:suspension_indicator,fd,candidate,15,fd:body_type:suspension_indicator:15,1001,False,10013514030998,10013639025842,0.124994844,dmv_candidate_cost_v0,ANALYZE dmv,True,
fd:body_type:suspension_indicator,fd,baseline,15,fd:body_type:suspension_indicator:15,1002,False,10013640362700,10013764776698,0.124413998,dmv_candidate_cost_v0,ANALYZE dmv,True,
fd:body_type:suspension_indicator,fd,baseline,16,fd:body_type:suspension_indicator:16,1003,False,10013765120492,10013886165780,0.121045288,dmv_candidate_cost_v0,ANALYZE dmv,True,
fd:body_type:suspension_indicator,fd,candidate,16,fd:body_type:suspension_indicator:16,1004,False,10013888355261,10014021041083,0.132685822,dmv_candidate_cost_v0,ANALYZE dmv,True,
fd:body_type:suspension_indicator,fd,candidate,17,fd:body_type:suspension_indicator:17,1005,False,10014023637729,10014150880113,0.127242384,dmv_candidate_cost_v0,ANALYZE dmv,True,
fd:body_type:suspension_indicator,fd,baseline,17,fd:body_type:suspension_indicator:17,1006,False,10014151965810,10014278398898,0.126433088,dmv_candidate_cost_v0,ANALYZE dmv,True,
fd:body_type:suspension_indicator,fd,baseline,18,fd:body_type:suspension_indicator:18,1007,False,10014278671479,10014404431938,0.125760459,dmv_candidate_cost_v0,ANALYZE dmv,True,
fd:body_type:suspension_indicator,fd,candidate,18,fd:body_type:suspension_indicator:18,1008,False,10014406677310,10014539640763,0.132963453,dmv_candidate_cost_v0,ANALYZE dmv,True,
fd:body_type:suspension_indicator,fd,candidate,19,fd:body_type:suspension_indicator:19,1009,False,10014542248955,10014670427032,0.128178077,dmv_candidate_cost_v0,ANALYZE dmv,True,
fd:body_type:suspension_indicator,fd,baseline,19,fd:body_type:suspension_indicator:19,1010,False,10014672038590,10014802013886,0.129975296,dmv_candidate_cost_v0,ANALYZE dmv,True,
fd:body_type:suspension_indicator,fd,baseline,20,fd:body_type:suspension_indicator:20,1011,False,10014802343731,10014926850118,0.124506387,dmv_candidate_cost_v0,ANALYZE dmv,True,
fd:body_type:suspension_indicator,fd,candidate,20,fd:body_type:suspension_indicator:20,1012,False,10014929107937,10015057665428,0.128557491,dmv_candidate_cost_v0,ANALYZE dmv,True,
mcv:record_type:registration_class,mcv,candidate,-1,mcv:record_type:registration_class:-1,1013,True,10015061114451,10015189348655,0.128234204,dmv_candidate_cost_v0,ANALYZE dmv,True,
mcv:record_type:registration_class,mcv,baseline,-1,mcv:record_type:registration_class:-1,1014,True,10015190256546,10015317264852,0.127008306,dmv_candidate_cost_v0,ANALYZE dmv,True,
mcv:record_type:registration_class,mcv,baseline,0,mcv:record_type:registration_class:0,1015,False,10015317580432,10015443362830,0.125782398,dmv_candidate_cost_v0,ANALYZE dmv,True,
mcv:record_type:registration_class,mcv,candidate,0,mcv:record_type:registration_class:0,1016,False,10015445213080,10015571483227,0.126270147,dmv_candidate_cost_v0,ANALYZE dmv,True,
mcv:record_type:registration_class,mcv,candidate,1,mcv:record_type:registration_class:1,1017,False,10015574234136,10015698275924,0.124041788,dmv_candidate_cost_v0,ANALYZE dmv,True,
mcv:record_type:registration_class,mcv,baseline,1,mcv:record_type:registration_class:1,1018,False,10015699245647,10015823504437,0.12425879,dmv_candidate_cost_v0,ANALYZE dmv,True,
mcv:record_type:registration_class,mcv,baseline,2,mcv:record_type:registration_class:2,1019,False,10015823741328,10015945341291,0.121599963,dmv_candidate_cost_v0,ANALYZE dmv,True,
mcv:record_type:registration_class,mcv,candidate,2,mcv:record_type:registration_class:2,1020,False,10015947362560,10016074256349,0.126893789,dmv_candidate_cost_v0,ANALYZE dmv,True,
mcv:record_type:registration_class,mcv,candidate,3,mcv:record_type:registration_class:3,1021,False,10016076480595,10016199129607,0.122649012,dmv_candidate_cost_v0,ANALYZE dmv,True,
mcv:record_type:registration_class,mcv,baseline,3,mcv:record_type:registration_class:3,1022,False,10016200209362,10016322825059,0.122615697,dmv_candidate_cost_v0,ANALYZE dmv,True,
mcv:record_type:registration_class,mcv,baseline,4,mcv:record_type:registration_class:4,1023,False,10016323074050,10016443240514,0.120166464,dmv_candidate_cost_v0,ANALYZE dmv,True,
mcv:record_type:registration_class,mcv,candidate,4,mcv:record_type:registration_class:4,1024,False,10016445112683,10016572460676,0.127347993,dmv_candidate_cost_v0,ANALYZE dmv,True,
mcv:record_type:registration_class,mcv,candidate,5,mcv:record_type:registration_class:5,1025,False,10016574883613,10016697682222,0.122798609,dmv_candidate_cost_v0,ANALYZE dmv,True,
mcv:record_type:registration_class,mcv,baseline,5,mcv:record_type:registration_class:5,1026,False,10016699037459,10016821031290,0.121993831,dmv_candidate_cost_v0,ANALYZE dmv,True,
mcv:record_type:registration_class,mcv,baseline,6,mcv:record_type:registration_class:6,1027,False,10016821309856,10016949805419,0.128495563,dmv_candidate_cost_v0,ANALYZE dmv,True,
mcv:record_type:registration_class,mcv,candidate,6,mcv:record_type:registration_class:6,1028,False,10016951425092,10017074662816,0.123237724,dmv_candidate_cost_v0,ANALYZE dmv,True,
mcv:record_type:registration_class,mcv,candidate,7,mcv:record_type:registration_class:7,1029,False,10017077278532,10017198219093,0.120940561,dmv_candidate_cost_v0,ANALYZE dmv,True,
mcv:record_type:registration_class,mcv,baseline,7,mcv:record_type:registration_class:7,1030,False,10017199722215,10017320182351,0.120460136,dmv_candidate_cost_v0,ANALYZE dmv,True,
mcv:record_type:registration_class,mcv,baseline,8,mcv:record_type:registration_class:8,1031,False,10017320550117,10017442706760,0.122156643,dmv_candidate_cost_v0,ANALYZE dmv,True,
mcv:record_type:registration_class,mcv,candidate,8,mcv:record_type:registration_class:8,1032,False,10017444638789,10017568748057,0.124109268,dmv_candidate_cost_v0,ANALYZE dmv,True,
mcv:record_type:registration_class,mcv,candidate,9,mcv:record_type:registration_class:9,1033,False,10017571140062,10017705760920,0.134620858,dmv_candidate_cost_v0,ANALYZE dmv,True,
mcv:record_type:registration_class,mcv,baseline,9,mcv:record_type:registration_class:9,1034,False,10017707049930,10017831350558,0.124300628,dmv_candidate_cost_v0,ANALYZE dmv,True,
mcv:record_type:registration_class,mcv,baseline,10,mcv:record_type:registration_class:10,1035,False,10017831618963,10017958120456,0.126501493,dmv_candidate_cost_v0,ANALYZE dmv,True,
mcv:record_type:registration_class,mcv,candidate,10,mcv:record_type:registration_class:10,1036,False,10017959810315,10018088725102,0.128914787,dmv_candidate_cost_v0,ANALYZE dmv,True,
mcv:record_type:registration_class,mcv,candidate,11,mcv:record_type:registration_class:11,1037,False,10018091567887,10018222986926,0.131419039,dmv_candidate_cost_v0,ANALYZE dmv,True,
mcv:record_type:registration_class,mcv,baseline,11,mcv:record_type:registration_class:11,1038,False,10018224107435,10018350788051,0.126680616,dmv_candidate_cost_v0,ANALYZE dmv,True,
mcv:record_type:registration_class,mcv,baseline,12,mcv:record_type:registration_class:12,1039,False,10018351031189,10018471096064,0.120064875,dmv_candidate_cost_v0,ANALYZE dmv,True,
mcv:record_type:registration_class,mcv,candidate,12,mcv:record_type:registration_class:12,1040,False,10018474522865,10018602915065,0.1283922,dmv_candidate_cost_v0,ANALYZE dmv,True,
mcv:record_type:registration_class,mcv,candidate,13,mcv:record_type:registration_class:13,1041,False,10018606356943,10018736366415,0.130009472,dmv_candidate_cost_v0,ANALYZE dmv,True,
mcv:record_type:registration_class,mcv,baseline,13,mcv:record_type:registration_class:13,1042,False,10018737475149,10018858071868,0.120596719,dmv_candidate_cost_v0,ANALYZE dmv,True,
mcv:record_type:registration_class,mcv,baseline,14,mcv:record_type:registration_class:14,1043,False,10018858506020,10018983027477,0.124521457,dmv_candidate_cost_v0,ANALYZE dmv,True,
mcv:record_type:registration_class,mcv,candidate,14,mcv:record_type:registration_class:14,1044,False,10018985164063,10019112386091,0.127222028,dmv_candidate_cost_v0,ANALYZE dmv,True,
mcv:record_type:registration_class,mcv,candidate,15,mcv:record_type:registration_class:15,1045,False,10019115525522,10019247595836,0.132070314,dmv_candidate_cost_v0,ANALYZE dmv,True,
mcv:record_type:registration_class,mcv,baseline,15,mcv:record_type:registration_class:15,1046,False,10019248515340,10019373426857,0.124911517,dmv_candidate_cost_v0,ANALYZE dmv,True,
mcv:record_type:registration_class,mcv,baseline,16,mcv:record_type:registration_class:16,1047,False,10019373772716,10019497613308,0.123840592,dmv_candidate_cost_v0,ANALYZE dmv,True,
mcv:record_type:registration_class,mcv,candidate,16,mcv:record_type:registration_class:16,1048,False,10019499690082,10019624490974,0.124800892,dmv_candidate_cost_v0,ANALYZE dmv,True,
mcv:record_type:registration_class,mcv,candidate,17,mcv:record_type:registration_class:17,1049,False,10019627238412,10019752509655,0.125271243,dmv_candidate_cost_v0,ANALYZE dmv,True,
mcv:record_type:registration_class,mcv,baseline,17,mcv:record_type:registration_class:17,1050,False,10019753597488,10019876247421,0.122649933,dmv_candidate_cost_v0,ANALYZE dmv,True,
mcv:record_type:registration_class,mcv,baseline,18,mcv:record_type:registration_class:18,1051,False,10019876635715,10020000961460,0.124325745,dmv_candidate_cost_v0,ANALYZE dmv,True,
mcv:record_type:registration_class,mcv,candidate,18,mcv:record_type:registration_class:18,1052,False,10020002922224,10020136849086,0.133926862,dmv_candidate_cost_v0,ANALYZE dmv,True,
mcv:record_type:registration_class,mcv,candidate,19,mcv:record_type:registration_class:19,1053,False,10020139400977,10020266888801,0.127487824,dmv_candidate_cost_v0,ANALYZE dmv,True,
mcv:record_type:registration_class,mcv,baseline,19,mcv:record_type:registration_class:19,1054,False,10020267815251,10020389534995,0.121719744,dmv_candidate_cost_v0,ANALYZE dmv,True,
mcv:record_type:registration_class,mcv,baseline,20,mcv:record_type:registration_class:20,1055,False,10020389874705,10020514858117,0.124983412,dmv_candidate_cost_v0,ANALYZE dmv,True,
mcv:record_type:registration_class,mcv,candidate,20,mcv:record_type:registration_class:20,1056,False,10020516906321,10020643108878,0.126202557,dmv_candidate_cost_v0,ANALYZE dmv,True,
mcv:body_type:record_type,mcv,candidate,-1,mcv:body_type:record_type:-1,1057,True,10020646509123,10020771236560,0.124727437,dmv_candidate_cost_v0,ANALYZE dmv,True,
mcv:body_type:record_type,mcv,baseline,-1,mcv:body_type:record_type:-1,1058,True,10020773059637,10020897070490,0.124010853,dmv_candidate_cost_v0,ANALYZE dmv,True,
mcv:body_type:record_type,mcv,baseline,0,mcv:body_type:record_type:0,1059,False,10020897281547,10021021588933,0.124307386,dmv_candidate_cost_v0,ANALYZE dmv,True,
mcv:body_type:record_type,mcv,candidate,0,mcv:body_type:record_type:0,1060,False,10021023975797,10021149174372,0.125198575,dmv_candidate_cost_v0,ANALYZE dmv,True,
mcv:body_type:record_type,mcv,candidate,1,mcv:body_type:record_type:1,1061,False,10021151799774,10021280783160,0.128983386,dmv_candidate_cost_v0,ANALYZE dmv,True,
mcv:body_type:record_type,mcv,baseline,1,mcv:body_type:record_type:1,1062,False,10021281850800,10021401831969,0.119981169,dmv_candidate_cost_v0,ANALYZE dmv,True,
mcv:body_type:record_type,mcv,baseline,2,mcv:body_type:record_type:2,1063,False,10021402142708,10021524053381,0.121910673,dmv_candidate_cost_v0,ANALYZE dmv,True,
mcv:body_type:record_type,mcv,candidate,2,mcv:body_type:record_type:2,1064,False,10021525858639,10021648113827,0.122255188,dmv_candidate_cost_v0,ANALYZE dmv,True,
mcv:body_type:record_type,mcv,candidate,3,mcv:body_type:record_type:3,1065,False,10021650787737,10021775230583,0.124442846,dmv_candidate_cost_v0,ANALYZE dmv,True,
mcv:body_type:record_type,mcv,baseline,3,mcv:body_type:record_type:3,1066,False,10021776912393,10021898632074,0.121719681,dmv_candidate_cost_v0,ANALYZE dmv,True,
mcv:body_type:record_type,mcv,baseline,4,mcv:body_type:record_type:4,1067,False,10021898917000,10022021295106,0.122378106,dmv_candidate_cost_v0,ANALYZE dmv,True,
mcv:body_type:record_type,mcv,candidate,4,mcv:body_type:record_type:4,1068,False,10022022909397,10022151736205,0.128826808,dmv_candidate_cost_v0,ANALYZE dmv,True,
mcv:body_type:record_type,mcv,candidate,5,mcv:body_type:record_type:5,1069,False,10022154267349,10022280812099,0.12654475,dmv_candidate_cost_v0,ANALYZE dmv,True,
mcv:body_type:record_type,mcv,baseline,5,mcv:body_type:record_type:5,1070,False,10022282347868,10022410502089,0.128154221,dmv_candidate_cost_v0,ANALYZE dmv,True,
mcv:body_type:record_type,mcv,baseline,6,mcv:body_type:record_type:6,1071,False,10022410912529,10022537008323,0.126095794,dmv_candidate_cost_v0,ANALYZE dmv,True,
mcv:body_type:record_type,mcv,candidate,6,mcv:body_type:record_type:6,1072,False,10022538886914,10022667340091,0.128453177,dmv_candidate_cost_v0,ANALYZE dmv,True,
mcv:body_type:record_type,mcv,candidate,7,mcv:body_type:record_type:7,1073,False,10022670260949,10022792885735,0.122624786,dmv_candidate_cost_v0,ANALYZE dmv,True,
mcv:body_type:record_type,mcv,baseline,7,mcv:body_type:record_type:7,1074,False,10022794092528,10022916056390,0.121963862,dmv_candidate_cost_v0,ANALYZE dmv,True,
mcv:body_type:record_type,mcv,baseline,8,mcv:body_type:record_type:8,1075,False,10022916408968,10023041211905,0.124802937,dmv_candidate_cost_v0,ANALYZE dmv,True,
mcv:body_type:record_type,mcv,candidate,8,mcv:body_type:record_type:8,1076,False,10023042633666,10023164613075,0.121979409,dmv_candidate_cost_v0,ANALYZE dmv,True,
mcv:body_type:record_type,mcv,candidate,9,mcv:body_type:record_type:9,1077,False,10023167397262,10023291826272,0.12442901,dmv_candidate_cost_v0,ANALYZE dmv,True,
mcv:body_type:record_type,mcv,baseline,9,mcv:body_type:record_type:9,1078,False,10023293113925,10023413072126,0.119958201,dmv_candidate_cost_v0,ANALYZE dmv,True,
mcv:body_type:record_type,mcv,baseline,10,mcv:body_type:record_type:10,1079,False,10023413312782,10023537081680,0.123768898,dmv_candidate_cost_v0,ANALYZE dmv,True,
mcv:body_type:record_type,mcv,candidate,10,mcv:body_type:record_type:10,1080,False,10023538892619,10023662561294,0.123668675,dmv_candidate_cost_v0,ANALYZE dmv,True,
mcv:body_type:record_type,mcv,candidate,11,mcv:body_type:record_type:11,1081,False,10023664865060,10023792421279,0.127556219,dmv_candidate_cost_v0,ANALYZE dmv,True,
mcv:body_type:record_type,mcv,baseline,11,mcv:body_type:record_type:11,1082,False,10023793880314,10023918603634,0.12472332,dmv_candidate_cost_v0,ANALYZE dmv,True,
mcv:body_type:record_type,mcv,baseline,12,mcv:body_type:record_type:12,1083,False,10023918846624,10024041961571,0.123114947,dmv_candidate_cost_v0,ANALYZE dmv,True,
mcv:body_type:record_type,mcv,candidate,12,mcv:body_type:record_type:12,1084,False,10024043727491,10024172671111,0.12894362,dmv_candidate_cost_v0,ANALYZE dmv,True,
mcv:body_type:record_type,mcv,candidate,13,mcv:body_type:record_type:13,1085,False,10024175725781,10024301028318,0.125302537,dmv_candidate_cost_v0,ANALYZE dmv,True,
mcv:body_type:record_type,mcv,baseline,13,mcv:body_type:record_type:13,1086,False,10024302356393,10024425978787,0.123622394,dmv_candidate_cost_v0,ANALYZE dmv,True,
mcv:body_type:record_type,mcv,baseline,14,mcv:body_type:record_type:14,1087,False,10024426230571,10024545847995,0.119617424,dmv_candidate_cost_v0,ANALYZE dmv,True,
mcv:body_type:record_type,mcv,candidate,14,mcv:body_type:record_type:14,1088,False,10024548168750,10024675206497,0.127037747,dmv_candidate_cost_v0,ANALYZE dmv,True,
mcv:body_type:record_type,mcv,candidate,15,mcv:body_type:record_type:15,1089,False,10024679072828,10024812435819,0.133362991,dmv_candidate_cost_v0,ANALYZE dmv,True,
mcv:body_type:record_type,mcv,baseline,15,mcv:body_type:record_type:15,1090,False,10024813663993,10024936541712,0.122877719,dmv_candidate_cost_v0,ANALYZE dmv,True,
mcv:body_type:record_type,mcv,baseline,16,mcv:body_type:record_type:16,1091,False,10024936922946,10025062814294,0.125891348,dmv_candidate_cost_v0,ANALYZE dmv,True,
mcv:body_type:record_type,mcv,candidate,16,mcv:body_type:record_type:16,1092,False,10025064573232,10025195497627,0.130924395,dmv_candidate_cost_v0,ANALYZE dmv,True,
mcv:body_type:record_type,mcv,candidate,17,mcv:body_type:record_type:17,1093,False,10025197846399,10025322497263,0.124650864,dmv_candidate_cost_v0,ANALYZE dmv,True,
mcv:body_type:record_type,mcv,baseline,17,mcv:body_type:record_type:17,1094,False,10025323827426,10025442912830,0.119085404,dmv_candidate_cost_v0,ANALYZE dmv,True,
mcv:body_type:record_type,mcv,baseline,18,mcv:body_type:record_type:18,1095,False,10025443218859,10025568436900,0.125218041,dmv_candidate_cost_v0,ANALYZE dmv,True,
mcv:body_type:record_type,mcv,candidate,18,mcv:body_type:record_type:18,1096,False,10025570015012,10025696646194,0.126631182,dmv_candidate_cost_v0,ANALYZE dmv,True,
mcv:body_type:record_type,mcv,candidate,19,mcv:body_type:record_type:19,1097,False,10025699261329,10025828688465,0.129427136,dmv_candidate_cost_v0,ANALYZE dmv,True,
mcv:body_type:record_type,mcv,baseline,19,mcv:body_type:record_type:19,1098,False,10025829914357,10025951193258,0.121278901,dmv_candidate_cost_v0,ANALYZE dmv,True,
mcv:body_type:record_type,mcv,baseline,20,mcv:body_type:record_type:20,1099,False,10025951579479,10026076241640,0.124662161,dmv_candidate_cost_v0,ANALYZE dmv,True,
mcv:body_type:record_type,mcv,candidate,20,mcv:body_type:record_type:20,1100,False,10026077928315,10026207336928,0.129408613,dmv_candidate_cost_v0,ANALYZE dmv,True,
fd:body_type:scofflaw_indicator,fd,candidate,-1,fd:body_type:scofflaw_indicator:-1,1101,True,10026211180769,10026343354116,0.132173347,dmv_candidate_cost_v0,ANALYZE dmv,True,
fd:body_type:scofflaw_indicator,fd,baseline,-1,fd:body_type:scofflaw_indicator:-1,1102,True,10026344287507,10026466270938,0.121983431,dmv_candidate_cost_v0,ANALYZE dmv,True,
fd:body_type:scofflaw_indicator,fd,baseline,0,fd:body_type:scofflaw_indicator:0,1103,False,10026466549097,10026589680654,0.123131557,dmv_candidate_cost_v0,ANALYZE dmv,True,
fd:body_type:scofflaw_indicator,fd,candidate,0,fd:body_type:scofflaw_indicator:0,1104,False,10026591826212,10026717766848,0.125940636,dmv_candidate_cost_v0,ANALYZE dmv,True,
fd:body_type:scofflaw_indicator,fd,candidate,1,fd:body_type:scofflaw_indicator:1,1105,False,10026719692514,10026850687442,0.130994928,dmv_candidate_cost_v0,ANALYZE dmv,True,
fd:body_type:scofflaw_indicator,fd,baseline,1,fd:body_type:scofflaw_indicator:1,1106,False,10026851850148,10026974823791,0.122973643,dmv_candidate_cost_v0,ANALYZE dmv,True,
fd:body_type:scofflaw_indicator,fd,baseline,2,fd:body_type:scofflaw_indicator:2,1107,False,10026975238008,10027097400373,0.122162365,dmv_candidate_cost_v0,ANALYZE dmv,True,
fd:body_type:scofflaw_indicator,fd,candidate,2,fd:body_type:scofflaw_indicator:2,1108,False,10027099572266,10027226392785,0.126820519,dmv_candidate_cost_v0,ANALYZE dmv,True,
fd:body_type:scofflaw_indicator,fd,candidate,3,fd:body_type:scofflaw_indicator:3,1109,False,10027229126212,10027359816122,0.13068991,dmv_candidate_cost_v0,ANALYZE dmv,True,
fd:body_type:scofflaw_indicator,fd,baseline,3,fd:body_type:scofflaw_indicator:3,1110,False,10027361317993,10027480693052,0.119375059,dmv_candidate_cost_v0,ANALYZE dmv,True,
fd:body_type:scofflaw_indicator,fd,baseline,4,fd:body_type:scofflaw_indicator:4,1111,False,10027481124726,10027606113206,0.12498848,dmv_candidate_cost_v0,ANALYZE dmv,True,
fd:body_type:scofflaw_indicator,fd,candidate,4,fd:body_type:scofflaw_indicator:4,1112,False,10027607951214,10027735830432,0.127879218,dmv_candidate_cost_v0,ANALYZE dmv,True,
fd:body_type:scofflaw_indicator,fd,candidate,5,fd:body_type:scofflaw_indicator:5,1113,False,10027738602685,10027863749629,0.125146944,dmv_candidate_cost_v0,ANALYZE dmv,True,
fd:body_type:scofflaw_indicator,fd,baseline,5,fd:body_type:scofflaw_indicator:5,1114,False,10027864838102,10027988136122,0.12329802,dmv_candidate_cost_v0,ANALYZE dmv,True,
fd:body_type:scofflaw_indicator,fd,baseline,6,fd:body_type:scofflaw_indicator:6,1115,False,10027988549406,10028107113686,0.11856428,dmv_candidate_cost_v0,ANALYZE dmv,True,
fd:body_type:scofflaw_indicator,fd,candidate,6,fd:body_type:scofflaw_indicator:6,1116,False,10028109205133,10028242484480,0.133279347,dmv_candidate_cost_v0,ANALYZE dmv,True,
fd:body_type:scofflaw_indicator,fd,candidate,7,fd:body_type:scofflaw_indicator:7,1117,False,10028246122324,10028382285504,0.13616318,dmv_candidate_cost_v0,ANALYZE dmv,True,
fd:body_type:scofflaw_indicator,fd,baseline,7,fd:body_type:scofflaw_indicator:7,1118,False,10028383401774,10028512268745,0.128866971,dmv_candidate_cost_v0,ANALYZE dmv,True,
fd:body_type:scofflaw_indicator,fd,baseline,8,fd:body_type:scofflaw_indicator:8,1119,False,10028512593325,10028635474833,0.122881508,dmv_candidate_cost_v0,ANALYZE dmv,True,
fd:body_type:scofflaw_indicator,fd,candidate,8,fd:body_type:scofflaw_indicator:8,1120,False,10028637758004,10028768575411,0.130817407,dmv_candidate_cost_v0,ANALYZE dmv,True,
fd:body_type:scofflaw_indicator,fd,candidate,9,fd:body_type:scofflaw_indicator:9,1121,False,10028771236671,10028908857541,0.13762087,dmv_candidate_cost_v0,ANALYZE dmv,True,
fd:body_type:scofflaw_indicator,fd,baseline,9,fd:body_type:scofflaw_indicator:9,1122,False,10028909904645,10029032108735,0.12220409,dmv_candidate_cost_v0,ANALYZE dmv,True,
fd:body_type:scofflaw_indicator,fd,baseline,10,fd:body_type:scofflaw_indicator:10,1123,False,10029032384434,10029159326664,0.12694223,dmv_candidate_cost_v0,ANALYZE dmv,True,
fd:body_type:scofflaw_indicator,fd,candidate,10,fd:body_type:scofflaw_indicator:10,1124,False,10029161187739,10029290638732,0.129450993,dmv_candidate_cost_v0,ANALYZE dmv,True,
fd:body_type:scofflaw_indicator,fd,candidate,11,fd:body_type:scofflaw_indicator:11,1125,False,10029293882460,10029428762515,0.134880055,dmv_candidate_cost_v0,ANALYZE dmv,True,
fd:body_type:scofflaw_indicator,fd,baseline,11,fd:body_type:scofflaw_indicator:11,1126,False,10029430106286,10029557622757,0.127516471,dmv_candidate_cost_v0,ANALYZE dmv,True,
fd:body_type:scofflaw_indicator,fd,baseline,12,fd:body_type:scofflaw_indicator:12,1127,False,10029558023246,10029691119807,0.133096561,dmv_candidate_cost_v0,ANALYZE dmv,True,
fd:body_type:scofflaw_indicator,fd,candidate,12,fd:body_type:scofflaw_indicator:12,1128,False,10029692459240,10029819365507,0.126906267,dmv_candidate_cost_v0,ANALYZE dmv,True,
fd:body_type:scofflaw_indicator,fd,candidate,13,fd:body_type:scofflaw_indicator:13,1129,False,10029822295412,10029954323565,0.132028153,dmv_candidate_cost_v0,ANALYZE dmv,True,
fd:body_type:scofflaw_indicator,fd,baseline,13,fd:body_type:scofflaw_indicator:13,1130,False,10029955571962,10030078811168,0.123239206,dmv_candidate_cost_v0,ANALYZE dmv,True,
fd:body_type:scofflaw_indicator,fd,baseline,14,fd:body_type:scofflaw_indicator:14,1131,False,10030079217631,10030211508766,0.132291135,dmv_candidate_cost_v0,ANALYZE dmv,True,
fd:body_type:scofflaw_indicator,fd,candidate,14,fd:body_type:scofflaw_indicator:14,1132,False,10030213204080,10030340217416,0.127013336,dmv_candidate_cost_v0,ANALYZE dmv,True,
fd:body_type:scofflaw_indicator,fd,candidate,15,fd:body_type:scofflaw_indicator:15,1133,False,10030342747885,10030467109974,0.124362089,dmv_candidate_cost_v0,ANALYZE dmv,True,
fd:body_type:scofflaw_indicator,fd,baseline,15,fd:body_type:scofflaw_indicator:15,1134,False,10030468582635,10030590201369,0.121618734,dmv_candidate_cost_v0,ANALYZE dmv,True,
fd:body_type:scofflaw_indicator,fd,baseline,16,fd:body_type:scofflaw_indicator:16,1135,False,10030590547654,10030715663563,0.125115909,dmv_candidate_cost_v0,ANALYZE dmv,True,
fd:body_type:scofflaw_indicator,fd,candidate,16,fd:body_type:scofflaw_indicator:16,1136,False,10030718256597,10030845086220,0.126829623,dmv_candidate_cost_v0,ANALYZE dmv,True,
fd:body_type:scofflaw_indicator,fd,candidate,17,fd:body_type:scofflaw_indicator:17,1137,False,10030847716543,10030978995721,0.131279178,dmv_candidate_cost_v0,ANALYZE dmv,True,
fd:body_type:scofflaw_indicator,fd,baseline,17,fd:body_type:scofflaw_indicator:17,1138,False,10030980506211,10031098635575,0.118129364,dmv_candidate_cost_v0,ANALYZE dmv,True,
fd:body_type:scofflaw_indicator,fd,baseline,18,fd:body_type:scofflaw_indicator:18,1139,False,10031099022376,10031224419944,0.125397568,dmv_candidate_cost_v0,ANALYZE dmv,True,
fd:body_type:scofflaw_indicator,fd,candidate,18,fd:body_type:scofflaw_indicator:18,1140,False,10031225870350,10031354655541,0.128785191,dmv_candidate_cost_v0,ANALYZE dmv,True,
fd:body_type:scofflaw_indicator,fd,candidate,19,fd:body_type:scofflaw_indicator:19,1141,False,10031357464589,10031489120764,0.131656175,dmv_candidate_cost_v0,ANALYZE dmv,True,
fd:body_type:scofflaw_indicator,fd,baseline,19,fd:body_type:scofflaw_indicator:19,1142,False,10031490430656,10031616685418,0.126254762,dmv_candidate_cost_v0,ANALYZE dmv,True,
fd:body_type:scofflaw_indicator,fd,baseline,20,fd:body_type:scofflaw_indicator:20,1143,False,10031617070756,10031743781577,0.126710821,dmv_candidate_cost_v0,ANALYZE dmv,True,
fd:body_type:scofflaw_indicator,fd,candidate,20,fd:body_type:scofflaw_indicator:20,1144,False,10031745571280,10031871096302,0.125525022,dmv_candidate_cost_v0,ANALYZE dmv,True,
fd:revocation_indicator:suspension_indicator,fd,candidate,-1,fd:revocation_indicator:suspension_indicator:-1,1145,True,10031874093476,10032005720128,0.131626652,dmv_candidate_cost_v0,ANALYZE dmv,True,
fd:revocation_indicator:suspension_indicator,fd,baseline,-1,fd:revocation_indicator:suspension_indicator:-1,1146,True,10032006963786,10032129474189,0.122510403,dmv_candidate_cost_v0,ANALYZE dmv,True,
fd:revocation_indicator:suspension_indicator,fd,baseline,0,fd:revocation_indicator:suspension_indicator:0,1147,False,10032129700934,10032256046546,0.126345612,dmv_candidate_cost_v0,ANALYZE dmv,True,
fd:revocation_indicator:suspension_indicator,fd,candidate,0,fd:revocation_indicator:suspension_indicator:0,1148,False,10032258395227,10032388931516,0.130536289,dmv_candidate_cost_v0,ANALYZE dmv,True,
fd:revocation_indicator:suspension_indicator,fd,candidate,1,fd:revocation_indicator:suspension_indicator:1,1149,False,10032391545286,10032516858668,0.125313382,dmv_candidate_cost_v0,ANALYZE dmv,True,
fd:revocation_indicator:suspension_indicator,fd,baseline,1,fd:revocation_indicator:suspension_indicator:1,1150,False,10032518315115,10032640333092,0.122017977,dmv_candidate_cost_v0,ANALYZE dmv,True,
fd:revocation_indicator:suspension_indicator,fd,baseline,2,fd:revocation_indicator:suspension_indicator:2,1151,False,10032640606180,10032762397450,0.12179127,dmv_candidate_cost_v0,ANALYZE dmv,True,
fd:revocation_indicator:suspension_indicator,fd,candidate,2,fd:revocation_indicator:suspension_indicator:2,1152,False,10032764115624,10032893171126,0.129055502,dmv_candidate_cost_v0,ANALYZE dmv,True,
fd:revocation_indicator:suspension_indicator,fd,candidate,3,fd:revocation_indicator:suspension_indicator:3,1153,False,10032895911782,10033021734526,0.125822744,dmv_candidate_cost_v0,ANALYZE dmv,True,
fd:revocation_indicator:suspension_indicator,fd,baseline,3,fd:revocation_indicator:suspension_indicator:3,1154,False,10033022868897,10033149495997,0.1266271,dmv_candidate_cost_v0,ANALYZE dmv,True,
fd:revocation_indicator:suspension_indicator,fd,baseline,4,fd:revocation_indicator:suspension_indicator:4,1155,False,10033149872957,10033275205335,0.125332378,dmv_candidate_cost_v0,ANALYZE dmv,True,
fd:revocation_indicator:suspension_indicator,fd,candidate,4,fd:revocation_indicator:suspension_indicator:4,1156,False,10033277342209,10033401545146,0.124202937,dmv_candidate_cost_v0,ANALYZE dmv,True,
fd:revocation_indicator:suspension_indicator,fd,candidate,5,fd:revocation_indicator:suspension_indicator:5,1157,False,10033404027821,10033539971433,0.135943612,dmv_candidate_cost_v0,ANALYZE dmv,True,
fd:revocation_indicator:suspension_indicator,fd,baseline,5,fd:revocation_indicator:suspension_indicator:5,1158,False,10033541077568,10033662049680,0.120972112,dmv_candidate_cost_v0,ANALYZE dmv,True,
fd:revocation_indicator:suspension_indicator,fd,baseline,6,fd:revocation_indicator:suspension_indicator:6,1159,False,10033662390228,10033787264465,0.124874237,dmv_candidate_cost_v0,ANALYZE dmv,True,
fd:revocation_indicator:suspension_indicator,fd,candidate,6,fd:revocation_indicator:suspension_indicator:6,1160,False,10033788986142,10033915565303,0.126579161,dmv_candidate_cost_v0,ANALYZE dmv,True,
fd:revocation_indicator:suspension_indicator,fd,candidate,7,fd:revocation_indicator:suspension_indicator:7,1161,False,10033917512616,10034043835106,0.12632249,dmv_candidate_cost_v0,ANALYZE dmv,True,
fd:revocation_indicator:suspension_indicator,fd,baseline,7,fd:revocation_indicator:suspension_indicator:7,1162,False,10034045064339,10034169632905,0.124568566,dmv_candidate_cost_v0,ANALYZE dmv,True,
fd:revocation_indicator:suspension_indicator,fd,baseline,8,fd:revocation_indicator:suspension_indicator:8,1163,False,10034169966652,10034296146207,0.126179555,dmv_candidate_cost_v0,ANALYZE dmv,True,
fd:revocation_indicator:suspension_indicator,fd,candidate,8,fd:revocation_indicator:suspension_indicator:8,1164,False,10034297797520,10034423653103,0.125855583,dmv_candidate_cost_v0,ANALYZE dmv,True,
fd:revocation_indicator:suspension_indicator,fd,candidate,9,fd:revocation_indicator:suspension_indicator:9,1165,False,10034426217582,10034551273006,0.125055424,dmv_candidate_cost_v0,ANALYZE dmv,True,
fd:revocation_indicator:suspension_indicator,fd,baseline,9,fd:revocation_indicator:suspension_indicator:9,1166,False,10034552387059,10034675528304,0.123141245,dmv_candidate_cost_v0,ANALYZE dmv,True,
fd:revocation_indicator:suspension_indicator,fd,baseline,10,fd:revocation_indicator:suspension_indicator:10,1167,False,10034675958685,10034805777723,0.129819038,dmv_candidate_cost_v0,ANALYZE dmv,True,
fd:revocation_indicator:suspension_indicator,fd,candidate,10,fd:revocation_indicator:suspension_indicator:10,1168,False,10034807180840,10034931082444,0.123901604,dmv_candidate_cost_v0,ANALYZE dmv,True,
fd:revocation_indicator:suspension_indicator,fd,candidate,11,fd:revocation_indicator:suspension_indicator:11,1169,False,10034933479885,10035061189278,0.127709393,dmv_candidate_cost_v0,ANALYZE dmv,True,
fd:revocation_indicator:suspension_indicator,fd,baseline,11,fd:revocation_indicator:suspension_indicator:11,1170,False,10035062690915,10035185737430,0.123046515,dmv_candidate_cost_v0,ANALYZE dmv,True,
fd:revocation_indicator:suspension_indicator,fd,baseline,12,fd:revocation_indicator:suspension_indicator:12,1171,False,10035186021184,10035303461634,0.11744045,dmv_candidate_cost_v0,ANALYZE dmv,True,
fd:revocation_indicator:suspension_indicator,fd,candidate,12,fd:revocation_indicator:suspension_indicator:12,1172,False,10035305527559,10035434782827,0.129255268,dmv_candidate_cost_v0,ANALYZE dmv,True,
fd:revocation_indicator:suspension_indicator,fd,candidate,13,fd:revocation_indicator:suspension_indicator:13,1173,False,10035437547452,10035563460619,0.125913167,dmv_candidate_cost_v0,ANALYZE dmv,True,
fd:revocation_indicator:suspension_indicator,fd,baseline,13,fd:revocation_indicator:suspension_indicator:13,1174,False,10035564490642,10035684731218,0.120240576,dmv_candidate_cost_v0,ANALYZE dmv,True,
fd:revocation_indicator:suspension_indicator,fd,baseline,14,fd:revocation_indicator:suspension_indicator:14,1175,False,10035684984380,10035810289920,0.12530554,dmv_candidate_cost_v0,ANALYZE dmv,True,
fd:revocation_indicator:suspension_indicator,fd,candidate,14,fd:revocation_indicator:suspension_indicator:14,1176,False,10035812423011,10035941135133,0.128712122,dmv_candidate_cost_v0,ANALYZE dmv,True,
fd:revocation_indicator:suspension_indicator,fd,candidate,15,fd:revocation_indicator:suspension_indicator:15,1177,False,10035943295015,10036069422242,0.126127227,dmv_candidate_cost_v0,ANALYZE dmv,True,
fd:revocation_indicator:suspension_indicator,fd,baseline,15,fd:revocation_indicator:suspension_indicator:15,1178,False,10036070424409,10036193230820,0.122806411,dmv_candidate_cost_v0,ANALYZE dmv,True,
fd:revocation_indicator:suspension_indicator,fd,baseline,16,fd:revocation_indicator:suspension_indicator:16,1179,False,10036193674809,10036316451024,0.122776215,dmv_candidate_cost_v0,ANALYZE dmv,True,
fd:revocation_indicator:suspension_indicator,fd,candidate,16,fd:revocation_indicator:suspension_indicator:16,1180,False,10036318123642,10036449355479,0.131231837,dmv_candidate_cost_v0,ANALYZE dmv,True,
fd:revocation_indicator:suspension_indicator,fd,candidate,17,fd:revocation_indicator:suspension_indicator:17,1181,False,10036452670823,10036584238442,0.131567619,dmv_candidate_cost_v0,ANALYZE dmv,True,
fd:revocation_indicator:suspension_indicator,fd,baseline,17,fd:revocation_indicator:suspension_indicator:17,1182,False,10036585247381,10036708876907,0.123629526,dmv_candidate_cost_v0,ANALYZE dmv,True,
fd:revocation_indicator:suspension_indicator,fd,baseline,18,fd:revocation_indicator:suspension_indicator:18,1183,False,10036709253547,10036830270543,0.121016996,dmv_candidate_cost_v0,ANALYZE dmv,True,
fd:revocation_indicator:suspension_indicator,fd,candidate,18,fd:revocation_indicator:suspension_indicator:18,1184,False,10036832615062,10036962905133,0.130290071,dmv_candidate_cost_v0,ANALYZE dmv,True,
fd:revocation_indicator:suspension_indicator,fd,candidate,19,fd:revocation_indicator:suspension_indicator:19,1185,False,10036965319384,10037094989391,0.129670007,dmv_candidate_cost_v0,ANALYZE dmv,True,
fd:revocation_indicator:suspension_indicator,fd,baseline,19,fd:revocation_indicator:suspension_indicator:19,1186,False,10037096300766,10037218118829,0.121818063,dmv_candidate_cost_v0,ANALYZE dmv,True,
fd:revocation_indicator:suspension_indicator,fd,baseline,20,fd:revocation_indicator:suspension_indicator:20,1187,False,10037218435962,10037346130445,0.127694483,dmv_candidate_cost_v0,ANALYZE dmv,True,
fd:revocation_indicator:suspension_indicator,fd,candidate,20,fd:revocation_indicator:suspension_indicator:20,1188,False,10037347778410,10037474134725,0.126356315,dmv_candidate_cost_v0,ANALYZE dmv,True,
mcv:revocation_indicator:scofflaw_indicator,mcv,candidate,-1,mcv:revocation_indicator:scofflaw_indicator:-1,1189,True,10037477398565,10037602967886,0.125569321,dmv_candidate_cost_v0,ANALYZE dmv,True,
mcv:revocation_indicator:scofflaw_indicator,mcv,baseline,-1,mcv:revocation_indicator:scofflaw_indicator:-1,1190,True,10037604341078,10037730946742,0.126605664,dmv_candidate_cost_v0,ANALYZE dmv,True,
mcv:revocation_indicator:scofflaw_indicator,mcv,baseline,0,mcv:revocation_indicator:scofflaw_indicator:0,1191,False,10037731221899,10037858698143,0.127476244,dmv_candidate_cost_v0,ANALYZE dmv,True,
mcv:revocation_indicator:scofflaw_indicator,mcv,candidate,0,mcv:revocation_indicator:scofflaw_indicator:0,1192,False,10037860338151,10037986305866,0.125967715,dmv_candidate_cost_v0,ANALYZE dmv,True,
mcv:revocation_indicator:scofflaw_indicator,mcv,candidate,1,mcv:revocation_indicator:scofflaw_indicator:1,1193,False,10037989049901,10038112677237,0.123627336,dmv_candidate_cost_v0,ANALYZE dmv,True,
mcv:revocation_indicator:scofflaw_indicator,mcv,baseline,1,mcv:revocation_indicator:scofflaw_indicator:1,1194,False,10038113730411,10038234902412,0.121172001,dmv_candidate_cost_v0,ANALYZE dmv,True,
mcv:revocation_indicator:scofflaw_indicator,mcv,baseline,2,mcv:revocation_indicator:scofflaw_indicator:2,1195,False,10038235377724,10038362519599,0.127141875,dmv_candidate_cost_v0,ANALYZE dmv,True,
mcv:revocation_indicator:scofflaw_indicator,mcv,candidate,2,mcv:revocation_indicator:scofflaw_indicator:2,1196,False,10038364222104,10038490056824,0.12583472,dmv_candidate_cost_v0,ANALYZE dmv,True,
mcv:revocation_indicator:scofflaw_indicator,mcv,candidate,3,mcv:revocation_indicator:scofflaw_indicator:3,1197,False,10038492786533,10038616627165,0.123840632,dmv_candidate_cost_v0,ANALYZE dmv,True,
mcv:revocation_indicator:scofflaw_indicator,mcv,baseline,3,mcv:revocation_indicator:scofflaw_indicator:3,1198,False,10038617756938,10038739459774,0.121702836,dmv_candidate_cost_v0,ANALYZE dmv,True,
mcv:revocation_indicator:scofflaw_indicator,mcv,baseline,4,mcv:revocation_indicator:scofflaw_indicator:4,1199,False,10038739793441,10038864182561,0.12438912,dmv_candidate_cost_v0,ANALYZE dmv,True,
mcv:revocation_indicator:scofflaw_indicator,mcv,candidate,4,mcv:revocation_indicator:scofflaw_indicator:4,1200,False,10038865944119,10038989814648,0.123870529,dmv_candidate_cost_v0,ANALYZE dmv,True,
mcv:revocation_indicator:scofflaw_indicator,mcv,candidate,5,mcv:revocation_indicator:scofflaw_indicator:5,1201,False,10038992408792,10039116436548,0.124027756,dmv_candidate_cost_v0,ANALYZE dmv,True,
mcv:revocation_indicator:scofflaw_indicator,mcv,baseline,5,mcv:revocation_indicator:scofflaw_indicator:5,1202,False,10039117252743,10039242170443,0.1249177,dmv_candidate_cost_v0,ANALYZE dmv,True,
mcv:revocation_indicator:scofflaw_indicator,mcv,baseline,6,mcv:revocation_indicator:scofflaw_indicator:6,1203,False,10039242557437,10039372080068,0.129522631,dmv_candidate_cost_v0,ANALYZE dmv,True,
mcv:revocation_indicator:scofflaw_indicator,mcv,candidate,6,mcv:revocation_indicator:scofflaw_indicator:6,1204,False,10039373720628,10039501358042,0.127637414,dmv_candidate_cost_v0,ANALYZE dmv,True,
mcv:revocation_indicator:scofflaw_indicator,mcv,candidate,7,mcv:revocation_indicator:scofflaw_indicator:7,1205,False,10039503734383,10039627454321,0.123719938,dmv_candidate_cost_v0,ANALYZE dmv,True,
mcv:revocation_indicator:scofflaw_indicator,mcv,baseline,7,mcv:revocation_indicator:scofflaw_indicator:7,1206,False,10039629030866,10039750403937,0.121373071,dmv_candidate_cost_v0,ANALYZE dmv,True,
mcv:revocation_indicator:scofflaw_indicator,mcv,baseline,8,mcv:revocation_indicator:scofflaw_indicator:8,1207,False,10039750678698,10039875539944,0.124861246,dmv_candidate_cost_v0,ANALYZE dmv,True,
mcv:revocation_indicator:scofflaw_indicator,mcv,candidate,8,mcv:revocation_indicator:scofflaw_indicator:8,1208,False,10039877287176,10040010195291,0.132908115,dmv_candidate_cost_v0,ANALYZE dmv,True,
mcv:revocation_indicator:scofflaw_indicator,mcv,candidate,9,mcv:revocation_indicator:scofflaw_indicator:9,1209,False,10040012416711,10040136136846,0.123720135,dmv_candidate_cost_v0,ANALYZE dmv,True,
mcv:revocation_indicator:scofflaw_indicator,mcv,baseline,9,mcv:revocation_indicator:scofflaw_indicator:9,1210,False,10040137718009,10040261642353,0.123924344,dmv_candidate_cost_v0,ANALYZE dmv,True,
mcv:revocation_indicator:scofflaw_indicator,mcv,baseline,10,mcv:revocation_indicator:scofflaw_indicator:10,1211,False,10040261903996,10040384408268,0.122504272,dmv_candidate_cost_v0,ANALYZE dmv,True,
mcv:revocation_indicator:scofflaw_indicator,mcv,candidate,10,mcv:revocation_indicator:scofflaw_indicator:10,1212,False,10040386897246,10040515855987,0.128958741,dmv_candidate_cost_v0,ANALYZE dmv,True,
mcv:revocation_indicator:scofflaw_indicator,mcv,candidate,11,mcv:revocation_indicator:scofflaw_indicator:11,1213,False,10040518227526,10040640911638,0.122684112,dmv_candidate_cost_v0,ANALYZE dmv,True,
mcv:revocation_indicator:scofflaw_indicator,mcv,baseline,11,mcv:revocation_indicator:scofflaw_indicator:11,1214,False,10040642180314,10040762575118,0.120394804,dmv_candidate_cost_v0,ANALYZE dmv,True,
mcv:revocation_indicator:scofflaw_indicator,mcv,baseline,12,mcv:revocation_indicator:scofflaw_indicator:12,1215,False,10040762893013,10040882779292,0.119886279,dmv_candidate_cost_v0,ANALYZE dmv,True,
mcv:revocation_indicator:scofflaw_indicator,mcv,candidate,12,mcv:revocation_indicator:scofflaw_indicator:12,1216,False,10040884622546,10041007469972,0.122847426,dmv_candidate_cost_v0,ANALYZE dmv,True,
mcv:revocation_indicator:scofflaw_indicator,mcv,candidate,13,mcv:revocation_indicator:scofflaw_indicator:13,1217,False,10041009671942,10041132254327,0.122582385,dmv_candidate_cost_v0,ANALYZE dmv,True,
mcv:revocation_indicator:scofflaw_indicator,mcv,baseline,13,mcv:revocation_indicator:scofflaw_indicator:13,1218,False,10041133291790,10041253958650,0.12066686,dmv_candidate_cost_v0,ANALYZE dmv,True,
mcv:revocation_indicator:scofflaw_indicator,mcv,baseline,14,mcv:revocation_indicator:scofflaw_indicator:14,1219,False,10041254211427,10041376564441,0.122353014,dmv_candidate_cost_v0,ANALYZE dmv,True,
mcv:revocation_indicator:scofflaw_indicator,mcv,candidate,14,mcv:revocation_indicator:scofflaw_indicator:14,1220,False,10041378692009,10041507408347,0.128716338,dmv_candidate_cost_v0,ANALYZE dmv,True,
mcv:revocation_indicator:scofflaw_indicator,mcv,candidate,15,mcv:revocation_indicator:scofflaw_indicator:15,1221,False,10041510335089,10041638211912,0.127876823,dmv_candidate_cost_v0,ANALYZE dmv,True,
mcv:revocation_indicator:scofflaw_indicator,mcv,baseline,15,mcv:revocation_indicator:scofflaw_indicator:15,1222,False,10041640096997,10041769868389,0.129771392,dmv_candidate_cost_v0,ANALYZE dmv,True,
mcv:revocation_indicator:scofflaw_indicator,mcv,baseline,16,mcv:revocation_indicator:scofflaw_indicator:16,1223,False,10041770220510,10041895626082,0.125405572,dmv_candidate_cost_v0,ANALYZE dmv,True,
mcv:revocation_indicator:scofflaw_indicator,mcv,candidate,16,mcv:revocation_indicator:scofflaw_indicator:16,1224,False,10041898126038,10042035416141,0.137290103,dmv_candidate_cost_v0,ANALYZE dmv,True,
mcv:revocation_indicator:scofflaw_indicator,mcv,candidate,17,mcv:revocation_indicator:scofflaw_indicator:17,1225,False,10042037975039,10042172514637,0.134539598,dmv_candidate_cost_v0,ANALYZE dmv,True,
mcv:revocation_indicator:scofflaw_indicator,mcv,baseline,17,mcv:revocation_indicator:scofflaw_indicator:17,1226,False,10042173460412,10042291836028,0.118375616,dmv_candidate_cost_v0,ANALYZE dmv,True,
mcv:revocation_indicator:scofflaw_indicator,mcv,baseline,18,mcv:revocation_indicator:scofflaw_indicator:18,1227,False,10042292273511,10042414747215,0.122473704,dmv_candidate_cost_v0,ANALYZE dmv,True,
mcv:revocation_indicator:scofflaw_indicator,mcv,candidate,18,mcv:revocation_indicator:scofflaw_indicator:18,1228,False,10042416665111,10042546063723,0.129398612,dmv_candidate_cost_v0,ANALYZE dmv,True,
mcv:revocation_indicator:scofflaw_indicator,mcv,candidate,19,mcv:revocation_indicator:scofflaw_indicator:19,1229,False,10042548886971,10042671017905,0.122130934,dmv_candidate_cost_v0,ANALYZE dmv,True,
mcv:revocation_indicator:scofflaw_indicator,mcv,baseline,19,mcv:revocation_indicator:scofflaw_indicator:19,1230,False,10042672237958,10042792840791,0.120602833,dmv_candidate_cost_v0,ANALYZE dmv,True,
mcv:revocation_indicator:scofflaw_indicator,mcv,baseline,20,mcv:revocation_indicator:scofflaw_indicator:20,1231,False,10042793201185,10042917387233,0.124186048,dmv_candidate_cost_v0,ANALYZE dmv,True,
mcv:revocation_indicator:scofflaw_indicator,mcv,candidate,20,mcv:revocation_indicator:scofflaw_indicator:20,1232,False,10042919835059,10043051079095,0.131244036,dmv_candidate_cost_v0,ANALYZE dmv,True,
mcv:registration_class:revocation_indicator,mcv,candidate,-1,mcv:registration_class:revocation_indicator:-1,1233,True,10043053833110,10043183890742,0.130057632,dmv_candidate_cost_v0,ANALYZE dmv,True,
mcv:registration_class:revocation_indicator,mcv,baseline,-1,mcv:registration_class:revocation_indicator:-1,1234,True,10043185034452,10043308651269,0.123616817,dmv_candidate_cost_v0,ANALYZE dmv,True,
mcv:registration_class:revocation_indicator,mcv,baseline,0,mcv:registration_class:revocation_indicator:0,1235,False,10043308913340,10043432250251,0.123336911,dmv_candidate_cost_v0,ANALYZE dmv,True,
mcv:registration_class:revocation_indicator,mcv,candidate,0,mcv:registration_class:revocation_indicator:0,1236,False,10043433853046,10043562330903,0.128477857,dmv_candidate_cost_v0,ANALYZE dmv,True,
mcv:registration_class:revocation_indicator,mcv,candidate,1,mcv:registration_class:revocation_indicator:1,1237,False,10043565046780,10043688141190,0.12309441,dmv_candidate_cost_v0,ANALYZE dmv,True,
mcv:registration_class:revocation_indicator,mcv,baseline,1,mcv:registration_class:revocation_indicator:1,1238,False,10043690041351,10043809012655,0.118971304,dmv_candidate_cost_v0,ANALYZE dmv,True,
mcv:registration_class:revocation_indicator,mcv,baseline,2,mcv:registration_class:revocation_indicator:2,1239,False,10043809256615,10043932217837,0.122961222,dmv_candidate_cost_v0,ANALYZE dmv,True,
mcv:registration_class:revocation_indicator,mcv,candidate,2,mcv:registration_class:revocation_indicator:2,1240,False,10043934262446,10044060834986,0.12657254,dmv_candidate_cost_v0,ANALYZE dmv,True,
mcv:registration_class:revocation_indicator,mcv,candidate,3,mcv:registration_class:revocation_indicator:3,1241,False,10044063060095,10044192194285,0.12913419,dmv_candidate_cost_v0,ANALYZE dmv,True,
mcv:registration_class:revocation_indicator,mcv,baseline,3,mcv:registration_class:revocation_indicator:3,1242,False,10044193226041,10044316284888,0.123058847,dmv_candidate_cost_v0,ANALYZE dmv,True,
mcv:registration_class:revocation_indicator,mcv,baseline,4,mcv:registration_class:revocation_indicator:4,1243,False,10044316697195,10044438506960,0.121809765,dmv_candidate_cost_v0,ANALYZE dmv,True,
mcv:registration_class:revocation_indicator,mcv,candidate,4,mcv:registration_class:revocation_indicator:4,1244,False,10044440813073,10044568041354,0.127228281,dmv_candidate_cost_v0,ANALYZE dmv,True,
mcv:registration_class:revocation_indicator,mcv,candidate,5,mcv:registration_class:revocation_indicator:5,1245,False,10044570779175,10044693782373,0.123003198,dmv_candidate_cost_v0,ANALYZE dmv,True,
mcv:registration_class:revocation_indicator,mcv,baseline,5,mcv:registration_class:revocation_indicator:5,1246,False,10044695656994,10044816624864,0.12096787,dmv_candidate_cost_v0,ANALYZE dmv,True,
mcv:registration_class:revocation_indicator,mcv,baseline,6,mcv:registration_class:revocation_indicator:6,1247,False,10044816886616,10044940703775,0.123817159,dmv_candidate_cost_v0,ANALYZE dmv,True,
mcv:registration_class:revocation_indicator,mcv,candidate,6,mcv:registration_class:revocation_indicator:6,1248,False,10044942642475,10045076219096,0.133576621,dmv_candidate_cost_v0,ANALYZE dmv,True,
mcv:registration_class:revocation_indicator,mcv,candidate,7,mcv:registration_class:revocation_indicator:7,1249,False,10045079051766,10045203995211,0.124943445,dmv_candidate_cost_v0,ANALYZE dmv,True,
mcv:registration_class:revocation_indicator,mcv,baseline,7,mcv:registration_class:revocation_indicator:7,1250,False,10045205269368,10045330741082,0.125471714,dmv_candidate_cost_v0,ANALYZE dmv,True,
mcv:registration_class:revocation_indicator,mcv,baseline,8,mcv:registration_class:revocation_indicator:8,1251,False,10045331148211,10045459970060,0.128821849,dmv_candidate_cost_v0,ANALYZE dmv,True,
mcv:registration_class:revocation_indicator,mcv,candidate,8,mcv:registration_class:revocation_indicator:8,1252,False,10045461838556,10045591465089,0.129626533,dmv_candidate_cost_v0,ANALYZE dmv,True,
mcv:registration_class:revocation_indicator,mcv,candidate,9,mcv:registration_class:revocation_indicator:9,1253,False,10045593611092,10045717105920,0.123494828,dmv_candidate_cost_v0,ANALYZE dmv,True,
mcv:registration_class:revocation_indicator,mcv,baseline,9,mcv:registration_class:revocation_indicator:9,1254,False,10045718447663,10045843357213,0.12490955,dmv_candidate_cost_v0,ANALYZE dmv,True,
mcv:registration_class:revocation_indicator,mcv,baseline,10,mcv:registration_class:revocation_indicator:10,1255,False,10045843681915,10045964421389,0.120739474,dmv_candidate_cost_v0,ANALYZE dmv,True,
mcv:registration_class:revocation_indicator,mcv,candidate,10,mcv:registration_class:revocation_indicator:10,1256,False,10045966164619,10046097786418,0.131621799,dmv_candidate_cost_v0,ANALYZE dmv,True,
mcv:registration_class:revocation_indicator,mcv,candidate,11,mcv:registration_class:revocation_indicator:11,1257,False,10046100444163,10046224054425,0.123610262,dmv_candidate_cost_v0,ANALYZE dmv,True,
mcv:registration_class:revocation_indicator,mcv,baseline,11,mcv:registration_class:revocation_indicator:11,1258,False,10046225121503,10046348146991,0.123025488,dmv_candidate_cost_v0,ANALYZE dmv,True,
mcv:registration_class:revocation_indicator,mcv,baseline,12,mcv:registration_class:revocation_indicator:12,1259,False,10046348533159,10046476885740,0.128352581,dmv_candidate_cost_v0,ANALYZE dmv,True,
mcv:registration_class:revocation_indicator,mcv,candidate,12,mcv:registration_class:revocation_indicator:12,1260,False,10046478476728,10046608270022,0.129793294,dmv_candidate_cost_v0,ANALYZE dmv,True,
mcv:registration_class:revocation_indicator,mcv,candidate,13,mcv:registration_class:revocation_indicator:13,1261,False,10046610604428,10046733267960,0.122663532,dmv_candidate_cost_v0,ANALYZE dmv,True,
mcv:registration_class:revocation_indicator,mcv,baseline,13,mcv:registration_class:revocation_indicator:13,1262,False,10046734829160,10046854732559,0.119903399,dmv_candidate_cost_v0,ANALYZE dmv,True,
mcv:registration_class:revocation_indicator,mcv,baseline,14,mcv:registration_class:revocation_indicator:14,1263,False,10046854987505,10046975528907,0.120541402,dmv_candidate_cost_v0,ANALYZE dmv,True,
mcv:registration_class:revocation_indicator,mcv,candidate,14,mcv:registration_class:revocation_indicator:14,1264,False,10046977388676,10047103243835,0.125855159,dmv_candidate_cost_v0,ANALYZE dmv,True,
mcv:registration_class:revocation_indicator,mcv,candidate,15,mcv:registration_class:revocation_indicator:15,1265,False,10047106488129,10047234136703,0.127648574,dmv_candidate_cost_v0,ANALYZE dmv,True,
mcv:registration_class:revocation_indicator,mcv,baseline,15,mcv:registration_class:revocation_indicator:15,1266,False,10047235027511,10047358415900,0.123388389,dmv_candidate_cost_v0,ANALYZE dmv,True,
mcv:registration_class:revocation_indicator,mcv,baseline,16,mcv:registration_class:revocation_indicator:16,1267,False,10047358671461,10047480603340,0.121931879,dmv_candidate_cost_v0,ANALYZE dmv,True,
mcv:registration_class:revocation_indicator,mcv,candidate,16,mcv:registration_class:revocation_indicator:16,1268,False,10047482448388,10047603558427,0.121110039,dmv_candidate_cost_v0,ANALYZE dmv,True,
mcv:registration_class:revocation_indicator,mcv,candidate,17,mcv:registration_class:revocation_indicator:17,1269,False,10047606916289,10047729659158,0.122742869,dmv_candidate_cost_v0,ANALYZE dmv,True,
mcv:registration_class:revocation_indicator,mcv,baseline,17,mcv:registration_class:revocation_indicator:17,1270,False,10047730644189,10047848485652,0.117841463,dmv_candidate_cost_v0,ANALYZE dmv,True,
mcv:registration_class:revocation_indicator,mcv,baseline,18,mcv:registration_class:revocation_indicator:18,1271,False,10047848762891,10047976919302,0.128156411,dmv_candidate_cost_v0,ANALYZE dmv,True,
mcv:registration_class:revocation_indicator,mcv,candidate,18,mcv:registration_class:revocation_indicator:18,1272,False,10047978965295,10048103670165,0.12470487,dmv_candidate_cost_v0,ANALYZE dmv,True,
mcv:registration_class:revocation_indicator,mcv,candidate,19,mcv:registration_class:revocation_indicator:19,1273,False,10048106996627,10048232985971,0.125989344,dmv_candidate_cost_v0,ANALYZE dmv,True,
mcv:registration_class:revocation_indicator,mcv,baseline,19,mcv:registration_class:revocation_indicator:19,1274,False,10048234127954,10048358773269,0.124645315,dmv_candidate_cost_v0,ANALYZE dmv,True,
mcv:registration_class:revocation_indicator,mcv,baseline,20,mcv:registration_class:revocation_indicator:20,1275,False,10048359097232,10048478434743,0.119337511,dmv_candidate_cost_v0,ANALYZE dmv,True,
mcv:registration_class:revocation_indicator,mcv,candidate,20,mcv:registration_class:revocation_indicator:20,1276,False,10048480173062,10048608737579,0.128564517,dmv_candidate_cost_v0,ANALYZE dmv,True,
mcv:county:fuel_type,mcv,candidate,-1,mcv:county:fuel_type:-1,1277,True,10048611791500,10048737039373,0.125247873,dmv_candidate_cost_v0,ANALYZE dmv,True,
mcv:county:fuel_type,mcv,baseline,-1,mcv:county:fuel_type:-1,1278,True,10048738205699,10048861235834,0.123030135,dmv_candidate_cost_v0,ANALYZE dmv,True,
mcv:county:fuel_type,mcv,baseline,0,mcv:county:fuel_type:0,1279,False,10048861540006,10048985985287,0.124445281,dmv_candidate_cost_v0,ANALYZE dmv,True,
mcv:county:fuel_type,mcv,candidate,0,mcv:county:fuel_type:0,1280,False,10048988355212,10049119706946,0.131351734,dmv_candidate_cost_v0,ANALYZE dmv,True,
mcv:county:fuel_type,mcv,candidate,1,mcv:county:fuel_type:1,1281,False,10049122438285,10049251454515,0.12901623,dmv_candidate_cost_v0,ANALYZE dmv,True,
mcv:county:fuel_type,mcv,baseline,1,mcv:county:fuel_type:1,1282,False,10049253044629,10049374776081,0.121731452,dmv_candidate_cost_v0,ANALYZE dmv,True,
mcv:county:fuel_type,mcv,baseline,2,mcv:county:fuel_type:2,1283,False,10049375138765,10049505228550,0.130089785,dmv_candidate_cost_v0,ANALYZE dmv,True,
mcv:county:fuel_type,mcv,candidate,2,mcv:county:fuel_type:2,1284,False,10049507070168,10049639371578,0.13230141,dmv_candidate_cost_v0,ANALYZE dmv,True,
mcv:county:fuel_type,mcv,candidate,3,mcv:county:fuel_type:3,1285,False,10049642017498,10049768235828,0.12621833,dmv_candidate_cost_v0,ANALYZE dmv,True,
mcv:county:fuel_type,mcv,baseline,3,mcv:county:fuel_type:3,1286,False,10049769579006,10049895667566,0.12608856,dmv_candidate_cost_v0,ANALYZE dmv,True,
mcv:county:fuel_type,mcv,baseline,4,mcv:county:fuel_type:4,1287,False,10049895961832,10050017686960,0.121725128,dmv_candidate_cost_v0,ANALYZE dmv,True,
mcv:county:fuel_type,mcv,candidate,4,mcv:county:fuel_type:4,1288,False,10050020471488,10050146443540,0.125972052,dmv_candidate_cost_v0,ANALYZE dmv,True,
mcv:county:fuel_type,mcv,candidate,5,mcv:county:fuel_type:5,1289,False,10050148485780,10050275304742,0.126818962,dmv_candidate_cost_v0,ANALYZE dmv,True,
mcv:county:fuel_type,mcv,baseline,5,mcv:county:fuel_type:5,1290,False,10050276267682,10050396990531,0.120722849,dmv_candidate_cost_v0,ANALYZE dmv,True,
mcv:county:fuel_type,mcv,baseline,6,mcv:county:fuel_type:6,1291,False,10050397255538,10050517978384,0.120722846,dmv_candidate_cost_v0,ANALYZE dmv,True,
mcv:county:fuel_type,mcv,candidate,6,mcv:county:fuel_type:6,1292,False,10050519584452,10050651964801,0.132380349,dmv_candidate_cost_v0,ANALYZE dmv,True,
mcv:county:fuel_type,mcv,candidate,7,mcv:county:fuel_type:7,1293,False,10050654675599,10050780658362,0.125982763,dmv_candidate_cost_v0,ANALYZE dmv,True,
mcv:county:fuel_type,mcv,baseline,7,mcv:county:fuel_type:7,1294,False,10050782108988,10050903331253,0.121222265,dmv_candidate_cost_v0,ANALYZE dmv,True,
mcv:county:fuel_type,mcv,baseline,8,mcv:county:fuel_type:8,1295,False,10050903575491,10051028855613,0.125280122,dmv_candidate_cost_v0,ANALYZE dmv,True,
mcv:county:fuel_type,mcv,candidate,8,mcv:county:fuel_type:8,1296,False,10051030533201,10051156185291,0.12565209,dmv_candidate_cost_v0,ANALYZE dmv,True,
mcv:county:fuel_type,mcv,candidate,9,mcv:county:fuel_type:9,1297,False,10051158749158,10051289453021,0.130703863,dmv_candidate_cost_v0,ANALYZE dmv,True,
mcv:county:fuel_type,mcv,baseline,9,mcv:county:fuel_type:9,1298,False,10051290887146,10051414162911,0.123275765,dmv_candidate_cost_v0,ANALYZE dmv,True,
mcv:county:fuel_type,mcv,baseline,10,mcv:county:fuel_type:10,1299,False,10051414418612,10051536390913,0.121972301,dmv_candidate_cost_v0,ANALYZE dmv,True,
mcv:county:fuel_type,mcv,candidate,10,mcv:county:fuel_type:10,1300,False,10051538252132,10051668478295,0.130226163,dmv_candidate_cost_v0,ANALYZE dmv,True,
mcv:county:fuel_type,mcv,candidate,11,mcv:county:fuel_type:11,1301,False,10051671137165,10051795362947,0.124225782,dmv_candidate_cost_v0,ANALYZE dmv,True,
mcv:county:fuel_type,mcv,baseline,11,mcv:county:fuel_type:11,1302,False,10051796667074,10051915074386,0.118407312,dmv_candidate_cost_v0,ANALYZE dmv,True,
mcv:county:fuel_type,mcv,baseline,12,mcv:county:fuel_type:12,1303,False,10051915328604,10052035302873,0.119974269,dmv_candidate_cost_v0,ANALYZE dmv,True,
mcv:county:fuel_type,mcv,candidate,12,mcv:county:fuel_type:12,1304,False,10052036929490,10052164272735,0.127343245,dmv_candidate_cost_v0,ANALYZE dmv,True,
mcv:county:fuel_type,mcv,candidate,13,mcv:county:fuel_type:13,1305,False,10052166415115,10052298774439,0.132359324,dmv_candidate_cost_v0,ANALYZE dmv,True,
mcv:county:fuel_type,mcv,baseline,13,mcv:county:fuel_type:13,1306,False,10052299764640,10052420082515,0.120317875,dmv_candidate_cost_v0,ANALYZE dmv,True,
mcv:county:fuel_type,mcv,baseline,14,mcv:county:fuel_type:14,1307,False,10052420400377,10052544874269,0.124473892,dmv_candidate_cost_v0,ANALYZE dmv,True,
mcv:county:fuel_type,mcv,candidate,14,mcv:county:fuel_type:14,1308,False,10052546949784,10052672800389,0.125850605,dmv_candidate_cost_v0,ANALYZE dmv,True,
mcv:county:fuel_type,mcv,candidate,15,mcv:county:fuel_type:15,1309,False,10052675332508,10052800783008,0.1254505,dmv_candidate_cost_v0,ANALYZE dmv,True,
mcv:county:fuel_type,mcv,baseline,15,mcv:county:fuel_type:15,1310,False,10052801953577,10052926219778,0.124266201,dmv_candidate_cost_v0,ANALYZE dmv,True,
mcv:county:fuel_type,mcv,baseline,16,mcv:county:fuel_type:16,1311,False,10052926624967,10053048869798,0.122244831,dmv_candidate_cost_v0,ANALYZE dmv,True,
mcv:county:fuel_type,mcv,candidate,16,mcv:county:fuel_type:16,1312,False,10053050410715,10053183842144,0.133431429,dmv_candidate_cost_v0,ANALYZE dmv,True,
mcv:county:fuel_type,mcv,candidate,17,mcv:county:fuel_type:17,1313,False,10053186650008,10053315599786,0.128949778,dmv_candidate_cost_v0,ANALYZE dmv,True,
mcv:county:fuel_type,mcv,baseline,17,mcv:county:fuel_type:17,1314,False,10053316700759,10053443128325,0.126427566,dmv_candidate_cost_v0,ANALYZE dmv,True,
mcv:county:fuel_type,mcv,baseline,18,mcv:county:fuel_type:18,1315,False,10053443459441,10053567068897,0.123609456,dmv_candidate_cost_v0,ANALYZE dmv,True,
mcv:county:fuel_type,mcv,candidate,18,mcv:county:fuel_type:18,1316,False,10053569220660,10053706013318,0.136792658,dmv_candidate_cost_v0,ANALYZE dmv,True,
mcv:county:fuel_type,mcv,candidate,19,mcv:county:fuel_type:19,1317,False,10053708621309,10053835573061,0.126951752,dmv_candidate_cost_v0,ANALYZE dmv,True,
mcv:county:fuel_type,mcv,baseline,19,mcv:county:fuel_type:19,1318,False,10053836860286,10053960275686,0.1234154,dmv_candidate_cost_v0,ANALYZE dmv,True,
mcv:county:fuel_type,mcv,baseline,20,mcv:county:fuel_type:20,1319,False,10053960605698,10054090169847,0.129564149,dmv_candidate_cost_v0,ANALYZE dmv,True,
mcv:county:fuel_type,mcv,candidate,20,mcv:county:fuel_type:20,1320,False,10054091863908,10054221572902,0.129708994,dmv_candidate_cost_v0,ANALYZE dmv,True,
mcv:scofflaw_indicator:state,mcv,candidate,-1,mcv:scofflaw_indicator:state:-1,1321,True,10054223909989,10054354234698,0.130324709,dmv_candidate_cost_v0,ANALYZE dmv,True,
mcv:scofflaw_indicator:state,mcv,baseline,-1,mcv:scofflaw_indicator:state:-1,1322,True,10054355219104,10054476487421,0.121268317,dmv_candidate_cost_v0,ANALYZE dmv,True,
mcv:scofflaw_indicator:state,mcv,baseline,0,mcv:scofflaw_indicator:state:0,1323,False,10054476730332,10054597614721,0.120884389,dmv_candidate_cost_v0,ANALYZE dmv,True,
mcv:scofflaw_indicator:state,mcv,candidate,0,mcv:scofflaw_indicator:state:0,1324,False,10054599365365,10054722495671,0.123130306,dmv_candidate_cost_v0,ANALYZE dmv,True,
mcv:scofflaw_indicator:state,mcv,candidate,1,mcv:scofflaw_indicator:state:1,1325,False,10054725389932,10054848727979,0.123338047,dmv_candidate_cost_v0,ANALYZE dmv,True,
mcv:scofflaw_indicator:state,mcv,baseline,1,mcv:scofflaw_indicator:state:1,1326,False,10054849886119,10054969591907,0.119705788,dmv_candidate_cost_v0,ANALYZE dmv,True,
mcv:scofflaw_indicator:state,mcv,baseline,2,mcv:scofflaw_indicator:state:2,1327,False,10054969884670,10055093070400,0.12318573,dmv_candidate_cost_v0,ANALYZE dmv,True,
mcv:scofflaw_indicator:state,mcv,candidate,2,mcv:scofflaw_indicator:state:2,1328,False,10055095010250,10055247174770,0.15216452,dmv_candidate_cost_v0,ANALYZE dmv,True,
mcv:scofflaw_indicator:state,mcv,candidate,3,mcv:scofflaw_indicator:state:3,1329,False,10055250114698,10055379191174,0.129076476,dmv_candidate_cost_v0,ANALYZE dmv,True,
mcv:scofflaw_indicator:state,mcv,baseline,3,mcv:scofflaw_indicator:state:3,1330,False,10055380455364,10055501317863,0.120862499,dmv_candidate_cost_v0,ANALYZE dmv,True,
mcv:scofflaw_indicator:state,mcv,baseline,4,mcv:scofflaw_indicator:state:4,1331,False,10055501856434,10055640719658,0.138863224,dmv_candidate_cost_v0,ANALYZE dmv,True,
mcv:scofflaw_indicator:state,mcv,candidate,4,mcv:scofflaw_indicator:state:4,1332,False,10055642748299,10055778430510,0.135682211,dmv_candidate_cost_v0,ANALYZE dmv,True,
mcv:scofflaw_indicator:state,mcv,candidate,5,mcv:scofflaw_indicator:state:5,1333,False,10055780771086,10055909014373,0.128243287,dmv_candidate_cost_v0,ANALYZE dmv,True,
mcv:scofflaw_indicator:state,mcv,baseline,5,mcv:scofflaw_indicator:state:5,1334,False,10055910330955,10056030813088,0.120482133,dmv_candidate_cost_v0,ANALYZE dmv,True,
mcv:scofflaw_indicator:state,mcv,baseline,6,mcv:scofflaw_indicator:state:6,1335,False,10056031265893,10056159135293,0.1278694,dmv_candidate_cost_v0,ANALYZE dmv,True,
mcv:scofflaw_indicator:state,mcv,candidate,6,mcv:scofflaw_indicator:state:6,1336,False,10056161068014,10056314722694,0.15365468,dmv_candidate_cost_v0,ANALYZE dmv,True,
mcv:scofflaw_indicator:state,mcv,candidate,7,mcv:scofflaw_indicator:state:7,1337,False,10056317255072,10056445903384,0.128648312,dmv_candidate_cost_v0,ANALYZE dmv,True,
mcv:scofflaw_indicator:state,mcv,baseline,7,mcv:scofflaw_indicator:state:7,1338,False,10056446996026,10056572139930,0.125143904,dmv_candidate_cost_v0,ANALYZE dmv,True,
mcv:scofflaw_indicator:state,mcv,baseline,8,mcv:scofflaw_indicator:state:8,1339,False,10056572420475,10056696590115,0.12416964,dmv_candidate_cost_v0,ANALYZE dmv,True,
mcv:scofflaw_indicator:state,mcv,candidate,8,mcv:scofflaw_indicator:state:8,1340,False,10056698156656,10056822683416,0.12452676,dmv_candidate_cost_v0,ANALYZE dmv,True,
mcv:scofflaw_indicator:state,mcv,candidate,9,mcv:scofflaw_indicator:state:9,1341,False,10056824880306,10056953182135,0.128301829,dmv_candidate_cost_v0,ANALYZE dmv,True,
mcv:scofflaw_indicator:state,mcv,baseline,9,mcv:scofflaw_indicator:state:9,1342,False,10056954345252,10057090652747,0.136307495,dmv_candidate_cost_v0,ANALYZE dmv,True,
mcv:scofflaw_indicator:state,mcv,baseline,10,mcv:scofflaw_indicator:state:10,1343,False,10057090923550,10057244627271,0.153703721,dmv_candidate_cost_v0,ANALYZE dmv,True,
mcv:scofflaw_indicator:state,mcv,candidate,10,mcv:scofflaw_indicator:state:10,1344,False,10057248320089,10057390692444,0.142372355,dmv_candidate_cost_v0,ANALYZE dmv,True,
mcv:scofflaw_indicator:state,mcv,candidate,11,mcv:scofflaw_indicator:state:11,1345,False,10057392933085,10057517020411,0.124087326,dmv_candidate_cost_v0,ANALYZE dmv,True,
mcv:scofflaw_indicator:state,mcv,baseline,11,mcv:scofflaw_indicator:state:11,1346,False,10057518080192,10057640866114,0.122785922,dmv_candidate_cost_v0,ANALYZE dmv,True,
mcv:scofflaw_indicator:state,mcv,baseline,12,mcv:scofflaw_indicator:state:12,1347,False,10057641097206,10057763394358,0.122297152,dmv_candidate_cost_v0,ANALYZE dmv,True,
mcv:scofflaw_indicator:state,mcv,candidate,12,mcv:scofflaw_indicator:state:12,1348,False,10057765259582,10057895697136,0.130437554,dmv_candidate_cost_v0,ANALYZE dmv,True,
mcv:scofflaw_indicator:state,mcv,candidate,13,mcv:scofflaw_indicator:state:13,1349,False,10057899212614,10058022948542,0.123735928,dmv_candidate_cost_v0,ANALYZE dmv,True,
mcv:scofflaw_indicator:state,mcv,baseline,13,mcv:scofflaw_indicator:state:13,1350,False,10058024594341,10058152381944,0.127787603,dmv_candidate_cost_v0,ANALYZE dmv,True,
mcv:scofflaw_indicator:state,mcv,baseline,14,mcv:scofflaw_indicator:state:14,1351,False,10058152723376,10058280320780,0.127597404,dmv_candidate_cost_v0,ANALYZE dmv,True,
mcv:scofflaw_indicator:state,mcv,candidate,14,mcv:scofflaw_indicator:state:14,1352,False,10058281702829,10058412769268,0.131066439,dmv_candidate_cost_v0,ANALYZE dmv,True,
mcv:scofflaw_indicator:state,mcv,candidate,15,mcv:scofflaw_indicator:state:15,1353,False,10058415293655,10058536407091,0.121113436,dmv_candidate_cost_v0,ANALYZE dmv,True,
mcv:scofflaw_indicator:state,mcv,baseline,15,mcv:scofflaw_indicator:state:15,1354,False,10058537742138,10058662629091,0.124886953,dmv_candidate_cost_v0,ANALYZE dmv,True,
mcv:scofflaw_indicator:state,mcv,baseline,16,mcv:scofflaw_indicator:state:16,1355,False,10058662959838,10058786406364,0.123446526,dmv_candidate_cost_v0,ANALYZE dmv,True,
mcv:scofflaw_indicator:state,mcv,candidate,16,mcv:scofflaw_indicator:state:16,1356,False,10058788050145,10058915998873,0.127948728,dmv_candidate_cost_v0,ANALYZE dmv,True,
mcv:scofflaw_indicator:state,mcv,candidate,17,mcv:scofflaw_indicator:state:17,1357,False,10058918437848,10059042709617,0.124271769,dmv_candidate_cost_v0,ANALYZE dmv,True,
mcv:scofflaw_indicator:state,mcv,baseline,17,mcv:scofflaw_indicator:state:17,1358,False,10059044279162,10059169237218,0.124958056,dmv_candidate_cost_v0,ANALYZE dmv,True,
mcv:scofflaw_indicator:state,mcv,baseline,18,mcv:scofflaw_indicator:state:18,1359,False,10059169492404,10059288506865,0.119014461,dmv_candidate_cost_v0,ANALYZE dmv,True,
mcv:scofflaw_indicator:state,mcv,candidate,18,mcv:scofflaw_indicator:state:18,1360,False,10059290150693,10059422474175,0.132323482,dmv_candidate_cost_v0,ANALYZE dmv,True,
mcv:scofflaw_indicator:state,mcv,candidate,19,mcv:scofflaw_indicator:state:19,1361,False,10059425745325,10059559978377,0.134233052,dmv_candidate_cost_v0,ANALYZE dmv,True,
mcv:scofflaw_indicator:state,mcv,baseline,19,mcv:scofflaw_indicator:state:19,1362,False,10059561198013,10059688021413,0.1268234,dmv_candidate_cost_v0,ANALYZE dmv,True,
mcv:scofflaw_indicator:state,mcv,baseline,20,mcv:scofflaw_indicator:state:20,1363,False,10059688368883,10059806384665,0.118015782,dmv_candidate_cost_v0,ANALYZE dmv,True,
mcv:scofflaw_indicator:state,mcv,candidate,20,mcv:scofflaw_indicator:state:20,1364,False,10059808189371,10059934120545,0.125931174,dmv_candidate_cost_v0,ANALYZE dmv,True,
mcv:body_type:revocation_indicator,mcv,candidate,-1,mcv:body_type:revocation_indicator:-1,1365,True,10059938121427,10060069764481,0.131643054,dmv_candidate_cost_v0,ANALYZE dmv,True,
mcv:body_type:revocation_indicator,mcv,baseline,-1,mcv:body_type:revocation_indicator:-1,1366,True,10060070828256,10060190525563,0.119697307,dmv_candidate_cost_v0,ANALYZE dmv,True,
mcv:body_type:revocation_indicator,mcv,baseline,0,mcv:body_type:revocation_indicator:0,1367,False,10060190797454,10060310923505,0.120126051,dmv_candidate_cost_v0,ANALYZE dmv,True,
mcv:body_type:revocation_indicator,mcv,candidate,0,mcv:body_type:revocation_indicator:0,1368,False,10060312992472,10060443483970,0.130491498,dmv_candidate_cost_v0,ANALYZE dmv,True,
mcv:body_type:revocation_indicator,mcv,candidate,1,mcv:body_type:revocation_indicator:1,1369,False,10060446122496,10060576790695,0.130668199,dmv_candidate_cost_v0,ANALYZE dmv,True,
mcv:body_type:revocation_indicator,mcv,baseline,1,mcv:body_type:revocation_indicator:1,1370,False,10060577847953,10060698072103,0.12022415,dmv_candidate_cost_v0,ANALYZE dmv,True,
mcv:body_type:revocation_indicator,mcv,baseline,2,mcv:body_type:revocation_indicator:2,1371,False,10060698454762,10060822573836,0.124119074,dmv_candidate_cost_v0,ANALYZE dmv,True,
mcv:body_type:revocation_indicator,mcv,candidate,2,mcv:body_type:revocation_indicator:2,1372,False,10060824481247,10060950126372,0.125645125,dmv_candidate_cost_v0,ANALYZE dmv,True,
mcv:body_type:revocation_indicator,mcv,candidate,3,mcv:body_type:revocation_indicator:3,1373,False,10060952485421,10061082196886,0.129711465,dmv_candidate_cost_v0,ANALYZE dmv,True,
mcv:body_type:revocation_indicator,mcv,baseline,3,mcv:body_type:revocation_indicator:3,1374,False,10061083239458,10061204135977,0.120896519,dmv_candidate_cost_v0,ANALYZE dmv,True,
mcv:body_type:revocation_indicator,mcv,baseline,4,mcv:body_type:revocation_indicator:4,1375,False,10061204481080,10061326285480,0.1218044,dmv_candidate_cost_v0,ANALYZE dmv,True,
mcv:body_type:revocation_indicator,mcv,candidate,4,mcv:body_type:revocation_indicator:4,1376,False,10061328172983,10061461864508,0.133691525,dmv_candidate_cost_v0,ANALYZE dmv,True,
mcv:body_type:revocation_indicator,mcv,candidate,5,mcv:body_type:revocation_indicator:5,1377,False,10061464513163,10061600029787,0.135516624,dmv_candidate_cost_v0,ANALYZE dmv,True,
mcv:body_type:revocation_indicator,mcv,baseline,5,mcv:body_type:revocation_indicator:5,1378,False,10061601746823,10061732508688,0.130761865,dmv_candidate_cost_v0,ANALYZE dmv,True,
mcv:body_type:revocation_indicator,mcv,baseline,6,mcv:body_type:revocation_indicator:6,1379,False,10061732868597,10061855621831,0.122753234,dmv_candidate_cost_v0,ANALYZE dmv,True,
mcv:body_type:revocation_indicator,mcv,candidate,6,mcv:body_type:revocation_indicator:6,1380,False,10061857581639,10061986475093,0.128893454,dmv_candidate_cost_v0,ANALYZE dmv,True,
mcv:body_type:revocation_indicator,mcv,candidate,7,mcv:body_type:revocation_indicator:7,1381,False,10061989726613,10062115290509,0.125563896,dmv_candidate_cost_v0,ANALYZE dmv,True,
mcv:body_type:revocation_indicator,mcv,baseline,7,mcv:body_type:revocation_indicator:7,1382,False,10062116902527,10062245266402,0.128363875,dmv_candidate_cost_v0,ANALYZE dmv,True,
mcv:body_type:revocation_indicator,mcv,baseline,8,mcv:body_type:revocation_indicator:8,1383,False,10062245799590,10062376256134,0.130456544,dmv_candidate_cost_v0,ANALYZE dmv,True,
mcv:body_type:revocation_indicator,mcv,candidate,8,mcv:body_type:revocation_indicator:8,1384,False,10062378047140,10062506651567,0.128604427,dmv_candidate_cost_v0,ANALYZE dmv,True,
mcv:body_type:revocation_indicator,mcv,candidate,9,mcv:body_type:revocation_indicator:9,1385,False,10062509815698,10062635250974,0.125435276,dmv_candidate_cost_v0,ANALYZE dmv,True,
mcv:body_type:revocation_indicator,mcv,baseline,9,mcv:body_type:revocation_indicator:9,1386,False,10062636189402,10062757518439,0.121329037,dmv_candidate_cost_v0,ANALYZE dmv,True,
mcv:body_type:revocation_indicator,mcv,baseline,10,mcv:body_type:revocation_indicator:10,1387,False,10062757784034,10062878467411,0.120683377,dmv_candidate_cost_v0,ANALYZE dmv,True,
mcv:body_type:revocation_indicator,mcv,candidate,10,mcv:body_type:revocation_indicator:10,1388,False,10062880321902,10063009766492,0.12944459,dmv_candidate_cost_v0,ANALYZE dmv,True,
mcv:body_type:revocation_indicator,mcv,candidate,11,mcv:body_type:revocation_indicator:11,1389,False,10063011894966,10063144420543,0.132525577,dmv_candidate_cost_v0,ANALYZE dmv,True,
mcv:body_type:revocation_indicator,mcv,baseline,11,mcv:body_type:revocation_indicator:11,1390,False,10063145529162,10063270105478,0.124576316,dmv_candidate_cost_v0,ANALYZE dmv,True,
mcv:body_type:revocation_indicator,mcv,baseline,12,mcv:body_type:revocation_indicator:12,1391,False,10063270350535,10063393179085,0.12282855,dmv_candidate_cost_v0,ANALYZE dmv,True,
mcv:body_type:revocation_indicator,mcv,candidate,12,mcv:body_type:revocation_indicator:12,1392,False,10063394744041,10063519726230,0.124982189,dmv_candidate_cost_v0,ANALYZE dmv,True,
mcv:body_type:revocation_indicator,mcv,candidate,13,mcv:body_type:revocation_indicator:13,1393,False,10063522347866,10063652633602,0.130285736,dmv_candidate_cost_v0,ANALYZE dmv,True,
mcv:body_type:revocation_indicator,mcv,baseline,13,mcv:body_type:revocation_indicator:13,1394,False,10063653580809,10063776138357,0.122557548,dmv_candidate_cost_v0,ANALYZE dmv,True,
mcv:body_type:revocation_indicator,mcv,baseline,14,mcv:body_type:revocation_indicator:14,1395,False,10063776815256,10063900178782,0.123363526,dmv_candidate_cost_v0,ANALYZE dmv,True,
mcv:body_type:revocation_indicator,mcv,candidate,14,mcv:body_type:revocation_indicator:14,1396,False,10063902476582,10064036557310,0.134080728,dmv_candidate_cost_v0,ANALYZE dmv,True,
mcv:body_type:revocation_indicator,mcv,candidate,15,mcv:body_type:revocation_indicator:15,1397,False,10064039039700,10064167151555,0.128111855,dmv_candidate_cost_v0,ANALYZE dmv,True,
mcv:body_type:revocation_indicator,mcv,baseline,15,mcv:body_type:revocation_indicator:15,1398,False,10064168208462,10064290486256,0.122277794,dmv_candidate_cost_v0,ANALYZE dmv,True,
mcv:body_type:revocation_indicator,mcv,baseline,16,mcv:body_type:revocation_indicator:16,1399,False,10064290770350,10064415625747,0.124855397,dmv_candidate_cost_v0,ANALYZE dmv,True,
mcv:body_type:revocation_indicator,mcv,candidate,16,mcv:body_type:revocation_indicator:16,1400,False,10064417153249,10064544817686,0.127664437,dmv_candidate_cost_v0,ANALYZE dmv,True,
mcv:body_type:revocation_indicator,mcv,candidate,17,mcv:body_type:revocation_indicator:17,1401,False,10064547855903,10064672262468,0.124406565,dmv_candidate_cost_v0,ANALYZE dmv,True,
mcv:body_type:revocation_indicator,mcv,baseline,17,mcv:body_type:revocation_indicator:17,1402,False,10064673554520,10064797841090,0.12428657,dmv_candidate_cost_v0,ANALYZE dmv,True,
mcv:body_type:revocation_indicator,mcv,baseline,18,mcv:body_type:revocation_indicator:18,1403,False,10064798369069,10064926973094,0.128604025,dmv_candidate_cost_v0,ANALYZE dmv,True,
mcv:body_type:revocation_indicator,mcv,candidate,18,mcv:body_type:revocation_indicator:18,1404,False,10064928949646,10065054920359,0.125970713,dmv_candidate_cost_v0,ANALYZE dmv,True,
mcv:body_type:revocation_indicator,mcv,candidate,19,mcv:body_type:revocation_indicator:19,1405,False,10065057290580,10065185798938,0.128508358,dmv_candidate_cost_v0,ANALYZE dmv,True,
mcv:body_type:revocation_indicator,mcv,baseline,19,mcv:body_type:revocation_indicator:19,1406,False,10065187865963,10065311308690,0.123442727,dmv_candidate_cost_v0,ANALYZE dmv,True,
mcv:body_type:revocation_indicator,mcv,baseline,20,mcv:body_type:revocation_indicator:20,1407,False,10065311825782,10065435188072,0.12336229,dmv_candidate_cost_v0,ANALYZE dmv,True,
mcv:body_type:revocation_indicator,mcv,candidate,20,mcv:body_type:revocation_indicator:20,1408,False,10065437019755,10065572616551,0.135596796,dmv_candidate_cost_v0,ANALYZE dmv,True,
mcv:body_type:state,mcv,candidate,-1,mcv:body_type:state:-1,1409,True,10065577110812,10065709442150,0.132331338,dmv_candidate_cost_v0,ANALYZE dmv,True,
mcv:body_type:state,mcv,baseline,-1,mcv:body_type:state:-1,1410,True,10065710594583,10065835049419,0.124454836,dmv_candidate_cost_v0,ANALYZE dmv,True,
mcv:body_type:state,mcv,baseline,0,mcv:body_type:state:0,1411,False,10065835298686,10065955719403,0.120420717,dmv_candidate_cost_v0,ANALYZE dmv,True,
mcv:body_type:state,mcv,candidate,0,mcv:body_type:state:0,1412,False,10065957707592,10066086550711,0.128843119,dmv_candidate_cost_v0,ANALYZE dmv,True,
mcv:body_type:state,mcv,candidate,1,mcv:body_type:state:1,1413,False,10066090089041,10066223021199,0.132932158,dmv_candidate_cost_v0,ANALYZE dmv,True,
mcv:body_type:state,mcv,baseline,1,mcv:body_type:state:1,1414,False,10066224133603,10066341787956,0.117654353,dmv_candidate_cost_v0,ANALYZE dmv,True,
mcv:body_type:state,mcv,baseline,2,mcv:body_type:state:2,1415,False,10066342093237,10066463463346,0.121370109,dmv_candidate_cost_v0,ANALYZE dmv,True,
mcv:body_type:state,mcv,candidate,2,mcv:body_type:state:2,1416,False,10066465638148,10066603411707,0.137773559,dmv_candidate_cost_v0,ANALYZE dmv,True,
mcv:body_type:state,mcv,candidate,3,mcv:body_type:state:3,1417,False,10066605892989,10066731311995,0.125419006,dmv_candidate_cost_v0,ANALYZE dmv,True,
mcv:body_type:state,mcv,baseline,3,mcv:body_type:state:3,1418,False,10066732524488,10066853521839,0.120997351,dmv_candidate_cost_v0,ANALYZE dmv,True,
mcv:body_type:state,mcv,baseline,4,mcv:body_type:state:4,1419,False,10066853825000,10066975836793,0.122011793,dmv_candidate_cost_v0,ANALYZE dmv,True,
mcv:body_type:state,mcv,candidate,4,mcv:body_type:state:4,1420,False,10066977666051,10067101165644,0.123499593,dmv_candidate_cost_v0,ANALYZE dmv,True,
mcv:body_type:state,mcv,candidate,5,mcv:body_type:state:5,1421,False,10067103382357,10067239841386,0.136459029,dmv_candidate_cost_v0,ANALYZE dmv,True,
mcv:body_type:state,mcv,baseline,5,mcv:body_type:state:5,1422,False,10067240943453,10067364210834,0.123267381,dmv_candidate_cost_v0,ANALYZE dmv,True,
mcv:body_type:state,mcv,baseline,6,mcv:body_type:state:6,1423,False,10067364578061,10067493003952,0.128425891,dmv_candidate_cost_v0,ANALYZE dmv,True,
mcv:body_type:state,mcv,candidate,6,mcv:body_type:state:6,1424,False,10067494519309,10067620549776,0.126030467,dmv_candidate_cost_v0,ANALYZE dmv,True,
mcv:body_type:state,mcv,candidate,7,mcv:body_type:state:7,1425,False,10067622814472,10067753402597,0.130588125,dmv_candidate_cost_v0,ANALYZE dmv,True,
mcv:body_type:state,mcv,baseline,7,mcv:body_type:state:7,1426,False,10067754476917,10067876545421,0.122068504,dmv_candidate_cost_v0,ANALYZE dmv,True,
mcv:body_type:state,mcv,baseline,8,mcv:body_type:state:8,1427,False,10067876845401,10067997856583,0.121011182,dmv_candidate_cost_v0,ANALYZE dmv,True,
mcv:body_type:state,mcv,candidate,8,mcv:body_type:state:8,1428,False,10067999455747,10068123886461,0.124430714,dmv_candidate_cost_v0,ANALYZE dmv,True,
mcv:body_type:state,mcv,candidate,9,mcv:body_type:state:9,1429,False,10068125992887,10068255064322,0.129071435,dmv_candidate_cost_v0,ANALYZE dmv,True,
mcv:body_type:state,mcv,baseline,9,mcv:body_type:state:9,1430,False,10068256253359,10068380254097,0.124000738,dmv_candidate_cost_v0,ANALYZE dmv,True,
mcv:body_type:state,mcv,baseline,10,mcv:body_type:state:10,1431,False,10068380575675,10068511960197,0.131384522,dmv_candidate_cost_v0,ANALYZE dmv,True,
mcv:body_type:state,mcv,candidate,10,mcv:body_type:state:10,1432,False,10068514413273,10068656598968,0.142185695,dmv_candidate_cost_v0,ANALYZE dmv,True,
mcv:body_type:state,mcv,candidate,11,mcv:body_type:state:11,1433,False,10068659547205,10068786341721,0.126794516,dmv_candidate_cost_v0,ANALYZE dmv,True,
mcv:body_type:state,mcv,baseline,11,mcv:body_type:state:11,1434,False,10068787705241,10068910569708,0.122864467,dmv_candidate_cost_v0,ANALYZE dmv,True,
mcv:body_type:state,mcv,baseline,12,mcv:body_type:state:12,1435,False,10068910816166,10069032821454,0.122005288,dmv_candidate_cost_v0,ANALYZE dmv,True,
mcv:body_type:state,mcv,candidate,12,mcv:body_type:state:12,1436,False,10069034534976,10069166840936,0.13230596,dmv_candidate_cost_v0,ANALYZE dmv,True,
mcv:body_type:state,mcv,candidate,13,mcv:body_type:state:13,1437,False,10069169714067,10069302718395,0.133004328,dmv_candidate_cost_v0,ANALYZE dmv,True,
mcv:body_type:state,mcv,baseline,13,mcv:body_type:state:13,1438,False,10069304134665,10069426171131,0.122036466,dmv_candidate_cost_v0,ANALYZE dmv,True,
mcv:body_type:state,mcv,baseline,14,mcv:body_type:state:14,1439,False,10069426539584,10069551508047,0.124968463,dmv_candidate_cost_v0,ANALYZE dmv,True,
mcv:body_type:state,mcv,candidate,14,mcv:body_type:state:14,1440,False,10069553354626,10069680943793,0.127589167,dmv_candidate_cost_v0,ANALYZE dmv,True,
mcv:body_type:state,mcv,candidate,15,mcv:body_type:state:15,1441,False,10069683372948,10069811613044,0.128240096,dmv_candidate_cost_v0,ANALYZE dmv,True,
mcv:body_type:state,mcv,baseline,15,mcv:body_type:state:15,1442,False,10069812651535,10069936489937,0.123838402,dmv_candidate_cost_v0,ANALYZE dmv,True,
mcv:body_type:state,mcv,baseline,16,mcv:body_type:state:16,1443,False,10069936893464,10070059251561,0.122358097,dmv_candidate_cost_v0,ANALYZE dmv,True,
mcv:body_type:state,mcv,candidate,16,mcv:body_type:state:16,1444,False,10070061529446,10070192028292,0.130498846,dmv_candidate_cost_v0,ANALYZE dmv,True,
mcv:body_type:state,mcv,candidate,17,mcv:body_type:state:17,1445,False,10070194640996,10070326237648,0.131596652,dmv_candidate_cost_v0,ANALYZE dmv,True,
mcv:body_type:state,mcv,baseline,17,mcv:body_type:state:17,1446,False,10070327572590,10070448290021,0.120717431,dmv_candidate_cost_v0,ANALYZE dmv,True,
mcv:body_type:state,mcv,baseline,18,mcv:body_type:state:18,1447,False,10070448571454,10070572426724,0.12385527,dmv_candidate_cost_v0,ANALYZE dmv,True,
mcv:body_type:state,mcv,candidate,18,mcv:body_type:state:18,1448,False,10070574263236,10070708789794,0.134526558,dmv_candidate_cost_v0,ANALYZE dmv,True,
mcv:body_type:state,mcv,candidate,19,mcv:body_type:state:19,1449,False,10070711332444,10070835984511,0.124652067,dmv_candidate_cost_v0,ANALYZE dmv,True,
mcv:body_type:state,mcv,baseline,19,mcv:body_type:state:19,1450,False,10070837417286,10070958539296,0.12112201,dmv_candidate_cost_v0,ANALYZE dmv,True,
mcv:body_type:state,mcv,baseline,20,mcv:body_type:state:20,1451,False,10070958812590,10071083555213,0.124742623,dmv_candidate_cost_v0,ANALYZE dmv,True,
mcv:body_type:state,mcv,candidate,20,mcv:body_type:state:20,1452,False,10071085081076,10071208707756,0.12362668,dmv_candidate_cost_v0,ANALYZE dmv,True,
fd:record_type:registration_class,fd,candidate,-1,fd:record_type:registration_class:-1,1453,True,10071211638676,10071337213432,0.125574756,dmv_candidate_cost_v0,ANALYZE dmv,True,
fd:record_type:registration_class,fd,baseline,-1,fd:record_type:registration_class:-1,1454,True,10071338386820,10071458496288,0.120109468,dmv_candidate_cost_v0,ANALYZE dmv,True,
fd:record_type:registration_class,fd,baseline,0,fd:record_type:registration_class:0,1455,False,10071458706858,10071578346995,0.119640137,dmv_candidate_cost_v0,ANALYZE dmv,True,
fd:record_type:registration_class,fd,candidate,0,fd:record_type:registration_class:0,1456,False,10071579932619,10071704686410,0.124753791,dmv_candidate_cost_v0,ANALYZE dmv,True,
fd:record_type:registration_class,fd,candidate,1,fd:record_type:registration_class:1,1457,False,10071707300721,10071830974855,0.123674134,dmv_candidate_cost_v0,ANALYZE dmv,True,
fd:record_type:registration_class,fd,baseline,1,fd:record_type:registration_class:1,1458,False,10071831988653,10071955034297,0.123045644,dmv_candidate_cost_v0,ANALYZE dmv,True,
fd:record_type:registration_class,fd,baseline,2,fd:record_type:registration_class:2,1459,False,10071955361462,10072086540586,0.131179124,dmv_candidate_cost_v0,ANALYZE dmv,True,
fd:record_type:registration_class,fd,candidate,2,fd:record_type:registration_class:2,1460,False,10072088175746,10072213242716,0.12506697,dmv_candidate_cost_v0,ANALYZE dmv,True,
fd:record_type:registration_class,fd,candidate,3,fd:record_type:registration_class:3,1461,False,10072216041042,10072340759457,0.124718415,dmv_candidate_cost_v0,ANALYZE dmv,True,
fd:record_type:registration_class,fd,baseline,3,fd:record_type:registration_class:3,1462,False,10072341745738,10072461613620,0.119867882,dmv_candidate_cost_v0,ANALYZE dmv,True,
fd:record_type:registration_class,fd,baseline,4,fd:record_type:registration_class:4,1463,False,10072461895616,10072587457857,0.125562241,dmv_candidate_cost_v0,ANALYZE dmv,True,
fd:record_type:registration_class,fd,candidate,4,fd:record_type:registration_class:4,1464,False,10072589673891,10072724437786,0.134763895,dmv_candidate_cost_v0,ANALYZE dmv,True,
fd:record_type:registration_class,fd,candidate,5,fd:record_type:registration_class:5,1465,False,10072727379814,10072864986683,0.137606869,dmv_candidate_cost_v0,ANALYZE dmv,True,
fd:record_type:registration_class,fd,baseline,5,fd:record_type:registration_class:5,1466,False,10072866062489,10072988564842,0.122502353,dmv_candidate_cost_v0,ANALYZE dmv,True,
fd:record_type:registration_class,fd,baseline,6,fd:record_type:registration_class:6,1467,False,10072988898095,10073110726241,0.121828146,dmv_candidate_cost_v0,ANALYZE dmv,True,
fd:record_type:registration_class,fd,candidate,6,fd:record_type:registration_class:6,1468,False,10073112774691,10073240521468,0.127746777,dmv_candidate_cost_v0,ANALYZE dmv,True,
fd:record_type:registration_class,fd,candidate,7,fd:record_type:registration_class:7,1469,False,10073243322046,10073372314785,0.128992739,dmv_candidate_cost_v0,ANALYZE dmv,True,
fd:record_type:registration_class,fd,baseline,7,fd:record_type:registration_class:7,1470,False,10073373828595,10073503919349,0.130090754,dmv_candidate_cost_v0,ANALYZE dmv,True,
fd:record_type:registration_class,fd,baseline,8,fd:record_type:registration_class:8,1471,False,10073504186192,10073630669932,0.12648374,dmv_candidate_cost_v0,ANALYZE dmv,True,
fd:record_type:registration_class,fd,candidate,8,fd:record_type:registration_class:8,1472,False,10073632538527,10073757925067,0.12538654,dmv_candidate_cost_v0,ANALYZE dmv,True,
fd:record_type:registration_class,fd,candidate,9,fd:record_type:registration_class:9,1473,False,10073760673664,10073884517509,0.123843845,dmv_candidate_cost_v0,ANALYZE dmv,True,
fd:record_type:registration_class,fd,baseline,9,fd:record_type:registration_class:9,1474,False,10073885564002,10074006791306,0.121227304,dmv_candidate_cost_v0,ANALYZE dmv,True,
fd:record_type:registration_class,fd,baseline,10,fd:record_type:registration_class:10,1475,False,10074007235778,10074136147087,0.128911309,dmv_candidate_cost_v0,ANALYZE dmv,True,
fd:record_type:registration_class,fd,candidate,10,fd:record_type:registration_class:10,1476,False,10074138040189,10074266486514,0.128446325,dmv_candidate_cost_v0,ANALYZE dmv,True,
fd:record_type:registration_class,fd,candidate,11,fd:record_type:registration_class:11,1477,False,10074269148717,10074398854823,0.129706106,dmv_candidate_cost_v0,ANALYZE dmv,True,
fd:record_type:registration_class,fd,baseline,11,fd:record_type:registration_class:11,1478,False,10074399939105,10074526841942,0.126902837,dmv_candidate_cost_v0,ANALYZE dmv,True,
fd:record_type:registration_class,fd,baseline,12,fd:record_type:registration_class:12,1479,False,10074527122238,10074652267960,0.125145722,dmv_candidate_cost_v0,ANALYZE dmv,True,
fd:record_type:registration_class,fd,candidate,12,fd:record_type:registration_class:12,1480,False,10074654287905,10074787259603,0.132971698,dmv_candidate_cost_v0,ANALYZE dmv,True,
fd:record_type:registration_class,fd,candidate,13,fd:record_type:registration_class:13,1481,False,10074789606748,10074913464805,0.123858057,dmv_candidate_cost_v0,ANALYZE dmv,True,
fd:record_type:registration_class,fd,baseline,13,fd:record_type:registration_class:13,1482,False,10074915199041,10075039119443,0.123920402,dmv_candidate_cost_v0,ANALYZE dmv,True,
fd:record_type:registration_class,fd,baseline,14,fd:record_type:registration_class:14,1483,False,10075039479138,10075159090377,0.119611239,dmv_candidate_cost_v0,ANALYZE dmv,True,
fd:record_type:registration_class,fd,candidate,14,fd:record_type:registration_class:14,1484,False,10075161340683,10075286648686,0.125308003,dmv_candidate_cost_v0,ANALYZE dmv,True,
fd:record_type:registration_class,fd,candidate,15,fd:record_type:registration_class:15,1485,False,10075289498137,10075418971680,0.129473543,dmv_candidate_cost_v0,ANALYZE dmv,True,
fd:record_type:registration_class,fd,baseline,15,fd:record_type:registration_class:15,1486,False,10075420183199,10075541965252,0.121782053,dmv_candidate_cost_v0,ANALYZE dmv,True,
fd:record_type:registration_class,fd,baseline,16,fd:record_type:registration_class:16,1487,False,10075542358309,10075666629063,0.124270754,dmv_candidate_cost_v0,ANALYZE dmv,True,
fd:record_type:registration_class,fd,candidate,16,fd:record_type:registration_class:16,1488,False,10075668682197,10075797567479,0.128885282,dmv_candidate_cost_v0,ANALYZE dmv,True,
fd:record_type:registration_class,fd,candidate,17,fd:record_type:registration_class:17,1489,False,10075800571378,10075925678748,0.12510737,dmv_candidate_cost_v0,ANALYZE dmv,True,
fd:record_type:registration_class,fd,baseline,17,fd:record_type:registration_class:17,1490,False,10075927225876,10076060776087,0.133550211,dmv_candidate_cost_v0,ANALYZE dmv,True,
fd:record_type:registration_class,fd,baseline,18,fd:record_type:registration_class:18,1491,False,10076061119053,10076200973204,0.139854151,dmv_candidate_cost_v0,ANALYZE dmv,True,
fd:record_type:registration_class,fd,candidate,18,fd:record_type:registration_class:18,1492,False,10076202653813,10076335113958,0.132460145,dmv_candidate_cost_v0,ANALYZE dmv,True,
fd:record_type:registration_class,fd,candidate,19,fd:record_type:registration_class:19,1493,False,10076337305378,10076464701080,0.127395702,dmv_candidate_cost_v0,ANALYZE dmv,True,
fd:record_type:registration_class,fd,baseline,19,fd:record_type:registration_class:19,1494,False,10076465718759,10076588339766,0.122621007,dmv_candidate_cost_v0,ANALYZE dmv,True,
fd:record_type:registration_class,fd,baseline,20,fd:record_type:registration_class:20,1495,False,10076588714406,10076732782241,0.144067835,dmv_candidate_cost_v0,ANALYZE dmv,True,
fd:record_type:registration_class,fd,candidate,20,fd:record_type:registration_class:20,1496,False,10076734574144,10076887453711,0.152879567,dmv_candidate_cost_v0,ANALYZE dmv,True,
mcv:fuel_type:record_type,mcv,candidate,-1,mcv:fuel_type:record_type:-1,1497,True,10076890764196,10077016730795,0.125966599,dmv_candidate_cost_v0,ANALYZE dmv,True,
mcv:fuel_type:record_type,mcv,baseline,-1,mcv:fuel_type:record_type:-1,1498,True,10077017766855,10077142816909,0.125050054,dmv_candidate_cost_v0,ANALYZE dmv,True,
mcv:fuel_type:record_type,mcv,baseline,0,mcv:fuel_type:record_type:0,1499,False,10077143160731,10077271973885,0.128813154,dmv_candidate_cost_v0,ANALYZE dmv,True,
mcv:fuel_type:record_type,mcv,candidate,0,mcv:fuel_type:record_type:0,1500,False,10077273996658,10077403742700,0.129746042,dmv_candidate_cost_v0,ANALYZE dmv,True,
mcv:fuel_type:record_type,mcv,candidate,1,mcv:fuel_type:record_type:1,1501,False,10077406699484,10077531979557,0.125280073,dmv_candidate_cost_v0,ANALYZE dmv,True,
mcv:fuel_type:record_type,mcv,baseline,1,mcv:fuel_type:record_type:1,1502,False,10077533273162,10077653839449,0.120566287,dmv_candidate_cost_v0,ANALYZE dmv,True,
mcv:fuel_type:record_type,mcv,baseline,2,mcv:fuel_type:record_type:2,1503,False,10077654115048,10077780045767,0.125930719,dmv_candidate_cost_v0,ANALYZE dmv,True,
mcv:fuel_type:record_type,mcv,candidate,2,mcv:fuel_type:record_type:2,1504,False,10077781702694,10077904600590,0.122897896,dmv_candidate_cost_v0,ANALYZE dmv,True,
mcv:fuel_type:record_type,mcv,candidate,3,mcv:fuel_type:record_type:3,1505,False,10077907421089,10078036413626,0.128992537,dmv_candidate_cost_v0,ANALYZE dmv,True,
mcv:fuel_type:record_type,mcv,baseline,3,mcv:fuel_type:record_type:3,1506,False,10078037348611,10078161672193,0.124323582,dmv_candidate_cost_v0,ANALYZE dmv,True,
mcv:fuel_type:record_type,mcv,baseline,4,mcv:fuel_type:record_type:4,1507,False,10078161920084,10078283868598,0.121948514,dmv_candidate_cost_v0,ANALYZE dmv,True,
mcv:fuel_type:record_type,mcv,candidate,4,mcv:fuel_type:record_type:4,1508,False,10078285695864,10078419058118,0.133362254,dmv_candidate_cost_v0,ANALYZE dmv,True,
mcv:fuel_type:record_type,mcv,candidate,5,mcv:fuel_type:record_type:5,1509,False,10078421735598,10078568067025,0.146331427,dmv_candidate_cost_v0,ANALYZE dmv,True,
mcv:fuel_type:record_type,mcv,baseline,5,mcv:fuel_type:record_type:5,1510,False,10078568852820,10078692477982,0.123625162,dmv_candidate_cost_v0,ANALYZE dmv,True,
mcv:fuel_type:record_type,mcv,baseline,6,mcv:fuel_type:record_type:6,1511,False,10078692818542,10078817087119,0.124268577,dmv_candidate_cost_v0,ANALYZE dmv,True,
mcv:fuel_type:record_type,mcv,candidate,6,mcv:fuel_type:record_type:6,1512,False,10078819364924,10078948925188,0.129560264,dmv_candidate_cost_v0,ANALYZE dmv,True,
mcv:fuel_type:record_type,mcv,candidate,7,mcv:fuel_type:record_type:7,1513,False,10078951310963,10079080402892,0.129091929,dmv_candidate_cost_v0,ANALYZE dmv,True,
mcv:fuel_type:record_type,mcv,baseline,7,mcv:fuel_type:record_type:7,1514,False,10079081498961,10079202481563,0.120982602,dmv_candidate_cost_v0,ANALYZE dmv,True,
mcv:fuel_type:record_type,mcv,baseline,8,mcv:fuel_type:record_type:8,1515,False,10079202876411,10079326464450,0.123588039,dmv_candidate_cost_v0,ANALYZE dmv,True,
mcv:fuel_type:record_type,mcv,candidate,8,mcv:fuel_type:record_type:8,1516,False,10079328223047,10079455388138,0.127165091,dmv_candidate_cost_v0,ANALYZE dmv,True,
mcv:fuel_type:record_type,mcv,candidate,9,mcv:fuel_type:record_type:9,1517,False,10079458498853,10079580842481,0.122343628,dmv_candidate_cost_v0,ANALYZE dmv,True,
mcv:fuel_type:record_type,mcv,baseline,9,mcv:fuel_type:record_type:9,1518,False,10079582157115,10079713373786,0.131216671,dmv_candidate_cost_v0,ANALYZE dmv,True,
mcv:fuel_type:record_type,mcv,baseline,10,mcv:fuel_type:record_type:10,1519,False,10079713713204,10079834970083,0.121256879,dmv_candidate_cost_v0,ANALYZE dmv,True,
mcv:fuel_type:record_type,mcv,candidate,10,mcv:fuel_type:record_type:10,1520,False,10079837155635,10079963502989,0.126347354,dmv_candidate_cost_v0,ANALYZE dmv,True,
mcv:fuel_type:record_type,mcv,candidate,11,mcv:fuel_type:record_type:11,1521,False,10079966340978,10080094463493,0.128122515,dmv_candidate_cost_v0,ANALYZE dmv,True,
mcv:fuel_type:record_type,mcv,baseline,11,mcv:fuel_type:record_type:11,1522,False,10080095492814,10080220058601,0.124565787,dmv_candidate_cost_v0,ANALYZE dmv,True,
mcv:fuel_type:record_type,mcv,baseline,12,mcv:fuel_type:record_type:12,1523,False,10080220463561,10080346880243,0.126416682,dmv_candidate_cost_v0,ANALYZE dmv,True,
mcv:fuel_type:record_type,mcv,candidate,12,mcv:fuel_type:record_type:12,1524,False,10080348482198,10080476914964,0.128432766,dmv_candidate_cost_v0,ANALYZE dmv,True,
mcv:fuel_type:record_type,mcv,candidate,13,mcv:fuel_type:record_type:13,1525,False,10080479618538,10080604525276,0.124906738,dmv_candidate_cost_v0,ANALYZE dmv,True,
mcv:fuel_type:record_type,mcv,baseline,13,mcv:fuel_type:record_type:13,1526,False,10080605964699,10080731681511,0.125716812,dmv_candidate_cost_v0,ANALYZE dmv,True,
mcv:fuel_type:record_type,mcv,baseline,14,mcv:fuel_type:record_type:14,1527,False,10080732193207,10080861290291,0.129097084,dmv_candidate_cost_v0,ANALYZE dmv,True,
mcv:fuel_type:record_type,mcv,candidate,14,mcv:fuel_type:record_type:14,1528,False,10080862761439,10080994148884,0.131387445,dmv_candidate_cost_v0,ANALYZE dmv,True,
mcv:fuel_type:record_type,mcv,candidate,15,mcv:fuel_type:record_type:15,1529,False,10080997137937,10081123029998,0.125892061,dmv_candidate_cost_v0,ANALYZE dmv,True,
mcv:fuel_type:record_type,mcv,baseline,15,mcv:fuel_type:record_type:15,1530,False,10081124658478,10081251530169,0.126871691,dmv_candidate_cost_v0,ANALYZE dmv,True,
mcv:fuel_type:record_type,mcv,baseline,16,mcv:fuel_type:record_type:16,1531,False,10081251876092,10081378675833,0.126799741,dmv_candidate_cost_v0,ANALYZE dmv,True,
mcv:fuel_type:record_type,mcv,candidate,16,mcv:fuel_type:record_type:16,1532,False,10081380577790,10081508964982,0.128387192,dmv_candidate_cost_v0,ANALYZE dmv,True,
mcv:fuel_type:record_type,mcv,candidate,17,mcv:fuel_type:record_type:17,1533,False,10081511293419,10081638695602,0.127402183,dmv_candidate_cost_v0,ANALYZE dmv,True,
mcv:fuel_type:record_type,mcv,baseline,17,mcv:fuel_type:record_type:17,1534,False,10081639788247,10081766196608,0.126408361,dmv_candidate_cost_v0,ANALYZE dmv,True,
mcv:fuel_type:record_type,mcv,baseline,18,mcv:fuel_type:record_type:18,1535,False,10081766487995,10081891891790,0.125403795,dmv_candidate_cost_v0,ANALYZE dmv,True,
mcv:fuel_type:record_type,mcv,candidate,18,mcv:fuel_type:record_type:18,1536,False,10081893479551,10082022790691,0.12931114,dmv_candidate_cost_v0,ANALYZE dmv,True,
mcv:fuel_type:record_type,mcv,candidate,19,mcv:fuel_type:record_type:19,1537,False,10082025410690,10082154686352,0.129275662,dmv_candidate_cost_v0,ANALYZE dmv,True,
mcv:fuel_type:record_type,mcv,baseline,19,mcv:fuel_type:record_type:19,1538,False,10082155884113,10082282710992,0.126826879,dmv_candidate_cost_v0,ANALYZE dmv,True,
mcv:fuel_type:record_type,mcv,baseline,20,mcv:fuel_type:record_type:20,1539,False,10082283064554,10082410773964,0.12770941,dmv_candidate_cost_v0,ANALYZE dmv,True,
mcv:fuel_type:record_type,mcv,candidate,20,mcv:fuel_type:record_type:20,1540,False,10082412503713,10082536116809,0.123613096,dmv_candidate_cost_v0,ANALYZE dmv,True,
mcv:fuel_type:registration_class,mcv,candidate,-1,mcv:fuel_type:registration_class:-1,1541,True,10082539083754,10082664527255,0.125443501,dmv_candidate_cost_v0,ANALYZE dmv,True,
mcv:fuel_type:registration_class,mcv,baseline,-1,mcv:fuel_type:registration_class:-1,1542,True,10082665468942,10082785138705,0.119669763,dmv_candidate_cost_v0,ANALYZE dmv,True,
mcv:fuel_type:registration_class,mcv,baseline,0,mcv:fuel_type:registration_class:0,1543,False,10082785425728,10082911058074,0.125632346,dmv_candidate_cost_v0,ANALYZE dmv,True,
mcv:fuel_type:registration_class,mcv,candidate,0,mcv:fuel_type:registration_class:0,1544,False,10082912633666,10083037899999,0.125266333,dmv_candidate_cost_v0,ANALYZE dmv,True,
mcv:fuel_type:registration_class,mcv,candidate,1,mcv:fuel_type:registration_class:1,1545,False,10083040670239,10083174910677,0.134240438,dmv_candidate_cost_v0,ANALYZE dmv,True,
mcv:fuel_type:registration_class,mcv,baseline,1,mcv:fuel_type:registration_class:1,1546,False,10083176510701,10083307114665,0.130603964,dmv_candidate_cost_v0,ANALYZE dmv,True,
mcv:fuel_type:registration_class,mcv,baseline,2,mcv:fuel_type:registration_class:2,1547,False,10083307406727,10083426723065,0.119316338,dmv_candidate_cost_v0,ANALYZE dmv,True,
mcv:fuel_type:registration_class,mcv,candidate,2,mcv:fuel_type:registration_class:2,1548,False,10083428776613,10083558309054,0.129532441,dmv_candidate_cost_v0,ANALYZE dmv,True,
mcv:fuel_type:registration_class,mcv,candidate,3,mcv:fuel_type:registration_class:3,1549,False,10083560840644,10083691787015,0.130946371,dmv_candidate_cost_v0,ANALYZE dmv,True,
mcv:fuel_type:registration_class,mcv,baseline,3,mcv:fuel_type:registration_class:3,1550,False,10083693100690,10083817385448,0.124284758,dmv_candidate_cost_v0,ANALYZE dmv,True,
mcv:fuel_type:registration_class,mcv,baseline,4,mcv:fuel_type:registration_class:4,1551,False,10083817795225,10083942936332,0.125141107,dmv_candidate_cost_v0,ANALYZE dmv,True,
mcv:fuel_type:registration_class,mcv,candidate,4,mcv:fuel_type:registration_class:4,1552,False,10083944621995,10084074387599,0.129765604,dmv_candidate_cost_v0,ANALYZE dmv,True,
mcv:fuel_type:registration_class,mcv,candidate,5,mcv:fuel_type:registration_class:5,1553,False,10084077027772,10084204183627,0.127155855,dmv_candidate_cost_v0,ANALYZE dmv,True,
mcv:fuel_type:registration_class,mcv,baseline,5,mcv:fuel_type:registration_class:5,1554,False,10084205351126,10084330060350,0.124709224,dmv_candidate_cost_v0,ANALYZE dmv,True,
mcv:fuel_type:registration_class,mcv,baseline,6,mcv:fuel_type:registration_class:6,1555,False,10084330411126,10084458519900,0.128108774,dmv_candidate_cost_v0,ANALYZE dmv,True,
mcv:fuel_type:registration_class,mcv,candidate,6,mcv:fuel_type:registration_class:6,1556,False,10084460282267,10084586696547,0.12641428,dmv_candidate_cost_v0,ANALYZE dmv,True,
mcv:fuel_type:registration_class,mcv,candidate,7,mcv:fuel_type:registration_class:7,1557,False,10084589386315,10084715907510,0.126521195,dmv_candidate_cost_v0,ANALYZE dmv,True,
mcv:fuel_type:registration_class,mcv,baseline,7,mcv:fuel_type:registration_class:7,1558,False,10084717075326,10084844195863,0.127120537,dmv_candidate_cost_v0,ANALYZE dmv,True,
mcv:fuel_type:registration_class,mcv,baseline,8,mcv:fuel_type:registration_class:8,1559,False,10084844668214,10084974525594,0.12985738,dmv_candidate_cost_v0,ANALYZE dmv,True,
mcv:fuel_type:registration_class,mcv,candidate,8,mcv:fuel_type:registration_class:8,1560,False,10084976574366,10085108864568,0.132290202,dmv_candidate_cost_v0,ANALYZE dmv,True,
mcv:fuel_type:registration_class,mcv,candidate,9,mcv:fuel_type:registration_class:9,1561,False,10085111152902,10085242026120,0.130873218,dmv_candidate_cost_v0,ANALYZE dmv,True,
mcv:fuel_type:registration_class,mcv,baseline,9,mcv:fuel_type:registration_class:9,1562,False,10085243384342,10085371799634,0.128415292,dmv_candidate_cost_v0,ANALYZE dmv,True,
mcv:fuel_type:registration_class,mcv,baseline,10,mcv:fuel_type:registration_class:10,1563,False,10085372215260,10085497271975,0.125056715,dmv_candidate_cost_v0,ANALYZE dmv,True,
mcv:fuel_type:registration_class,mcv,candidate,10,mcv:fuel_type:registration_class:10,1564,False,10085498777137,10085622616582,0.123839445,dmv_candidate_cost_v0,ANALYZE dmv,True,
mcv:fuel_type:registration_class,mcv,candidate,11,mcv:fuel_type:registration_class:11,1565,False,10085624878056,10085752176865,0.127298809,dmv_candidate_cost_v0,ANALYZE dmv,True,
mcv:fuel_type:registration_class,mcv,baseline,11,mcv:fuel_type:registration_class:11,1566,False,10085753710769,10085879614119,0.12590335,dmv_candidate_cost_v0,ANALYZE dmv,True,
mcv:fuel_type:registration_class,mcv,baseline,12,mcv:fuel_type:registration_class:12,1567,False,10085879934058,10086004054788,0.12412073,dmv_candidate_cost_v0,ANALYZE dmv,True,
mcv:fuel_type:registration_class,mcv,candidate,12,mcv:fuel_type:registration_class:12,1568,False,10086005736263,10086133832276,0.128096013,dmv_candidate_cost_v0,ANALYZE dmv,True,
mcv:fuel_type:registration_class,mcv,candidate,13,mcv:fuel_type:registration_class:13,1569,False,10086136159554,10086260854209,0.124694655,dmv_candidate_cost_v0,ANALYZE dmv,True,
mcv:fuel_type:registration_class,mcv,baseline,13,mcv:fuel_type:registration_class:13,1570,False,10086262144573,10086387947035,0.125802462,dmv_candidate_cost_v0,ANALYZE dmv,True,
mcv:fuel_type:registration_class,mcv,baseline,14,mcv:fuel_type:registration_class:14,1571,False,10086388425019,10086519536728,0.131111709,dmv_candidate_cost_v0,ANALYZE dmv,True,
mcv:fuel_type:registration_class,mcv,candidate,14,mcv:fuel_type:registration_class:14,1572,False,10086521245051,10086655403417,0.134158366,dmv_candidate_cost_v0,ANALYZE dmv,True,
mcv:fuel_type:registration_class,mcv,candidate,15,mcv:fuel_type:registration_class:15,1573,False,10086659115063,10086788202919,0.129087856,dmv_candidate_cost_v0,ANALYZE dmv,True,
mcv:fuel_type:registration_class,mcv,baseline,15,mcv:fuel_type:registration_class:15,1574,False,10086789165419,10086910352695,0.121187276,dmv_candidate_cost_v0,ANALYZE dmv,True,
mcv:fuel_type:registration_class,mcv,baseline,16,mcv:fuel_type:registration_class:16,1575,False,10086910729749,10087038090380,0.127360631,dmv_candidate_cost_v0,ANALYZE dmv,True,
mcv:fuel_type:registration_class,mcv,candidate,16,mcv:fuel_type:registration_class:16,1576,False,10087039801689,10087163209657,0.123407968,dmv_candidate_cost_v0,ANALYZE dmv,True,
mcv:fuel_type:registration_class,mcv,candidate,17,mcv:fuel_type:registration_class:17,1577,False,10087165824743,10087296035330,0.130210587,dmv_candidate_cost_v0,ANALYZE dmv,True,
mcv:fuel_type:registration_class,mcv,baseline,17,mcv:fuel_type:registration_class:17,1578,False,10087297027843,10087424058164,0.127030321,dmv_candidate_cost_v0,ANALYZE dmv,True,
mcv:fuel_type:registration_class,mcv,baseline,18,mcv:fuel_type:registration_class:18,1579,False,10087424396364,10087547918080,0.123521716,dmv_candidate_cost_v0,ANALYZE dmv,True,
mcv:fuel_type:registration_class,mcv,candidate,18,mcv:fuel_type:registration_class:18,1580,False,10087549961520,10087680856635,0.130895115,dmv_candidate_cost_v0,ANALYZE dmv,True,
mcv:fuel_type:registration_class,mcv,candidate,19,mcv:fuel_type:registration_class:19,1581,False,10087682947174,10087807651098,0.124703924,dmv_candidate_cost_v0,ANALYZE dmv,True,
mcv:fuel_type:registration_class,mcv,baseline,19,mcv:fuel_type:registration_class:19,1582,False,10087808911841,10087934656969,0.125745128,dmv_candidate_cost_v0,ANALYZE dmv,True,
mcv:fuel_type:registration_class,mcv,baseline,20,mcv:fuel_type:registration_class:20,1583,False,10087935145710,10088063040554,0.127894844,dmv_candidate_cost_v0,ANALYZE dmv,True,
mcv:fuel_type:registration_class,mcv,candidate,20,mcv:fuel_type:registration_class:20,1584,False,10088065115112,10088195498104,0.130382992,dmv_candidate_cost_v0,ANALYZE dmv,True,
fd:record_type:scofflaw_indicator,fd,candidate,-1,fd:record_type:scofflaw_indicator:-1,1585,True,10088198871660,10088324775146,0.125903486,dmv_candidate_cost_v0,ANALYZE dmv,True,
fd:record_type:scofflaw_indicator,fd,baseline,-1,fd:record_type:scofflaw_indicator:-1,1586,True,10088326072338,10088455764809,0.129692471,dmv_candidate_cost_v0,ANALYZE dmv,True,
fd:record_type:scofflaw_indicator,fd,baseline,0,fd:record_type:scofflaw_indicator:0,1587,False,10088455974803,10088584381649,0.128406846,dmv_candidate_cost_v0,ANALYZE dmv,True,
fd:record_type:scofflaw_indicator,fd,candidate,0,fd:record_type:scofflaw_indicator:0,1588,False,10088585951470,10088722622693,0.136671223,dmv_candidate_cost_v0,ANALYZE dmv,True,
fd:record_type:scofflaw_indicator,fd,candidate,1,fd:record_type:scofflaw_indicator:1,1589,False,10088725083186,10088853400718,0.128317532,dmv_candidate_cost_v0,ANALYZE dmv,True,
fd:record_type:scofflaw_indicator,fd,baseline,1,fd:record_type:scofflaw_indicator:1,1590,False,10088854389164,10088984127960,0.129738796,dmv_candidate_cost_v0,ANALYZE dmv,True,
fd:record_type:scofflaw_indicator,fd,baseline,2,fd:record_type:scofflaw_indicator:2,1591,False,10088984459148,10089115024088,0.13056494,dmv_candidate_cost_v0,ANALYZE dmv,True,
fd:record_type:scofflaw_indicator,fd,candidate,2,fd:record_type:scofflaw_indicator:2,1592,False,10089116999743,10089254186195,0.137186452,dmv_candidate_cost_v0,ANALYZE dmv,True,
fd:record_type:scofflaw_indicator,fd,candidate,3,fd:record_type:scofflaw_indicator:3,1593,False,10089256665053,10089380822741,0.124157688,dmv_candidate_cost_v0,ANALYZE dmv,True,
fd:record_type:scofflaw_indicator,fd,baseline,3,fd:record_type:scofflaw_indicator:3,1594,False,10089382353801,10089507627120,0.125273319,dmv_candidate_cost_v0,ANALYZE dmv,True,
fd:record_type:scofflaw_indicator,fd,baseline,4,fd:record_type:scofflaw_indicator:4,1595,False,10089508062912,10089639169343,0.131106431,dmv_candidate_cost_v0,ANALYZE dmv,True,
fd:record_type:scofflaw_indicator,fd,candidate,4,fd:record_type:scofflaw_indicator:4,1596,False,10089640821059,10089775552370,0.134731311,dmv_candidate_cost_v0,ANALYZE dmv,True,
fd:record_type:scofflaw_indicator,fd,candidate,5,fd:record_type:scofflaw_indicator:5,1597,False,10089778117825,10089902545244,0.124427419,dmv_candidate_cost_v0,ANALYZE dmv,True,
fd:record_type:scofflaw_indicator,fd,baseline,5,fd:record_type:scofflaw_indicator:5,1598,False,10089903783635,10090027706299,0.123922664,dmv_candidate_cost_v0,ANALYZE dmv,True,
fd:record_type:scofflaw_indicator,fd,baseline,6,fd:record_type:scofflaw_indicator:6,1599,False,10090027974397,10090148477272,0.120502875,dmv_candidate_cost_v0,ANALYZE dmv,True,
fd:record_type:scofflaw_indicator,fd,candidate,6,fd:record_type:scofflaw_indicator:6,1600,False,10090150102359,10090279107306,0.129004947,dmv_candidate_cost_v0,ANALYZE dmv,True,
fd:record_type:scofflaw_indicator,fd,candidate,7,fd:record_type:scofflaw_indicator:7,1601,False,10090282019736,10090408195012,0.126175276,dmv_candidate_cost_v0,ANALYZE dmv,True,
fd:record_type:scofflaw_indicator,fd,baseline,7,fd:record_type:scofflaw_indicator:7,1602,False,10090409738329,10090529480526,0.119742197,dmv_candidate_cost_v0,ANALYZE dmv,True,
fd:record_type:scofflaw_indicator,fd,baseline,8,fd:record_type:scofflaw_indicator:8,1603,False,10090529771860,10090655027362,0.125255502,dmv_candidate_cost_v0,ANALYZE dmv,True,
fd:record_type:scofflaw_indicator,fd,candidate,8,fd:record_type:scofflaw_indicator:8,1604,False,10090656599576,10090782852375,0.126252799,dmv_candidate_cost_v0,ANALYZE dmv,True,
fd:record_type:scofflaw_indicator,fd,candidate,9,fd:record_type:scofflaw_indicator:9,1605,False,10090785467499,10090916546306,0.131078807,dmv_candidate_cost_v0,ANALYZE dmv,True,
fd:record_type:scofflaw_indicator,fd,baseline,9,fd:record_type:scofflaw_indicator:9,1606,False,10090917686622,10091048178227,0.130491605,dmv_candidate_cost_v0,ANALYZE dmv,True,
fd:record_type:scofflaw_indicator,fd,baseline,10,fd:record_type:scofflaw_indicator:10,1607,False,10091048483199,10091171565173,0.123081974,dmv_candidate_cost_v0,ANALYZE dmv,True,
fd:record_type:scofflaw_indicator,fd,candidate,10,fd:record_type:scofflaw_indicator:10,1608,False,10091173432462,10091304893933,0.131461471,dmv_candidate_cost_v0,ANALYZE dmv,True,
fd:record_type:scofflaw_indicator,fd,candidate,11,fd:record_type:scofflaw_indicator:11,1609,False,10091307578007,10091434188890,0.126610883,dmv_candidate_cost_v0,ANALYZE dmv,True,
fd:record_type:scofflaw_indicator,fd,baseline,11,fd:record_type:scofflaw_indicator:11,1610,False,10091435682084,10091561851517,0.126169433,dmv_candidate_cost_v0,ANALYZE dmv,True,
fd:record_type:scofflaw_indicator,fd,baseline,12,fd:record_type:scofflaw_indicator:12,1611,False,10091562215945,10091686951359,0.124735414,dmv_candidate_cost_v0,ANALYZE dmv,True,
fd:record_type:scofflaw_indicator,fd,candidate,12,fd:record_type:scofflaw_indicator:12,1612,False,10091688527222,10091823170105,0.134642883,dmv_candidate_cost_v0,ANALYZE dmv,True,
fd:record_type:scofflaw_indicator,fd,candidate,13,fd:record_type:scofflaw_indicator:13,1613,False,10091825594879,10091956690286,0.131095407,dmv_candidate_cost_v0,ANALYZE dmv,True,
fd:record_type:scofflaw_indicator,fd,baseline,13,fd:record_type:scofflaw_indicator:13,1614,False,10091957816147,10092081991397,0.12417525,dmv_candidate_cost_v0,ANALYZE dmv,True,
fd:record_type:scofflaw_indicator,fd,baseline,14,fd:record_type:scofflaw_indicator:14,1615,False,10092082254981,10092208323460,0.126068479,dmv_candidate_cost_v0,ANALYZE dmv,True,
fd:record_type:scofflaw_indicator,fd,candidate,14,fd:record_type:scofflaw_indicator:14,1616,False,10092209946210,10092341522604,0.131576394,dmv_candidate_cost_v0,ANALYZE dmv,True,
fd:record_type:scofflaw_indicator,fd,candidate,15,fd:record_type:scofflaw_indicator:15,1617,False,10092343936609,10092474729605,0.130792996,dmv_candidate_cost_v0,ANALYZE dmv,True,
fd:record_type:scofflaw_indicator,fd,baseline,15,fd:record_type:scofflaw_indicator:15,1618,False,10092475545740,10092598714996,0.123169256,dmv_candidate_cost_v0,ANALYZE dmv,True,
fd:record_type:scofflaw_indicator,fd,baseline,16,fd:record_type:scofflaw_indicator:16,1619,False,10092599195955,10092729703302,0.130507347,dmv_candidate_cost_v0,ANALYZE dmv,True,
fd:record_type:scofflaw_indicator,fd,candidate,16,fd:record_type:scofflaw_indicator:16,1620,False,10092731241764,10092860935327,0.129693563,dmv_candidate_cost_v0,ANALYZE dmv,True,
fd:record_type:scofflaw_indicator,fd,candidate,17,fd:record_type:scofflaw_indicator:17,1621,False,10092863713187,10092988734943,0.125021756,dmv_candidate_cost_v0,ANALYZE dmv,True,
fd:record_type:scofflaw_indicator,fd,baseline,17,fd:record_type:scofflaw_indicator:17,1622,False,10092989880324,10093113862890,0.123982566,dmv_candidate_cost_v0,ANALYZE dmv,True,
fd:record_type:scofflaw_indicator,fd,baseline,18,fd:record_type:scofflaw_indicator:18,1623,False,10093114239301,10093243729677,0.129490376,dmv_candidate_cost_v0,ANALYZE dmv,True,
fd:record_type:scofflaw_indicator,fd,candidate,18,fd:record_type:scofflaw_indicator:18,1624,False,10093245974358,10093377015351,0.131040993,dmv_candidate_cost_v0,ANALYZE dmv,True,
fd:record_type:scofflaw_indicator,fd,candidate,19,fd:record_type:scofflaw_indicator:19,1625,False,10093379588527,10093504990437,0.12540191,dmv_candidate_cost_v0,ANALYZE dmv,True,
fd:record_type:scofflaw_indicator,fd,baseline,19,fd:record_type:scofflaw_indicator:19,1626,False,10093506568173,10093632787051,0.126218878,dmv_candidate_cost_v0,ANALYZE dmv,True,
fd:record_type:scofflaw_indicator,fd,baseline,20,fd:record_type:scofflaw_indicator:20,1627,False,10093633140308,10093753027119,0.119886811,dmv_candidate_cost_v0,ANALYZE dmv,True,
fd:record_type:scofflaw_indicator,fd,candidate,20,fd:record_type:scofflaw_indicator:20,1628,False,10093754925728,10093879957449,0.125031721,dmv_candidate_cost_v0,ANALYZE dmv,True,
mcv:county:suspension_indicator,mcv,candidate,-1,mcv:county:suspension_indicator:-1,1629,True,10093882945390,10094007969685,0.125024295,dmv_candidate_cost_v0,ANALYZE dmv,True,
mcv:county:suspension_indicator,mcv,baseline,-1,mcv:county:suspension_indicator:-1,1630,True,10094008923588,10094128737699,0.119814111,dmv_candidate_cost_v0,ANALYZE dmv,True,
mcv:county:suspension_indicator,mcv,baseline,0,mcv:county:suspension_indicator:0,1631,False,10094128962174,10094249843426,0.120881252,dmv_candidate_cost_v0,ANALYZE dmv,True,
mcv:county:suspension_indicator,mcv,candidate,0,mcv:county:suspension_indicator:0,1632,False,10094251704335,10094376345092,0.124640757,dmv_candidate_cost_v0,ANALYZE dmv,True,
mcv:county:suspension_indicator,mcv,candidate,1,mcv:county:suspension_indicator:1,1633,False,10094379416005,10094505468569,0.126052564,dmv_candidate_cost_v0,ANALYZE dmv,True,
mcv:county:suspension_indicator,mcv,baseline,1,mcv:county:suspension_indicator:1,1634,False,10094506653782,10094635240235,0.128586453,dmv_candidate_cost_v0,ANALYZE dmv,True,
mcv:county:suspension_indicator,mcv,baseline,2,mcv:county:suspension_indicator:2,1635,False,10094635561836,10094765754600,0.130192764,dmv_candidate_cost_v0,ANALYZE dmv,True,
mcv:county:suspension_indicator,mcv,candidate,2,mcv:county:suspension_indicator:2,1636,False,10094767424329,10094896811195,0.129386866,dmv_candidate_cost_v0,ANALYZE dmv,True,
mcv:county:suspension_indicator,mcv,candidate,3,mcv:county:suspension_indicator:3,1637,False,10094899936102,10095026759392,0.12682329,dmv_candidate_cost_v0,ANALYZE dmv,True,
mcv:county:suspension_indicator,mcv,baseline,3,mcv:county:suspension_indicator:3,1638,False,10095027967750,10095149196765,0.121229015,dmv_candidate_cost_v0,ANALYZE dmv,True,
mcv:county:suspension_indicator,mcv,baseline,4,mcv:county:suspension_indicator:4,1639,False,10095149700076,10095276973499,0.127273423,dmv_candidate_cost_v0,ANALYZE dmv,True,
mcv:county:suspension_indicator,mcv,candidate,4,mcv:county:suspension_indicator:4,1640,False,10095279169812,10095412484754,0.133314942,dmv_candidate_cost_v0,ANALYZE dmv,True,
mcv:county:suspension_indicator,mcv,candidate,5,mcv:county:suspension_indicator:5,1641,False,10095414729896,10095540438036,0.12570814,dmv_candidate_cost_v0,ANALYZE dmv,True,
mcv:county:suspension_indicator,mcv,baseline,5,mcv:county:suspension_indicator:5,1642,False,10095541395452,10095665620909,0.124225457,dmv_candidate_cost_v0,ANALYZE dmv,True,
mcv:county:suspension_indicator,mcv,baseline,6,mcv:county:suspension_indicator:6,1643,False,10095665995565,10095798116074,0.132120509,dmv_candidate_cost_v0,ANALYZE dmv,True,
mcv:county:suspension_indicator,mcv,candidate,6,mcv:county:suspension_indicator:6,1644,False,10095799734569,10095932813800,0.133079231,dmv_candidate_cost_v0,ANALYZE dmv,True,
mcv:county:suspension_indicator,mcv,candidate,7,mcv:county:suspension_indicator:7,1645,False,10095935326929,10096068216002,0.132889073,dmv_candidate_cost_v0,ANALYZE dmv,True,
mcv:county:suspension_indicator,mcv,baseline,7,mcv:county:suspension_indicator:7,1646,False,10096069811368,10096197244532,0.127433164,dmv_candidate_cost_v0,ANALYZE dmv,True,
mcv:county:suspension_indicator,mcv,baseline,8,mcv:county:suspension_indicator:8,1647,False,10096197613011,10096324974183,0.127361172,dmv_candidate_cost_v0,ANALYZE dmv,True,
mcv:county:suspension_indicator,mcv,candidate,8,mcv:county:suspension_indicator:8,1648,False,10096326789602,10096458579891,0.131790289,dmv_candidate_cost_v0,ANALYZE dmv,True,
mcv:county:suspension_indicator,mcv,candidate,9,mcv:county:suspension_indicator:9,1649,False,10096461811763,10096601695863,0.1398841,dmv_candidate_cost_v0,ANALYZE dmv,True,
mcv:county:suspension_indicator,mcv,baseline,9,mcv:county:suspension_indicator:9,1650,False,10096602697442,10096736603133,0.133905691,dmv_candidate_cost_v0,ANALYZE dmv,True,
mcv:county:suspension_indicator,mcv,baseline,10,mcv:county:suspension_indicator:10,1651,False,10096736937457,10096860827414,0.123889957,dmv_candidate_cost_v0,ANALYZE dmv,True,
mcv:county:suspension_indicator,mcv,candidate,10,mcv:county:suspension_indicator:10,1652,False,10096862716829,10096991310994,0.128594165,dmv_candidate_cost_v0,ANALYZE dmv,True,
mcv:county:suspension_indicator,mcv,candidate,11,mcv:county:suspension_indicator:11,1653,False,10096994159660,10097122862500,0.12870284,dmv_candidate_cost_v0,ANALYZE dmv,True,
mcv:county:suspension_indicator,mcv,baseline,11,mcv:county:suspension_indicator:11,1654,False,10097123763373,10097251011797,0.127248424,dmv_candidate_cost_v0,ANALYZE dmv,True,
mcv:county:suspension_indicator,mcv,baseline,12,mcv:county:suspension_indicator:12,1655,False,10097251268921,10097379366852,0.128097931,dmv_candidate_cost_v0,ANALYZE dmv,True,
mcv:county:suspension_indicator,mcv,candidate,12,mcv:county:suspension_indicator:12,1656,False,10097380862042,10097515264172,0.13440213,dmv_candidate_cost_v0,ANALYZE dmv,True,
mcv:county:suspension_indicator,mcv,candidate,13,mcv:county:suspension_indicator:13,1657,False,10097518319472,10097644622673,0.126303201,dmv_candidate_cost_v0,ANALYZE dmv,True,
mcv:county:suspension_indicator,mcv,baseline,13,mcv:county:suspension_indicator:13,1658,False,10097645607758,10097769982810,0.124375052,dmv_candidate_cost_v0,ANALYZE dmv,True,
mcv:county:suspension_indicator,mcv,baseline,14,mcv:county:suspension_indicator:14,1659,False,10097770383629,10097897802589,0.12741896,dmv_candidate_cost_v0,ANALYZE dmv,True,
mcv:county:suspension_indicator,mcv,candidate,14,mcv:county:suspension_indicator:14,1660,False,10097899583886,10098026503213,0.126919327,dmv_candidate_cost_v0,ANALYZE dmv,True,
mcv:county:suspension_indicator,mcv,candidate,15,mcv:county:suspension_indicator:15,1661,False,10098029471291,10098155302605,0.125831314,dmv_candidate_cost_v0,ANALYZE dmv,True,
mcv:county:suspension_indicator,mcv,baseline,15,mcv:county:suspension_indicator:15,1662,False,10098156241420,10098276601644,0.120360224,dmv_candidate_cost_v0,ANALYZE dmv,True,
mcv:county:suspension_indicator,mcv,baseline,16,mcv:county:suspension_indicator:16,1663,False,10098276964143,10098398035821,0.121071678,dmv_candidate_cost_v0,ANALYZE dmv,True,
mcv:county:suspension_indicator,mcv,candidate,16,mcv:county:suspension_indicator:16,1664,False,10098400030133,10098526427884,0.126397751,dmv_candidate_cost_v0,ANALYZE dmv,True,
mcv:county:suspension_indicator,mcv,candidate,17,mcv:county:suspension_indicator:17,1665,False,10098528456009,10098662200145,0.133744136,dmv_candidate_cost_v0,ANALYZE dmv,True,
mcv:county:suspension_indicator,mcv,baseline,17,mcv:county:suspension_indicator:17,1666,False,10098663450011,10098790828970,0.127378959,dmv_candidate_cost_v0,ANALYZE dmv,True,
mcv:county:suspension_indicator,mcv,baseline,18,mcv:county:suspension_indicator:18,1667,False,10098791206994,10098909272171,0.118065177,dmv_candidate_cost_v0,ANALYZE dmv,True,
mcv:county:suspension_indicator,mcv,candidate,18,mcv:county:suspension_indicator:18,1668,False,10098911292181,10099040612833,0.129320652,dmv_candidate_cost_v0,ANALYZE dmv,True,
mcv:county:suspension_indicator,mcv,candidate,19,mcv:county:suspension_indicator:19,1669,False,10099043466763,10099170102773,0.12663601,dmv_candidate_cost_v0,ANALYZE dmv,True,
mcv:county:suspension_indicator,mcv,baseline,19,mcv:county:suspension_indicator:19,1670,False,10099171158937,10099293778624,0.122619687,dmv_candidate_cost_v0,ANALYZE dmv,True,
mcv:county:suspension_indicator,mcv,baseline,20,mcv:county:suspension_indicator:20,1671,False,10099294075659,10099417058231,0.122982572,dmv_candidate_cost_v0,ANALYZE dmv,True,
mcv:county:suspension_indicator,mcv,candidate,20,mcv:county:suspension_indicator:20,1672,False,10099419137429,10099551652211,0.132514782,dmv_candidate_cost_v0,ANALYZE dmv,True,
mcv:fuel_type:scofflaw_indicator,mcv,candidate,-1,mcv:fuel_type:scofflaw_indicator:-1,1673,True,10099554808320,10099678985187,0.124176867,dmv_candidate_cost_v0,ANALYZE dmv,True,
mcv:fuel_type:scofflaw_indicator,mcv,baseline,-1,mcv:fuel_type:scofflaw_indicator:-1,1674,True,10099679974364,10099803390453,0.123416089,dmv_candidate_cost_v0,ANALYZE dmv,True,
mcv:fuel_type:scofflaw_indicator,mcv,baseline,0,mcv:fuel_type:scofflaw_indicator:0,1675,False,10099803594217,10099932535286,0.128941069,dmv_candidate_cost_v0,ANALYZE dmv,True,
mcv:fuel_type:scofflaw_indicator,mcv,candidate,0,mcv:fuel_type:scofflaw_indicator:0,1676,False,10099934254276,10100061455200,0.127200924,dmv_candidate_cost_v0,ANALYZE dmv,True,
mcv:fuel_type:scofflaw_indicator,mcv,candidate,1,mcv:fuel_type:scofflaw_indicator:1,1677,False,10100063801035,10100192103182,0.128302147,dmv_candidate_cost_v0,ANALYZE dmv,True,
mcv:fuel_type:scofflaw_indicator,mcv,baseline,1,mcv:fuel_type:scofflaw_indicator:1,1678,False,10100193133512,10100322197646,0.129064134,dmv_candidate_cost_v0,ANALYZE dmv,True,
mcv:fuel_type:scofflaw_indicator,mcv,baseline,2,mcv:fuel_type:scofflaw_indicator:2,1679,False,10100322535675,10100447138981,0.124603306,dmv_candidate_cost_v0,ANALYZE dmv,True,
mcv:fuel_type:scofflaw_indicator,mcv,candidate,2,mcv:fuel_type:scofflaw_indicator:2,1680,False,10100449331603,10100576898533,0.12756693,dmv_candidate_cost_v0,ANALYZE dmv,True,
mcv:fuel_type:scofflaw_indicator,mcv,candidate,3,mcv:fuel_type:scofflaw_indicator:3,1681,False,10100579516515,10100713490730,0.133974215,dmv_candidate_cost_v0,ANALYZE dmv,True,
mcv:fuel_type:scofflaw_indicator,mcv,baseline,3,mcv:fuel_type:scofflaw_indicator:3,1682,False,10100714821822,10100845095866,0.130274044,dmv_candidate_cost_v0,ANALYZE dmv,True,
mcv:fuel_type:scofflaw_indicator,mcv,baseline,4,mcv:fuel_type:scofflaw_indicator:4,1683,False,10100845364089,10100975064458,0.129700369,dmv_candidate_cost_v0,ANALYZE dmv,True,
mcv:fuel_type:scofflaw_indicator,mcv,candidate,4,mcv:fuel_type:scofflaw_indicator:4,1684,False,10100976978889,10101102591375,0.125612486,dmv_candidate_cost_v0,ANALYZE dmv,True,
mcv:fuel_type:scofflaw_indicator,mcv,candidate,5,mcv:fuel_type:scofflaw_indicator:5,1685,False,10101105760977,10101230539672,0.124778695,dmv_candidate_cost_v0,ANALYZE dmv,True,
mcv:fuel_type:scofflaw_indicator,mcv,baseline,5,mcv:fuel_type:scofflaw_indicator:5,1686,False,10101231781182,10101370041253,0.138260071,dmv_candidate_cost_v0,ANALYZE dmv,True,
mcv:fuel_type:scofflaw_indicator,mcv,baseline,6,mcv:fuel_type:scofflaw_indicator:6,1687,False,10101370387834,10101493608134,0.1232203,dmv_candidate_cost_v0,ANALYZE dmv,True,
mcv:fuel_type:scofflaw_indicator,mcv,candidate,6,mcv:fuel_type:scofflaw_indicator:6,1688,False,10101495829385,10101620822727,0.124993342,dmv_candidate_cost_v0,ANALYZE dmv,True,
mcv:fuel_type:scofflaw_indicator,mcv,candidate,7,mcv:fuel_type:scofflaw_indicator:7,1689,False,10101623918403,10101757075827,0.133157424,dmv_candidate_cost_v0,ANALYZE dmv,True,
mcv:fuel_type:scofflaw_indicator,mcv,baseline,7,mcv:fuel_type:scofflaw_indicator:7,1690,False,10101758154420,10101879079896,0.120925476,dmv_candidate_cost_v0,ANALYZE dmv,True,
mcv:fuel_type:scofflaw_indicator,mcv,baseline,8,mcv:fuel_type:scofflaw_indicator:8,1691,False,10101879462272,10102006502434,0.127040162,dmv_candidate_cost_v0,ANALYZE dmv,True,
mcv:fuel_type:scofflaw_indicator,mcv,candidate,8,mcv:fuel_type:scofflaw_indicator:8,1692,False,10102008358171,10102136744148,0.128385977,dmv_candidate_cost_v0,ANALYZE dmv,True,
mcv:fuel_type:scofflaw_indicator,mcv,candidate,9,mcv:fuel_type:scofflaw_indicator:9,1693,False,10102139563544,10102280381342,0.140817798,dmv_candidate_cost_v0,ANALYZE dmv,True,
mcv:fuel_type:scofflaw_indicator,mcv,baseline,9,mcv:fuel_type:scofflaw_indicator:9,1694,False,10102281347878,10102412722923,0.131375045,dmv_candidate_cost_v0,ANALYZE dmv,True,
mcv:fuel_type:scofflaw_indicator,mcv,baseline,10,mcv:fuel_type:scofflaw_indicator:10,1695,False,10102412984605,10102539346832,0.126362227,dmv_candidate_cost_v0,ANALYZE dmv,True,
mcv:fuel_type:scofflaw_indicator,mcv,candidate,10,mcv:fuel_type:scofflaw_indicator:10,1696,False,10102541638399,10102668315851,0.126677452,dmv_candidate_cost_v0,ANALYZE dmv,True,
mcv:fuel_type:scofflaw_indicator,mcv,candidate,11,mcv:fuel_type:scofflaw_indicator:11,1697,False,10102671186943,10102800988208,0.129801265,dmv_candidate_cost_v0,ANALYZE dmv,True,
mcv:fuel_type:scofflaw_indicator,mcv,baseline,11,mcv:fuel_type:scofflaw_indicator:11,1698,False,10102802423106,10102923530845,0.121107739,dmv_candidate_cost_v0,ANALYZE dmv,True,
mcv:fuel_type:scofflaw_indicator,mcv,baseline,12,mcv:fuel_type:scofflaw_indicator:12,1699,False,10102923866917,10103048433930,0.124567013,dmv_candidate_cost_v0,ANALYZE dmv,True,
mcv:fuel_type:scofflaw_indicator,mcv,candidate,12,mcv:fuel_type:scofflaw_indicator:12,1700,False,10103049715665,10103178812325,0.12909666,dmv_candidate_cost_v0,ANALYZE dmv,True,
mcv:fuel_type:scofflaw_indicator,mcv,candidate,13,mcv:fuel_type:scofflaw_indicator:13,1701,False,10103181081936,10103307150087,0.126068151,dmv_candidate_cost_v0,ANALYZE dmv,True,
mcv:fuel_type:scofflaw_indicator,mcv,baseline,13,mcv:fuel_type:scofflaw_indicator:13,1702,False,10103308784451,10103440931702,0.132147251,dmv_candidate_cost_v0,ANALYZE dmv,True,
mcv:fuel_type:scofflaw_indicator,mcv,baseline,14,mcv:fuel_type:scofflaw_indicator:14,1703,False,10103441329166,10103570420106,0.12909094,dmv_candidate_cost_v0,ANALYZE dmv,True,
mcv:fuel_type:scofflaw_indicator,mcv,candidate,14,mcv:fuel_type:scofflaw_indicator:14,1704,False,10103572658143,10103703030970,0.130372827,dmv_candidate_cost_v0,ANALYZE dmv,True,
mcv:fuel_type:scofflaw_indicator,mcv,candidate,15,mcv:fuel_type:scofflaw_indicator:15,1705,False,10103705822542,10103829760634,0.123938092,dmv_candidate_cost_v0,ANALYZE dmv,True,
mcv:fuel_type:scofflaw_indicator,mcv,baseline,15,mcv:fuel_type:scofflaw_indicator:15,1706,False,10103831248741,10103961227721,0.12997898,dmv_candidate_cost_v0,ANALYZE dmv,True,
mcv:fuel_type:scofflaw_indicator,mcv,baseline,16,mcv:fuel_type:scofflaw_indicator:16,1707,False,10103961644815,10104089940946,0.128296131,dmv_candidate_cost_v0,ANALYZE dmv,True,
mcv:fuel_type:scofflaw_indicator,mcv,candidate,16,mcv:fuel_type:scofflaw_indicator:16,1708,False,10104091501094,10104219836626,0.128335532,dmv_candidate_cost_v0,ANALYZE dmv,True,
mcv:fuel_type:scofflaw_indicator,mcv,candidate,17,mcv:fuel_type:scofflaw_indicator:17,1709,False,10104222465101,10104353891223,0.131426122,dmv_candidate_cost_v0,ANALYZE dmv,True,
mcv:fuel_type:scofflaw_indicator,mcv,baseline,17,mcv:fuel_type:scofflaw_indicator:17,1710,False,10104355374446,10104485406800,0.130032354,dmv_candidate_cost_v0,ANALYZE dmv,True,
mcv:fuel_type:scofflaw_indicator,mcv,baseline,18,mcv:fuel_type:scofflaw_indicator:18,1711,False,10104486101705,10104613853938,0.127752233,dmv_candidate_cost_v0,ANALYZE dmv,True,
mcv:fuel_type:scofflaw_indicator,mcv,candidate,18,mcv:fuel_type:scofflaw_indicator:18,1712,False,10104616344911,10104746971042,0.130626131,dmv_candidate_cost_v0,ANALYZE dmv,True,
mcv:fuel_type:scofflaw_indicator,mcv,candidate,19,mcv:fuel_type:scofflaw_indicator:19,1713,False,10104749776127,10104878950947,0.12917482,dmv_candidate_cost_v0,ANALYZE dmv,True,
mcv:fuel_type:scofflaw_indicator,mcv,baseline,19,mcv:fuel_type:scofflaw_indicator:19,1714,False,10104880107408,10105006182469,0.126075061,dmv_candidate_cost_v0,ANALYZE dmv,True,
mcv:fuel_type:scofflaw_indicator,mcv,baseline,20,mcv:fuel_type:scofflaw_indicator:20,1715,False,10105006553598,10105128068617,0.121515019,dmv_candidate_cost_v0,ANALYZE dmv,True,
mcv:fuel_type:scofflaw_indicator,mcv,candidate,20,mcv:fuel_type:scofflaw_indicator:20,1716,False,10105130227886,10105253471238,0.123243352,dmv_candidate_cost_v0,ANALYZE dmv,True,
mcv:fuel_type:suspension_indicator,mcv,candidate,-1,mcv:fuel_type:suspension_indicator:-1,1717,True,10105256405652,10105380475279,0.124069627,dmv_candidate_cost_v0,ANALYZE dmv,True,
mcv:fuel_type:suspension_indicator,mcv,baseline,-1,mcv:fuel_type:suspension_indicator:-1,1718,True,10105381423750,10105505766497,0.124342747,dmv_candidate_cost_v0,ANALYZE dmv,True,
mcv:fuel_type:suspension_indicator,mcv,baseline,0,mcv:fuel_type:suspension_indicator:0,1719,False,10105505967785,10105630298540,0.124330755,dmv_candidate_cost_v0,ANALYZE dmv,True,
mcv:fuel_type:suspension_indicator,mcv,candidate,0,mcv:fuel_type:suspension_indicator:0,1720,False,10105632143067,10105757340302,0.125197235,dmv_candidate_cost_v0,ANALYZE dmv,True,
mcv:fuel_type:suspension_indicator,mcv,candidate,1,mcv:fuel_type:suspension_indicator:1,1721,False,10105760314392,10105887334753,0.127020361,dmv_candidate_cost_v0,ANALYZE dmv,True,
mcv:fuel_type:suspension_indicator,mcv,baseline,1,mcv:fuel_type:suspension_indicator:1,1722,False,10105888736586,10106008482943,0.119746357,dmv_candidate_cost_v0,ANALYZE dmv,True,
mcv:fuel_type:suspension_indicator,mcv,baseline,2,mcv:fuel_type:suspension_indicator:2,1723,False,10106008784697,10106132306847,0.12352215,dmv_candidate_cost_v0,ANALYZE dmv,True,
mcv:fuel_type:suspension_indicator,mcv,candidate,2,mcv:fuel_type:suspension_indicator:2,1724,False,10106134749574,10106264425538,0.129675964,dmv_candidate_cost_v0,ANALYZE dmv,True,
mcv:fuel_type:suspension_indicator,mcv,candidate,3,mcv:fuel_type:suspension_indicator:3,1725,False,10106267301288,10106397744422,0.130443134,dmv_candidate_cost_v0,ANALYZE dmv,True,
mcv:fuel_type:suspension_indicator,mcv,baseline,3,mcv:fuel_type:suspension_indicator:3,1726,False,10106398764551,10106524668096,0.125903545,dmv_candidate_cost_v0,ANALYZE dmv,True,
mcv:fuel_type:suspension_indicator,mcv,baseline,4,mcv:fuel_type:suspension_indicator:4,1727,False,10106525015852,10106646524224,0.121508372,dmv_candidate_cost_v0,ANALYZE dmv,True,
mcv:fuel_type:suspension_indicator,mcv,candidate,4,mcv:fuel_type:suspension_indicator:4,1728,False,10106648473264,10106778331312,0.129858048,dmv_candidate_cost_v0,ANALYZE dmv,True,
mcv:fuel_type:suspension_indicator,mcv,candidate,5,mcv:fuel_type:suspension_indicator:5,1729,False,10106780887293,10106910412231,0.129524938,dmv_candidate_cost_v0,ANALYZE dmv,True,
mcv:fuel_type:suspension_indicator,mcv,baseline,5,mcv:fuel_type:suspension_indicator:5,1730,False,10106911212080,10107033825316,0.122613236,dmv_candidate_cost_v0,ANALYZE dmv,True,
mcv:fuel_type:suspension_indicator,mcv,baseline,6,mcv:fuel_type:suspension_indicator:6,1731,False,10107034507054,10107159598817,0.125091763,dmv_candidate_cost_v0,ANALYZE dmv,True,
mcv:fuel_type:suspension_indicator,mcv,candidate,6,mcv:fuel_type:suspension_indicator:6,1732,False,10107161657660,10107285080461,0.123422801,dmv_candidate_cost_v0,ANALYZE dmv,True,
mcv:fuel_type:suspension_indicator,mcv,candidate,7,mcv:fuel_type:suspension_indicator:7,1733,False,10107287656148,10107417864468,0.13020832,dmv_candidate_cost_v0,ANALYZE dmv,True,
mcv:fuel_type:suspension_indicator,mcv,baseline,7,mcv:fuel_type:suspension_indicator:7,1734,False,10107418929747,10107543372812,0.124443065,dmv_candidate_cost_v0,ANALYZE dmv,True,
mcv:fuel_type:suspension_indicator,mcv,baseline,8,mcv:fuel_type:suspension_indicator:8,1735,False,10107543761658,10107668908635,0.125146977,dmv_candidate_cost_v0,ANALYZE dmv,True,
mcv:fuel_type:suspension_indicator,mcv,candidate,8,mcv:fuel_type:suspension_indicator:8,1736,False,10107670856999,10107797014695,0.126157696,dmv_candidate_cost_v0,ANALYZE dmv,True,
mcv:fuel_type:suspension_indicator,mcv,candidate,9,mcv:fuel_type:suspension_indicator:9,1737,False,10107799496837,10107924565456,0.125068619,dmv_candidate_cost_v0,ANALYZE dmv,True,
mcv:fuel_type:suspension_indicator,mcv,baseline,9,mcv:fuel_type:suspension_indicator:9,1738,False,10107925511116,10108052602891,0.127091775,dmv_candidate_cost_v0,ANALYZE dmv,True,
mcv:fuel_type:suspension_indicator,mcv,baseline,10,mcv:fuel_type:suspension_indicator:10,1739,False,10108052918227,10108175226047,0.12230782,dmv_candidate_cost_v0,ANALYZE dmv,True,
mcv:fuel_type:suspension_indicator,mcv,candidate,10,mcv:fuel_type:suspension_indicator:10,1740,False,10108177622849,10108308773344,0.131150495,dmv_candidate_cost_v0,ANALYZE dmv,True,
mcv:fuel_type:suspension_indicator,mcv,candidate,11,mcv:fuel_type:suspension_indicator:11,1741,False,10108312148468,10108442892113,0.130743645,dmv_candidate_cost_v0,ANALYZE dmv,True,
mcv:fuel_type:suspension_indicator,mcv,baseline,11,mcv:fuel_type:suspension_indicator:11,1742,False,10108443811548,10108565539777,0.121728229,dmv_candidate_cost_v0,ANALYZE dmv,True,
mcv:fuel_type:suspension_indicator,mcv,baseline,12,mcv:fuel_type:suspension_indicator:12,1743,False,10108565901740,10108694480383,0.128578643,dmv_candidate_cost_v0,ANALYZE dmv,True,
mcv:fuel_type:suspension_indicator,mcv,candidate,12,mcv:fuel_type:suspension_indicator:12,1744,False,10108696170696,10108824041129,0.127870433,dmv_candidate_cost_v0,ANALYZE dmv,True,
mcv:fuel_type:suspension_indicator,mcv,candidate,13,mcv:fuel_type:suspension_indicator:13,1745,False,10108826233917,10108951659451,0.125425534,dmv_candidate_cost_v0,ANALYZE dmv,True,
mcv:fuel_type:suspension_indicator,mcv,baseline,13,mcv:fuel_type:suspension_indicator:13,1746,False,10108953396926,10109073463398,0.120066472,dmv_candidate_cost_v0,ANALYZE dmv,True,
mcv:fuel_type:suspension_indicator,mcv,baseline,14,mcv:fuel_type:suspension_indicator:14,1747,False,10109074192272,10109196124696,0.121932424,dmv_candidate_cost_v0,ANALYZE dmv,True,
mcv:fuel_type:suspension_indicator,mcv,candidate,14,mcv:fuel_type:suspension_indicator:14,1748,False,10109197392475,10109325807123,0.128414648,dmv_candidate_cost_v0,ANALYZE dmv,True,
mcv:fuel_type:suspension_indicator,mcv,candidate,15,mcv:fuel_type:suspension_indicator:15,1749,False,10109328341140,10109458936811,0.130595671,dmv_candidate_cost_v0,ANALYZE dmv,True,
mcv:fuel_type:suspension_indicator,mcv,baseline,15,mcv:fuel_type:suspension_indicator:15,1750,False,10109460085931,10109584217848,0.124131917,dmv_candidate_cost_v0,ANALYZE dmv,True,
mcv:fuel_type:suspension_indicator,mcv,baseline,16,mcv:fuel_type:suspension_indicator:16,1751,False,10109584522365,10109710286007,0.125763642,dmv_candidate_cost_v0,ANALYZE dmv,True,
mcv:fuel_type:suspension_indicator,mcv,candidate,16,mcv:fuel_type:suspension_indicator:16,1752,False,10109712340671,10109836767162,0.124426491,dmv_candidate_cost_v0,ANALYZE dmv,True,
mcv:fuel_type:suspension_indicator,mcv,candidate,17,mcv:fuel_type:suspension_indicator:17,1753,False,10109839241167,10109967948074,0.128706907,dmv_candidate_cost_v0,ANALYZE dmv,True,
mcv:fuel_type:suspension_indicator,mcv,baseline,17,mcv:fuel_type:suspension_indicator:17,1754,False,10109969163163,10110091276271,0.122113108,dmv_candidate_cost_v0,ANALYZE dmv,True,
mcv:fuel_type:suspension_indicator,mcv,baseline,18,mcv:fuel_type:suspension_indicator:18,1755,False,10110091667176,10110215269657,0.123602481,dmv_candidate_cost_v0,ANALYZE dmv,True,
mcv:fuel_type:suspension_indicator,mcv,candidate,18,mcv:fuel_type:suspension_indicator:18,1756,False,10110217218906,10110344677426,0.12745852,dmv_candidate_cost_v0,ANALYZE dmv,True,
mcv:fuel_type:suspension_indicator,mcv,candidate,19,mcv:fuel_type:suspension_indicator:19,1757,False,10110347293331,10110477983706,0.130690375,dmv_candidate_cost_v0,ANALYZE dmv,True,
mcv:fuel_type:suspension_indicator,mcv,baseline,19,mcv:fuel_type:suspension_indicator:19,1758,False,10110479974607,10110603175269,0.123200662,dmv_candidate_cost_v0,ANALYZE dmv,True,
mcv:fuel_type:suspension_indicator,mcv,baseline,20,mcv:fuel_type:suspension_indicator:20,1759,False,10110603499560,10110724303723,0.120804163,dmv_candidate_cost_v0,ANALYZE dmv,True,
mcv:fuel_type:suspension_indicator,mcv,candidate,20,mcv:fuel_type:suspension_indicator:20,1760,False,10110726317199,10110851696583,0.125379384,dmv_candidate_cost_v0,ANALYZE dmv,True,
fd:record_type:state,fd,candidate,-1,fd:record_type:state:-1,1761,True,10110854690356,10110981103139,0.126412783,dmv_candidate_cost_v0,ANALYZE dmv,True,
fd:record_type:state,fd,baseline,-1,fd:record_type:state:-1,1762,True,10110982026634,10111108994640,0.126968006,dmv_candidate_cost_v0,ANALYZE dmv,True,
fd:record_type:state,fd,baseline,0,fd:record_type:state:0,1763,False,10111109288599,10111232468429,0.12317983,dmv_candidate_cost_v0,ANALYZE dmv,True,
fd:record_type:state,fd,candidate,0,fd:record_type:state:0,1764,False,10111234407859,10111364808974,0.130401115,dmv_candidate_cost_v0,ANALYZE dmv,True,
fd:record_type:state,fd,candidate,1,fd:record_type:state:1,1765,False,10111367699737,10111499559839,0.131860102,dmv_candidate_cost_v0,ANALYZE dmv,True,
fd:record_type:state,fd,baseline,1,fd:record_type:state:1,1766,False,10111500651606,10111623713814,0.123062208,dmv_candidate_cost_v0,ANALYZE dmv,True,
fd:record_type:state,fd,baseline,2,fd:record_type:state:2,1767,False,10111624063815,10111751217076,0.127153261,dmv_candidate_cost_v0,ANALYZE dmv,True,
fd:record_type:state,fd,candidate,2,fd:record_type:state:2,1768,False,10111753209758,10111885210675,0.132000917,dmv_candidate_cost_v0,ANALYZE dmv,True,
fd:record_type:state,fd,candidate,3,fd:record_type:state:3,1769,False,10111887914250,10112025483420,0.13756917,dmv_candidate_cost_v0,ANALYZE dmv,True,
fd:record_type:state,fd,baseline,3,fd:record_type:state:3,1770,False,10112026293750,10112148211626,0.121917876,dmv_candidate_cost_v0,ANALYZE dmv,True,
fd:record_type:state,fd,baseline,4,fd:record_type:state:4,1771,False,10112148575051,10112277022657,0.128447606,dmv_candidate_cost_v0,ANALYZE dmv,True,
fd:record_type:state,fd,candidate,4,fd:record_type:state:4,1772,False,10112279523072,10112408717084,0.129194012,dmv_candidate_cost_v0,ANALYZE dmv,True,
fd:record_type:state,fd,candidate,5,fd:record_type:state:5,1773,False,10112411018273,10112536964454,0.125946181,dmv_candidate_cost_v0,ANALYZE dmv,True,
fd:record_type:state,fd,baseline,5,fd:record_type:state:5,1774,False,10112538365166,10112664687365,0.126322199,dmv_candidate_cost_v0,ANALYZE dmv,True,
fd:record_type:state,fd,baseline,6,fd:record_type:state:6,1775,False,10112665031468,10112789497772,0.124466304,dmv_candidate_cost_v0,ANALYZE dmv,True,
fd:record_type:state,fd,candidate,6,fd:record_type:state:6,1776,False,10112791729867,10112919376415,0.127646548,dmv_candidate_cost_v0,ANALYZE dmv,True,
fd:record_type:state,fd,candidate,7,fd:record_type:state:7,1777,False,10112922207655,10113052183109,0.129975454,dmv_candidate_cost_v0,ANALYZE dmv,True,
fd:record_type:state,fd,baseline,7,fd:record_type:state:7,1778,False,10113053242749,10113175012113,0.121769364,dmv_candidate_cost_v0,ANALYZE dmv,True,
fd:record_type:state,fd,baseline,8,fd:record_type:state:8,1779,False,10113175476991,10113299717677,0.124240686,dmv_candidate_cost_v0,ANALYZE dmv,True,
fd:record_type:state,fd,candidate,8,fd:record_type:state:8,1780,False,10113301726381,10113430134596,0.128408215,dmv_candidate_cost_v0,ANALYZE dmv,True,
fd:record_type:state,fd,candidate,9,fd:record_type:state:9,1781,False,10113432856050,10113564275456,0.131419406,dmv_candidate_cost_v0,ANALYZE dmv,True,
fd:record_type:state,fd,baseline,9,fd:record_type:state:9,1782,False,10113565590044,10113695223104,0.12963306,dmv_candidate_cost_v0,ANALYZE dmv,True,
fd:record_type:state,fd,baseline,10,fd:record_type:state:10,1783,False,10113695491391,10113815993577,0.120502186,dmv_candidate_cost_v0,ANALYZE dmv,True,
fd:record_type:state,fd,candidate,10,fd:record_type:state:10,1784,False,10113817903196,10113945944722,0.128041526,dmv_candidate_cost_v0,ANALYZE dmv,True,
fd:record_type:state,fd,candidate,11,fd:record_type:state:11,1785,False,10113948566198,10114074677805,0.126111607,dmv_candidate_cost_v0,ANALYZE dmv,True,
fd:record_type:state,fd,baseline,11,fd:record_type:state:11,1786,False,10114075657087,10114199024060,0.123366973,dmv_candidate_cost_v0,ANALYZE dmv,True,
fd:record_type:state,fd,baseline,12,fd:record_type:state:12,1787,False,10114199319909,10114320644990,0.121325081,dmv_candidate_cost_v0,ANALYZE dmv,True,
fd:record_type:state,fd,candidate,12,fd:record_type:state:12,1788,False,10114322897373,10114449463495,0.126566122,dmv_candidate_cost_v0,ANALYZE dmv,True,
fd:record_type:state,fd,candidate,13,fd:record_type:state:13,1789,False,10114452352400,10114581895006,0.129542606,dmv_candidate_cost_v0,ANALYZE dmv,True,
fd:record_type:state,fd,baseline,13,fd:record_type:state:13,1790,False,10114582931259,10114711921061,0.128989802,dmv_candidate_cost_v0,ANALYZE dmv,True,
fd:record_type:state,fd,baseline,14,fd:record_type:state:14,1791,False,10114712274100,10114832037070,0.11976297,dmv_candidate_cost_v0,ANALYZE dmv,True,
fd:record_type:state,fd,candidate,14,fd:record_type:state:14,1792,False,10114833908080,10114964435602,0.130527522,dmv_candidate_cost_v0,ANALYZE dmv,True,
fd:record_type:state,fd,candidate,15,fd:record_type:state:15,1793,False,10114966990118,10115098922360,0.131932242,dmv_candidate_cost_v0,ANALYZE dmv,True,
fd:record_type:state,fd,baseline,15,fd:record_type:state:15,1794,False,10115100199240,10115226475879,0.126276639,dmv_candidate_cost_v0,ANALYZE dmv,True,
fd:record_type:state,fd,baseline,16,fd:record_type:state:16,1795,False,10115226783230,10115348620073,0.121836843,dmv_candidate_cost_v0,ANALYZE dmv,True,
fd:record_type:state,fd,candidate,16,fd:record_type:state:16,1796,False,10115350428650,10115482597812,0.132169162,dmv_candidate_cost_v0,ANALYZE dmv,True,
fd:record_type:state,fd,candidate,17,fd:record_type:state:17,1797,False,10115485353351,10115610729198,0.125375847,dmv_candidate_cost_v0,ANALYZE dmv,True,
fd:record_type:state,fd,baseline,17,fd:record_type:state:17,1798,False,10115611899967,10115743217661,0.131317694,dmv_candidate_cost_v0,ANALYZE dmv,True,
fd:record_type:state,fd,baseline,18,fd:record_type:state:18,1799,False,10115743497244,10115866179463,0.122682219,dmv_candidate_cost_v0,ANALYZE dmv,True,
fd:record_type:state,fd,candidate,18,fd:record_type:state:18,1800,False,10115867940586,10115992667390,0.124726804,dmv_candidate_cost_v0,ANALYZE dmv,True,
fd:record_type:state,fd,candidate,19,fd:record_type:state:19,1801,False,10115995492602,10116124936426,0.129443824,dmv_candidate_cost_v0,ANALYZE dmv,True,
fd:record_type:state,fd,baseline,19,fd:record_type:state:19,1802,False,10116126314346,10116253889636,0.12757529,dmv_candidate_cost_v0,ANALYZE dmv,True,
fd:record_type:state,fd,baseline,20,fd:record_type:state:20,1803,False,10116254239182,10116381525936,0.127286754,dmv_candidate_cost_v0,ANALYZE dmv,True,
fd:record_type:state,fd,candidate,20,fd:record_type:state:20,1804,False,10116383143578,10116509748547,0.126604969,dmv_candidate_cost_v0,ANALYZE dmv,True,
fd:body_type:record_type,fd,candidate,-1,fd:body_type:record_type:-1,1805,True,10116512579214,10116640700146,0.128120932,dmv_candidate_cost_v0,ANALYZE dmv,True,
fd:body_type:record_type,fd,baseline,-1,fd:body_type:record_type:-1,1806,True,10116641641387,10116773245653,0.131604266,dmv_candidate_cost_v0,ANALYZE dmv,True,
fd:body_type:record_type,fd,baseline,0,fd:body_type:record_type:0,1807,False,10116773473121,10116894627706,0.121154585,dmv_candidate_cost_v0,ANALYZE dmv,True,
fd:body_type:record_type,fd,candidate,0,fd:body_type:record_type:0,1808,False,10116896133837,10117028763132,0.132629295,dmv_candidate_cost_v0,ANALYZE dmv,True,
fd:body_type:record_type,fd,candidate,1,fd:body_type:record_type:1,1809,False,10117031774283,10117160195779,0.128421496,dmv_candidate_cost_v0,ANALYZE dmv,True,
fd:body_type:record_type,fd,baseline,1,fd:body_type:record_type:1,1810,False,10117161600018,10117285366334,0.123766316,dmv_candidate_cost_v0,ANALYZE dmv,True,
fd:body_type:record_type,fd,baseline,2,fd:body_type:record_type:2,1811,False,10117285638112,10117411155468,0.125517356,dmv_candidate_cost_v0,ANALYZE dmv,True,
fd:body_type:record_type,fd,candidate,2,fd:body_type:record_type:2,1812,False,10117413029735,10117543531834,0.130502099,dmv_candidate_cost_v0,ANALYZE dmv,True,
fd:body_type:record_type,fd,candidate,3,fd:body_type:record_type:3,1813,False,10117546232324,10117672832947,0.126600623,dmv_candidate_cost_v0,ANALYZE dmv,True,
fd:body_type:record_type,fd,baseline,3,fd:body_type:record_type:3,1814,False,10117674109211,10117798814866,0.124705655,dmv_candidate_cost_v0,ANALYZE dmv,True,
fd:body_type:record_type,fd,baseline,4,fd:body_type:record_type:4,1815,False,10117799079306,10117921804647,0.122725341,dmv_candidate_cost_v0,ANALYZE dmv,True,
fd:body_type:record_type,fd,candidate,4,fd:body_type:record_type:4,1816,False,10117923483574,10118053349798,0.129866224,dmv_candidate_cost_v0,ANALYZE dmv,True,
fd:body_type:record_type,fd,candidate,5,fd:body_type:record_type:5,1817,False,10118055913496,10118188216575,0.132303079,dmv_candidate_cost_v0,ANALYZE dmv,True,
fd:body_type:record_type,fd,baseline,5,fd:body_type:record_type:5,1818,False,10118189348795,10118315522015,0.12617322,dmv_candidate_cost_v0,ANALYZE dmv,True,
fd:body_type:record_type,fd,baseline,6,fd:body_type:record_type:6,1819,False,10118315814091,10118439149498,0.123335407,dmv_candidate_cost_v0,ANALYZE dmv,True,
fd:body_type:record_type,fd,candidate,6,fd:body_type:record_type:6,1820,False,10118441174188,10118575335594,0.134161406,dmv_candidate_cost_v0,ANALYZE dmv,True,
fd:body_type:record_type,fd,candidate,7,fd:body_type:record_type:7,1821,False,10118577972970,10118703339227,0.125366257,dmv_candidate_cost_v0,ANALYZE dmv,True,
fd:body_type:record_type,fd,baseline,7,fd:body_type:record_type:7,1822,False,10118704811085,10118828600138,0.123789053,dmv_candidate_cost_v0,ANALYZE dmv,True,
fd:body_type:record_type,fd,baseline,8,fd:body_type:record_type:8,1823,False,10118829039081,10118949201042,0.120161961,dmv_candidate_cost_v0,ANALYZE dmv,True,
fd:body_type:record_type,fd,candidate,8,fd:body_type:record_type:8,1824,False,10118951397966,10119084280945,0.132882979,dmv_candidate_cost_v0,ANALYZE dmv,True,
fd:body_type:record_type,fd,candidate,9,fd:body_type:record_type:9,1825,False,10119086730627,10119216443112,0.129712485,dmv_candidate_cost_v0,ANALYZE dmv,True,
fd:body_type:record_type,fd,baseline,9,fd:body_type:record_type:9,1826,False,10119217388888,10119339214801,0.121825913,dmv_candidate_cost_v0,ANALYZE dmv,True,
fd:body_type:record_type,fd,baseline,10,fd:body_type:record_type:10,1827,False,10119339481450,10119460104188,0.120622738,dmv_candidate_cost_v0,ANALYZE dmv,True,
fd:body_type:record_type,fd,candidate,10,fd:body_type:record_type:10,1828,False,10119461838308,10119595496043,0.133657735,dmv_candidate_cost_v0,ANALYZE dmv,True,
fd:body_type:record_type,fd,candidate,11,fd:body_type:record_type:11,1829,False,10119598659182,10119727246954,0.128587772,dmv_candidate_cost_v0,ANALYZE dmv,True,
fd:body_type:record_type,fd,baseline,11,fd:body_type:record_type:11,1830,False,10119728549382,10119855371975,0.126822593,dmv_candidate_cost_v0,ANALYZE dmv,True,
fd:body_type:record_type,fd,baseline,12,fd:body_type:record_type:12,1831,False,10119855662911,10119979482633,0.123819722,dmv_candidate_cost_v0,ANALYZE dmv,True,
fd:body_type:record_type,fd,candidate,12,fd:body_type:record_type:12,1832,False,10119980996159,10120117525050,0.136528891,dmv_candidate_cost_v0,ANALYZE dmv,True,
fd:body_type:record_type,fd,candidate,13,fd:body_type:record_type:13,1833,False,10120119906668,10120260160222,0.140253554,dmv_candidate_cost_v0,ANALYZE dmv,True,
fd:body_type:record_type,fd,baseline,13,fd:body_type:record_type:13,1834,False,10120261202148,10120385918053,0.124715905,dmv_candidate_cost_v0,ANALYZE dmv,True,
fd:body_type:record_type,fd,baseline,14,fd:body_type:record_type:14,1835,False,10120386289604,10120514754628,0.128465024,dmv_candidate_cost_v0,ANALYZE dmv,True,
fd:body_type:record_type,fd,candidate,14,fd:body_type:record_type:14,1836,False,10120516416476,10120650491119,0.134074643,dmv_candidate_cost_v0,ANALYZE dmv,True,
fd:body_type:record_type,fd,candidate,15,fd:body_type:record_type:15,1837,False,10120652910361,10120789005595,0.136095234,dmv_candidate_cost_v0,ANALYZE dmv,True,
fd:body_type:record_type,fd,baseline,15,fd:body_type:record_type:15,1838,False,10120790070053,10120914765764,0.124695711,dmv_candidate_cost_v0,ANALYZE dmv,True,
fd:body_type:record_type,fd,baseline,16,fd:body_type:record_type:16,1839,False,10120915252960,10121041842288,0.126589328,dmv_candidate_cost_v0,ANALYZE dmv,True,
fd:body_type:record_type,fd,candidate,16,fd:body_type:record_type:16,1840,False,10121044060341,10121179585018,0.135524677,dmv_candidate_cost_v0,ANALYZE dmv,True,
fd:body_type:record_type,fd,candidate,17,fd:body_type:record_type:17,1841,False,10121182622656,10121311155208,0.128532552,dmv_candidate_cost_v0,ANALYZE dmv,True,
fd:body_type:record_type,fd,baseline,17,fd:body_type:record_type:17,1842,False,10121312266624,10121437286027,0.125019403,dmv_candidate_cost_v0,ANALYZE dmv,True,
fd:body_type:record_type,fd,baseline,18,fd:body_type:record_type:18,1843,False,10121437608607,10121559345919,0.121737312,dmv_candidate_cost_v0,ANALYZE dmv,True,
fd:body_type:record_type,fd,candidate,18,fd:body_type:record_type:18,1844,False,10121561076241,10121696663686,0.135587445,dmv_candidate_cost_v0,ANALYZE dmv,True,
fd:body_type:record_type,fd,candidate,19,fd:body_type:record_type:19,1845,False,10121699745204,10121833502032,0.133756828,dmv_candidate_cost_v0,ANALYZE dmv,True,
fd:body_type:record_type,fd,baseline,19,fd:body_type:record_type:19,1846,False,10121834633126,10121960079504,0.125446378,dmv_candidate_cost_v0,ANALYZE dmv,True,
fd:body_type:record_type,fd,baseline,20,fd:body_type:record_type:20,1847,False,10121960463644,10122092376877,0.131913233,dmv_candidate_cost_v0,ANALYZE dmv,True,
fd:body_type:record_type,fd,candidate,20,fd:body_type:record_type:20,1848,False,10122094023642,10122223034548,0.129010906,dmv_candidate_cost_v0,ANALYZE dmv,True,
fd:record_type:revocation_indicator,fd,candidate,-1,fd:record_type:revocation_indicator:-1,1849,True,10122225928108,10122358764001,0.132835893,dmv_candidate_cost_v0,ANALYZE dmv,True,
fd:record_type:revocation_indicator,fd,baseline,-1,fd:record_type:revocation_indicator:-1,1850,True,10122360028056,10122484081938,0.124053882,dmv_candidate_cost_v0,ANALYZE dmv,True,
fd:record_type:revocation_indicator,fd,baseline,0,fd:record_type:revocation_indicator:0,1851,False,10122484369648,10122610190263,0.125820615,dmv_candidate_cost_v0,ANALYZE dmv,True,
fd:record_type:revocation_indicator,fd,candidate,0,fd:record_type:revocation_indicator:0,1852,False,10122612235522,10122737714100,0.125478578,dmv_candidate_cost_v0,ANALYZE dmv,True,
fd:record_type:revocation_indicator,fd,candidate,1,fd:record_type:revocation_indicator:1,1853,False,10122740392477,10122873629500,0.133237023,dmv_candidate_cost_v0,ANALYZE dmv,True,
fd:record_type:revocation_indicator,fd,baseline,1,fd:record_type:revocation_indicator:1,1854,False,10122875073527,10122997597961,0.122524434,dmv_candidate_cost_v0,ANALYZE dmv,True,
fd:record_type:revocation_indicator,fd,baseline,2,fd:record_type:revocation_indicator:2,1855,False,10122998065783,10123129400980,0.131335197,dmv_candidate_cost_v0,ANALYZE dmv,True,
fd:record_type:revocation_indicator,fd,candidate,2,fd:record_type:revocation_indicator:2,1856,False,10123131908865,10123264979494,0.133070629,dmv_candidate_cost_v0,ANALYZE dmv,True,
fd:record_type:revocation_indicator,fd,candidate,3,fd:record_type:revocation_indicator:3,1857,False,10123267076675,10123397766590,0.130689915,dmv_candidate_cost_v0,ANALYZE dmv,True,
fd:record_type:revocation_indicator,fd,baseline,3,fd:record_type:revocation_indicator:3,1858,False,10123398840747,10123525489005,0.126648258,dmv_candidate_cost_v0,ANALYZE dmv,True,
fd:record_type:revocation_indicator,fd,baseline,4,fd:record_type:revocation_indicator:4,1859,False,10123525789772,10123647909792,0.12212002,dmv_candidate_cost_v0,ANALYZE dmv,True,
fd:record_type:revocation_indicator,fd,candidate,4,fd:record_type:revocation_indicator:4,1860,False,10123650048034,10123775725198,0.125677164,dmv_candidate_cost_v0,ANALYZE dmv,True,
fd:record_type:revocation_indicator,fd,candidate,5,fd:record_type:revocation_indicator:5,1861,False,10123778670581,10123908658669,0.129988088,dmv_candidate_cost_v0,ANALYZE dmv,True,
fd:record_type:revocation_indicator,fd,baseline,5,fd:record_type:revocation_indicator:5,1862,False,10123909764387,10124033085840,0.123321453,dmv_candidate_cost_v0,ANALYZE dmv,True,
fd:record_type:revocation_indicator,fd,baseline,6,fd:record_type:revocation_indicator:6,1863,False,10124033362735,10124161469007,0.128106272,dmv_candidate_cost_v0,ANALYZE dmv,True,
fd:record_type:revocation_indicator,fd,candidate,6,fd:record_type:revocation_indicator:6,1864,False,10124162928912,10124289665652,0.12673674,dmv_candidate_cost_v0,ANALYZE dmv,True,
fd:record_type:revocation_indicator,fd,candidate,7,fd:record_type:revocation_indicator:7,1865,False,10124292205530,10124425129647,0.132924117,dmv_candidate_cost_v0,ANALYZE dmv,True,
fd:record_type:revocation_indicator,fd,baseline,7,fd:record_type:revocation_indicator:7,1866,False,10124426655724,10124554126784,0.12747106,dmv_candidate_cost_v0,ANALYZE dmv,True,
fd:record_type:revocation_indicator,fd,baseline,8,fd:record_type:revocation_indicator:8,1867,False,10124554436451,10124677379532,0.122943081,dmv_candidate_cost_v0,ANALYZE dmv,True,
fd:record_type:revocation_indicator,fd,candidate,8,fd:record_type:revocation_indicator:8,1868,False,10124678603048,10124809100686,0.130497638,dmv_candidate_cost_v0,ANALYZE dmv,True,
fd:record_type:revocation_indicator,fd,candidate,9,fd:record_type:revocation_indicator:9,1869,False,10124812232016,10124943810016,0.131578,dmv_candidate_cost_v0,ANALYZE dmv,True,
fd:record_type:revocation_indicator,fd,baseline,9,fd:record_type:revocation_indicator:9,1870,False,10124944997736,10125067881434,0.122883698,dmv_candidate_cost_v0,ANALYZE dmv,True,
fd:record_type:revocation_indicator,fd,baseline,10,fd:record_type:revocation_indicator:10,1871,False,10125068338426,10125196110343,0.127771917,dmv_candidate_cost_v0,ANALYZE dmv,True,
fd:record_type:revocation_indicator,fd,candidate,10,fd:record_type:revocation_indicator:10,1872,False,10125198305380,10125323243834,0.124938454,dmv_candidate_cost_v0,ANALYZE dmv,True,
fd:record_type:revocation_indicator,fd,candidate,11,fd:record_type:revocation_indicator:11,1873,False,10125326227896,10125448520725,0.122292829,dmv_candidate_cost_v0,ANALYZE dmv,True,
fd:record_type:revocation_indicator,fd,baseline,11,fd:record_type:revocation_indicator:11,1874,False,10125449678663,10125572934087,0.123255424,dmv_candidate_cost_v0,ANALYZE dmv,True,
fd:record_type:revocation_indicator,fd,baseline,12,fd:record_type:revocation_indicator:12,1875,False,10125573343345,10125694737717,0.121394372,dmv_candidate_cost_v0,ANALYZE dmv,True,
fd:record_type:revocation_indicator,fd,candidate,12,fd:record_type:revocation_indicator:12,1876,False,10125696475580,10125822100004,0.125624424,dmv_candidate_cost_v0,ANALYZE dmv,True,
fd:record_type:revocation_indicator,fd,candidate,13,fd:record_type:revocation_indicator:13,1877,False,10125825203595,10125953610848,0.128407253,dmv_candidate_cost_v0,ANALYZE dmv,True,
fd:record_type:revocation_indicator,fd,baseline,13,fd:record_type:revocation_indicator:13,1878,False,10125954651727,10126080588910,0.125937183,dmv_candidate_cost_v0,ANALYZE dmv,True,
fd:record_type:revocation_indicator,fd,baseline,14,fd:record_type:revocation_indicator:14,1879,False,10126080998382,10126202043780,0.121045398,dmv_candidate_cost_v0,ANALYZE dmv,True,
fd:record_type:revocation_indicator,fd,candidate,14,fd:record_type:revocation_indicator:14,1880,False,10126204209349,10126328739759,0.12453041,dmv_candidate_cost_v0,ANALYZE dmv,True,
fd:record_type:revocation_indicator,fd,candidate,15,fd:record_type:revocation_indicator:15,1881,False,10126331799331,10126462574075,0.130774744,dmv_candidate_cost_v0,ANALYZE dmv,True,
fd:record_type:revocation_indicator,fd,baseline,15,fd:record_type:revocation_indicator:15,1882,False,10126463980864,10126585300995,0.121320131,dmv_candidate_cost_v0,ANALYZE dmv,True,
fd:record_type:revocation_indicator,fd,baseline,16,fd:record_type:revocation_indicator:16,1883,False,10126585851236,10126709251624,0.123400388,dmv_candidate_cost_v0,ANALYZE dmv,True,
fd:record_type:revocation_indicator,fd,candidate,16,fd:record_type:revocation_indicator:16,1884,False,10126711113070,10126836076359,0.124963289,dmv_candidate_cost_v0,ANALYZE dmv,True,
fd:record_type:revocation_indicator,fd,candidate,17,fd:record_type:revocation_indicator:17,1885,False,10126838712061,10126970497132,0.131785071,dmv_candidate_cost_v0,ANALYZE dmv,True,
fd:record_type:revocation_indicator,fd,baseline,17,fd:record_type:revocation_indicator:17,1886,False,10126971516927,10127091152247,0.11963532,dmv_candidate_cost_v0,ANALYZE dmv,True,
fd:record_type:revocation_indicator,fd,baseline,18,fd:record_type:revocation_indicator:18,1887,False,10127091571682,10127217059313,0.125487631,dmv_candidate_cost_v0,ANALYZE dmv,True,
fd:record_type:revocation_indicator,fd,candidate,18,fd:record_type:revocation_indicator:18,1888,False,10127218773425,10127343937099,0.125163674,dmv_candidate_cost_v0,ANALYZE dmv,True,
fd:record_type:revocation_indicator,fd,candidate,19,fd:record_type:revocation_indicator:19,1889,False,10127346980810,10127476969542,0.129988732,dmv_candidate_cost_v0,ANALYZE dmv,True,
fd:record_type:revocation_indicator,fd,baseline,19,fd:record_type:revocation_indicator:19,1890,False,10127478541290,10127600934637,0.122393347,dmv_candidate_cost_v0,ANALYZE dmv,True,
fd:record_type:revocation_indicator,fd,baseline,20,fd:record_type:revocation_indicator:20,1891,False,10127601383903,10127730131120,0.128747217,dmv_candidate_cost_v0,ANALYZE dmv,True,
fd:record_type:revocation_indicator,fd,candidate,20,fd:record_type:revocation_indicator:20,1892,False,10127732222832,10127863009987,0.130787155,dmv_candidate_cost_v0,ANALYZE dmv,True,
mcv:record_type:revocation_indicator,mcv,candidate,-1,mcv:record_type:revocation_indicator:-1,1893,True,10127866560497,10127998432639,0.131872142,dmv_candidate_cost_v0,ANALYZE dmv,True,
mcv:record_type:revocation_indicator,mcv,baseline,-1,mcv:record_type:revocation_indicator:-1,1894,True,10127999489268,10128128901405,0.129412137,dmv_candidate_cost_v0,ANALYZE dmv,True,
mcv:record_type:revocation_indicator,mcv,baseline,0,mcv:record_type:revocation_indicator:0,1895,False,10128129118330,10128252985554,0.123867224,dmv_candidate_cost_v0,ANALYZE dmv,True,
mcv:record_type:revocation_indicator,mcv,candidate,0,mcv:record_type:revocation_indicator:0,1896,False,10128254901328,10128379282997,0.124381669,dmv_candidate_cost_v0,ANALYZE dmv,True,
mcv:record_type:revocation_indicator,mcv,candidate,1,mcv:record_type:revocation_indicator:1,1897,False,10128382150833,10128510436679,0.128285846,dmv_candidate_cost_v0,ANALYZE dmv,True,
mcv:record_type:revocation_indicator,mcv,baseline,1,mcv:record_type:revocation_indicator:1,1898,False,10128511943299,10128635063519,0.12312022,dmv_candidate_cost_v0,ANALYZE dmv,True,
mcv:record_type:revocation_indicator,mcv,baseline,2,mcv:record_type:revocation_indicator:2,1899,False,10128635441632,10128756451979,0.121010347,dmv_candidate_cost_v0,ANALYZE dmv,True,
mcv:record_type:revocation_indicator,mcv,candidate,2,mcv:record_type:revocation_indicator:2,1900,False,10128758378517,10128884747669,0.126369152,dmv_candidate_cost_v0,ANALYZE dmv,True,
mcv:record_type:revocation_indicator,mcv,candidate,3,mcv:record_type:revocation_indicator:3,1901,False,10128887871766,10129010494847,0.122623081,dmv_candidate_cost_v0,ANALYZE dmv,True,
mcv:record_type:revocation_indicator,mcv,baseline,3,mcv:record_type:revocation_indicator:3,1902,False,10129011765440,10129134303140,0.1225377,dmv_candidate_cost_v0,ANALYZE dmv,True,
mcv:record_type:revocation_indicator,mcv,baseline,4,mcv:record_type:revocation_indicator:4,1903,False,10129134654671,10129253290561,0.11863589,dmv_candidate_cost_v0,ANALYZE dmv,True,
mcv:record_type:revocation_indicator,mcv,candidate,4,mcv:record_type:revocation_indicator:4,1904,False,10129254941266,10129381001561,0.126060295,dmv_candidate_cost_v0,ANALYZE dmv,True,
mcv:record_type:revocation_indicator,mcv,candidate,5,mcv:record_type:revocation_indicator:5,1905,False,10129384356309,10129508136278,0.123779969,dmv_candidate_cost_v0,ANALYZE dmv,True,
mcv:record_type:revocation_indicator,mcv,baseline,5,mcv:record_type:revocation_indicator:5,1906,False,10129509134823,10129634458115,0.125323292,dmv_candidate_cost_v0,ANALYZE dmv,True,
mcv:record_type:revocation_indicator,mcv,baseline,6,mcv:record_type:revocation_indicator:6,1907,False,10129634902614,10129761479396,0.126576782,dmv_candidate_cost_v0,ANALYZE dmv,True,
mcv:record_type:revocation_indicator,mcv,candidate,6,mcv:record_type:revocation_indicator:6,1908,False,10129763390096,10129892086565,0.128696469,dmv_candidate_cost_v0,ANALYZE dmv,True,
mcv:record_type:revocation_indicator,mcv,candidate,7,mcv:record_type:revocation_indicator:7,1909,False,10129894625250,10130017455148,0.122829898,dmv_candidate_cost_v0,ANALYZE dmv,True,
mcv:record_type:revocation_indicator,mcv,baseline,7,mcv:record_type:revocation_indicator:7,1910,False,10130019008581,10130145150624,0.126142043,dmv_candidate_cost_v0,ANALYZE dmv,True,
mcv:record_type:revocation_indicator,mcv,baseline,8,mcv:record_type:revocation_indicator:8,1911,False,10130145426368,10130271787867,0.126361499,dmv_candidate_cost_v0,ANALYZE dmv,True,
mcv:record_type:revocation_indicator,mcv,candidate,8,mcv:record_type:revocation_indicator:8,1912,False,10130273464110,10130399967817,0.126503707,dmv_candidate_cost_v0,ANALYZE dmv,True,
mcv:record_type:revocation_indicator,mcv,candidate,9,mcv:record_type:revocation_indicator:9,1913,False,10130403210341,10130533084010,0.129873669,dmv_candidate_cost_v0,ANALYZE dmv,True,
mcv:record_type:revocation_indicator,mcv,baseline,9,mcv:record_type:revocation_indicator:9,1914,False,10130534330052,10130660510758,0.126180706,dmv_candidate_cost_v0,ANALYZE dmv,True,
mcv:record_type:revocation_indicator,mcv,baseline,10,mcv:record_type:revocation_indicator:10,1915,False,10130660961490,10130780407679,0.119446189,dmv_candidate_cost_v0,ANALYZE dmv,True,
mcv:record_type:revocation_indicator,mcv,candidate,10,mcv:record_type:revocation_indicator:10,1916,False,10130782392321,10130911624310,0.129231989,dmv_candidate_cost_v0,ANALYZE dmv,True,
mcv:record_type:revocation_indicator,mcv,candidate,11,mcv:record_type:revocation_indicator:11,1917,False,10130913871957,10131041424859,0.127552902,dmv_candidate_cost_v0,ANALYZE dmv,True,
mcv:record_type:revocation_indicator,mcv,baseline,11,mcv:record_type:revocation_indicator:11,1918,False,10131042522510,10131164415155,0.121892645,dmv_candidate_cost_v0,ANALYZE dmv,True,
mcv:record_type:revocation_indicator,mcv,baseline,12,mcv:record_type:revocation_indicator:12,1919,False,10131164717166,10131290275062,0.125557896,dmv_candidate_cost_v0,ANALYZE dmv,True,
mcv:record_type:revocation_indicator,mcv,candidate,12,mcv:record_type:revocation_indicator:12,1920,False,10131292176487,10131422570122,0.130393635,dmv_candidate_cost_v0,ANALYZE dmv,True,
mcv:record_type:revocation_indicator,mcv,candidate,13,mcv:record_type:revocation_indicator:13,1921,False,10131425783591,10131552032477,0.126248886,dmv_candidate_cost_v0,ANALYZE dmv,True,
mcv:record_type:revocation_indicator,mcv,baseline,13,mcv:record_type:revocation_indicator:13,1922,False,10131553482216,10131681062867,0.127580651,dmv_candidate_cost_v0,ANALYZE dmv,True,
mcv:record_type:revocation_indicator,mcv,baseline,14,mcv:record_type:revocation_indicator:14,1923,False,10131681622144,10131809779178,0.128157034,dmv_candidate_cost_v0,ANALYZE dmv,True,
mcv:record_type:revocation_indicator,mcv,candidate,14,mcv:record_type:revocation_indicator:14,1924,False,10131811627175,10131938701618,0.127074443,dmv_candidate_cost_v0,ANALYZE dmv,True,
mcv:record_type:revocation_indicator,mcv,candidate,15,mcv:record_type:revocation_indicator:15,1925,False,10131941244723,10132071496451,0.130251728,dmv_candidate_cost_v0,ANALYZE dmv,True,
mcv:record_type:revocation_indicator,mcv,baseline,15,mcv:record_type:revocation_indicator:15,1926,False,10132072485150,10132200565666,0.128080516,dmv_candidate_cost_v0,ANALYZE dmv,True,
mcv:record_type:revocation_indicator,mcv,baseline,16,mcv:record_type:revocation_indicator:16,1927,False,10132200866907,10132321882976,0.121016069,dmv_candidate_cost_v0,ANALYZE dmv,True,
mcv:record_type:revocation_indicator,mcv,candidate,16,mcv:record_type:revocation_indicator:16,1928,False,10132323774486,10132449459403,0.125684917,dmv_candidate_cost_v0,ANALYZE dmv,True,
mcv:record_type:revocation_indicator,mcv,candidate,17,mcv:record_type:revocation_indicator:17,1929,False,10132452548853,10132577571311,0.125022458,dmv_candidate_cost_v0,ANALYZE dmv,True,
mcv:record_type:revocation_indicator,mcv,baseline,17,mcv:record_type:revocation_indicator:17,1930,False,10132578620049,10132698932782,0.120312733,dmv_candidate_cost_v0,ANALYZE dmv,True,
mcv:record_type:revocation_indicator,mcv,baseline,18,mcv:record_type:revocation_indicator:18,1931,False,10132699334979,10132825641850,0.126306871,dmv_candidate_cost_v0,ANALYZE dmv,True,
mcv:record_type:revocation_indicator,mcv,candidate,18,mcv:record_type:revocation_indicator:18,1932,False,10132827843025,10132951454831,0.123611806,dmv_candidate_cost_v0,ANALYZE dmv,True,
mcv:record_type:revocation_indicator,mcv,candidate,19,mcv:record_type:revocation_indicator:19,1933,False,10132954058119,10133083412887,0.129354768,dmv_candidate_cost_v0,ANALYZE dmv,True,
mcv:record_type:revocation_indicator,mcv,baseline,19,mcv:record_type:revocation_indicator:19,1934,False,10133084540629,10133210198702,0.125658073,dmv_candidate_cost_v0,ANALYZE dmv,True,
mcv:record_type:revocation_indicator,mcv,baseline,20,mcv:record_type:revocation_indicator:20,1935,False,10133210508941,10133337333492,0.126824551,dmv_candidate_cost_v0,ANALYZE dmv,True,
mcv:record_type:revocation_indicator,mcv,candidate,20,mcv:record_type:revocation_indicator:20,1936,False,10133339012859,10133461696539,0.12268368,dmv_candidate_cost_v0,ANALYZE dmv,True,
mcv:registration_class:scofflaw_indicator,mcv,candidate,-1,mcv:registration_class:scofflaw_indicator:-1,1937,True,10133465275730,10133600576881,0.135301151,dmv_candidate_cost_v0,ANALYZE dmv,True,
mcv:registration_class:scofflaw_indicator,mcv,baseline,-1,mcv:registration_class:scofflaw_indicator:-1,1938,True,10133601980474,10133722712251,0.120731777,dmv_candidate_cost_v0,ANALYZE dmv,True,
mcv:registration_class:scofflaw_indicator,mcv,baseline,0,mcv:registration_class:scofflaw_indicator:0,1939,False,10133722966186,10133849881996,0.12691581,dmv_candidate_cost_v0,ANALYZE dmv,True,
mcv:registration_class:scofflaw_indicator,mcv,candidate,0,mcv:registration_class:scofflaw_indicator:0,1940,False,10133851730635,10133980223865,0.12849323,dmv_candidate_cost_v0,ANALYZE dmv,True,
mcv:registration_class:scofflaw_indicator,mcv,candidate,1,mcv:registration_class:scofflaw_indicator:1,1941,False,10133982468554,10134107263438,0.124794884,dmv_candidate_cost_v0,ANALYZE dmv,True,
mcv:registration_class:scofflaw_indicator,mcv,baseline,1,mcv:registration_class:scofflaw_indicator:1,1942,False,10134108127990,10134230800020,0.12267203,dmv_candidate_cost_v0,ANALYZE dmv,True,
mcv:registration_class:scofflaw_indicator,mcv,baseline,2,mcv:registration_class:scofflaw_indicator:2,1943,False,10134231093806,10134351946791,0.120852985,dmv_candidate_cost_v0,ANALYZE dmv,True,
mcv:registration_class:scofflaw_indicator,mcv,candidate,2,mcv:registration_class:scofflaw_indicator:2,1944,False,10134353567764,10134480723759,0.127155995,dmv_candidate_cost_v0,ANALYZE dmv,True,
mcv:registration_class:scofflaw_indicator,mcv,candidate,3,mcv:registration_class:scofflaw_indicator:3,1945,False,10134483241484,10134613283210,0.130041726,dmv_candidate_cost_v0,ANALYZE dmv,True,
mcv:registration_class:scofflaw_indicator,mcv,baseline,3,mcv:registration_class:scofflaw_indicator:3,1946,False,10134614386619,10134737350007,0.122963388,dmv_candidate_cost_v0,ANALYZE dmv,True,
mcv:registration_class:scofflaw_indicator,mcv,baseline,4,mcv:registration_class:scofflaw_indicator:4,1947,False,10134737783778,10134864380205,0.126596427,dmv_candidate_cost_v0,ANALYZE dmv,True,
mcv:registration_class:scofflaw_indicator,mcv,candidate,4,mcv:registration_class:scofflaw_indicator:4,1948,False,10134865984992,10134996391399,0.130406407,dmv_candidate_cost_v0,ANALYZE dmv,True,
mcv:registration_class:scofflaw_indicator,mcv,candidate,5,mcv:registration_class:scofflaw_indicator:5,1949,False,10134998349864,10135128381139,0.130031275,dmv_candidate_cost_v0,ANALYZE dmv,True,
mcv:registration_class:scofflaw_indicator,mcv,baseline,5,mcv:registration_class:scofflaw_indicator:5,1950,False,10135129344112,10135251740699,0.122396587,dmv_candidate_cost_v0,ANALYZE dmv,True,
mcv:registration_class:scofflaw_indicator,mcv,baseline,6,mcv:registration_class:scofflaw_indicator:6,1951,False,10135252267981,10135380222262,0.127954281,dmv_candidate_cost_v0,ANALYZE dmv,True,
mcv:registration_class:scofflaw_indicator,mcv,candidate,6,mcv:registration_class:scofflaw_indicator:6,1952,False,10135381814090,10135507665899,0.125851809,dmv_candidate_cost_v0,ANALYZE dmv,True,
mcv:registration_class:scofflaw_indicator,mcv,candidate,7,mcv:registration_class:scofflaw_indicator:7,1953,False,10135510533627,10135643297618,0.132763991,dmv_candidate_cost_v0,ANALYZE dmv,True,
mcv:registration_class:scofflaw_indicator,mcv,baseline,7,mcv:registration_class:scofflaw_indicator:7,1954,False,10135644704281,10135772767631,0.12806335,dmv_candidate_cost_v0,ANALYZE dmv,True,
mcv:registration_class:scofflaw_indicator,mcv,baseline,8,mcv:registration_class:scofflaw_indicator:8,1955,False,10135773168019,10135900743332,0.127575313,dmv_candidate_cost_v0,ANALYZE dmv,True,
mcv:registration_class:scofflaw_indicator,mcv,candidate,8,mcv:registration_class:scofflaw_indicator:8,1956,False,10135902420933,10136026491122,0.124070189,dmv_candidate_cost_v0,ANALYZE dmv,True,
mcv:registration_class:scofflaw_indicator,mcv,candidate,9,mcv:registration_class:scofflaw_indicator:9,1957,False,10136029678775,10136157139544,0.127460769,dmv_candidate_cost_v0,ANALYZE dmv,True,
mcv:registration_class:scofflaw_indicator,mcv,baseline,9,mcv:registration_class:scofflaw_indicator:9,1958,False,10136158226714,10136280586530,0.122359816,dmv_candidate_cost_v0,ANALYZE dmv,True,
mcv:registration_class:scofflaw_indicator,mcv,baseline,10,mcv:registration_class:scofflaw_indicator:10,1959,False,10136280917702,10136403405008,0.122487306,dmv_candidate_cost_v0,ANALYZE dmv,True,
mcv:registration_class:scofflaw_indicator,mcv,candidate,10,mcv:registration_class:scofflaw_indicator:10,1960,False,10136405732304,10136535537146,0.129804842,dmv_candidate_cost_v0,ANALYZE dmv,True,
mcv:registration_class:scofflaw_indicator,mcv,candidate,11,mcv:registration_class:scofflaw_indicator:11,1961,False,10136538560214,10136662917635,0.124357421,dmv_candidate_cost_v0,ANALYZE dmv,True,
mcv:registration_class:scofflaw_indicator,mcv,baseline,11,mcv:registration_class:scofflaw_indicator:11,1962,False,10136664388542,10136790629854,0.126241312,dmv_candidate_cost_v0,ANALYZE dmv,True,
mcv:registration_class:scofflaw_indicator,mcv,baseline,12,mcv:registration_class:scofflaw_indicator:12,1963,False,10136791065345,10136922780919,0.131715574,dmv_candidate_cost_v0,ANALYZE dmv,True,
mcv:registration_class:scofflaw_indicator,mcv,candidate,12,mcv:registration_class:scofflaw_indicator:12,1964,False,10136924997375,10137047644206,0.122646831,dmv_candidate_cost_v0,ANALYZE dmv,True,
mcv:registration_class:scofflaw_indicator,mcv,candidate,13,mcv:registration_class:scofflaw_indicator:13,1965,False,10137050508384,10137178546517,0.128038133,dmv_candidate_cost_v0,ANALYZE dmv,True,
mcv:registration_class:scofflaw_indicator,mcv,baseline,13,mcv:registration_class:scofflaw_indicator:13,1966,False,10137179547087,10137304280897,0.12473381,dmv_candidate_cost_v0,ANALYZE dmv,True,
mcv:registration_class:scofflaw_indicator,mcv,baseline,14,mcv:registration_class:scofflaw_indicator:14,1967,False,10137304732336,10137433847448,0.129115112,dmv_candidate_cost_v0,ANALYZE dmv,True,
mcv:registration_class:scofflaw_indicator,mcv,candidate,14,mcv:registration_class:scofflaw_indicator:14,1968,False,10137435859292,10137566054169,0.130194877,dmv_candidate_cost_v0,ANALYZE dmv,True,
mcv:registration_class:scofflaw_indicator,mcv,candidate,15,mcv:registration_class:scofflaw_indicator:15,1969,False,10137568916184,10137699143221,0.130227037,dmv_candidate_cost_v0,ANALYZE dmv,True,
mcv:registration_class:scofflaw_indicator,mcv,baseline,15,mcv:registration_class:scofflaw_indicator:15,1970,False,10137700452832,10137821697451,0.121244619,dmv_candidate_cost_v0,ANALYZE dmv,True,
mcv:registration_class:scofflaw_indicator,mcv,baseline,16,mcv:registration_class:scofflaw_indicator:16,1971,False,10137822156488,10137947304224,0.125147736,dmv_candidate_cost_v0,ANALYZE dmv,True,
mcv:registration_class:scofflaw_indicator,mcv,candidate,16,mcv:registration_class:scofflaw_indicator:16,1972,False,10137949078886,10138073065265,0.123986379,dmv_candidate_cost_v0,ANALYZE dmv,True,
mcv:registration_class:scofflaw_indicator,mcv,candidate,17,mcv:registration_class:scofflaw_indicator:17,1973,False,10138075354253,10138199839295,0.124485042,dmv_candidate_cost_v0,ANALYZE dmv,True,
mcv:registration_class:scofflaw_indicator,mcv,baseline,17,mcv:registration_class:scofflaw_indicator:17,1974,False,10138201157635,10138329546695,0.12838906,dmv_candidate_cost_v0,ANALYZE dmv,True,
mcv:registration_class:scofflaw_indicator,mcv,baseline,18,mcv:registration_class:scofflaw_indicator:18,1975,False,10138329846642,10138453623644,0.123777002,dmv_candidate_cost_v0,ANALYZE dmv,True,
mcv:registration_class:scofflaw_indicator,mcv,candidate,18,mcv:registration_class:scofflaw_indicator:18,1976,False,10138455262020,10138579911742,0.124649722,dmv_candidate_cost_v0,ANALYZE dmv,True,
mcv:registration_class:scofflaw_indicator,mcv,candidate,19,mcv:registration_class:scofflaw_indicator:19,1977,False,10138582334391,10138708029077,0.125694686,dmv_candidate_cost_v0,ANALYZE dmv,True,
mcv:registration_class:scofflaw_indicator,mcv,baseline,19,mcv:registration_class:scofflaw_indicator:19,1978,False,10138709335334,10138840894616,0.131559282,dmv_candidate_cost_v0,ANALYZE dmv,True,
mcv:registration_class:scofflaw_indicator,mcv,baseline,20,mcv:registration_class:scofflaw_indicator:20,1979,False,10138841302878,10138972405179,0.131102301,dmv_candidate_cost_v0,ANALYZE dmv,True,
mcv:registration_class:scofflaw_indicator,mcv,candidate,20,mcv:registration_class:scofflaw_indicator:20,1980,False,10138974031499,10139098894491,0.124862992,dmv_candidate_cost_v0,ANALYZE dmv,True,
fd:county:scofflaw_indicator,fd,candidate,-1,fd:county:scofflaw_indicator:-1,1981,True,10139102784713,10139238372116,0.135587403,dmv_candidate_cost_v0,ANALYZE dmv,True,
fd:county:scofflaw_indicator,fd,baseline,-1,fd:county:scofflaw_indicator:-1,1982,True,10139239693309,10139374811954,0.135118645,dmv_candidate_cost_v0,ANALYZE dmv,True,
fd:county:scofflaw_indicator,fd,baseline,0,fd:county:scofflaw_indicator:0,1983,False,10139375083250,10139510788373,0.135705123,dmv_candidate_cost_v0,ANALYZE dmv,True,
fd:county:scofflaw_indicator,fd,candidate,0,fd:county:scofflaw_indicator:0,1984,False,10139512870317,10139644459590,0.131589273,dmv_candidate_cost_v0,ANALYZE dmv,True,
fd:county:scofflaw_indicator,fd,candidate,1,fd:county:scofflaw_indicator:1,1985,False,10139647424607,10139784092116,0.136667509,dmv_candidate_cost_v0,ANALYZE dmv,True,
fd:county:scofflaw_indicator,fd,baseline,1,fd:county:scofflaw_indicator:1,1986,False,10139785716356,10139918687819,0.132971463,dmv_candidate_cost_v0,ANALYZE dmv,True,
fd:county:scofflaw_indicator,fd,baseline,2,fd:county:scofflaw_indicator:2,1987,False,10139919052338,10140049570182,0.130517844,dmv_candidate_cost_v0,ANALYZE dmv,True,
fd:county:scofflaw_indicator,fd,candidate,2,fd:county:scofflaw_indicator:2,1988,False,10140051349617,10140182821615,0.131471998,dmv_candidate_cost_v0,ANALYZE dmv,True,
fd:county:scofflaw_indicator,fd,candidate,3,fd:county:scofflaw_indicator:3,1989,False,10140185561412,10140326222378,0.140660966,dmv_candidate_cost_v0,ANALYZE dmv,True,
fd:county:scofflaw_indicator,fd,baseline,3,fd:county:scofflaw_indicator:3,1990,False,10140327221796,10140448109255,0.120887459,dmv_candidate_cost_v0,ANALYZE dmv,True,
fd:county:scofflaw_indicator,fd,baseline,4,fd:county:scofflaw_indicator:4,1991,False,10140448512392,10140575889109,0.127376717,dmv_candidate_cost_v0,ANALYZE dmv,True,
fd:county:scofflaw_indicator,fd,candidate,4,fd:county:scofflaw_indicator:4,1992,False,10140577705258,10140706733837,0.129028579,dmv_candidate_cost_v0,ANALYZE dmv,True,
fd:county:scofflaw_indicator,fd,candidate,5,fd:county:scofflaw_indicator:5,1993,False,10140709474233,10140839456095,0.129981862,dmv_candidate_cost_v0,ANALYZE dmv,True,
fd:county:scofflaw_indicator,fd,baseline,5,fd:county:scofflaw_indicator:5,1994,False,10140840793076,10140963155144,0.122362068,dmv_candidate_cost_v0,ANALYZE dmv,True,
fd:county:scofflaw_indicator,fd,baseline,6,fd:county:scofflaw_indicator:6,1995,False,10140963548113,10141088637163,0.12508905,dmv_candidate_cost_v0,ANALYZE dmv,True,
fd:county:scofflaw_indicator,fd,candidate,6,fd:county:scofflaw_indicator:6,1996,False,10141090519242,10141220432701,0.129913459,dmv_candidate_cost_v0,ANALYZE dmv,True,
fd:county:scofflaw_indicator,fd,candidate,7,fd:county:scofflaw_indicator:7,1997,False,10141223435363,10141360227928,0.136792565,dmv_candidate_cost_v0,ANALYZE dmv,True,
fd:county:scofflaw_indicator,fd,baseline,7,fd:county:scofflaw_indicator:7,1998,False,10141361092034,10141488424890,0.127332856,dmv_candidate_cost_v0,ANALYZE dmv,True,
fd:county:scofflaw_indicator,fd,baseline,8,fd:county:scofflaw_indicator:8,1999,False,10141488747600,10141608191017,0.119443417,dmv_candidate_cost_v0,ANALYZE dmv,True,
fd:county:scofflaw_indicator,fd,candidate,8,fd:county:scofflaw_indicator:8,2000,False,10141610231634,10141746380817,0.136149183,dmv_candidate_cost_v0,ANALYZE dmv,True,
fd:county:scofflaw_indicator,fd,candidate,9,fd:county:scofflaw_indicator:9,2001,False,10141749156877,10141886141520,0.136984643,dmv_candidate_cost_v0,ANALYZE dmv,True,
fd:county:scofflaw_indicator,fd,baseline,9,fd:county:scofflaw_indicator:9,2002,False,10141887331175,10142007434881,0.120103706,dmv_candidate_cost_v0,ANALYZE dmv,True,
fd:county:scofflaw_indicator,fd,baseline,10,fd:county:scofflaw_indicator:10,2003,False,10142007840749,10142135244745,0.127403996,dmv_candidate_cost_v0,ANALYZE dmv,True,
fd:county:scofflaw_indicator,fd,candidate,10,fd:county:scofflaw_indicator:10,2004,False,10142137690026,10142268357416,0.13066739,dmv_candidate_cost_v0,ANALYZE dmv,True,
fd:county:scofflaw_indicator,fd,candidate,11,fd:county:scofflaw_indicator:11,2005,False,10142270954086,10142404409149,0.133455063,dmv_candidate_cost_v0,ANALYZE dmv,True,
fd:county:scofflaw_indicator,fd,baseline,11,fd:county:scofflaw_indicator:11,2006,False,10142405299929,10142531333265,0.126033336,dmv_candidate_cost_v0,ANALYZE dmv,True,
fd:county:scofflaw_indicator,fd,baseline,12,fd:county:scofflaw_indicator:12,2007,False,10142531854734,10142660067380,0.128212646,dmv_candidate_cost_v0,ANALYZE dmv,True,
fd:county:scofflaw_indicator,fd,candidate,12,fd:county:scofflaw_indicator:12,2008,False,10142661656270,10142794645942,0.132989672,dmv_candidate_cost_v0,ANALYZE dmv,True,
fd:county:scofflaw_indicator,fd,candidate,13,fd:county:scofflaw_indicator:13,2009,False,10142796979569,10142928311917,0.131332348,dmv_candidate_cost_v0,ANALYZE dmv,True,
fd:county:scofflaw_indicator,fd,baseline,13,fd:county:scofflaw_indicator:13,2010,False,10142929330221,10143051595603,0.122265382,dmv_candidate_cost_v0,ANALYZE dmv,True,
fd:county:scofflaw_indicator,fd,baseline,14,fd:county:scofflaw_indicator:14,2011,False,10143051954661,10143173149355,0.121194694,dmv_candidate_cost_v0,ANALYZE dmv,True,
fd:county:scofflaw_indicator,fd,candidate,14,fd:county:scofflaw_indicator:14,2012,False,10143174938124,10143313790929,0.138852805,dmv_candidate_cost_v0,ANALYZE dmv,True,
fd:county:scofflaw_indicator,fd,candidate,15,fd:county:scofflaw_indicator:15,2013,False,10143317275874,10143448388057,0.131112183,dmv_candidate_cost_v0,ANALYZE dmv,True,
fd:county:scofflaw_indicator,fd,baseline,15,fd:county:scofflaw_indicator:15,2014,False,10143449397573,10143577739779,0.128342206,dmv_candidate_cost_v0,ANALYZE dmv,True,
fd:county:scofflaw_indicator,fd,baseline,16,fd:county:scofflaw_indicator:16,2015,False,10143578151852,10143707285693,0.129133841,dmv_candidate_cost_v0,ANALYZE dmv,True,
fd:county:scofflaw_indicator,fd,candidate,16,fd:county:scofflaw_indicator:16,2016,False,10143709205079,10143843474104,0.134269025,dmv_candidate_cost_v0,ANALYZE dmv,True,
fd:county:scofflaw_indicator,fd,candidate,17,fd:county:scofflaw_indicator:17,2017,False,10143845801882,10143976845782,0.1310439,dmv_candidate_cost_v0,ANALYZE dmv,True,
fd:county:scofflaw_indicator,fd,baseline,17,fd:county:scofflaw_indicator:17,2018,False,10143977862454,10144103516085,0.125653631,dmv_candidate_cost_v0,ANALYZE dmv,True,
fd:county:scofflaw_indicator,fd,baseline,18,fd:county:scofflaw_indicator:18,2019,False,10144103943096,10144228595693,0.124652597,dmv_candidate_cost_v0,ANALYZE dmv,True,
fd:county:scofflaw_indicator,fd,candidate,18,fd:county:scofflaw_indicator:18,2020,False,10144230528480,10144366755056,0.136226576,dmv_candidate_cost_v0,ANALYZE dmv,True,
fd:county:scofflaw_indicator,fd,candidate,19,fd:county:scofflaw_indicator:19,2021,False,10144368760631,10144499126025,0.130365394,dmv_candidate_cost_v0,ANALYZE dmv,True,
fd:county:scofflaw_indicator,fd,baseline,19,fd:county:scofflaw_indicator:19,2022,False,10144500138631,10144621027893,0.120889262,dmv_candidate_cost_v0,ANALYZE dmv,True,
fd:county:scofflaw_indicator,fd,baseline,20,fd:county:scofflaw_indicator:20,2023,False,10144621377336,10144741476152,0.120098816,dmv_candidate_cost_v0,ANALYZE dmv,True,
fd:county:scofflaw_indicator,fd,candidate,20,fd:county:scofflaw_indicator:20,2024,False,10144743078316,10144873910697,0.130832381,dmv_candidate_cost_v0,ANALYZE dmv,True,
mcv:body_type:suspension_indicator,mcv,candidate,-1,mcv:body_type:suspension_indicator:-1,2025,True,10144877088120,10145002730313,0.125642193,dmv_candidate_cost_v0,ANALYZE dmv,True,
mcv:body_type:suspension_indicator,mcv,baseline,-1,mcv:body_type:suspension_indicator:-1,2026,True,10145004132652,10145126386615,0.122253963,dmv_candidate_cost_v0,ANALYZE dmv,True,
mcv:body_type:suspension_indicator,mcv,baseline,0,mcv:body_type:suspension_indicator:0,2027,False,10145126718702,10145258086262,0.13136756,dmv_candidate_cost_v0,ANALYZE dmv,True,
mcv:body_type:suspension_indicator,mcv,candidate,0,mcv:body_type:suspension_indicator:0,2028,False,10145260045607,10145388901805,0.128856198,dmv_candidate_cost_v0,ANALYZE dmv,True,
mcv:body_type:suspension_indicator,mcv,candidate,1,mcv:body_type:suspension_indicator:1,2029,False,10145391250477,10145514418927,0.12316845,dmv_candidate_cost_v0,ANALYZE dmv,True,
mcv:body_type:suspension_indicator,mcv,baseline,1,mcv:body_type:suspension_indicator:1,2030,False,10145515807258,10145640573906,0.124766648,dmv_candidate_cost_v0,ANALYZE dmv,True,
mcv:body_type:suspension_indicator,mcv,baseline,2,mcv:body_type:suspension_indicator:2,2031,False,10145640987107,10145772655555,0.131668448,dmv_candidate_cost_v0,ANALYZE dmv,True,
mcv:body_type:suspension_indicator,mcv,candidate,2,mcv:body_type:suspension_indicator:2,2032,False,10145774388536,10145903150209,0.128761673,dmv_candidate_cost_v0,ANALYZE dmv,True,
mcv:body_type:suspension_indicator,mcv,candidate,3,mcv:body_type:suspension_indicator:3,2033,False,10145906086831,10146035928545,0.129841714,dmv_candidate_cost_v0,ANALYZE dmv,True,
mcv:body_type:suspension_indicator,mcv,baseline,3,mcv:body_type:suspension_indicator:3,2034,False,10146036997544,10146164217671,0.127220127,dmv_candidate_cost_v0,ANALYZE dmv,True,
mcv:body_type:suspension_indicator,mcv,baseline,4,mcv:body_type:suspension_indicator:4,2035,False,10146164695656,10146283956565,0.119260909,dmv_candidate_cost_v0,ANALYZE dmv,True,
mcv:body_type:suspension_indicator,mcv,candidate,4,mcv:body_type:suspension_indicator:4,2036,False,10146286074519,10146417525723,0.131451204,dmv_candidate_cost_v0,ANALYZE dmv,True,
mcv:body_type:suspension_indicator,mcv,candidate,5,mcv:body_type:suspension_indicator:5,2037,False,10146419961155,10146545265529,0.125304374,dmv_candidate_cost_v0,ANALYZE dmv,True,
mcv:body_type:suspension_indicator,mcv,baseline,5,mcv:body_type:suspension_indicator:5,2038,False,10146546673199,10146670773660,0.124100461,dmv_candidate_cost_v0,ANALYZE dmv,True,
mcv:body_type:suspension_indicator,mcv,baseline,6,mcv:body_type:suspension_indicator:6,2039,False,10146671097747,10146791561840,0.120464093,dmv_candidate_cost_v0,ANALYZE dmv,True,
mcv:body_type:suspension_indicator,mcv,candidate,6,mcv:body_type:suspension_indicator:6,2040,False,10146793146661,10146923291948,0.130145287,dmv_candidate_cost_v0,ANALYZE dmv,True,
mcv:body_type:suspension_indicator,mcv,candidate,7,mcv:body_type:suspension_indicator:7,2041,False,10146926268933,10147059883091,0.133614158,dmv_candidate_cost_v0,ANALYZE dmv,True,
mcv:body_type:suspension_indicator,mcv,baseline,7,mcv:body_type:suspension_indicator:7,2042,False,10147061295233,10147184143988,0.122848755,dmv_candidate_cost_v0,ANALYZE dmv,True,
mcv:body_type:suspension_indicator,mcv,baseline,8,mcv:body_type:suspension_indicator:8,2043,False,10147184417684,10147311398849,0.126981165,dmv_candidate_cost_v0,ANALYZE dmv,True,
mcv:body_type:suspension_indicator,mcv,candidate,8,mcv:body_type:suspension_indicator:8,2044,False,10147313154633,10147443239138,0.130084505,dmv_candidate_cost_v0,ANALYZE dmv,True,
mcv:body_type:suspension_indicator,mcv,candidate,9,mcv:body_type:suspension_indicator:9,2045,False,10147445520892,10147571321485,0.125800593,dmv_candidate_cost_v0,ANALYZE dmv,True,
mcv:body_type:suspension_indicator,mcv,baseline,9,mcv:body_type:suspension_indicator:9,2046,False,10147572560727,10147700417263,0.127856536,dmv_candidate_cost_v0,ANALYZE dmv,True,
mcv:body_type:suspension_indicator,mcv,baseline,10,mcv:body_type:suspension_indicator:10,2047,False,10147700721740,10147822357259,0.121635519,dmv_candidate_cost_v0,ANALYZE dmv,True,
mcv:body_type:suspension_indicator,mcv,candidate,10,mcv:body_type:suspension_indicator:10,2048,False,10147824548065,10147960742131,0.136194066,dmv_candidate_cost_v0,ANALYZE dmv,True,
mcv:body_type:suspension_indicator,mcv,candidate,11,mcv:body_type:suspension_indicator:11,2049,False,10147963391365,10148096369302,0.132977937,dmv_candidate_cost_v0,ANALYZE dmv,True,
mcv:body_type:suspension_indicator,mcv,baseline,11,mcv:body_type:suspension_indicator:11,2050,False,10148097369107,10148222967081,0.125597974,dmv_candidate_cost_v0,ANALYZE dmv,True,
mcv:body_type:suspension_indicator,mcv,baseline,12,mcv:body_type:suspension_indicator:12,2051,False,10148223299676,10148353442683,0.130143007,dmv_candidate_cost_v0,ANALYZE dmv,True,
mcv:body_type:suspension_indicator,mcv,candidate,12,mcv:body_type:suspension_indicator:12,2052,False,10148355179405,10148486824011,0.131644606,dmv_candidate_cost_v0,ANALYZE dmv,True,
mcv:body_type:suspension_indicator,mcv,candidate,13,mcv:body_type:suspension_indicator:13,2053,False,10148489745093,10148625757172,0.136012079,dmv_candidate_cost_v0,ANALYZE dmv,True,
mcv:body_type:suspension_indicator,mcv,baseline,13,mcv:body_type:suspension_indicator:13,2054,False,10148626826134,10148751870882,0.125044748,dmv_candidate_cost_v0,ANALYZE dmv,True,
mcv:body_type:suspension_indicator,mcv,baseline,14,mcv:body_type:suspension_indicator:14,2055,False,10148752362119,10148878503376,0.126141257,dmv_candidate_cost_v0,ANALYZE dmv,True,
mcv:body_type:suspension_indicator,mcv,candidate,14,mcv:body_type:suspension_indicator:14,2056,False,10148880331449,10149012306265,0.131974816,dmv_candidate_cost_v0,ANALYZE dmv,True,
mcv:body_type:suspension_indicator,mcv,candidate,15,mcv:body_type:suspension_indicator:15,2057,False,10149014729577,10149146147910,0.131418333,dmv_candidate_cost_v0,ANALYZE dmv,True,
mcv:body_type:suspension_indicator,mcv,baseline,15,mcv:body_type:suspension_indicator:15,2058,False,10149147414844,10149277419202,0.130004358,dmv_candidate_cost_v0,ANALYZE dmv,True,
mcv:body_type:suspension_indicator,mcv,baseline,16,mcv:body_type:suspension_indicator:16,2059,False,10149277765509,10149399921385,0.122155876,dmv_candidate_cost_v0,ANALYZE dmv,True,
mcv:body_type:suspension_indicator,mcv,candidate,16,mcv:body_type:suspension_indicator:16,2060,False,10149401797115,10149534578755,0.13278164,dmv_candidate_cost_v0,ANALYZE dmv,True,
mcv:body_type:suspension_indicator,mcv,candidate,17,mcv:body_type:suspension_indicator:17,2061,False,10149536937342,10149672266780,0.135329438,dmv_candidate_cost_v0,ANALYZE dmv,True,
mcv:body_type:suspension_indicator,mcv,baseline,17,mcv:body_type:suspension_indicator:17,2062,False,10149673390887,10149796254372,0.122863485,dmv_candidate_cost_v0,ANALYZE dmv,True,
mcv:body_type:suspension_indicator,mcv,baseline,18,mcv:body_type:suspension_indicator:18,2063,False,10149796586825,10149923813113,0.127226288,dmv_candidate_cost_v0,ANALYZE dmv,True,
mcv:body_type:suspension_indicator,mcv,candidate,18,mcv:body_type:suspension_indicator:18,2064,False,10149925911807,10150053452783,0.127540976,dmv_candidate_cost_v0,ANALYZE dmv,True,
mcv:body_type:suspension_indicator,mcv,candidate,19,mcv:body_type:suspension_indicator:19,2065,False,10150055886034,10150180839175,0.124953141,dmv_candidate_cost_v0,ANALYZE dmv,True,
mcv:body_type:suspension_indicator,mcv,baseline,19,mcv:body_type:suspension_indicator:19,2066,False,10150181807276,10150303136468,0.121329192,dmv_candidate_cost_v0,ANALYZE dmv,True,
mcv:body_type:suspension_indicator,mcv,baseline,20,mcv:body_type:suspension_indicator:20,2067,False,10150303425083,10150424743669,0.121318586,dmv_candidate_cost_v0,ANALYZE dmv,True,
mcv:body_type:suspension_indicator,mcv,candidate,20,mcv:body_type:suspension_indicator:20,2068,False,10150426299770,10150559746818,0.133447048,dmv_candidate_cost_v0,ANALYZE dmv,True,
mcv:county:state,mcv,candidate,-1,mcv:county:state:-1,2069,True,10150562601507,10150694052392,0.131450885,dmv_candidate_cost_v0,ANALYZE dmv,True,
mcv:county:state,mcv,baseline,-1,mcv:county:state:-1,2070,True,10150695095722,10150825131481,0.130035759,dmv_candidate_cost_v0,ANALYZE dmv,True,
mcv:county:state,mcv,baseline,0,mcv:county:state:0,2071,False,10150825421817,10150960227362,0.134805545,dmv_candidate_cost_v0,ANALYZE dmv,True,
mcv:county:state,mcv,candidate,0,mcv:county:state:0,2072,False,10150962091190,10151100134896,0.138043706,dmv_candidate_cost_v0,ANALYZE dmv,True,
mcv:county:state,mcv,candidate,1,mcv:county:state:1,2073,False,10151102518446,10151233247683,0.130729237,dmv_candidate_cost_v0,ANALYZE dmv,True,
mcv:county:state,mcv,baseline,1,mcv:county:state:1,2074,False,10151234630672,10151356141010,0.121510338,dmv_candidate_cost_v0,ANALYZE dmv,True,
mcv:county:state,mcv,baseline,2,mcv:county:state:2,2075,False,10151356422931,10151482485680,0.126062749,dmv_candidate_cost_v0,ANALYZE dmv,True,
mcv:county:state,mcv,candidate,2,mcv:county:state:2,2076,False,10151484294934,10151621735640,0.137440706,dmv_candidate_cost_v0,ANALYZE dmv,True,
mcv:county:state,mcv,candidate,3,mcv:county:state:3,2077,False,10151624687507,10151754207703,0.129520196,dmv_candidate_cost_v0,ANALYZE dmv,True,
mcv:county:state,mcv,baseline,3,mcv:county:state:3,2078,False,10151755591118,10151882778540,0.127187422,dmv_candidate_cost_v0,ANALYZE dmv,True,
mcv:county:state,mcv,baseline,4,mcv:county:state:4,2079,False,10151883219938,10152012966241,0.129746303,dmv_candidate_cost_v0,ANALYZE dmv,True,
mcv:county:state,mcv,candidate,4,mcv:county:state:4,2080,False,10152014784892,10152143107823,0.128322931,dmv_candidate_cost_v0,ANALYZE dmv,True,
mcv:county:state,mcv,candidate,5,mcv:county:state:5,2081,False,10152146037654,10152276765699,0.130728045,dmv_candidate_cost_v0,ANALYZE dmv,True,
mcv:county:state,mcv,baseline,5,mcv:county:state:5,2082,False,10152278015758,10152401790660,0.123774902,dmv_candidate_cost_v0,ANALYZE dmv,True,
mcv:county:state,mcv,baseline,6,mcv:county:state:6,2083,False,10152402158510,10152536239973,0.134081463,dmv_candidate_cost_v0,ANALYZE dmv,True,
mcv:county:state,mcv,candidate,6,mcv:county:state:6,2084,False,10152537805767,10152667828786,0.130023019,dmv_candidate_cost_v0,ANALYZE dmv,True,
mcv:county:state,mcv,candidate,7,mcv:county:state:7,2085,False,10152669901515,10152803964356,0.134062841,dmv_candidate_cost_v0,ANALYZE dmv,True,
mcv:county:state,mcv,baseline,7,mcv:county:state:7,2086,False,10152805172946,10152924426267,0.119253321,dmv_candidate_cost_v0,ANALYZE dmv,True,
mcv:county:state,mcv,baseline,8,mcv:county:state:8,2087,False,10152924815954,10153050972838,0.126156884,dmv_candidate_cost_v0,ANALYZE dmv,True,
mcv:county:state,mcv,candidate,8,mcv:county:state:8,2088,False,10153052664662,10153186389783,0.133725121,dmv_candidate_cost_v0,ANALYZE dmv,True,
mcv:county:state,mcv,candidate,9,mcv:county:state:9,2089,False,10153189117242,10153315960835,0.126843593,dmv_candidate_cost_v0,ANALYZE dmv,True,
mcv:county:state,mcv,baseline,9,mcv:county:state:9,2090,False,10153317100059,10153439216102,0.122116043,dmv_candidate_cost_v0,ANALYZE dmv,True,
mcv:county:state,mcv,baseline,10,mcv:county:state:10,2091,False,10153439542051,10153565700257,0.126158206,dmv_candidate_cost_v0,ANALYZE dmv,True,
mcv:county:state,mcv,candidate,10,mcv:county:state:10,2092,False,10153567562976,10153701376150,0.133813174,dmv_candidate_cost_v0,ANALYZE dmv,True,
mcv:county:state,mcv,candidate,11,mcv:county:state:11,2093,False,10153704341714,10153837555355,0.133213641,dmv_candidate_cost_v0,ANALYZE dmv,True,
mcv:county:state,mcv,baseline,11,mcv:county:state:11,2094,False,10153838503910,10153966276830,0.12777292,dmv_candidate_cost_v0,ANALYZE dmv,True,
mcv:county:state,mcv,baseline,12,mcv:county:state:12,2095,False,10153966577737,10154086877720,0.120299983,dmv_candidate_cost_v0,ANALYZE dmv,True,
mcv:county:state,mcv,candidate,12,mcv:county:state:12,2096,False,10154089129401,10154222833319,0.133703918,dmv_candidate_cost_v0,ANALYZE dmv,True,
mcv:county:state,mcv,candidate,13,mcv:county:state:13,2097,False,10154225904054,10154353159953,0.127255899,dmv_candidate_cost_v0,ANALYZE dmv,True,
mcv:county:state,mcv,baseline,13,mcv:county:state:13,2098,False,10154354525329,10154482193649,0.12766832,dmv_candidate_cost_v0,ANALYZE dmv,True,
mcv:county:state,mcv,baseline,14,mcv:county:state:14,2099,False,10154482653049,10154610800058,0.128147009,dmv_candidate_cost_v0,ANALYZE dmv,True,
mcv:county:state,mcv,candidate,14,mcv:county:state:14,2100,False,10154612791086,10154753429580,0.140638494,dmv_candidate_cost_v0,ANALYZE dmv,True,
mcv:county:state,mcv,candidate,15,mcv:county:state:15,2101,False,10154756066775,10154889610636,0.133543861,dmv_candidate_cost_v0,ANALYZE dmv,True,
mcv:county:state,mcv,baseline,15,mcv:county:state:15,2102,False,10154890815191,10155013094745,0.122279554,dmv_candidate_cost_v0,ANALYZE dmv,True,
mcv:county:state,mcv,baseline,16,mcv:county:state:16,2103,False,10155013483131,10155149330846,0.135847715,dmv_candidate_cost_v0,ANALYZE dmv,True,
mcv:county:state,mcv,candidate,16,mcv:county:state:16,2104,False,10155151092639,10155280092847,0.129000208,dmv_candidate_cost_v0,ANALYZE dmv,True,
mcv:county:state,mcv,candidate,17,mcv:county:state:17,2105,False,10155283576537,10155413080648,0.129504111,dmv_candidate_cost_v0,ANALYZE dmv,True,
mcv:county:state,mcv,baseline,17,mcv:county:state:17,2106,False,10155414182064,10155536905747,0.122723683,dmv_candidate_cost_v0,ANALYZE dmv,True,
mcv:county:state,mcv,baseline,18,mcv:county:state:18,2107,False,10155537228548,10155659606473,0.122377925,dmv_candidate_cost_v0,ANALYZE dmv,True,
mcv:county:state,mcv,candidate,18,mcv:county:state:18,2108,False,10155661433249,10155799619988,0.138186739,dmv_candidate_cost_v0,ANALYZE dmv,True,
mcv:county:state,mcv,candidate,19,mcv:county:state:19,2109,False,10155802574174,10155930124672,0.127550498,dmv_candidate_cost_v0,ANALYZE dmv,True,
mcv:county:state,mcv,baseline,19,mcv:county:state:19,2110,False,10155931339177,10156056044936,0.124705759,dmv_candidate_cost_v0,ANALYZE dmv,True,
mcv:county:state,mcv,baseline,20,mcv:county:state:20,2111,False,10156056448319,10156180693499,0.12424518,dmv_candidate_cost_v0,ANALYZE dmv,True,
mcv:county:state,mcv,candidate,20,mcv:county:state:20,2112,False,10156182361440,10156311184572,0.128823132,dmv_candidate_cost_v0,ANALYZE dmv,True,
fd:registration_class:suspension_indicator,fd,candidate,-1,fd:registration_class:suspension_indicator:-1,2113,True,10156314654134,10156442406286,0.127752152,dmv_candidate_cost_v0,ANALYZE dmv,True,
fd:registration_class:suspension_indicator,fd,baseline,-1,fd:registration_class:suspension_indicator:-1,2114,True,10156443445873,10156570795991,0.127350118,dmv_candidate_cost_v0,ANALYZE dmv,True,
fd:registration_class:suspension_indicator,fd,baseline,0,fd:registration_class:suspension_indicator:0,2115,False,10156571093892,10156698841982,0.12774809,dmv_candidate_cost_v0,ANALYZE dmv,True,
fd:registration_class:suspension_indicator,fd,candidate,0,fd:registration_class:suspension_indicator:0,2116,False,10156700779593,10156831798456,0.131018863,dmv_candidate_cost_v0,ANALYZE dmv,True,
fd:registration_class:suspension_indicator,fd,candidate,1,fd:registration_class:suspension_indicator:1,2117,False,10156835023453,10156965222817,0.130199364,dmv_candidate_cost_v0,ANALYZE dmv,True,
fd:registration_class:suspension_indicator,fd,baseline,1,fd:registration_class:suspension_indicator:1,2118,False,10156966288479,10157086390341,0.120101862,dmv_candidate_cost_v0,ANALYZE dmv,True,
fd:registration_class:suspension_indicator,fd,baseline,2,fd:registration_class:suspension_indicator:2,2119,False,10157086714568,10157210247299,0.123532731,dmv_candidate_cost_v0,ANALYZE dmv,True,
fd:registration_class:suspension_indicator,fd,candidate,2,fd:registration_class:suspension_indicator:2,2120,False,10157212183011,10157341302176,0.129119165,dmv_candidate_cost_v0,ANALYZE dmv,True,
fd:registration_class:suspension_indicator,fd,candidate,3,fd:registration_class:suspension_indicator:3,2121,False,10157344069422,10157474257725,0.130188303,dmv_candidate_cost_v0,ANALYZE dmv,True,
fd:registration_class:suspension_indicator,fd,baseline,3,fd:registration_class:suspension_indicator:3,2122,False,10157475316088,10157601866725,0.126550637,dmv_candidate_cost_v0,ANALYZE dmv,True,
fd:registration_class:suspension_indicator,fd,baseline,4,fd:registration_class:suspension_indicator:4,2123,False,10157602263780,10157726998509,0.124734729,dmv_candidate_cost_v0,ANALYZE dmv,True,
fd:registration_class:suspension_indicator,fd,candidate,4,fd:registration_class:suspension_indicator:4,2124,False,10157728610469,10157855992537,0.127382068,dmv_candidate_cost_v0,ANALYZE dmv,True,
fd:registration_class:suspension_indicator,fd,candidate,5,fd:registration_class:suspension_indicator:5,2125,False,10157858412494,10157988860852,0.130448358,dmv_candidate_cost_v0,ANALYZE dmv,True,
fd:registration_class:suspension_indicator,fd,baseline,5,fd:registration_class:suspension_indicator:5,2126,False,10157990353235,10158114557422,0.124204187,dmv_candidate_cost_v0,ANALYZE dmv,True,
fd:registration_class:suspension_indicator,fd,baseline,6,fd:registration_class:suspension_indicator:6,2127,False,10158114994123,10158245560945,0.130566822,dmv_candidate_cost_v0,ANALYZE dmv,True,
fd:registration_class:suspension_indicator,fd,candidate,6,fd:registration_class:suspension_indicator:6,2128,False,10158247463675,10158374922684,0.127459009,dmv_candidate_cost_v0,ANALYZE dmv,True,
fd:registration_class:suspension_indicator,fd,candidate,7,fd:registration_class:suspension_indicator:7,2129,False,10158377479385,10158503851705,0.12637232,dmv_candidate_cost_v0,ANALYZE dmv,True,
fd:registration_class:suspension_indicator,fd,baseline,7,fd:registration_class:suspension_indicator:7,2130,False,10158505034201,10158631744289,0.126710088,dmv_candidate_cost_v0,ANALYZE dmv,True,
fd:registration_class:suspension_indicator,fd,baseline,8,fd:registration_class:suspension_indicator:8,2131,False,10158632245681,10158762760132,0.130514451,dmv_candidate_cost_v0,ANALYZE dmv,True,
fd:registration_class:suspension_indicator,fd,candidate,8,fd:registration_class:suspension_indicator:8,2132,False,10158764306745,10158891684863,0.127378118,dmv_candidate_cost_v0,ANALYZE dmv,True,
fd:registration_class:suspension_indicator,fd,candidate,9,fd:registration_class:suspension_indicator:9,2133,False,10158894453152,10159022202719,0.127749567,dmv_candidate_cost_v0,ANALYZE dmv,True,
fd:registration_class:suspension_indicator,fd,baseline,9,fd:registration_class:suspension_indicator:9,2134,False,10159023258398,10159146729277,0.123470879,dmv_candidate_cost_v0,ANALYZE dmv,True,
fd:registration_class:suspension_indicator,fd,baseline,10,fd:registration_class:suspension_indicator:10,2135,False,10159147139125,10159282812316,0.135673191,dmv_candidate_cost_v0,ANALYZE dmv,True,
fd:registration_class:suspension_indicator,fd,candidate,10,fd:registration_class:suspension_indicator:10,2136,False,10159284226161,10159413456484,0.129230323,dmv_candidate_cost_v0,ANALYZE dmv,True,
fd:registration_class:suspension_indicator,fd,candidate,11,fd:registration_class:suspension_indicator:11,2137,False,10159416131385,10159544714024,0.128582639,dmv_candidate_cost_v0,ANALYZE dmv,True,
fd:registration_class:suspension_indicator,fd,baseline,11,fd:registration_class:suspension_indicator:11,2138,False,10159545976147,10159674083864,0.128107717,dmv_candidate_cost_v0,ANALYZE dmv,True,
fd:registration_class:suspension_indicator,fd,baseline,12,fd:registration_class:suspension_indicator:12,2139,False,10159674611200,10159808989711,0.134378511,dmv_candidate_cost_v0,ANALYZE dmv,True,
fd:registration_class:suspension_indicator,fd,candidate,12,fd:registration_class:suspension_indicator:12,2140,False,10159810573641,10159937455259,0.126881618,dmv_candidate_cost_v0,ANALYZE dmv,True,
fd:registration_class:suspension_indicator,fd,candidate,13,fd:registration_class:suspension_indicator:13,2141,False,10159939790802,10160073564925,0.133774123,dmv_candidate_cost_v0,ANALYZE dmv,True,
fd:registration_class:suspension_indicator,fd,baseline,13,fd:registration_class:suspension_indicator:13,2142,False,10160074572520,10160201558891,0.126986371,dmv_candidate_cost_v0,ANALYZE dmv,True,
fd:registration_class:suspension_indicator,fd,baseline,14,fd:registration_class:suspension_indicator:14,2143,False,10160201941599,10160326900927,0.124959328,dmv_candidate_cost_v0,ANALYZE dmv,True,
fd:registration_class:suspension_indicator,fd,candidate,14,fd:registration_class:suspension_indicator:14,2144,False,10160328789168,10160456517765,0.127728597,dmv_candidate_cost_v0,ANALYZE dmv,True,
fd:registration_class:suspension_indicator,fd,candidate,15,fd:registration_class:suspension_indicator:15,2145,False,10160459428222,10160594431306,0.135003084,dmv_candidate_cost_v0,ANALYZE dmv,True,
fd:registration_class:suspension_indicator,fd,baseline,15,fd:registration_class:suspension_indicator:15,2146,False,10160596095591,10160723074902,0.126979311,dmv_candidate_cost_v0,ANALYZE dmv,True,
fd:registration_class:suspension_indicator,fd,baseline,16,fd:registration_class:suspension_indicator:16,2147,False,10160723682418,10160858394403,0.134711985,dmv_candidate_cost_v0,ANALYZE dmv,True,
fd:registration_class:suspension_indicator,fd,candidate,16,fd:registration_class:suspension_indicator:16,2148,False,10160859996890,10160985901371,0.125904481,dmv_candidate_cost_v0,ANALYZE dmv,True,
fd:registration_class:suspension_indicator,fd,candidate,17,fd:registration_class:suspension_indicator:17,2149,False,10160988634200,10161121434733,0.132800533,dmv_candidate_cost_v0,ANALYZE dmv,True,
fd:registration_class:suspension_indicator,fd,baseline,17,fd:registration_class:suspension_indicator:17,2150,False,10161122393813,10161247245410,0.124851597,dmv_candidate_cost_v0,ANALYZE dmv,True,
fd:registration_class:suspension_indicator,fd,baseline,18,fd:registration_class:suspension_indicator:18,2151,False,10161247663746,10161371205253,0.123541507,dmv_candidate_cost_v0,ANALYZE dmv,True,
fd:registration_class:suspension_indicator,fd,candidate,18,fd:registration_class:suspension_indicator:18,2152,False,10161373300773,10161506942892,0.133642119,dmv_candidate_cost_v0,ANALYZE dmv,True,
fd:registration_class:suspension_indicator,fd,candidate,19,fd:registration_class:suspension_indicator:19,2153,False,10161509769194,10161641845494,0.1320763,dmv_candidate_cost_v0,ANALYZE dmv,True,
fd:registration_class:suspension_indicator,fd,baseline,19,fd:registration_class:suspension_indicator:19,2154,False,10161642975429,10161771159576,0.128184147,dmv_candidate_cost_v0,ANALYZE dmv,True,
fd:registration_class:suspension_indicator,fd,baseline,20,fd:registration_class:suspension_indicator:20,2155,False,10161771455049,10161892336684,0.120881635,dmv_candidate_cost_v0,ANALYZE dmv,True,
fd:registration_class:suspension_indicator,fd,candidate,20,fd:registration_class:suspension_indicator:20,2156,False,10161894276705,10162024754740,0.130478035,dmv_candidate_cost_v0,ANALYZE dmv,True,
mcv:state:suspension_indicator,mcv,candidate,-1,mcv:state:suspension_indicator:-1,2157,True,10162027399855,10162160923426,0.133523571,dmv_candidate_cost_v0,ANALYZE dmv,True,
mcv:state:suspension_indicator,mcv,baseline,-1,mcv:state:suspension_indicator:-1,2158,True,10162162317466,10162287674254,0.125356788,dmv_candidate_cost_v0,ANALYZE dmv,True,
mcv:state:suspension_indicator,mcv,baseline,0,mcv:state:suspension_indicator:0,2159,False,10162287874756,10162414589194,0.126714438,dmv_candidate_cost_v0,ANALYZE dmv,True,
mcv:state:suspension_indicator,mcv,candidate,0,mcv:state:suspension_indicator:0,2160,False,10162416926834,10162542633123,0.125706289,dmv_candidate_cost_v0,ANALYZE dmv,True,
mcv:state:suspension_indicator,mcv,candidate,1,mcv:state:suspension_indicator:1,2161,False,10162545023579,10162673700597,0.128677018,dmv_candidate_cost_v0,ANALYZE dmv,True,
mcv:state:suspension_indicator,mcv,baseline,1,mcv:state:suspension_indicator:1,2162,False,10162675169103,10162810383524,0.135214421,dmv_candidate_cost_v0,ANALYZE dmv,True,
mcv:state:suspension_indicator,mcv,baseline,2,mcv:state:suspension_indicator:2,2163,False,10162810732789,10162937556291,0.126823502,dmv_candidate_cost_v0,ANALYZE dmv,True,
mcv:state:suspension_indicator,mcv,candidate,2,mcv:state:suspension_indicator:2,2164,False,10162939770236,10163075353737,0.135583501,dmv_candidate_cost_v0,ANALYZE dmv,True,
mcv:state:suspension_indicator,mcv,candidate,3,mcv:state:suspension_indicator:3,2165,False,10163077982713,10163204506026,0.126523313,dmv_candidate_cost_v0,ANALYZE dmv,True,
mcv:state:suspension_indicator,mcv,baseline,3,mcv:state:suspension_indicator:3,2166,False,10163205856920,10163336206762,0.130349842,dmv_candidate_cost_v0,ANALYZE dmv,True,
mcv:state:suspension_indicator,mcv,baseline,4,mcv:state:suspension_indicator:4,2167,False,10163336599899,10163465664546,0.129064647,dmv_candidate_cost_v0,ANALYZE dmv,True,
mcv:state:suspension_indicator,mcv,candidate,4,mcv:state:suspension_indicator:4,2168,False,10163467645670,10163600254000,0.13260833,dmv_candidate_cost_v0,ANALYZE dmv,True,
mcv:state:suspension_indicator,mcv,candidate,5,mcv:state:suspension_indicator:5,2169,False,10163603075907,10163727083051,0.124007144,dmv_candidate_cost_v0,ANALYZE dmv,True,
mcv:state:suspension_indicator,mcv,baseline,5,mcv:state:suspension_indicator:5,2170,False,10163728349005,10163848421609,0.120072604,dmv_candidate_cost_v0,ANALYZE dmv,True,
mcv:state:suspension_indicator,mcv,baseline,6,mcv:state:suspension_indicator:6,2171,False,10163848884136,10163968809265,0.119925129,dmv_candidate_cost_v0,ANALYZE dmv,True,
mcv:state:suspension_indicator,mcv,candidate,6,mcv:state:suspension_indicator:6,2172,False,10163970653450,10164094538398,0.123884948,dmv_candidate_cost_v0,ANALYZE dmv,True,
mcv:state:suspension_indicator,mcv,candidate,7,mcv:state:suspension_indicator:7,2173,False,10164097251975,10164228210330,0.130958355,dmv_candidate_cost_v0,ANALYZE dmv,True,
mcv:state:suspension_indicator,mcv,baseline,7,mcv:state:suspension_indicator:7,2174,False,10164229705921,10164350352915,0.120646994,dmv_candidate_cost_v0,ANALYZE dmv,True,
mcv:state:suspension_indicator,mcv,baseline,8,mcv:state:suspension_indicator:8,2175,False,10164350741686,10164477330439,0.126588753,dmv_candidate_cost_v0,ANALYZE dmv,True,
mcv:state:suspension_indicator,mcv,candidate,8,mcv:state:suspension_indicator:8,2176,False,10164479112728,10164603404883,0.124292155,dmv_candidate_cost_v0,ANALYZE dmv,True,
mcv:state:suspension_indicator,mcv,candidate,9,mcv:state:suspension_indicator:9,2177,False,10164606336333,10164735693329,0.129356996,dmv_candidate_cost_v0,ANALYZE dmv,True,
mcv:state:suspension_indicator,mcv,baseline,9,mcv:state:suspension_indicator:9,2178,False,10164736912217,10164862177506,0.125265289,dmv_candidate_cost_v0,ANALYZE dmv,True,
mcv:state:suspension_indicator,mcv,baseline,10,mcv:state:suspension_indicator:10,2179,False,10164862730124,10164992701744,0.12997162,dmv_candidate_cost_v0,ANALYZE dmv,True,
mcv:state:suspension_indicator,mcv,candidate,10,mcv:state:suspension_indicator:10,2180,False,10164994757206,10165149314870,0.154557664,dmv_candidate_cost_v0,ANALYZE dmv,True,
mcv:state:suspension_indicator,mcv,candidate,11,mcv:state:suspension_indicator:11,2181,False,10165151934286,10165276330564,0.124396278,dmv_candidate_cost_v0,ANALYZE dmv,True,
mcv:state:suspension_indicator,mcv,baseline,11,mcv:state:suspension_indicator:11,2182,False,10165277325798,10165402862078,0.12553628,dmv_candidate_cost_v0,ANALYZE dmv,True,
mcv:state:suspension_indicator,mcv,baseline,12,mcv:state:suspension_indicator:12,2183,False,10165403270882,10165530402885,0.127132003,dmv_candidate_cost_v0,ANALYZE dmv,True,
mcv:state:suspension_indicator,mcv,candidate,12,mcv:state:suspension_indicator:12,2184,False,10165532411899,10165663110897,0.130698998,dmv_candidate_cost_v0,ANALYZE dmv,True,
mcv:state:suspension_indicator,mcv,candidate,13,mcv:state:suspension_indicator:13,2185,False,10165665345830,10165788285084,0.122939254,dmv_candidate_cost_v0,ANALYZE dmv,True,
mcv:state:suspension_indicator,mcv,baseline,13,mcv:state:suspension_indicator:13,2186,False,10165789144476,10165915760225,0.126615749,dmv_candidate_cost_v0,ANALYZE dmv,True,
mcv:state:suspension_indicator,mcv,baseline,14,mcv:state:suspension_indicator:14,2187,False,10165916239123,10166035861252,0.119622129,dmv_candidate_cost_v0,ANALYZE dmv,True,
mcv:state:suspension_indicator,mcv,candidate,14,mcv:state:suspension_indicator:14,2188,False,10166037789022,10166166868203,0.129079181,dmv_candidate_cost_v0,ANALYZE dmv,True,
mcv:state:suspension_indicator,mcv,candidate,15,mcv:state:suspension_indicator:15,2189,False,10166170424038,10166295766472,0.125342434,dmv_candidate_cost_v0,ANALYZE dmv,True,
mcv:state:suspension_indicator,mcv,baseline,15,mcv:state:suspension_indicator:15,2190,False,10166296912323,10166418236010,0.121323687,dmv_candidate_cost_v0,ANALYZE dmv,True,
mcv:state:suspension_indicator,mcv,baseline,16,mcv:state:suspension_indicator:16,2191,False,10166418593677,10166549527519,0.130933842,dmv_candidate_cost_v0,ANALYZE dmv,True,
mcv:state:suspension_indicator,mcv,candidate,16,mcv:state:suspension_indicator:16,2192,False,10166551750901,10166675966212,0.124215311,dmv_candidate_cost_v0,ANALYZE dmv,True,
mcv:state:suspension_indicator,mcv,candidate,17,mcv:state:suspension_indicator:17,2193,False,10166679322513,10166811019123,0.13169661,dmv_candidate_cost_v0,ANALYZE dmv,True,
mcv:state:suspension_indicator,mcv,baseline,17,mcv:state:suspension_indicator:17,2194,False,10166812381528,10166938190552,0.125809024,dmv_candidate_cost_v0,ANALYZE dmv,True,
mcv:state:suspension_indicator,mcv,baseline,18,mcv:state:suspension_indicator:18,2195,False,10166938554292,10167062589489,0.124035197,dmv_candidate_cost_v0,ANALYZE dmv,True,
mcv:state:suspension_indicator,mcv,candidate,18,mcv:state:suspension_indicator:18,2196,False,10167064522567,10167190116778,0.125594211,dmv_candidate_cost_v0,ANALYZE dmv,True,
mcv:state:suspension_indicator,mcv,candidate,19,mcv:state:suspension_indicator:19,2197,False,10167192170425,10167323290407,0.131119982,dmv_candidate_cost_v0,ANALYZE dmv,True,
mcv:state:suspension_indicator,mcv,baseline,19,mcv:state:suspension_indicator:19,2198,False,10167324678251,10167446780175,0.122101924,dmv_candidate_cost_v0,ANALYZE dmv,True,
mcv:state:suspension_indicator,mcv,baseline,20,mcv:state:suspension_indicator:20,2199,False,10167447139980,10167570247193,0.123107213,dmv_candidate_cost_v0,ANALYZE dmv,True,
mcv:state:suspension_indicator,mcv,candidate,20,mcv:state:suspension_indicator:20,2200,False,10167571803431,10167696949505,0.125146074,dmv_candidate_cost_v0,ANALYZE dmv,True,
mcv:scofflaw_indicator:suspension_indicator,mcv,candidate,-1,mcv:scofflaw_indicator:suspension_indicator:-1,2201,True,10167699932153,10167832091309,0.132159156,dmv_candidate_cost_v0,ANALYZE dmv,True,
mcv:scofflaw_indicator:suspension_indicator,mcv,baseline,-1,mcv:scofflaw_indicator:suspension_indicator:-1,2202,True,10167833256642,10167953513846,0.120257204,dmv_candidate_cost_v0,ANALYZE dmv,True,
mcv:scofflaw_indicator:suspension_indicator,mcv,baseline,0,mcv:scofflaw_indicator:suspension_indicator:0,2203,False,10167953716494,10168076925301,0.123208807,dmv_candidate_cost_v0,ANALYZE dmv,True,
mcv:scofflaw_indicator:suspension_indicator,mcv,candidate,0,mcv:scofflaw_indicator:suspension_indicator:0,2204,False,10168078379606,10168211141276,0.13276167,dmv_candidate_cost_v0,ANALYZE dmv,True,
mcv:scofflaw_indicator:suspension_indicator,mcv,candidate,1,mcv:scofflaw_indicator:suspension_indicator:1,2205,False,10168213719429,10168339119333,0.125399904,dmv_candidate_cost_v0,ANALYZE dmv,True,
mcv:scofflaw_indicator:suspension_indicator,mcv,baseline,1,mcv:scofflaw_indicator:suspension_indicator:1,2206,False,10168340314753,10168464409162,0.124094409,dmv_candidate_cost_v0,ANALYZE dmv,True,
mcv:scofflaw_indicator:suspension_indicator,mcv,baseline,2,mcv:scofflaw_indicator:suspension_indicator:2,2207,False,10168464753224,10168591268671,0.126515447,dmv_candidate_cost_v0,ANALYZE dmv,True,
mcv:scofflaw_indicator:suspension_indicator,mcv,candidate,2,mcv:scofflaw_indicator:suspension_indicator:2,2208,False,10168593336860,10168718094718,0.124757858,dmv_candidate_cost_v0,ANALYZE dmv,True,
mcv:scofflaw_indicator:suspension_indicator,mcv,candidate,3,mcv:scofflaw_indicator:suspension_indicator:3,2209,False,10168720747530,10168846526823,0.125779293,dmv_candidate_cost_v0,ANALYZE dmv,True,
mcv:scofflaw_indicator:suspension_indicator,mcv,baseline,3,mcv:scofflaw_indicator:suspension_indicator:3,2210,False,10168847610767,10168976878115,0.129267348,dmv_candidate_cost_v0,ANALYZE dmv,True,
mcv:scofflaw_indicator:suspension_indicator,mcv,baseline,4,mcv:scofflaw_indicator:suspension_indicator:4,2211,False,10168977216266,10169103674630,0.126458364,dmv_candidate_cost_v0,ANALYZE dmv,True,
mcv:scofflaw_indicator:suspension_indicator,mcv,candidate,4,mcv:scofflaw_indicator:suspension_indicator:4,2212,False,10169105497255,10169233166526,0.127669271,dmv_candidate_cost_v0,ANALYZE dmv,True,
mcv:scofflaw_indicator:suspension_indicator,mcv,candidate,5,mcv:scofflaw_indicator:suspension_indicator:5,2213,False,10169235957210,10169361225464,0.125268254,dmv_candidate_cost_v0,ANALYZE dmv,True,
mcv:scofflaw_indicator:suspension_indicator,mcv,baseline,5,mcv:scofflaw_indicator:suspension_indicator:5,2214,False,10169362275602,10169485917744,0.123642142,dmv_candidate_cost_v0,ANALYZE dmv,True,
mcv:scofflaw_indicator:suspension_indicator,mcv,baseline,6,mcv:scofflaw_indicator:suspension_indicator:6,2215,False,10169486274419,10169616939165,0.130664746,dmv_candidate_cost_v0,ANALYZE dmv,True,
mcv:scofflaw_indicator:suspension_indicator,mcv,candidate,6,mcv:scofflaw_indicator:suspension_indicator:6,2216,False,10169619088608,10169742616782,0.123528174,dmv_candidate_cost_v0,ANALYZE dmv,True,
mcv:scofflaw_indicator:suspension_indicator,mcv,candidate,7,mcv:scofflaw_indicator:suspension_indicator:7,2217,False,10169745638580,10169876163756,0.130525176,dmv_candidate_cost_v0,ANALYZE dmv,True,
mcv:scofflaw_indicator:suspension_indicator,mcv,baseline,7,mcv:scofflaw_indicator:suspension_indicator:7,2218,False,10169877515565,10169998355092,0.120839527,dmv_candidate_cost_v0,ANALYZE dmv,True,
mcv:scofflaw_indicator:suspension_indicator,mcv,baseline,8,mcv:scofflaw_indicator:suspension_indicator:8,2219,False,10169998710803,10170132507752,0.133796949,dmv_candidate_cost_v0,ANALYZE dmv,True,
mcv:scofflaw_indicator:suspension_indicator,mcv,candidate,8,mcv:scofflaw_indicator:suspension_indicator:8,2220,False,10170134124767,10170269994161,0.135869394,dmv_candidate_cost_v0,ANALYZE dmv,True,
mcv:scofflaw_indicator:suspension_indicator,mcv,candidate,9,mcv:scofflaw_indicator:suspension_indicator:9,2221,False,10170272215161,10170395648269,0.123433108,dmv_candidate_cost_v0,ANALYZE dmv,True,
mcv:scofflaw_indicator:suspension_indicator,mcv,baseline,9,mcv:scofflaw_indicator:suspension_indicator:9,2222,False,10170396978385,10170525911382,0.128932997,dmv_candidate_cost_v0,ANALYZE dmv,True,
mcv:scofflaw_indicator:suspension_indicator,mcv,baseline,10,mcv:scofflaw_indicator:suspension_indicator:10,2223,False,10170526294995,10170656608188,0.130313193,dmv_candidate_cost_v0,ANALYZE dmv,True,
mcv:scofflaw_indicator:suspension_indicator,mcv,candidate,10,mcv:scofflaw_indicator:suspension_indicator:10,2224,False,10170658646592,10170793440674,0.134794082,dmv_candidate_cost_v0,ANALYZE dmv,True,
mcv:scofflaw_indicator:suspension_indicator,mcv,candidate,11,mcv:scofflaw_indicator:suspension_indicator:11,2225,False,10170796526330,10170922518569,0.125992239,dmv_candidate_cost_v0,ANALYZE dmv,True,
mcv:scofflaw_indicator:suspension_indicator,mcv,baseline,11,mcv:scofflaw_indicator:suspension_indicator:11,2226,False,10170923668219,10171053349806,0.129681587,dmv_candidate_cost_v0,ANALYZE dmv,True,
mcv:scofflaw_indicator:suspension_indicator,mcv,baseline,12,mcv:scofflaw_indicator:suspension_indicator:12,2227,False,10171053716917,10171175036504,0.121319587,dmv_candidate_cost_v0,ANALYZE dmv,True,
mcv:scofflaw_indicator:suspension_indicator,mcv,candidate,12,mcv:scofflaw_indicator:suspension_indicator:12,2228,False,10171177473979,10171303225409,0.12575143,dmv_candidate_cost_v0,ANALYZE dmv,True,
mcv:scofflaw_indicator:suspension_indicator,mcv,candidate,13,mcv:scofflaw_indicator:suspension_indicator:13,2229,False,10171305823836,10171436833021,0.131009185,dmv_candidate_cost_v0,ANALYZE dmv,True,
mcv:scofflaw_indicator:suspension_indicator,mcv,baseline,13,mcv:scofflaw_indicator:suspension_indicator:13,2230,False,10171437808284,10171566053612,0.128245328,dmv_candidate_cost_v0,ANALYZE dmv,True,
mcv:scofflaw_indicator:suspension_indicator,mcv,baseline,14,mcv:scofflaw_indicator:suspension_indicator:14,2231,False,10171566493686,10171718643448,0.152149762,dmv_candidate_cost_v0,ANALYZE dmv,True,
mcv:scofflaw_indicator:suspension_indicator,mcv,candidate,14,mcv:scofflaw_indicator:suspension_indicator:14,2232,False,10171720904432,10171871301758,0.150397326,dmv_candidate_cost_v0,ANALYZE dmv,True,
mcv:scofflaw_indicator:suspension_indicator,mcv,candidate,15,mcv:scofflaw_indicator:suspension_indicator:15,2233,False,10171873676732,10172007268524,0.133591792,dmv_candidate_cost_v0,ANALYZE dmv,True,
mcv:scofflaw_indicator:suspension_indicator,mcv,baseline,15,mcv:scofflaw_indicator:suspension_indicator:15,2234,False,10172008322957,10172138255419,0.129932462,dmv_candidate_cost_v0,ANALYZE dmv,True,
mcv:scofflaw_indicator:suspension_indicator,mcv,baseline,16,mcv:scofflaw_indicator:suspension_indicator:16,2235,False,10172138544476,10172260264606,0.12172013,dmv_candidate_cost_v0,ANALYZE dmv,True,
mcv:scofflaw_indicator:suspension_indicator,mcv,candidate,16,mcv:scofflaw_indicator:suspension_indicator:16,2236,False,10172262611484,10172393623719,0.131012235,dmv_candidate_cost_v0,ANALYZE dmv,True,
mcv:scofflaw_indicator:suspension_indicator,mcv,candidate,17,mcv:scofflaw_indicator:suspension_indicator:17,2237,False,10172396601069,10172520477716,0.123876647,dmv_candidate_cost_v0,ANALYZE dmv,True,
mcv:scofflaw_indicator:suspension_indicator,mcv,baseline,17,mcv:scofflaw_indicator:suspension_indicator:17,2238,False,10172521576586,10172651957685,0.130381099,dmv_candidate_cost_v0,ANALYZE dmv,True,
mcv:scofflaw_indicator:suspension_indicator,mcv,baseline,18,mcv:scofflaw_indicator:suspension_indicator:18,2239,False,10172652411606,10172775045943,0.122634337,dmv_candidate_cost_v0,ANALYZE dmv,True,
mcv:scofflaw_indicator:suspension_indicator,mcv,candidate,18,mcv:scofflaw_indicator:suspension_indicator:18,2240,False,10172776871531,10172902811239,0.125939708,dmv_candidate_cost_v0,ANALYZE dmv,True,
mcv:scofflaw_indicator:suspension_indicator,mcv,candidate,19,mcv:scofflaw_indicator:suspension_indicator:19,2241,False,10172905448933,10173037523641,0.132074708,dmv_candidate_cost_v0,ANALYZE dmv,True,
mcv:scofflaw_indicator:suspension_indicator,mcv,baseline,19,mcv:scofflaw_indicator:suspension_indicator:19,2242,False,10173038644797,10173179033639,0.140388842,dmv_candidate_cost_v0,ANALYZE dmv,True,
mcv:scofflaw_indicator:suspension_indicator,mcv,baseline,20,mcv:scofflaw_indicator:suspension_indicator:20,2243,False,10173179330182,10173305485748,0.126155566,dmv_candidate_cost_v0,ANALYZE dmv,True,
mcv:scofflaw_indicator:suspension_indicator,mcv,candidate,20,mcv:scofflaw_indicator:suspension_indicator:20,2244,False,10173307455957,10173432743818,0.125287861,dmv_candidate_cost_v0,ANALYZE dmv,True,
fd:fuel_type:registration_class,fd,candidate,-1,fd:fuel_type:registration_class:-1,2245,True,10173435625208,10173565634464,0.130009256,dmv_candidate_cost_v0,ANALYZE dmv,True,
fd:fuel_type:registration_class,fd,baseline,-1,fd:fuel_type:registration_class:-1,2246,True,10173567644461,10173696547188,0.128902727,dmv_candidate_cost_v0,ANALYZE dmv,True,
fd:fuel_type:registration_class,fd,baseline,0,fd:fuel_type:registration_class:0,2247,False,10173696770726,10173823031885,0.126261159,dmv_candidate_cost_v0,ANALYZE dmv,True,
fd:fuel_type:registration_class,fd,candidate,0,fd:fuel_type:registration_class:0,2248,False,10173824806887,10173957658975,0.132852088,dmv_candidate_cost_v0,ANALYZE dmv,True,
fd:fuel_type:registration_class,fd,candidate,1,fd:fuel_type:registration_class:1,2249,False,10173961332879,10174091711858,0.130378979,dmv_candidate_cost_v0,ANALYZE dmv,True,
fd:fuel_type:registration_class,fd,baseline,1,fd:fuel_type:registration_class:1,2250,False,10174093524506,10174215442332,0.121917826,dmv_candidate_cost_v0,ANALYZE dmv,True,
fd:fuel_type:registration_class,fd,baseline,2,fd:fuel_type:registration_class:2,2251,False,10174215737076,10174343200475,0.127463399,dmv_candidate_cost_v0,ANALYZE dmv,True,
fd:fuel_type:registration_class,fd,candidate,2,fd:fuel_type:registration_class:2,2252,False,10174345330813,10174469612129,0.124281316,dmv_candidate_cost_v0,ANALYZE dmv,True,
fd:fuel_type:registration_class,fd,candidate,3,fd:fuel_type:registration_class:3,2253,False,10174472957364,10174606653632,0.133696268,dmv_candidate_cost_v0,ANALYZE dmv,True,
fd:fuel_type:registration_class,fd,baseline,3,fd:fuel_type:registration_class:3,2254,False,10174608221620,10174730210597,0.121988977,dmv_candidate_cost_v0,ANALYZE dmv,True,
fd:fuel_type:registration_class,fd,baseline,4,fd:fuel_type:registration_class:4,2255,False,10174730543079,10174852844428,0.122301349,dmv_candidate_cost_v0,ANALYZE dmv,True,
fd:fuel_type:registration_class,fd,candidate,4,fd:fuel_type:registration_class:4,2256,False,10174854664743,10174982118866,0.127454123,dmv_candidate_cost_v0,ANALYZE dmv,True,
fd:fuel_type:registration_class,fd,candidate,5,fd:fuel_type:registration_class:5,2257,False,10174984119545,10175117284836,0.133165291,dmv_candidate_cost_v0,ANALYZE dmv,True,
fd:fuel_type:registration_class,fd,baseline,5,fd:fuel_type:registration_class:5,2258,False,10175118650436,10175248437363,0.129786927,dmv_candidate_cost_v0,ANALYZE dmv,True,
fd:fuel_type:registration_class,fd,baseline,6,fd:fuel_type:registration_class:6,2259,False,10175248759028,10175371861237,0.123102209,dmv_candidate_cost_v0,ANALYZE dmv,True,
fd:fuel_type:registration_class,fd,candidate,6,fd:fuel_type:registration_class:6,2260,False,10175373817132,10175499587809,0.125770677,dmv_candidate_cost_v0,ANALYZE dmv,True,
fd:fuel_type:registration_class,fd,candidate,7,fd:fuel_type:registration_class:7,2261,False,10175503075950,10175629763553,0.126687603,dmv_candidate_cost_v0,ANALYZE dmv,True,
fd:fuel_type:registration_class,fd,baseline,7,fd:fuel_type:registration_class:7,2262,False,10175630790867,10175752690712,0.121899845,dmv_candidate_cost_v0,ANALYZE dmv,True,
fd:fuel_type:registration_class,fd,baseline,8,fd:fuel_type:registration_class:8,2263,False,10175752997666,10175874065488,0.121067822,dmv_candidate_cost_v0,ANALYZE dmv,True,
fd:fuel_type:registration_class,fd,candidate,8,fd:fuel_type:registration_class:8,2264,False,10175875933707,10176005094203,0.129160496,dmv_candidate_cost_v0,ANALYZE dmv,True,
fd:fuel_type:registration_class,fd,candidate,9,fd:fuel_type:registration_class:9,2265,False,10176007738110,10176140353324,0.132615214,dmv_candidate_cost_v0,ANALYZE dmv,True,
fd:fuel_type:registration_class,fd,baseline,9,fd:fuel_type:registration_class:9,2266,False,10176141497967,10176268359590,0.126861623,dmv_candidate_cost_v0,ANALYZE dmv,True,
fd:fuel_type:registration_class,fd,baseline,10,fd:fuel_type:registration_class:10,2267,False,10176268655473,10176389773084,0.121117611,dmv_candidate_cost_v0,ANALYZE dmv,True,
fd:fuel_type:registration_class,fd,candidate,10,fd:fuel_type:registration_class:10,2268,False,10176391685895,10176525018744,0.133332849,dmv_candidate_cost_v0,ANALYZE dmv,True,
fd:fuel_type:registration_class,fd,candidate,11,fd:fuel_type:registration_class:11,2269,False,10176528381704,10176660138036,0.131756332,dmv_candidate_cost_v0,ANALYZE dmv,True,
fd:fuel_type:registration_class,fd,baseline,11,fd:fuel_type:registration_class:11,2270,False,10176661453711,10176780867024,0.119413313,dmv_candidate_cost_v0,ANALYZE dmv,True,
fd:fuel_type:registration_class,fd,baseline,12,fd:fuel_type:registration_class:12,2271,False,10176781281719,10176900943902,0.119662183,dmv_candidate_cost_v0,ANALYZE dmv,True,
fd:fuel_type:registration_class,fd,candidate,12,fd:fuel_type:registration_class:12,2272,False,10176902613760,10177034029454,0.131415694,dmv_candidate_cost_v0,ANALYZE dmv,True,
fd:fuel_type:registration_class,fd,candidate,13,fd:fuel_type:registration_class:13,2273,False,10177037265367,10177164392488,0.127127121,dmv_candidate_cost_v0,ANALYZE dmv,True,
fd:fuel_type:registration_class,fd,baseline,13,fd:fuel_type:registration_class:13,2274,False,10177165638694,10177296852246,0.131213552,dmv_candidate_cost_v0,ANALYZE dmv,True,
fd:fuel_type:registration_class,fd,baseline,14,fd:fuel_type:registration_class:14,2275,False,10177297192633,10177418936195,0.121743562,dmv_candidate_cost_v0,ANALYZE dmv,True,
fd:fuel_type:registration_class,fd,candidate,14,fd:fuel_type:registration_class:14,2276,False,10177422214625,10177548861211,0.126646586,dmv_candidate_cost_v0,ANALYZE dmv,True,
fd:fuel_type:registration_class,fd,candidate,15,fd:fuel_type:registration_class:15,2277,False,10177552275153,10177703466835,0.151191682,dmv_candidate_cost_v0,ANALYZE dmv,True,
fd:fuel_type:registration_class,fd,baseline,15,fd:fuel_type:registration_class:15,2278,False,10177704536832,10177863615332,0.1590785,dmv_candidate_cost_v0,ANALYZE dmv,True,
fd:fuel_type:registration_class,fd,baseline,16,fd:fuel_type:registration_class:16,2279,False,10177863967836,10177988899317,0.124931481,dmv_candidate_cost_v0,ANALYZE dmv,True,
fd:fuel_type:registration_class,fd,candidate,16,fd:fuel_type:registration_class:16,2280,False,10177991233593,10178128432854,0.137199261,dmv_candidate_cost_v0,ANALYZE dmv,True,
fd:fuel_type:registration_class,fd,candidate,17,fd:fuel_type:registration_class:17,2281,False,10178131737249,10178258950048,0.127212799,dmv_candidate_cost_v0,ANALYZE dmv,True,
fd:fuel_type:registration_class,fd,baseline,17,fd:fuel_type:registration_class:17,2282,False,10178260374072,10178383761858,0.123387786,dmv_candidate_cost_v0,ANALYZE dmv,True,
fd:fuel_type:registration_class,fd,baseline,18,fd:fuel_type:registration_class:18,2283,False,10178384135324,10178514106980,0.129971656,dmv_candidate_cost_v0,ANALYZE dmv,True,
fd:fuel_type:registration_class,fd,candidate,18,fd:fuel_type:registration_class:18,2284,False,10178515813173,10178642956209,0.127143036,dmv_candidate_cost_v0,ANALYZE dmv,True,
fd:fuel_type:registration_class,fd,candidate,19,fd:fuel_type:registration_class:19,2285,False,10178645558259,10178777386382,0.131828123,dmv_candidate_cost_v0,ANALYZE dmv,True,
fd:fuel_type:registration_class,fd,baseline,19,fd:fuel_type:registration_class:19,2286,False,10178778505347,10178907316144,0.128810797,dmv_candidate_cost_v0,ANALYZE dmv,True,
fd:fuel_type:registration_class,fd,baseline,20,fd:fuel_type:registration_class:20,2287,False,10178907847323,10179068505426,0.160658103,dmv_candidate_cost_v0,ANALYZE dmv,True,
fd:fuel_type:registration_class,fd,candidate,20,fd:fuel_type:registration_class:20,2288,False,10179070895443,10179212686732,0.141791289,dmv_candidate_cost_v0,ANALYZE dmv,True,
fd:registration_class:state,fd,candidate,-1,fd:registration_class:state:-1,2289,True,10179215363974,10179364305834,0.14894186,dmv_candidate_cost_v0,ANALYZE dmv,True,
fd:registration_class:state,fd,baseline,-1,fd:registration_class:state:-1,2290,True,10179365710954,10179514306896,0.148595942,dmv_candidate_cost_v0,ANALYZE dmv,True,
fd:registration_class:state,fd,baseline,0,fd:registration_class:state:0,2291,False,10179514514152,10179649364747,0.134850595,dmv_candidate_cost_v0,ANALYZE dmv,True,
fd:registration_class:state,fd,candidate,0,fd:registration_class:state:0,2292,False,10179651316337,10179808814901,0.157498564,dmv_candidate_cost_v0,ANALYZE dmv,True,
fd:registration_class:state,fd,candidate,1,fd:registration_class:state:1,2293,False,10179811895813,10179952059484,0.140163671,dmv_candidate_cost_v0,ANALYZE dmv,True,
fd:registration_class:state,fd,baseline,1,fd:registration_class:state:1,2294,False,10179953385344,10180099966391,0.146581047,dmv_candidate_cost_v0,ANALYZE dmv,True,
fd:registration_class:state,fd,baseline,2,fd:registration_class:state:2,2295,False,10180100306926,10180231802729,0.131495803,dmv_candidate_cost_v0,ANALYZE dmv,True,
fd:registration_class:state,fd,candidate,2,fd:registration_class:state:2,2296,False,10180233751832,10180405704381,0.171952549,dmv_candidate_cost_v0,ANALYZE dmv,True,
fd:registration_class:state,fd,candidate,3,fd:registration_class:state:3,2297,False,10180408851929,10180551103205,0.142251276,dmv_candidate_cost_v0,ANALYZE dmv,True,
fd:registration_class:state,fd,baseline,3,fd:registration_class:state:3,2298,False,10180552205042,10180681340690,0.129135648,dmv_candidate_cost_v0,ANALYZE dmv,True,
fd:registration_class:state,fd,baseline,4,fd:registration_class:state:4,2299,False,10180681752413,10180812455848,0.130703435,dmv_candidate_cost_v0,ANALYZE dmv,True,
fd:registration_class:state,fd,candidate,4,fd:registration_class:state:4,2300,False,10180814391657,10180953964080,0.139572423,dmv_candidate_cost_v0,ANALYZE dmv,True,
fd:registration_class:state,fd,candidate,5,fd:registration_class:state:5,2301,False,10180957673197,10181096475280,0.138802083,dmv_candidate_cost_v0,ANALYZE dmv,True,
fd:registration_class:state,fd,baseline,5,fd:registration_class:state:5,2302,False,10181097728697,10181236906699,0.139178002,dmv_candidate_cost_v0,ANALYZE dmv,True,
fd:registration_class:state,fd,baseline,6,fd:registration_class:state:6,2303,False,10181237305855,10181368279520,0.130973665,dmv_candidate_cost_v0,ANALYZE dmv,True,
fd:registration_class:state,fd,candidate,6,fd:registration_class:state:6,2304,False,10181370095547,10181504822643,0.134727096,dmv_candidate_cost_v0,ANALYZE dmv,True,
fd:registration_class:state,fd,candidate,7,fd:registration_class:state:7,2305,False,10181507255638,10181637297482,0.130041844,dmv_candidate_cost_v0,ANALYZE dmv,True,
fd:registration_class:state,fd,baseline,7,fd:registration_class:state:7,2306,False,10181638632453,10181767386409,0.128753956,dmv_candidate_cost_v0,ANALYZE dmv,True,
fd:registration_class:state,fd,baseline,8,fd:registration_class:state:8,2307,False,10181767726202,10181898431865,0.130705663,dmv_candidate_cost_v0,ANALYZE dmv,True,
fd:registration_class:state,fd,candidate,8,fd:registration_class:state:8,2308,False,10181900028705,10182026376066,0.126347361,dmv_candidate_cost_v0,ANALYZE dmv,True,
fd:registration_class:state,fd,candidate,9,fd:registration_class:state:9,2309,False,10182029302548,10182158789801,0.129487253,dmv_candidate_cost_v0,ANALYZE dmv,True,
fd:registration_class:state,fd,baseline,9,fd:registration_class:state:9,2310,False,10182159804077,10182285170671,0.125366594,dmv_candidate_cost_v0,ANALYZE dmv,True,
fd:registration_class:state,fd,baseline,10,fd:registration_class:state:10,2311,False,10182285485870,10182408866394,0.123380524,dmv_candidate_cost_v0,ANALYZE dmv,True,
fd:registration_class:state,fd,candidate,10,fd:registration_class:state:10,2312,False,10182410748321,10182542917528,0.132169207,dmv_candidate_cost_v0,ANALYZE dmv,True,
fd:registration_class:state,fd,candidate,11,fd:registration_class:state:11,2313,False,10182545318491,10182679029133,0.133710642,dmv_candidate_cost_v0,ANALYZE dmv,True,
fd:registration_class:state,fd,baseline,11,fd:registration_class:state:11,2314,False,10182679897021,10182810485996,0.130588975,dmv_candidate_cost_v0,ANALYZE dmv,True,
fd:registration_class:state,fd,baseline,12,fd:registration_class:state:12,2315,False,10182810767227,10182940053808,0.129286581,dmv_candidate_cost_v0,ANALYZE dmv,True,
fd:registration_class:state,fd,candidate,12,fd:registration_class:state:12,2316,False,10182942254535,10183072891907,0.130637372,dmv_candidate_cost_v0,ANALYZE dmv,True,
fd:registration_class:state,fd,candidate,13,fd:registration_class:state:13,2317,False,10183076029855,10183210339772,0.134309917,dmv_candidate_cost_v0,ANALYZE dmv,True,
fd:registration_class:state,fd,baseline,13,fd:registration_class:state:13,2318,False,10183211597225,10183343547764,0.131950539,dmv_candidate_cost_v0,ANALYZE dmv,True,
fd:registration_class:state,fd,baseline,14,fd:registration_class:state:14,2319,False,10183343852125,10183471490388,0.127638263,dmv_candidate_cost_v0,ANALYZE dmv,True,
fd:registration_class:state,fd,candidate,14,fd:registration_class:state:14,2320,False,10183473188916,10183608304504,0.135115588,dmv_candidate_cost_v0,ANALYZE dmv,True,
fd:registration_class:state,fd,candidate,15,fd:registration_class:state:15,2321,False,10183611081143,10183744686900,0.133605757,dmv_candidate_cost_v0,ANALYZE dmv,True,
fd:registration_class:state,fd,baseline,15,fd:registration_class:state:15,2322,False,10183745957261,10183879863920,0.133906659,dmv_candidate_cost_v0,ANALYZE dmv,True,
fd:registration_class:state,fd,baseline,16,fd:registration_class:state:16,2323,False,10183880271984,10184002723666,0.122451682,dmv_candidate_cost_v0,ANALYZE dmv,True,
fd:registration_class:state,fd,candidate,16,fd:registration_class:state:16,2324,False,10184004274862,10184136596201,0.132321339,dmv_candidate_cost_v0,ANALYZE dmv,True,
fd:registration_class:state,fd,candidate,17,fd:registration_class:state:17,2325,False,10184139472525,10184273377487,0.133904962,dmv_candidate_cost_v0,ANALYZE dmv,True,
fd:registration_class:state,fd,baseline,17,fd:registration_class:state:17,2326,False,10184274636996,10184405658191,0.131021195,dmv_candidate_cost_v0,ANALYZE dmv,True,
fd:registration_class:state,fd,baseline,18,fd:registration_class:state:18,2327,False,10184406093919,10184531052036,0.124958117,dmv_candidate_cost_v0,ANALYZE dmv,True,
fd:registration_class:state,fd,candidate,18,fd:registration_class:state:18,2328,False,10184533715075,10184666595934,0.132880859,dmv_candidate_cost_v0,ANALYZE dmv,True,
fd:registration_class:state,fd,candidate,19,fd:registration_class:state:19,2329,False,10184669220029,10184802982527,0.133762498,dmv_candidate_cost_v0,ANALYZE dmv,True,
fd:registration_class:state,fd,baseline,19,fd:registration_class:state:19,2330,False,10184804025023,10184944961732,0.140936709,dmv_candidate_cost_v0,ANALYZE dmv,True,
fd:registration_class:state,fd,baseline,20,fd:registration_class:state:20,2331,False,10184945332511,10185080952167,0.135619656,dmv_candidate_cost_v0,ANALYZE dmv,True,
fd:registration_class:state,fd,candidate,20,fd:registration_class:state:20,2332,False,10185082936903,10185218919950,0.135983047,dmv_candidate_cost_v0,ANALYZE dmv,True,
fd:fuel_type:state,fd,candidate,-1,fd:fuel_type:state:-1,2333,True,10185222634113,10185352219592,0.129585479,dmv_candidate_cost_v0,ANALYZE dmv,True,
fd:fuel_type:state,fd,baseline,-1,fd:fuel_type:state:-1,2334,True,10185353285177,10185480047633,0.126762456,dmv_candidate_cost_v0,ANALYZE dmv,True,
fd:fuel_type:state,fd,baseline,0,fd:fuel_type:state:0,2335,False,10185480410853,10185604762534,0.124351681,dmv_candidate_cost_v0,ANALYZE dmv,True,
fd:fuel_type:state,fd,candidate,0,fd:fuel_type:state:0,2336,False,10185606603086,10185734308444,0.127705358,dmv_candidate_cost_v0,ANALYZE dmv,True,
fd:fuel_type:state,fd,candidate,1,fd:fuel_type:state:1,2337,False,10185737492017,10185863721978,0.126229961,dmv_candidate_cost_v0,ANALYZE dmv,True,
fd:fuel_type:state,fd,baseline,1,fd:fuel_type:state:1,2338,False,10185864739997,10185989337029,0.124597032,dmv_candidate_cost_v0,ANALYZE dmv,True,
fd:fuel_type:state,fd,baseline,2,fd:fuel_type:state:2,2339,False,10185989634766,10186115116738,0.125481972,dmv_candidate_cost_v0,ANALYZE dmv,True,
fd:fuel_type:state,fd,candidate,2,fd:fuel_type:state:2,2340,False,10186117332093,10186244465827,0.127133734,dmv_candidate_cost_v0,ANALYZE dmv,True,
fd:fuel_type:state,fd,candidate,3,fd:fuel_type:state:3,2341,False,10186247290984,10186382802883,0.135511899,dmv_candidate_cost_v0,ANALYZE dmv,True,
fd:fuel_type:state,fd,baseline,3,fd:fuel_type:state:3,2342,False,10186384044787,10186506963658,0.122918871,dmv_candidate_cost_v0,ANALYZE dmv,True,
fd:fuel_type:state,fd,baseline,4,fd:fuel_type:state:4,2343,False,10186507249236,10186635823974,0.128574738,dmv_candidate_cost_v0,ANALYZE dmv,True,
fd:fuel_type:state,fd,candidate,4,fd:fuel_type:state:4,2344,False,10186638045364,10186781050024,0.14300466,dmv_candidate_cost_v0,ANALYZE dmv,True,
fd:fuel_type:state,fd,candidate,5,fd:fuel_type:state:5,2345,False,10186784059877,10186946895275,0.162835398,dmv_candidate_cost_v0,ANALYZE dmv,True,
fd:fuel_type:state,fd,baseline,5,fd:fuel_type:state:5,2346,False,10186948361897,10187089282574,0.140920677,dmv_candidate_cost_v0,ANALYZE dmv,True,
fd:fuel_type:state,fd,baseline,6,fd:fuel_type:state:6,2347,False,10187089603130,10187220606003,0.131002873,dmv_candidate_cost_v0,ANALYZE dmv,True,
fd:fuel_type:state,fd,candidate,6,fd:fuel_type:state:6,2348,False,10187222482187,10187360456488,0.137974301,dmv_candidate_cost_v0,ANALYZE dmv,True,
fd:fuel_type:state,fd,candidate,7,fd:fuel_type:state:7,2349,False,10187363068860,10187510558582,0.147489722,dmv_candidate_cost_v0,ANALYZE dmv,True,
fd:fuel_type:state,fd,baseline,7,fd:fuel_type:state:7,2350,False,10187511648975,10187643255121,0.131606146,dmv_candidate_cost_v0,ANALYZE dmv,True,
fd:fuel_type:state,fd,baseline,8,fd:fuel_type:state:8,2351,False,10187643821278,10187785080624,0.141259346,dmv_candidate_cost_v0,ANALYZE dmv,True,
fd:fuel_type:state,fd,candidate,8,fd:fuel_type:state:8,2352,False,10187787526903,10187919108779,0.131581876,dmv_candidate_cost_v0,ANALYZE dmv,True,
fd:fuel_type:state,fd,candidate,9,fd:fuel_type:state:9,2353,False,10187921978454,10188051250819,0.129272365,dmv_candidate_cost_v0,ANALYZE dmv,True,
fd:fuel_type:state,fd,baseline,9,fd:fuel_type:state:9,2354,False,10188052255258,10188180232702,0.127977444,dmv_candidate_cost_v0,ANALYZE dmv,True,
fd:fuel_type:state,fd,baseline,10,fd:fuel_type:state:10,2355,False,10188180527907,10188304417943,0.123890036,dmv_candidate_cost_v0,ANALYZE dmv,True,
fd:fuel_type:state,fd,candidate,10,fd:fuel_type:state:10,2356,False,10188306371825,10188441099493,0.134727668,dmv_candidate_cost_v0,ANALYZE dmv,True,
fd:fuel_type:state,fd,candidate,11,fd:fuel_type:state:11,2357,False,10188443604939,10188578873768,0.135268829,dmv_candidate_cost_v0,ANALYZE dmv,True,
fd:fuel_type:state,fd,baseline,11,fd:fuel_type:state:11,2358,False,10188579899839,10188710243959,0.13034412,dmv_candidate_cost_v0,ANALYZE dmv,True,
fd:fuel_type:state,fd,baseline,12,fd:fuel_type:state:12,2359,False,10188710661566,10188841022714,0.130361148,dmv_candidate_cost_v0,ANALYZE dmv,True,
fd:fuel_type:state,fd,candidate,12,fd:fuel_type:state:12,2360,False,10188843058759,10188977700148,0.134641389,dmv_candidate_cost_v0,ANALYZE dmv,True,
fd:fuel_type:state,fd,candidate,13,fd:fuel_type:state:13,2361,False,10188980820550,10189117035496,0.136214946,dmv_candidate_cost_v0,ANALYZE dmv,True,
fd:fuel_type:state,fd,baseline,13,fd:fuel_type:state:13,2362,False,10189118242257,10189245757848,0.127515591,dmv_candidate_cost_v0,ANALYZE dmv,True,
fd:fuel_type:state,fd,baseline,14,fd:fuel_type:state:14,2363,False,10189246097119,10189371485476,0.125388357,dmv_candidate_cost_v0,ANALYZE dmv,True,
fd:fuel_type:state,fd,candidate,14,fd:fuel_type:state:14,2364,False,10189373254023,10189509823933,0.13656991,dmv_candidate_cost_v0,ANALYZE dmv,True,
fd:fuel_type:state,fd,candidate,15,fd:fuel_type:state:15,2365,False,10189512856392,10189644154567,0.131298175,dmv_candidate_cost_v0,ANALYZE dmv,True,
fd:fuel_type:state,fd,baseline,15,fd:fuel_type:state:15,2366,False,10189645395900,10189773209028,0.127813128,dmv_candidate_cost_v0,ANALYZE dmv,True,
fd:fuel_type:state,fd,baseline,16,fd:fuel_type:state:16,2367,False,10189773615957,10189900891728,0.127275771,dmv_candidate_cost_v0,ANALYZE dmv,True,
fd:fuel_type:state,fd,candidate,16,fd:fuel_type:state:16,2368,False,10189903357973,10190034231594,0.130873621,dmv_candidate_cost_v0,ANALYZE dmv,True,
fd:fuel_type:state,fd,candidate,17,fd:fuel_type:state:17,2369,False,10190037135271,10190163821794,0.126686523,dmv_candidate_cost_v0,ANALYZE dmv,True,
fd:fuel_type:state,fd,baseline,17,fd:fuel_type:state:17,2370,False,10190165259564,10190310986446,0.145726882,dmv_candidate_cost_v0,ANALYZE dmv,True,
fd:fuel_type:state,fd,baseline,18,fd:fuel_type:state:18,2371,False,10190311597349,10190449256333,0.137658984,dmv_candidate_cost_v0,ANALYZE dmv,True,
fd:fuel_type:state,fd,candidate,18,fd:fuel_type:state:18,2372,False,10190451585691,10190589197194,0.137611503,dmv_candidate_cost_v0,ANALYZE dmv,True,
fd:fuel_type:state,fd,candidate,19,fd:fuel_type:state:19,2373,False,10190592223582,10190723765253,0.131541671,dmv_candidate_cost_v0,ANALYZE dmv,True,
fd:fuel_type:state,fd,baseline,19,fd:fuel_type:state:19,2374,False,10190725050033,10190863230062,0.138180029,dmv_candidate_cost_v0,ANALYZE dmv,True,
fd:fuel_type:state,fd,baseline,20,fd:fuel_type:state:20,2375,False,10190863731374,10190994950372,0.131218998,dmv_candidate_cost_v0,ANALYZE dmv,True,
fd:fuel_type:state,fd,candidate,20,fd:fuel_type:state:20,2376,False,10190997158755,10191133891023,0.136732268,dmv_candidate_cost_v0,ANALYZE dmv,True,
fd:registration_class:revocation_indicator,fd,candidate,-1,fd:registration_class:revocation_indicator:-1,2377,True,10191138011811,10191272402664,0.134390853,dmv_candidate_cost_v0,ANALYZE dmv,True,
fd:registration_class:revocation_indicator,fd,baseline,-1,fd:registration_class:revocation_indicator:-1,2378,True,10191273347532,10191405787974,0.132440442,dmv_candidate_cost_v0,ANALYZE dmv,True,
fd:registration_class:revocation_indicator,fd,baseline,0,fd:registration_class:revocation_indicator:0,2379,False,10191406084082,10191530185510,0.124101428,dmv_candidate_cost_v0,ANALYZE dmv,True,
fd:registration_class:revocation_indicator,fd,candidate,0,fd:registration_class:revocation_indicator:0,2380,False,10191532268045,10191664813005,0.13254496,dmv_candidate_cost_v0,ANALYZE dmv,True,
fd:registration_class:revocation_indicator,fd,candidate,1,fd:registration_class:revocation_indicator:1,2381,False,10191667059879,10191800073177,0.133013298,dmv_candidate_cost_v0,ANALYZE dmv,True,
fd:registration_class:revocation_indicator,fd,baseline,1,fd:registration_class:revocation_indicator:1,2382,False,10191801043777,10191927752802,0.126709025,dmv_candidate_cost_v0,ANALYZE dmv,True,
fd:registration_class:revocation_indicator,fd,baseline,2,fd:registration_class:revocation_indicator:2,2383,False,10191928058614,10192058774903,0.130716289,dmv_candidate_cost_v0,ANALYZE dmv,True,
fd:registration_class:revocation_indicator,fd,candidate,2,fd:registration_class:revocation_indicator:2,2384,False,10192060328937,10192188719145,0.128390208,dmv_candidate_cost_v0,ANALYZE dmv,True,
fd:registration_class:revocation_indicator,fd,candidate,3,fd:registration_class:revocation_indicator:3,2385,False,10192191605440,10192321781145,0.130175705,dmv_candidate_cost_v0,ANALYZE dmv,True,
fd:registration_class:revocation_indicator,fd,baseline,3,fd:registration_class:revocation_indicator:3,2386,False,10192323290649,10192452594744,0.129304095,dmv_candidate_cost_v0,ANALYZE dmv,True,
fd:registration_class:revocation_indicator,fd,baseline,4,fd:registration_class:revocation_indicator:4,2387,False,10192453144383,10192587631936,0.134487553,dmv_candidate_cost_v0,ANALYZE dmv,True,
fd:registration_class:revocation_indicator,fd,candidate,4,fd:registration_class:revocation_indicator:4,2388,False,10192590330015,10192722682139,0.132352124,dmv_candidate_cost_v0,ANALYZE dmv,True,
fd:registration_class:revocation_indicator,fd,candidate,5,fd:registration_class:revocation_indicator:5,2389,False,10192725480445,10192858014570,0.132534125,dmv_candidate_cost_v0,ANALYZE dmv,True,
fd:registration_class:revocation_indicator,fd,baseline,5,fd:registration_class:revocation_indicator:5,2390,False,10192859370287,10192982974930,0.123604643,dmv_candidate_cost_v0,ANALYZE dmv,True,
fd:registration_class:revocation_indicator,fd,baseline,6,fd:registration_class:revocation_indicator:6,2391,False,10192983321368,10193109062406,0.125741038,dmv_candidate_cost_v0,ANALYZE dmv,True,
fd:registration_class:revocation_indicator,fd,candidate,6,fd:registration_class:revocation_indicator:6,2392,False,10193111019420,10193246458148,0.135438728,dmv_candidate_cost_v0,ANALYZE dmv,True,
fd:registration_class:revocation_indicator,fd,candidate,7,fd:registration_class:revocation_indicator:7,2393,False,10193249188868,10193380331315,0.131142447,dmv_candidate_cost_v0,ANALYZE dmv,True,
fd:registration_class:revocation_indicator,fd,baseline,7,fd:registration_class:revocation_indicator:7,2394,False,10193381184951,10193514279398,0.133094447,dmv_candidate_cost_v0,ANALYZE dmv,True,
fd:registration_class:revocation_indicator,fd,baseline,8,fd:registration_class:revocation_indicator:8,2395,False,10193514671981,10193655557869,0.140885888,dmv_candidate_cost_v0,ANALYZE dmv,True,
fd:registration_class:revocation_indicator,fd,candidate,8,fd:registration_class:revocation_indicator:8,2396,False,10193657962390,10193789196624,0.131234234,dmv_candidate_cost_v0,ANALYZE dmv,True,
fd:registration_class:revocation_indicator,fd,candidate,9,fd:registration_class:revocation_indicator:9,2397,False,10193792270584,10193934577130,0.142306546,dmv_candidate_cost_v0,ANALYZE dmv,True,
fd:registration_class:revocation_indicator,fd,baseline,9,fd:registration_class:revocation_indicator:9,2398,False,10193935996159,10194077324294,0.141328135,dmv_candidate_cost_v0,ANALYZE dmv,True,
fd:registration_class:revocation_indicator,fd,baseline,10,fd:registration_class:revocation_indicator:10,2399,False,10194077916158,10194213474418,0.13555826,dmv_candidate_cost_v0,ANALYZE dmv,True,
fd:registration_class:revocation_indicator,fd,candidate,10,fd:registration_class:revocation_indicator:10,2400,False,10194215951820,10194361188180,0.14523636,dmv_candidate_cost_v0,ANALYZE dmv,True,
fd:registration_class:revocation_indicator,fd,candidate,11,fd:registration_class:revocation_indicator:11,2401,False,10194364421238,10194502162506,0.137741268,dmv_candidate_cost_v0,ANALYZE dmv,True,
fd:registration_class:revocation_indicator,fd,baseline,11,fd:registration_class:revocation_indicator:11,2402,False,10194503218581,10194645818591,0.14260001,dmv_candidate_cost_v0,ANALYZE dmv,True,
fd:registration_class:revocation_indicator,fd,baseline,12,fd:registration_class:revocation_indicator:12,2403,False,10194646186497,10194788445915,0.142259418,dmv_candidate_cost_v0,ANALYZE dmv,True,
fd:registration_class:revocation_indicator,fd,candidate,12,fd:registration_class:revocation_indicator:12,2404,False,10194790291290,10194925218043,0.134926753,dmv_candidate_cost_v0,ANALYZE dmv,True,
fd:registration_class:revocation_indicator,fd,candidate,13,fd:registration_class:revocation_indicator:13,2405,False,10194928647996,10195066705446,0.13805745,dmv_candidate_cost_v0,ANALYZE dmv,True,
fd:registration_class:revocation_indicator,fd,baseline,13,fd:registration_class:revocation_indicator:13,2406,False,10195067781351,10195205108960,0.137327609,dmv_candidate_cost_v0,ANALYZE dmv,True,
fd:registration_class:revocation_indicator,fd,baseline,14,fd:registration_class:revocation_indicator:14,2407,False,10195205495632,10195342688715,0.137193083,dmv_candidate_cost_v0,ANALYZE dmv,True,
fd:registration_class:revocation_indicator,fd,candidate,14,fd:registration_class:revocation_indicator:14,2408,False,10195344121952,10195488373275,0.144251323,dmv_candidate_cost_v0,ANALYZE dmv,True,
fd:registration_class:revocation_indicator,fd,candidate,15,fd:registration_class:revocation_indicator:15,2409,False,10195490823322,10195622822701,0.131999379,dmv_candidate_cost_v0,ANALYZE dmv,True,
fd:registration_class:revocation_indicator,fd,baseline,15,fd:registration_class:revocation_indicator:15,2410,False,10195623862844,10195753308127,0.129445283,dmv_candidate_cost_v0,ANALYZE dmv,True,
fd:registration_class:revocation_indicator,fd,baseline,16,fd:registration_class:revocation_indicator:16,2411,False,10195753742015,10195883237946,0.129495931,dmv_candidate_cost_v0,ANALYZE dmv,True,
fd:registration_class:revocation_indicator,fd,candidate,16,fd:registration_class:revocation_indicator:16,2412,False,10195884746350,10196023504300,0.13875795,dmv_candidate_cost_v0,ANALYZE dmv,True,
fd:registration_class:revocation_indicator,fd,candidate,17,fd:registration_class:revocation_indicator:17,2413,False,10196026390712,10196164367946,0.137977234,dmv_candidate_cost_v0,ANALYZE dmv,True,
fd:registration_class:revocation_indicator,fd,baseline,17,fd:registration_class:revocation_indicator:17,2414,False,10196165463938,10196293391123,0.127927185,dmv_candidate_cost_v0,ANALYZE dmv,True,
fd:registration_class:revocation_indicator,fd,baseline,18,fd:registration_class:revocation_indicator:18,2415,False,10196293844192,10196427053027,0.133208835,dmv_candidate_cost_v0,ANALYZE dmv,True,
fd:registration_class:revocation_indicator,fd,candidate,18,fd:registration_class:revocation_indicator:18,2416,False,10196429349598,10196575621295,0.146271697,dmv_candidate_cost_v0,ANALYZE dmv,True,
fd:registration_class:revocation_indicator,fd,candidate,19,fd:registration_class:revocation_indicator:19,2417,False,10196578758649,10196719920115,0.141161466,dmv_candidate_cost_v0,ANALYZE dmv,True,
fd:registration_class:revocation_indicator,fd,baseline,19,fd:registration_class:revocation_indicator:19,2418,False,10196721267235,10196857715361,0.136448126,dmv_candidate_cost_v0,ANALYZE dmv,True,
fd:registration_class:revocation_indicator,fd,baseline,20,fd:registration_class:revocation_indicator:20,2419,False,10196858044723,10196995194635,0.137149912,dmv_candidate_cost_v0,ANALYZE dmv,True,
fd:registration_class:revocation_indicator,fd,candidate,20,fd:registration_class:revocation_indicator:20,2420,False,10196996487321,10197133945371,0.13745805,dmv_candidate_cost_v0,ANALYZE dmv,True,
fd:county:state,fd,candidate,-1,fd:county:state:-1,2421,True,10197136916900,10197276609132,0.139692232,dmv_candidate_cost_v0,ANALYZE dmv,True,
fd:county:state,fd,baseline,-1,fd:county:state:-1,2422,True,10197277818200,10197414502055,0.136683855,dmv_candidate_cost_v0,ANALYZE dmv,True,
fd:county:state,fd,baseline,0,fd:county:state:0,2423,False,10197414717473,10197549148666,0.134431193,dmv_candidate_cost_v0,ANALYZE dmv,True,
fd:county:state,fd,candidate,0,fd:county:state:0,2424,False,10197551075992,10197690938683,0.139862691,dmv_candidate_cost_v0,ANALYZE dmv,True,
fd:county:state,fd,candidate,1,fd:county:state:1,2425,False,10197693277420,10197834141190,0.14086377,dmv_candidate_cost_v0,ANALYZE dmv,True,
fd:county:state,fd,baseline,1,fd:county:state:1,2426,False,10197835298463,10197967716554,0.132418091,dmv_candidate_cost_v0,ANALYZE dmv,True,
fd:county:state,fd,baseline,2,fd:county:state:2,2427,False,10197968184629,10198097037817,0.128853188,dmv_candidate_cost_v0,ANALYZE dmv,True,
fd:county:state,fd,candidate,2,fd:county:state:2,2428,False,10198099345729,10198242916693,0.143570964,dmv_candidate_cost_v0,ANALYZE dmv,True,
fd:county:state,fd,candidate,3,fd:county:state:3,2429,False,10198246346462,10198390858058,0.144511596,dmv_candidate_cost_v0,ANALYZE dmv,True,
fd:county:state,fd,baseline,3,fd:county:state:3,2430,False,10198392374294,10198528347473,0.135973179,dmv_candidate_cost_v0,ANALYZE dmv,True,
fd:county:state,fd,baseline,4,fd:county:state:4,2431,False,10198528660470,10198671458281,0.142797811,dmv_candidate_cost_v0,ANALYZE dmv,True,
fd:county:state,fd,candidate,4,fd:county:state:4,2432,False,10198673368187,10198818245990,0.144877803,dmv_candidate_cost_v0,ANALYZE dmv,True,
fd:county:state,fd,candidate,5,fd:county:state:5,2433,False,10198820412045,10198968936761,0.148524716,dmv_candidate_cost_v0,ANALYZE dmv,True,
fd:county:state,fd,baseline,5,fd:county:state:5,2434,False,10198970269966,10199100909775,0.130639809,dmv_candidate_cost_v0,ANALYZE dmv,True,
fd:county:state,fd,baseline,6,fd:county:state:6,2435,False,10199101246960,10199237006608,0.135759648,dmv_candidate_cost_v0,ANALYZE dmv,True,
fd:county:state,fd,candidate,6,fd:county:state:6,2436,False,10199238960802,10199382398780,0.143437978,dmv_candidate_cost_v0,ANALYZE dmv,True,
fd:county:state,fd,candidate,7,fd:county:state:7,2437,False,10199385713991,10199526882659,0.141168668,dmv_candidate_cost_v0,ANALYZE dmv,True,
fd:county:state,fd,baseline,7,fd:county:state:7,2438,False,10199527854022,10199661901679,0.134047657,dmv_candidate_cost_v0,ANALYZE dmv,True,
fd:county:state,fd,baseline,8,fd:county:state:8,2439,False,10199662279356,10199799448828,0.137169472,dmv_candidate_cost_v0,ANALYZE dmv,True,
fd:county:state,fd,candidate,8,fd:county:state:8,2440,False,10199801039385,10199942749683,0.141710298,dmv_candidate_cost_v0,ANALYZE dmv,True,
fd:county:state,fd,candidate,9,fd:county:state:9,2441,False,10199945990827,10200088056674,0.142065847,dmv_candidate_cost_v0,ANALYZE dmv,True,
fd:county:state,fd,baseline,9,fd:county:state:9,2442,False,10200089987609,10200224832977,0.134845368,dmv_candidate_cost_v0,ANALYZE dmv,True,
fd:county:state,fd,baseline,10,fd:county:state:10,2443,False,10200225376969,10200366721685,0.141344716,dmv_candidate_cost_v0,ANALYZE dmv,True,
fd:county:state,fd,candidate,10,fd:county:state:10,2444,False,10200368845242,10200516163215,0.147317973,dmv_candidate_cost_v0,ANALYZE dmv,True,
fd:county:state,fd,candidate,11,fd:county:state:11,2445,False,10200518713265,10200666321623,0.147608358,dmv_candidate_cost_v0,ANALYZE dmv,True,
fd:county:state,fd,baseline,11,fd:county:state:11,2446,False,10200667307996,10200800902872,0.133594876,dmv_candidate_cost_v0,ANALYZE dmv,True,
fd:county:state,fd,baseline,12,fd:county:state:12,2447,False,10200801186767,10200932162981,0.130976214,dmv_candidate_cost_v0,ANALYZE dmv,True,
fd:county:state,fd,candidate,12,fd:county:state:12,2448,False,10200933745923,10201075053714,0.141307791,dmv_candidate_cost_v0,ANALYZE dmv,True,
fd:county:state,fd,candidate,13,fd:county:state:13,2449,False,10201077548828,10201217801116,0.140252288,dmv_candidate_cost_v0,ANALYZE dmv,True,
fd:county:state,fd,baseline,13,fd:county:state:13,2450,False,10201218876584,10201355967712,0.137091128,dmv_candidate_cost_v0,ANALYZE dmv,True,
fd:county:state,fd,baseline,14,fd:county:state:14,2451,False,10201356415848,10201503513069,0.147097221,dmv_candidate_cost_v0,ANALYZE dmv,True,
fd:county:state,fd,candidate,14,fd:county:state:14,2452,False,10201505437879,10201656974432,0.151536553,dmv_candidate_cost_v0,ANALYZE dmv,True,
fd:county:state,fd,candidate,15,fd:county:state:15,2453,False,10201660063050,10201804069359,0.144006309,dmv_candidate_cost_v0,ANALYZE dmv,True,
fd:county:state,fd,baseline,15,fd:county:state:15,2454,False,10201805350245,10201940910850,0.135560605,dmv_candidate_cost_v0,ANALYZE dmv,True,
fd:county:state,fd,baseline,16,fd:county:state:16,2455,False,10201941237772,10202076207709,0.134969937,dmv_candidate_cost_v0,ANALYZE dmv,True,
fd:county:state,fd,candidate,16,fd:county:state:16,2456,False,10202078186555,10202230542038,0.152355483,dmv_candidate_cost_v0,ANALYZE dmv,True,
fd:county:state,fd,candidate,17,fd:county:state:17,2457,False,10202233463351,10202389368537,0.155905186,dmv_candidate_cost_v0,ANALYZE dmv,True,
fd:county:state,fd,baseline,17,fd:county:state:17,2458,False,10202390358499,10202538477968,0.148119469,dmv_candidate_cost_v0,ANALYZE dmv,True,
fd:county:state,fd,baseline,18,fd:county:state:18,2459,False,10202538935366,10202674629756,0.13569439,dmv_candidate_cost_v0,ANALYZE dmv,True,
fd:county:state,fd,candidate,18,fd:county:state:18,2460,False,10202676497405,10202814567349,0.138069944,dmv_candidate_cost_v0,ANALYZE dmv,True,
fd:county:state,fd,candidate,19,fd:county:state:19,2461,False,10202817868320,10202955767118,0.137898798,dmv_candidate_cost_v0,ANALYZE dmv,True,
fd:county:state,fd,baseline,19,fd:county:state:19,2462,False,10202957279104,10203086285335,0.129006231,dmv_candidate_cost_v0,ANALYZE dmv,True,
fd:county:state,fd,baseline,20,fd:county:state:20,2463,False,10203086676681,10203218296454,0.131619773,dmv_candidate_cost_v0,ANALYZE dmv,True,
fd:county:state,fd,candidate,20,fd:county:state:20,2464,False,10203220312639,10203376600532,0.156287893,dmv_candidate_cost_v0,ANALYZE dmv,True,
fd:county:suspension_indicator,fd,candidate,-1,fd:county:suspension_indicator:-1,2465,True,10203380082698,10203529069980,0.148987282,dmv_candidate_cost_v0,ANALYZE dmv,True,
fd:county:suspension_indicator,fd,baseline,-1,fd:county:suspension_indicator:-1,2466,True,10203529956510,10203662721658,0.132765148,dmv_candidate_cost_v0,ANALYZE dmv,True,
fd:county:suspension_indicator,fd,baseline,0,fd:county:suspension_indicator:0,2467,False,10203662937024,10203797630292,0.134693268,dmv_candidate_cost_v0,ANALYZE dmv,True,
fd:county:suspension_indicator,fd,candidate,0,fd:county:suspension_indicator:0,2468,False,10203799262059,10203944172353,0.144910294,dmv_candidate_cost_v0,ANALYZE dmv,True,
fd:county:suspension_indicator,fd,candidate,1,fd:county:suspension_indicator:1,2469,False,10203947040019,10204088506847,0.141466828,dmv_candidate_cost_v0,ANALYZE dmv,True,
fd:county:suspension_indicator,fd,baseline,1,fd:county:suspension_indicator:1,2470,False,10204089735194,10204219578433,0.129843239,dmv_candidate_cost_v0,ANALYZE dmv,True,
fd:county:suspension_indicator,fd,baseline,2,fd:county:suspension_indicator:2,2471,False,10204219966091,10204353128482,0.133162391,dmv_candidate_cost_v0,ANALYZE dmv,True,
fd:county:suspension_indicator,fd,candidate,2,fd:county:suspension_indicator:2,2472,False,10204356414844,10204502788049,0.146373205,dmv_candidate_cost_v0,ANALYZE dmv,True,
fd:county:suspension_indicator,fd,candidate,3,fd:county:suspension_indicator:3,2473,False,10204506208361,10204646865089,0.140656728,dmv_candidate_cost_v0,ANALYZE dmv,True,
fd:county:suspension_indicator,fd,baseline,3,fd:county:suspension_indicator:3,2474,False,10204647954067,10204776753590,0.128799523,dmv_candidate_cost_v0,ANALYZE dmv,True,
fd:county:suspension_indicator,fd,baseline,4,fd:county:suspension_indicator:4,2475,False,10204777275298,10204913611972,0.136336674,dmv_candidate_cost_v0,ANALYZE dmv,True,
fd:county:suspension_indicator,fd,candidate,4,fd:county:suspension_indicator:4,2476,False,10204915089534,10205058363983,0.143274449,dmv_candidate_cost_v0,ANALYZE dmv,True,
fd:county:suspension_indicator,fd,candidate,5,fd:county:suspension_indicator:5,2477,False,10205060423738,10205205112962,0.144689224,dmv_candidate_cost_v0,ANALYZE dmv,True,
fd:county:suspension_indicator,fd,baseline,5,fd:county:suspension_indicator:5,2478,False,10205206347793,10205343475253,0.13712746,dmv_candidate_cost_v0,ANALYZE dmv,True,
fd:county:suspension_indicator,fd,baseline,6,fd:county:suspension_indicator:6,2479,False,10205343841319,10205479098696,0.135257377,dmv_candidate_cost_v0,ANALYZE dmv,True,
fd:county:suspension_indicator,fd,candidate,6,fd:county:suspension_indicator:6,2480,False,10205481081861,10205621224091,0.14014223,dmv_candidate_cost_v0,ANALYZE dmv,True,
fd:county:suspension_indicator,fd,candidate,7,fd:county:suspension_indicator:7,2481,False,10205623971301,10205765039825,0.141068524,dmv_candidate_cost_v0,ANALYZE dmv,True,
fd:county:suspension_indicator,fd,baseline,7,fd:county:suspension_indicator:7,2482,False,10205766373379,10205903139213,0.136765834,dmv_candidate_cost_v0,ANALYZE dmv,True,
fd:county:suspension_indicator,fd,baseline,8,fd:county:suspension_indicator:8,2483,False,10205903588579,10206043940344,0.140351765,dmv_candidate_cost_v0,ANALYZE dmv,True,
fd:county:suspension_indicator,fd,candidate,8,fd:county:suspension_indicator:8,2484,False,10206046015211,10206204725957,0.158710746,dmv_candidate_cost_v0,ANALYZE dmv,True,
fd:county:suspension_indicator,fd,candidate,9,fd:county:suspension_indicator:9,2485,False,10206207421089,10206365847989,0.1584269,dmv_candidate_cost_v0,ANALYZE dmv,True,
fd:county:suspension_indicator,fd,baseline,9,fd:county:suspension_indicator:9,2486,False,10206367063092,10206504951567,0.137888475,dmv_candidate_cost_v0,ANALYZE dmv,True,
fd:county:suspension_indicator,fd,baseline,10,fd:county:suspension_indicator:10,2487,False,10206505367999,10206643420766,0.138052767,dmv_candidate_cost_v0,ANALYZE dmv,True,
fd:county:suspension_indicator,fd,candidate,10,fd:county:suspension_indicator:10,2488,False,10206645308792,10206795233957,0.149925165,dmv_candidate_cost_v0,ANALYZE dmv,True,
fd:county:suspension_indicator,fd,candidate,11,fd:county:suspension_indicator:11,2489,False,10206797707433,10206948069860,0.150362427,dmv_candidate_cost_v0,ANALYZE dmv,True,
fd:county:suspension_indicator,fd,baseline,11,fd:county:suspension_indicator:11,2490,False,10206949460948,10207082362603,0.132901655,dmv_candidate_cost_v0,ANALYZE dmv,True,
fd:county:suspension_indicator,fd,baseline,12,fd:county:suspension_indicator:12,2491,False,10207082755896,10207211895119,0.129139223,dmv_candidate_cost_v0,ANALYZE dmv,True,
fd:county:suspension_indicator,fd,candidate,12,fd:county:suspension_indicator:12,2492,False,10207213678127,10207348554707,0.13487658,dmv_candidate_cost_v0,ANALYZE dmv,True,
fd:county:suspension_indicator,fd,candidate,13,fd:county:suspension_indicator:13,2493,False,10207350509330,10207499910191,0.149400861,dmv_candidate_cost_v0,ANALYZE dmv,True,
fd:county:suspension_indicator,fd,baseline,13,fd:county:suspension_indicator:13,2494,False,10207500984356,10207626695160,0.125710804,dmv_candidate_cost_v0,ANALYZE dmv,True,
fd:county:suspension_indicator,fd,baseline,14,fd:county:suspension_indicator:14,2495,False,10207627105088,10207765897916,0.138792828,dmv_candidate_cost_v0,ANALYZE dmv,True,
fd:county:suspension_indicator,fd,candidate,14,fd:county:suspension_indicator:14,2496,False,10207768513723,10207912469814,0.143956091,dmv_candidate_cost_v0,ANALYZE dmv,True,
fd:county:suspension_indicator,fd,candidate,15,fd:county:suspension_indicator:15,2497,False,10207915452462,10208060950976,0.145498514,dmv_candidate_cost_v0,ANALYZE dmv,True,
fd:county:suspension_indicator,fd,baseline,15,fd:county:suspension_indicator:15,2498,False,10208062208262,10208215059837,0.152851575,dmv_candidate_cost_v0,ANALYZE dmv,True,
fd:county:suspension_indicator,fd,baseline,16,fd:county:suspension_indicator:16,2499,False,10208215385176,10208350178497,0.134793321,dmv_candidate_cost_v0,ANALYZE dmv,True,
fd:county:suspension_indicator,fd,candidate,16,fd:county:suspension_indicator:16,2500,False,10208351978342,10208508738134,0.156759792,dmv_candidate_cost_v0,ANALYZE dmv,True,
fd:county:suspension_indicator,fd,candidate,17,fd:county:suspension_indicator:17,2501,False,10208511419839,10208669857195,0.158437356,dmv_candidate_cost_v0,ANALYZE dmv,True,
fd:county:suspension_indicator,fd,baseline,17,fd:county:suspension_indicator:17,2502,False,10208670825574,10208822006566,0.151180992,dmv_candidate_cost_v0,ANALYZE dmv,True,
fd:county:suspension_indicator,fd,baseline,18,fd:county:suspension_indicator:18,2503,False,10208822388791,10208951692118,0.129303327,dmv_candidate_cost_v0,ANALYZE dmv,True,
fd:county:suspension_indicator,fd,candidate,18,fd:county:suspension_indicator:18,2504,False,10208953760069,10209096275867,0.142515798,dmv_candidate_cost_v0,ANALYZE dmv,True,
fd:county:suspension_indicator,fd,candidate,19,fd:county:suspension_indicator:19,2505,False,10209098756614,10209235462087,0.136705473,dmv_candidate_cost_v0,ANALYZE dmv,True,
fd:county:suspension_indicator,fd,baseline,19,fd:county:suspension_indicator:19,2506,False,10209236945081,10209370941112,0.133996031,dmv_candidate_cost_v0,ANALYZE dmv,True,
fd:county:suspension_indicator,fd,baseline,20,fd:county:suspension_indicator:20,2507,False,10209371331778,10209529439400,0.158107622,dmv_candidate_cost_v0,ANALYZE dmv,True,
fd:county:suspension_indicator,fd,candidate,20,fd:county:suspension_indicator:20,2508,False,10209531387490,10209684997568,0.153610078,dmv_candidate_cost_v0,ANALYZE dmv,True,
mcv:body_type:registration_class,mcv,candidate,-1,mcv:body_type:registration_class:-1,2509,True,10209689856707,10209831455950,0.141599243,dmv_candidate_cost_v0,ANALYZE dmv,True,
mcv:body_type:registration_class,mcv,baseline,-1,mcv:body_type:registration_class:-1,2510,True,10209832936120,10209974833939,0.141897819,dmv_candidate_cost_v0,ANALYZE dmv,True,
mcv:body_type:registration_class,mcv,baseline,0,mcv:body_type:registration_class:0,2511,False,10209975064965,10210111241161,0.136176196,dmv_candidate_cost_v0,ANALYZE dmv,True,
mcv:body_type:registration_class,mcv,candidate,0,mcv:body_type:registration_class:0,2512,False,10210113232185,10210247553925,0.13432174,dmv_candidate_cost_v0,ANALYZE dmv,True,
mcv:body_type:registration_class,mcv,candidate,1,mcv:body_type:registration_class:1,2513,False,10210252372318,10210405444126,0.153071808,dmv_candidate_cost_v0,ANALYZE dmv,True,
mcv:body_type:registration_class,mcv,baseline,1,mcv:body_type:registration_class:1,2514,False,10210406246602,10210538738009,0.132491407,dmv_candidate_cost_v0,ANALYZE dmv,True,
mcv:body_type:registration_class,mcv,baseline,2,mcv:body_type:registration_class:2,2515,False,10210539154422,10210669248028,0.130093606,dmv_candidate_cost_v0,ANALYZE dmv,True,
mcv:body_type:registration_class,mcv,candidate,2,mcv:body_type:registration_class:2,2516,False,10210671708629,10210808597336,0.136888707,dmv_candidate_cost_v0,ANALYZE dmv,True,
mcv:body_type:registration_class,mcv,candidate,3,mcv:body_type:registration_class:3,2517,False,10210811407653,10210943774518,0.132366865,dmv_candidate_cost_v0,ANALYZE dmv,True,
mcv:body_type:registration_class,mcv,baseline,3,mcv:body_type:registration_class:3,2518,False,10210945105058,10211071906106,0.126801048,dmv_candidate_cost_v0,ANALYZE dmv,True,
mcv:body_type:registration_class,mcv,baseline,4,mcv:body_type:registration_class:4,2519,False,10211072257475,10211207510527,0.135253052,dmv_candidate_cost_v0,ANALYZE dmv,True,
mcv:body_type:registration_class,mcv,candidate,4,mcv:body_type:registration_class:4,2520,False,10211209290200,10211343606788,0.134316588,dmv_candidate_cost_v0,ANALYZE dmv,True,
mcv:body_type:registration_class,mcv,candidate,5,mcv:body_type:registration_class:5,2521,False,10211346889884,10211480485768,0.133595884,dmv_candidate_cost_v0,ANALYZE dmv,True,
mcv:body_type:registration_class,mcv,baseline,5,mcv:body_type:registration_class:5,2522,False,10211481933513,10211606411814,0.124478301,dmv_candidate_cost_v0,ANALYZE dmv,True,
mcv:body_type:registration_class,mcv,baseline,6,mcv:body_type:registration_class:6,2523,False,10211606789759,10211731898847,0.125109088,dmv_candidate_cost_v0,ANALYZE dmv,True,
mcv:body_type:registration_class,mcv,candidate,6,mcv:body_type:registration_class:6,2524,False,10211733898519,10211860410275,0.126511756,dmv_candidate_cost_v0,ANALYZE dmv,True,
mcv:body_type:registration_class,mcv,candidate,7,mcv:body_type:registration_class:7,2525,False,10211863098930,10211994180540,0.13108161,dmv_candidate_cost_v0,ANALYZE dmv,True,
mcv:body_type:registration_class,mcv,baseline,7,mcv:body_type:registration_class:7,2526,False,10211995335387,10212127743290,0.132407903,dmv_candidate_cost_v0,ANALYZE dmv,True,
mcv:body_type:registration_class,mcv,baseline,8,mcv:body_type:registration_class:8,2527,False,10212128108706,10212256250403,0.128141697,dmv_candidate_cost_v0,ANALYZE dmv,True,
mcv:body_type:registration_class,mcv,candidate,8,mcv:body_type:registration_class:8,2528,False,10212258220628,10212392545132,0.134324504,dmv_candidate_cost_v0,ANALYZE dmv,True,
mcv:body_type:registration_class,mcv,candidate,9,mcv:body_type:registration_class:9,2529,False,10212395898077,10212526254560,0.130356483,dmv_candidate_cost_v0,ANALYZE dmv,True,
mcv:body_type:registration_class,mcv,baseline,9,mcv:body_type:registration_class:9,2530,False,10212527848481,10212650786853,0.122938372,dmv_candidate_cost_v0,ANALYZE dmv,True,
mcv:body_type:registration_class,mcv,baseline,10,mcv:body_type:registration_class:10,2531,False,10212651217418,10212776895000,0.125677582,dmv_candidate_cost_v0,ANALYZE dmv,True,
mcv:body_type:registration_class,mcv,candidate,10,mcv:body_type:registration_class:10,2532,False,10212778942727,10212908992569,0.130049842,dmv_candidate_cost_v0,ANALYZE dmv,True,
mcv:body_type:registration_class,mcv,candidate,11,mcv:body_type:registration_class:11,2533,False,10212911849658,10213039990884,0.128141226,dmv_candidate_cost_v0,ANALYZE dmv,True,
mcv:body_type:registration_class,mcv,baseline,11,mcv:body_type:registration_class:11,2534,False,10213041219460,10213171578995,0.130359535,dmv_candidate_cost_v0,ANALYZE dmv,True,
mcv:body_type:registration_class,mcv,baseline,12,mcv:body_type:registration_class:12,2535,False,10213171949509,10213308476546,0.136527037,dmv_candidate_cost_v0,ANALYZE dmv,True,
mcv:body_type:registration_class,mcv,candidate,12,mcv:body_type:registration_class:12,2536,False,10213310691621,10213439121725,0.128430104,dmv_candidate_cost_v0,ANALYZE dmv,True,
mcv:body_type:registration_class,mcv,candidate,13,mcv:body_type:registration_class:13,2537,False,10213442499934,10213572591961,0.130092027,dmv_candidate_cost_v0,ANALYZE dmv,True,
mcv:body_type:registration_class,mcv,baseline,13,mcv:body_type:registration_class:13,2538,False,10213573748029,10213711051546,0.137303517,dmv_candidate_cost_v0,ANALYZE dmv,True,
mcv:body_type:registration_class,mcv,baseline,14,mcv:body_type:registration_class:14,2539,False,10213711438855,10213847806371,0.136367516,dmv_candidate_cost_v0,ANALYZE dmv,True,
mcv:body_type:registration_class,mcv,candidate,14,mcv:body_type:registration_class:14,2540,False,10213849889203,10213987188437,0.137299234,dmv_candidate_cost_v0,ANALYZE dmv,True,
mcv:body_type:registration_class,mcv,candidate,15,mcv:body_type:registration_class:15,2541,False,10213989887699,10214136323619,0.14643592,dmv_candidate_cost_v0,ANALYZE dmv,True,
mcv:body_type:registration_class,mcv,baseline,15,mcv:body_type:registration_class:15,2542,False,10214137264976,10214270374438,0.133109462,dmv_candidate_cost_v0,ANALYZE dmv,True,
mcv:body_type:registration_class,mcv,baseline,16,mcv:body_type:registration_class:16,2543,False,10214270952801,10214411403542,0.140450741,dmv_candidate_cost_v0,ANALYZE dmv,True,
mcv:body_type:registration_class,mcv,candidate,16,mcv:body_type:registration_class:16,2544,False,10214413520581,10214550988049,0.137467468,dmv_candidate_cost_v0,ANALYZE dmv,True,
mcv:body_type:registration_class,mcv,candidate,17,mcv:body_type:registration_class:17,2545,False,10214555310201,10214692424535,0.137114334,dmv_candidate_cost_v0,ANALYZE dmv,True,
mcv:body_type:registration_class,mcv,baseline,17,mcv:body_type:registration_class:17,2546,False,10214693895340,10214829233813,0.135338473,dmv_candidate_cost_v0,ANALYZE dmv,True,
mcv:body_type:registration_class,mcv,baseline,18,mcv:body_type:registration_class:18,2547,False,10214829759655,10214952680231,0.122920576,dmv_candidate_cost_v0,ANALYZE dmv,True,
mcv:body_type:registration_class,mcv,candidate,18,mcv:body_type:registration_class:18,2548,False,10214954816255,10215083706904,0.128890649,dmv_candidate_cost_v0,ANALYZE dmv,True,
mcv:body_type:registration_class,mcv,candidate,19,mcv:body_type:registration_class:19,2549,False,10215087011561,10215216739903,0.129728342,dmv_candidate_cost_v0,ANALYZE dmv,True,
mcv:body_type:registration_class,mcv,baseline,19,mcv:body_type:registration_class:19,2550,False,10215217555293,10215342761026,0.125205733,dmv_candidate_cost_v0,ANALYZE dmv,True,
mcv:body_type:registration_class,mcv,baseline,20,mcv:body_type:registration_class:20,2551,False,10215343214990,10215463693486,0.120478496,dmv_candidate_cost_v0,ANALYZE dmv,True,
mcv:body_type:registration_class,mcv,candidate,20,mcv:body_type:registration_class:20,2552,False,10215465588544,10215594602327,0.129013783,dmv_candidate_cost_v0,ANALYZE dmv,True,
mcv:body_type:scofflaw_indicator,mcv,candidate,-1,mcv:body_type:scofflaw_indicator:-1,2553,True,10215598056529,10215730302324,0.132245795,dmv_candidate_cost_v0,ANALYZE dmv,True,
mcv:body_type:scofflaw_indicator,mcv,baseline,-1,mcv:body_type:scofflaw_indicator:-1,2554,True,10215731492390,10215857694500,0.12620211,dmv_candidate_cost_v0,ANALYZE dmv,True,
mcv:body_type:scofflaw_indicator,mcv,baseline,0,mcv:body_type:scofflaw_indicator:0,2555,False,10215858247744,10215982516809,0.124269065,dmv_candidate_cost_v0,ANALYZE dmv,True,
mcv:body_type:scofflaw_indicator,mcv,candidate,0,mcv:body_type:scofflaw_indicator:0,2556,False,10215984339573,10216120488948,0.136149375,dmv_candidate_cost_v0,ANALYZE dmv,True,
mcv:body_type:scofflaw_indicator,mcv,candidate,1,mcv:body_type:scofflaw_indicator:1,2557,False,10216122618583,10216256249582,0.133630999,dmv_candidate_cost_v0,ANALYZE dmv,True,
mcv:body_type:scofflaw_indicator,mcv,baseline,1,mcv:body_type:scofflaw_indicator:1,2558,False,10216257101070,10216385156499,0.128055429,dmv_candidate_cost_v0,ANALYZE dmv,True,
mcv:body_type:scofflaw_indicator,mcv,baseline,2,mcv:body_type:scofflaw_indicator:2,2559,False,10216385568176,10216514136688,0.128568512,dmv_candidate_cost_v0,ANALYZE dmv,True,
mcv:body_type:scofflaw_indicator,mcv,candidate,2,mcv:body_type:scofflaw_indicator:2,2560,False,10216515791081,10216650662691,0.13487161,dmv_candidate_cost_v0,ANALYZE dmv,True,
mcv:body_type:scofflaw_indicator,mcv,candidate,3,mcv:body_type:scofflaw_indicator:3,2561,False,10216653021421,10216784717389,0.131695968,dmv_candidate_cost_v0,ANALYZE dmv,True,
mcv:body_type:scofflaw_indicator,mcv,baseline,3,mcv:body_type:scofflaw_indicator:3,2562,False,10216785592169,10216914163988,0.128571819,dmv_candidate_cost_v0,ANALYZE dmv,True,
mcv:body_type:scofflaw_indicator,mcv,baseline,4,mcv:body_type:scofflaw_indicator:4,2563,False,10216914493216,10217043637331,0.129144115,dmv_candidate_cost_v0,ANALYZE dmv,True,
mcv:body_type:scofflaw_indicator,mcv,candidate,4,mcv:body_type:scofflaw_indicator:4,2564,False,10217045781392,10217180845537,0.135064145,dmv_candidate_cost_v0,ANALYZE dmv,True,
mcv:body_type:scofflaw_indicator,mcv,candidate,5,mcv:body_type:scofflaw_indicator:5,2565,False,10217183352855,10217315634387,0.132281532,dmv_candidate_cost_v0,ANALYZE dmv,True,
mcv:body_type:scofflaw_indicator,mcv,baseline,5,mcv:body_type:scofflaw_indicator:5,2566,False,10217316635967,10217438604641,0.121968674,dmv_candidate_cost_v0,ANALYZE dmv,True,
mcv:body_type:scofflaw_indicator,mcv,baseline,6,mcv:body_type:scofflaw_indicator:6,2567,False,10217439141579,10217562632429,0.12349085,dmv_candidate_cost_v0,ANALYZE dmv,True,
mcv:body_type:scofflaw_indicator,mcv,candidate,6,mcv:body_type:scofflaw_indicator:6,2568,False,10217564866370,10217694188056,0.129321686,dmv_candidate_cost_v0,ANALYZE dmv,True,
mcv:body_type:scofflaw_indicator,mcv,candidate,7,mcv:body_type:scofflaw_indicator:7,2569,False,10217697164512,10217830037054,0.132872542,dmv_candidate_cost_v0,ANALYZE dmv,True,
mcv:body_type:scofflaw_indicator,mcv,baseline,7,mcv:body_type:scofflaw_indicator:7,2570,False,10217831289431,10217964088845,0.132799414,dmv_candidate_cost_v0,ANALYZE dmv,True,
mcv:body_type:scofflaw_indicator,mcv,baseline,8,mcv:body_type:scofflaw_indicator:8,2571,False,10217964510171,10218096418341,0.13190817,dmv_candidate_cost_v0,ANALYZE dmv,True,
mcv:body_type:scofflaw_indicator,mcv,candidate,8,mcv:body_type:scofflaw_indicator:8,2572,False,10218098682627,10218230153399,0.131470772,dmv_candidate_cost_v0,ANALYZE dmv,True,
mcv:body_type:scofflaw_indicator,mcv,candidate,9,mcv:body_type:scofflaw_indicator:9,2573,False,10218232504572,10218363328799,0.130824227,dmv_candidate_cost_v0,ANALYZE dmv,True,
mcv:body_type:scofflaw_indicator,mcv,baseline,9,mcv:body_type:scofflaw_indicator:9,2574,False,10218364538835,10218488885579,0.124346744,dmv_candidate_cost_v0,ANALYZE dmv,True,
mcv:body_type:scofflaw_indicator,mcv,baseline,10,mcv:body_type:scofflaw_indicator:10,2575,False,10218489200192,10218613599306,0.124399114,dmv_candidate_cost_v0,ANALYZE dmv,True,
mcv:body_type:scofflaw_indicator,mcv,candidate,10,mcv:body_type:scofflaw_indicator:10,2576,False,10218615505158,10218748747170,0.133242012,dmv_candidate_cost_v0,ANALYZE dmv,True,
mcv:body_type:scofflaw_indicator,mcv,candidate,11,mcv:body_type:scofflaw_indicator:11,2577,False,10218751663806,10218881747009,0.130083203,dmv_candidate_cost_v0,ANALYZE dmv,True,
mcv:body_type:scofflaw_indicator,mcv,baseline,11,mcv:body_type:scofflaw_indicator:11,2578,False,10218882871247,10219011138143,0.128266896,dmv_candidate_cost_v0,ANALYZE dmv,True,
mcv:body_type:scofflaw_indicator,mcv,baseline,12,mcv:body_type:scofflaw_indicator:12,2579,False,10219011677874,10219144195845,0.132517971,dmv_candidate_cost_v0,ANALYZE dmv,True,
mcv:body_type:scofflaw_indicator,mcv,candidate,12,mcv:body_type:scofflaw_indicator:12,2580,False,10219145905439,10219275900430,0.129994991,dmv_candidate_cost_v0,ANALYZE dmv,True,
mcv:body_type:scofflaw_indicator,mcv,candidate,13,mcv:body_type:scofflaw_indicator:13,2581,False,10219278450590,10219407082203,0.128631613,dmv_candidate_cost_v0,ANALYZE dmv,True,
mcv:body_type:scofflaw_indicator,mcv,baseline,13,mcv:body_type:scofflaw_indicator:13,2582,False,10219408552408,10219529074243,0.120521835,dmv_candidate_cost_v0,ANALYZE dmv,True,
mcv:body_type:scofflaw_indicator,mcv,baseline,14,mcv:body_type:scofflaw_indicator:14,2583,False,10219529363705,10219657027260,0.127663555,dmv_candidate_cost_v0,ANALYZE dmv,True,
mcv:body_type:scofflaw_indicator,mcv,candidate,14,mcv:body_type:scofflaw_indicator:14,2584,False,10219659181049,10219792943365,0.133762316,dmv_candidate_cost_v0,ANALYZE dmv,True,
mcv:body_type:scofflaw_indicator,mcv,candidate,15,mcv:body_type:scofflaw_indicator:15,2585,False,10219796886839,10219923647387,0.126760548,dmv_candidate_cost_v0,ANALYZE dmv,True,
mcv:body_type:scofflaw_indicator,mcv,baseline,15,mcv:body_type:scofflaw_indicator:15,2586,False,10219924910450,10220052234718,0.127324268,dmv_candidate_cost_v0,ANALYZE dmv,True,
mcv:body_type:scofflaw_indicator,mcv,baseline,16,mcv:body_type:scofflaw_indicator:16,2587,False,10220052632304,10220185778109,0.133145805,dmv_candidate_cost_v0,ANALYZE dmv,True,
mcv:body_type:scofflaw_indicator,mcv,candidate,16,mcv:body_type:scofflaw_indicator:16,2588,False,10220187627229,10220322568529,0.1349413,dmv_candidate_cost_v0,ANALYZE dmv,True,
mcv:body_type:scofflaw_indicator,mcv,candidate,17,mcv:body_type:scofflaw_indicator:17,2589,False,10220325317386,10220462330277,0.137012891,dmv_candidate_cost_v0,ANALYZE dmv,True,
mcv:body_type:scofflaw_indicator,mcv,baseline,17,mcv:body_type:scofflaw_indicator:17,2590,False,10220463895037,10220600374494,0.136479457,dmv_candidate_cost_v0,ANALYZE dmv,True,
mcv:body_type:scofflaw_indicator,mcv,baseline,18,mcv:body_type:scofflaw_indicator:18,2591,False,10220600773689,10220735627990,0.134854301,dmv_candidate_cost_v0,ANALYZE dmv,True,
mcv:body_type:scofflaw_indicator,mcv,candidate,18,mcv:body_type:scofflaw_indicator:18,2592,False,10220737513980,10220869727634,0.132213654,dmv_candidate_cost_v0,ANALYZE dmv,True,
mcv:body_type:scofflaw_indicator,mcv,candidate,19,mcv:body_type:scofflaw_indicator:19,2593,False,10220872759542,10220998937000,0.126177458,dmv_candidate_cost_v0,ANALYZE dmv,True,
mcv:body_type:scofflaw_indicator,mcv,baseline,19,mcv:body_type:scofflaw_indicator:19,2594,False,10220999981825,10221124602284,0.124620459,dmv_candidate_cost_v0,ANALYZE dmv,True,
mcv:body_type:scofflaw_indicator,mcv,baseline,20,mcv:body_type:scofflaw_indicator:20,2595,False,10221125063922,10221247709608,0.122645686,dmv_candidate_cost_v0,ANALYZE dmv,True,
mcv:body_type:scofflaw_indicator,mcv,candidate,20,mcv:body_type:scofflaw_indicator:20,2596,False,10221249499242,10221377087073,0.127587831,dmv_candidate_cost_v0,ANALYZE dmv,True,
fd:county:registration_class,fd,candidate,-1,fd:county:registration_class:-1,2597,True,10221380320262,10221514225618,0.133905356,dmv_candidate_cost_v0,ANALYZE dmv,True,
fd:county:registration_class,fd,baseline,-1,fd:county:registration_class:-1,2598,True,10221515214289,10221646153286,0.130938997,dmv_candidate_cost_v0,ANALYZE dmv,True,
fd:county:registration_class,fd,baseline,0,fd:county:registration_class:0,2599,False,10221646413966,10221774239949,0.127825983,dmv_candidate_cost_v0,ANALYZE dmv,True,
fd:county:registration_class,fd,candidate,0,fd:county:registration_class:0,2600,False,10221776556189,10221919477260,0.142921071,dmv_candidate_cost_v0,ANALYZE dmv,True,
fd:county:registration_class,fd,candidate,1,fd:county:registration_class:1,2601,False,10221922806890,10222070506653,0.147699763,dmv_candidate_cost_v0,ANALYZE dmv,True,
fd:county:registration_class,fd,baseline,1,fd:county:registration_class:1,2602,False,10222071624189,10222202998380,0.131374191,dmv_candidate_cost_v0,ANALYZE dmv,True,
fd:county:registration_class,fd,baseline,2,fd:county:registration_class:2,2603,False,10222203522483,10222338324534,0.134802051,dmv_candidate_cost_v0,ANALYZE dmv,True,
fd:county:registration_class,fd,candidate,2,fd:county:registration_class:2,2604,False,10222340093563,10222484584516,0.144490953,dmv_candidate_cost_v0,ANALYZE dmv,True,
fd:county:registration_class,fd,candidate,3,fd:county:registration_class:3,2605,False,10222487805598,10222625368182,0.137562584,dmv_candidate_cost_v0,ANALYZE dmv,True,
fd:county:registration_class,fd,baseline,3,fd:county:registration_class:3,2606,False,10222626863562,10222755522808,0.128659246,dmv_candidate_cost_v0,ANALYZE dmv,True,
fd:county:registration_class,fd,baseline,4,fd:county:registration_class:4,2607,False,10222755912671,10222883259400,0.127346729,dmv_candidate_cost_v0,ANALYZE dmv,True,
fd:county:registration_class,fd,candidate,4,fd:county:registration_class:4,2608,False,10222884835998,10223031096743,0.146260745,dmv_candidate_cost_v0,ANALYZE dmv,True,
fd:county:registration_class,fd,candidate,5,fd:county:registration_class:5,2609,False,10223033646655,10223180526550,0.146879895,dmv_candidate_cost_v0,ANALYZE dmv,True,
fd:county:registration_class,fd,baseline,5,fd:county:registration_class:5,2610,False,10223182703656,10223310456368,0.127752712,dmv_candidate_cost_v0,ANALYZE dmv,True,
fd:county:registration_class,fd,baseline,6,fd:county:registration_class:6,2611,False,10223311033874,10223434047444,0.12301357,dmv_candidate_cost_v0,ANALYZE dmv,True,
fd:county:registration_class,fd,candidate,6,fd:county:registration_class:6,2612,False,10223435836425,10223568258581,0.132422156,dmv_candidate_cost_v0,ANALYZE dmv,True,
fd:county:registration_class,fd,candidate,7,fd:county:registration_class:7,2613,False,10223570586154,10223708586858,0.138000704,dmv_candidate_cost_v0,ANALYZE dmv,True,
fd:county:registration_class,fd,baseline,7,fd:county:registration_class:7,2614,False,10223709637784,10223845879469,0.136241685,dmv_candidate_cost_v0,ANALYZE dmv,True,
fd:county:registration_class,fd,baseline,8,fd:county:registration_class:8,2615,False,10223846309219,10223968518937,0.122209718,dmv_candidate_cost_v0,ANALYZE dmv,True,
fd:county:registration_class,fd,candidate,8,fd:county:registration_class:8,2616,False,10223970566945,10224110298128,0.139731183,dmv_candidate_cost_v0,ANALYZE dmv,True,
fd:county:registration_class,fd,candidate,9,fd:county:registration_class:9,2617,False,10224114448272,10224255979134,0.141530862,dmv_candidate_cost_v0,ANALYZE dmv,True,
fd:county:registration_class,fd,baseline,9,fd:county:registration_class:9,2618,False,10224257481584,10224382270730,0.124789146,dmv_candidate_cost_v0,ANALYZE dmv,True,
fd:county:registration_class,fd,baseline,10,fd:county:registration_class:10,2619,False,10224382560918,10224504247927,0.121687009,dmv_candidate_cost_v0,ANALYZE dmv,True,
fd:county:registration_class,fd,candidate,10,fd:county:registration_class:10,2620,False,10224506416502,10224645196851,0.138780349,dmv_candidate_cost_v0,ANALYZE dmv,True,
fd:county:registration_class,fd,candidate,11,fd:county:registration_class:11,2621,False,10224648228454,10224781630377,0.133401923,dmv_candidate_cost_v0,ANALYZE dmv,True,
fd:county:registration_class,fd,baseline,11,fd:county:registration_class:11,2622,False,10224782979355,10224903958742,0.120979387,dmv_candidate_cost_v0,ANALYZE dmv,True,
fd:county:registration_class,fd,baseline,12,fd:county:registration_class:12,2623,False,10224904308825,10225026583868,0.122275043,dmv_candidate_cost_v0,ANALYZE dmv,True,
fd:county:registration_class,fd,candidate,12,fd:county:registration_class:12,2624,False,10225028993432,10225167636283,0.138642851,dmv_candidate_cost_v0,ANALYZE dmv,True,
fd:county:registration_class,fd,candidate,13,fd:county:registration_class:13,2625,False,10225170766813,10225307068251,0.136301438,dmv_candidate_cost_v0,ANALYZE dmv,True,
fd:county:registration_class,fd,baseline,13,fd:county:registration_class:13,2626,False,10225308191407,10225432141433,0.123950026,dmv_candidate_cost_v0,ANALYZE dmv,True,
fd:county:registration_class,fd,baseline,14,fd:county:registration_class:14,2627,False,10225432508409,10225560320192,0.127811783,dmv_candidate_cost_v0,ANALYZE dmv,True,
fd:county:registration_class,fd,candidate,14,fd:county:registration_class:14,2628,False,10225563084569,10225707541339,0.14445677,dmv_candidate_cost_v0,ANALYZE dmv,True,
fd:county:registration_class,fd,candidate,15,fd:county:registration_class:15,2629,False,10225709964537,10225852533339,0.142568802,dmv_candidate_cost_v0,ANALYZE dmv,True,
fd:county:registration_class,fd,baseline,15,fd:county:registration_class:15,2630,False,10225853751851,10225984050306,0.130298455,dmv_candidate_cost_v0,ANALYZE dmv,True,
fd:county:registration_class,fd,baseline,16,fd:county:registration_class:16,2631,False,10225984380552,10226114272163,0.129891611,dmv_candidate_cost_v0,ANALYZE dmv,True,
fd:county:registration_class,fd,candidate,16,fd:county:registration_class:16,2632,False,10226115969847,10226251159855,0.135190008,dmv_candidate_cost_v0,ANALYZE dmv,True,
fd:county:registration_class,fd,candidate,17,fd:county:registration_class:17,2633,False,10226254769639,10226399266920,0.144497281,dmv_candidate_cost_v0,ANALYZE dmv,True,
fd:county:registration_class,fd,baseline,17,fd:county:registration_class:17,2634,False,10226400404373,10226530073081,0.129668708,dmv_candidate_cost_v0,ANALYZE dmv,True,
fd:county:registration_class,fd,baseline,18,fd:county:registration_class:18,2635,False,10226530469604,10226657962741,0.127493137,dmv_candidate_cost_v0,ANALYZE dmv,True,
fd:county:registration_class,fd,candidate,18,fd:county:registration_class:18,2636,False,10226659706332,10226798340958,0.138634626,dmv_candidate_cost_v0,ANALYZE dmv,True,
fd:county:registration_class,fd,candidate,19,fd:county:registration_class:19,2637,False,10226801354022,10226935592588,0.134238566,dmv_candidate_cost_v0,ANALYZE dmv,True,
fd:county:registration_class,fd,baseline,19,fd:county:registration_class:19,2638,False,10226937218657,10227063614714,0.126396057,dmv_candidate_cost_v0,ANALYZE dmv,True,
fd:county:registration_class,fd,baseline,20,fd:county:registration_class:20,2639,False,10227064031182,10227189023616,0.124992434,dmv_candidate_cost_v0,ANALYZE dmv,True,
fd:county:registration_class,fd,candidate,20,fd:county:registration_class:20,2640,False,10227191489791,10227324598351,0.13310856,dmv_candidate_cost_v0,ANALYZE dmv,True,
fd:scofflaw_indicator:suspension_indicator,fd,candidate,-1,fd:scofflaw_indicator:suspension_indicator:-1,2641,True,10227327902164,10227468782508,0.140880344,dmv_candidate_cost_v0,ANALYZE dmv,True,
fd:scofflaw_indicator:suspension_indicator,fd,baseline,-1,fd:scofflaw_indicator:suspension_indicator:-1,2642,True,10227470035285,10227594024025,0.12398874,dmv_candidate_cost_v0,ANALYZE dmv,True,
fd:scofflaw_indicator:suspension_indicator,fd,baseline,0,fd:scofflaw_indicator:suspension_indicator:0,2643,False,10227594297250,10227719303860,0.12500661,dmv_candidate_cost_v0,ANALYZE dmv,True,
fd:scofflaw_indicator:suspension_indicator,fd,candidate,0,fd:scofflaw_indicator:suspension_indicator:0,2644,False,10227721863626,10227861597128,0.139733502,dmv_candidate_cost_v0,ANALYZE dmv,True,
fd:scofflaw_indicator:suspension_indicator,fd,candidate,1,fd:scofflaw_indicator:suspension_indicator:1,2645,False,10227863896912,10227998369931,0.134473019,dmv_candidate_cost_v0,ANALYZE dmv,True,
fd:scofflaw_indicator:suspension_indicator,fd,baseline,1,fd:scofflaw_indicator:suspension_indicator:1,2646,False,10227999502804,10228141091493,0.141588689,dmv_candidate_cost_v0,ANALYZE dmv,True,
fd:scofflaw_indicator:suspension_indicator,fd,baseline,2,fd:scofflaw_indicator:suspension_indicator:2,2647,False,10228141562614,10228270933651,0.129371037,dmv_candidate_cost_v0,ANALYZE dmv,True,
fd:scofflaw_indicator:suspension_indicator,fd,candidate,2,fd:scofflaw_indicator:suspension_indicator:2,2648,False,10228272752519,10228400271874,0.127519355,dmv_candidate_cost_v0,ANALYZE dmv,True,
fd:scofflaw_indicator:suspension_indicator,fd,candidate,3,fd:scofflaw_indicator:suspension_indicator:3,2649,False,10228402830864,10228541253047,0.138422183,dmv_candidate_cost_v0,ANALYZE dmv,True,
fd:scofflaw_indicator:suspension_indicator,fd,baseline,3,fd:scofflaw_indicator:suspension_indicator:3,2650,False,10228542605670,10228668243426,0.125637756,dmv_candidate_cost_v0,ANALYZE dmv,True,
fd:scofflaw_indicator:suspension_indicator,fd,baseline,4,fd:scofflaw_indicator:suspension_indicator:4,2651,False,10228668679912,10228796696812,0.1280169,dmv_candidate_cost_v0,ANALYZE dmv,True,
fd:scofflaw_indicator:suspension_indicator,fd,candidate,4,fd:scofflaw_indicator:suspension_indicator:4,2652,False,10228798626966,10228930533901,0.131906935,dmv_candidate_cost_v0,ANALYZE dmv,True,
fd:scofflaw_indicator:suspension_indicator,fd,candidate,5,fd:scofflaw_indicator:suspension_indicator:5,2653,False,10228934044662,10229060275791,0.126231129,dmv_candidate_cost_v0,ANALYZE dmv,True,
fd:scofflaw_indicator:suspension_indicator,fd,baseline,5,fd:scofflaw_indicator:suspension_indicator:5,2654,False,10229061958523,10229192995152,0.131036629,dmv_candidate_cost_v0,ANALYZE dmv,True,
fd:scofflaw_indicator:suspension_indicator,fd,baseline,6,fd:scofflaw_indicator:suspension_indicator:6,2655,False,10229193592236,10229322134488,0.128542252,dmv_candidate_cost_v0,ANALYZE dmv,True,
fd:scofflaw_indicator:suspension_indicator,fd,candidate,6,fd:scofflaw_indicator:suspension_indicator:6,2656,False,10229324471700,10229458719911,0.134248211,dmv_candidate_cost_v0,ANALYZE dmv,True,
fd:scofflaw_indicator:suspension_indicator,fd,candidate,7,fd:scofflaw_indicator:suspension_indicator:7,2657,False,10229461752883,10229595513442,0.133760559,dmv_candidate_cost_v0,ANALYZE dmv,True,
fd:scofflaw_indicator:suspension_indicator,fd,baseline,7,fd:scofflaw_indicator:suspension_indicator:7,2658,False,10229596849382,10229722834676,0.125985294,dmv_candidate_cost_v0,ANALYZE dmv,True,
fd:scofflaw_indicator:suspension_indicator,fd,baseline,8,fd:scofflaw_indicator:suspension_indicator:8,2659,False,10229723211051,10229852366948,0.129155897,dmv_candidate_cost_v0,ANALYZE dmv,True,
fd:scofflaw_indicator:suspension_indicator,fd,candidate,8,fd:scofflaw_indicator:suspension_indicator:8,2660,False,10229854548015,10229989010489,0.134462474,dmv_candidate_cost_v0,ANALYZE dmv,True,
fd:scofflaw_indicator:suspension_indicator,fd,candidate,9,fd:scofflaw_indicator:suspension_indicator:9,2661,False,10229991911842,10230125278903,0.133367061,dmv_candidate_cost_v0,ANALYZE dmv,True,
fd:scofflaw_indicator:suspension_indicator,fd,baseline,9,fd:scofflaw_indicator:suspension_indicator:9,2662,False,10230126620777,10230252417232,0.125796455,dmv_candidate_cost_v0,ANALYZE dmv,True,
fd:scofflaw_indicator:suspension_indicator,fd,baseline,10,fd:scofflaw_indicator:suspension_indicator:10,2663,False,10230252756925,10230378524269,0.125767344,dmv_candidate_cost_v0,ANALYZE dmv,True,
fd:scofflaw_indicator:suspension_indicator,fd,candidate,10,fd:scofflaw_indicator:suspension_indicator:10,2664,False,10230380377976,10230511239111,0.130861135,dmv_candidate_cost_v0,ANALYZE dmv,True,
fd:scofflaw_indicator:suspension_indicator,fd,candidate,11,fd:scofflaw_indicator:suspension_indicator:11,2665,False,10230514083255,10230640564851,0.126481596,dmv_candidate_cost_v0,ANALYZE dmv,True,
fd:scofflaw_indicator:suspension_indicator,fd,baseline,11,fd:scofflaw_indicator:suspension_indicator:11,2666,False,10230641647739,10230762725739,0.121078,dmv_candidate_cost_v0,ANALYZE dmv,True,
fd:scofflaw_indicator:suspension_indicator,fd,baseline,12,fd:scofflaw_indicator:suspension_indicator:12,2667,False,10230763021091,10230886426428,0.123405337,dmv_candidate_cost_v0,ANALYZE dmv,True,
fd:scofflaw_indicator:suspension_indicator,fd,candidate,12,fd:scofflaw_indicator:suspension_indicator:12,2668,False,10230888725211,10231020653172,0.131927961,dmv_candidate_cost_v0,ANALYZE dmv,True,
fd:scofflaw_indicator:suspension_indicator,fd,candidate,13,fd:scofflaw_indicator:suspension_indicator:13,2669,False,10231024185502,10231152384334,0.128198832,dmv_candidate_cost_v0,ANALYZE dmv,True,
fd:scofflaw_indicator:suspension_indicator,fd,baseline,13,fd:scofflaw_indicator:suspension_indicator:13,2670,False,10231153572834,10231276373863,0.122801029,dmv_candidate_cost_v0,ANALYZE dmv,True,
fd:scofflaw_indicator:suspension_indicator,fd,baseline,14,fd:scofflaw_indicator:suspension_indicator:14,2671,False,10231276800115,10231403339269,0.126539154,dmv_candidate_cost_v0,ANALYZE dmv,True,
fd:scofflaw_indicator:suspension_indicator,fd,candidate,14,fd:scofflaw_indicator:suspension_indicator:14,2672,False,10231405237439,10231539829387,0.134591948,dmv_candidate_cost_v0,ANALYZE dmv,True,
fd:scofflaw_indicator:suspension_indicator,fd,candidate,15,fd:scofflaw_indicator:suspension_indicator:15,2673,False,10231542187765,10231682884018,0.140696253,dmv_candidate_cost_v0,ANALYZE dmv,True,
fd:scofflaw_indicator:suspension_indicator,fd,baseline,15,fd:scofflaw_indicator:suspension_indicator:15,2674,False,10231683936371,10231809923342,0.125986971,dmv_candidate_cost_v0,ANALYZE dmv,True,
fd:scofflaw_indicator:suspension_indicator,fd,baseline,16,fd:scofflaw_indicator:suspension_indicator:16,2675,False,10231810336933,10231935919723,0.12558279,dmv_candidate_cost_v0,ANALYZE dmv,True,
fd:scofflaw_indicator:suspension_indicator,fd,candidate,16,fd:scofflaw_indicator:suspension_indicator:16,2676,False,10231937508246,10232072278879,0.134770633,dmv_candidate_cost_v0,ANALYZE dmv,True,
fd:scofflaw_indicator:suspension_indicator,fd,candidate,17,fd:scofflaw_indicator:suspension_indicator:17,2677,False,10232074531704,10232200519614,0.12598791,dmv_candidate_cost_v0,ANALYZE dmv,True,
fd:scofflaw_indicator:suspension_indicator,fd,baseline,17,fd:scofflaw_indicator:suspension_indicator:17,2678,False,10232201985971,10232328222701,0.12623673,dmv_candidate_cost_v0,ANALYZE dmv,True,
fd:scofflaw_indicator:suspension_indicator,fd,baseline,18,fd:scofflaw_indicator:suspension_indicator:18,2679,False,10232328520853,10232451442866,0.122922013,dmv_candidate_cost_v0,ANALYZE dmv,True,
fd:scofflaw_indicator:suspension_indicator,fd,candidate,18,fd:scofflaw_indicator:suspension_indicator:18,2680,False,10232452936078,10232590296720,0.137360642,dmv_candidate_cost_v0,ANALYZE dmv,True,
fd:scofflaw_indicator:suspension_indicator,fd,candidate,19,fd:scofflaw_indicator:suspension_indicator:19,2681,False,10232593100156,10232727353380,0.134253224,dmv_candidate_cost_v0,ANALYZE dmv,True,
fd:scofflaw_indicator:suspension_indicator,fd,baseline,19,fd:scofflaw_indicator:suspension_indicator:19,2682,False,10232728455749,10232855392168,0.126936419,dmv_candidate_cost_v0,ANALYZE dmv,True,
fd:scofflaw_indicator:suspension_indicator,fd,baseline,20,fd:scofflaw_indicator:suspension_indicator:20,2683,False,10232855705837,10232976790659,0.121084822,dmv_candidate_cost_v0,ANALYZE dmv,True,
fd:scofflaw_indicator:suspension_indicator,fd,candidate,20,fd:scofflaw_indicator:suspension_indicator:20,2684,False,10232978487244,10233105001651,0.126514407,dmv_candidate_cost_v0,ANALYZE dmv,True,
mcv:revocation_indicator:state,mcv,candidate,-1,mcv:revocation_indicator:state:-1,2685,True,10233108074664,10233235862882,0.127788218,dmv_candidate_cost_v0,ANALYZE dmv,True,
mcv:revocation_indicator:state,mcv,baseline,-1,mcv:revocation_indicator:state:-1,2686,True,10233237180772,10233358670347,0.121489575,dmv_candidate_cost_v0,ANALYZE dmv,True,
mcv:revocation_indicator:state,mcv,baseline,0,mcv:revocation_indicator:state:0,2687,False,10233358967857,10233487389737,0.12842188,dmv_candidate_cost_v0,ANALYZE dmv,True,
mcv:revocation_indicator:state,mcv,candidate,0,mcv:revocation_indicator:state:0,2688,False,10233489337881,10233618418278,0.129080397,dmv_candidate_cost_v0,ANALYZE dmv,True,
mcv:revocation_indicator:state,mcv,candidate,1,mcv:revocation_indicator:state:1,2689,False,10233622499393,10233750614503,0.12811511,dmv_candidate_cost_v0,ANALYZE dmv,True,
mcv:revocation_indicator:state,mcv,baseline,1,mcv:revocation_indicator:state:1,2690,False,10233751985193,10233878128724,0.126143531,dmv_candidate_cost_v0,ANALYZE dmv,True,
mcv:revocation_indicator:state,mcv,baseline,2,mcv:revocation_indicator:state:2,2691,False,10233878544655,10234017888535,0.13934388,dmv_candidate_cost_v0,ANALYZE dmv,True,
mcv:revocation_indicator:state,mcv,candidate,2,mcv:revocation_indicator:state:2,2692,False,10234019962070,10234155484808,0.135522738,dmv_candidate_cost_v0,ANALYZE dmv,True,
mcv:revocation_indicator:state,mcv,candidate,3,mcv:revocation_indicator:state:3,2693,False,10234158051517,10234289814212,0.131762695,dmv_candidate_cost_v0,ANALYZE dmv,True,
mcv:revocation_indicator:state,mcv,baseline,3,mcv:revocation_indicator:state:3,2694,False,10234291312998,10234415530041,0.124217043,dmv_candidate_cost_v0,ANALYZE dmv,True,
mcv:revocation_indicator:state,mcv,baseline,4,mcv:revocation_indicator:state:4,2695,False,10234415917310,10234541283523,0.125366213,dmv_candidate_cost_v0,ANALYZE dmv,True,
mcv:revocation_indicator:state,mcv,candidate,4,mcv:revocation_indicator:state:4,2696,False,10234543246040,10234677410695,0.134164655,dmv_candidate_cost_v0,ANALYZE dmv,True,
mcv:revocation_indicator:state,mcv,candidate,5,mcv:revocation_indicator:state:5,2697,False,10234680340981,10234814128083,0.133787102,dmv_candidate_cost_v0,ANALYZE dmv,True,
mcv:revocation_indicator:state,mcv,baseline,5,mcv:revocation_indicator:state:5,2698,False,10234815235114,10234941484827,0.126249713,dmv_candidate_cost_v0,ANALYZE dmv,True,
mcv:revocation_indicator:state,mcv,baseline,6,mcv:revocation_indicator:state:6,2699,False,10234941785159,10235061689000,0.119903841,dmv_candidate_cost_v0,ANALYZE dmv,True,
mcv:revocation_indicator:state,mcv,candidate,6,mcv:revocation_indicator:state:6,2700,False,10235063490964,10235205098943,0.141607979,dmv_candidate_cost_v0,ANALYZE dmv,True,
mcv:revocation_indicator:state,mcv,candidate,7,mcv:revocation_indicator:state:7,2701,False,10235208722616,10235341647153,0.132924537,dmv_candidate_cost_v0,ANALYZE dmv,True,
mcv:revocation_indicator:state,mcv,baseline,7,mcv:revocation_indicator:state:7,2702,False,10235343016278,10235465166377,0.122150099,dmv_candidate_cost_v0,ANALYZE dmv,True,
mcv:revocation_indicator:state,mcv,baseline,8,mcv:revocation_indicator:state:8,2703,False,10235465714181,10235594948445,0.129234264,dmv_candidate_cost_v0,ANALYZE dmv,True,
mcv:revocation_indicator:state,mcv,candidate,8,mcv:revocation_indicator:state:8,2704,False,10235598198783,10235735443424,0.137244641,dmv_candidate_cost_v0,ANALYZE dmv,True,
mcv:revocation_indicator:state,mcv,candidate,9,mcv:revocation_indicator:state:9,2705,False,10235738538423,10235871272949,0.132734526,dmv_candidate_cost_v0,ANALYZE dmv,True,
mcv:revocation_indicator:state,mcv,baseline,9,mcv:revocation_indicator:state:9,2706,False,10235872371891,10235998178057,0.125806166,dmv_candidate_cost_v0,ANALYZE dmv,True,
mcv:revocation_indicator:state,mcv,baseline,10,mcv:revocation_indicator:state:10,2707,False,10235998486906,10236123431461,0.124944555,dmv_candidate_cost_v0,ANALYZE dmv,True,
mcv:revocation_indicator:state,mcv,candidate,10,mcv:revocation_indicator:state:10,2708,False,10236125396182,10236248651347,0.123255165,dmv_candidate_cost_v0,ANALYZE dmv,True,
mcv:revocation_indicator:state,mcv,candidate,11,mcv:revocation_indicator:state:11,2709,False,10236251873490,10236380032380,0.12815889,dmv_candidate_cost_v0,ANALYZE dmv,True,
mcv:revocation_indicator:state,mcv,baseline,11,mcv:revocation_indicator:state:11,2710,False,10236381545897,10236516331304,0.134785407,dmv_candidate_cost_v0,ANALYZE dmv,True,
mcv:revocation_indicator:state,mcv,baseline,12,mcv:revocation_indicator:state:12,2711,False,10236516828841,10236647402273,0.130573432,dmv_candidate_cost_v0,ANALYZE dmv,True,
mcv:revocation_indicator:state,mcv,candidate,12,mcv:revocation_indicator:state:12,2712,False,10236649450178,10236776279711,0.126829533,dmv_candidate_cost_v0,ANALYZE dmv,True,
mcv:revocation_indicator:state,mcv,candidate,13,mcv:revocation_indicator:state:13,2713,False,10236779639222,10236904065644,0.124426422,dmv_candidate_cost_v0,ANALYZE dmv,True,
mcv:revocation_indicator:state,mcv,baseline,13,mcv:revocation_indicator:state:13,2714,False,10236905473516,10237026899010,0.121425494,dmv_candidate_cost_v0,ANALYZE dmv,True,
mcv:revocation_indicator:state,mcv,baseline,14,mcv:revocation_indicator:state:14,2715,False,10237027199220,10237154610523,0.127411303,dmv_candidate_cost_v0,ANALYZE dmv,True,
mcv:revocation_indicator:state,mcv,candidate,14,mcv:revocation_indicator:state:14,2716,False,10237156641023,10237286577205,0.129936182,dmv_candidate_cost_v0,ANALYZE dmv,True,
mcv:revocation_indicator:state,mcv,candidate,15,mcv:revocation_indicator:state:15,2717,False,10237288725342,10237417040093,0.128314751,dmv_candidate_cost_v0,ANALYZE dmv,True,
mcv:revocation_indicator:state,mcv,baseline,15,mcv:revocation_indicator:state:15,2718,False,10237418264852,10237548745904,0.130481052,dmv_candidate_cost_v0,ANALYZE dmv,True,
mcv:revocation_indicator:state,mcv,baseline,16,mcv:revocation_indicator:state:16,2719,False,10237549197552,10237678977825,0.129780273,dmv_candidate_cost_v0,ANALYZE dmv,True,
mcv:revocation_indicator:state,mcv,candidate,16,mcv:revocation_indicator:state:16,2720,False,10237680928861,10237812593411,0.13166455,dmv_candidate_cost_v0,ANALYZE dmv,True,
mcv:revocation_indicator:state,mcv,candidate,17,mcv:revocation_indicator:state:17,2721,False,10237815378143,10237948436130,0.133057987,dmv_candidate_cost_v0,ANALYZE dmv,True,
mcv:revocation_indicator:state,mcv,baseline,17,mcv:revocation_indicator:state:17,2722,False,10237949499085,10238074794666,0.125295581,dmv_candidate_cost_v0,ANALYZE dmv,True,
mcv:revocation_indicator:state,mcv,baseline,18,mcv:revocation_indicator:state:18,2723,False,10238075231665,10238200399234,0.125167569,dmv_candidate_cost_v0,ANALYZE dmv,True,
mcv:revocation_indicator:state,mcv,candidate,18,mcv:revocation_indicator:state:18,2724,False,10238202261880,10238333598724,0.131336844,dmv_candidate_cost_v0,ANALYZE dmv,True,
mcv:revocation_indicator:state,mcv,candidate,19,mcv:revocation_indicator:state:19,2725,False,10238336384258,10238460127835,0.123743577,dmv_candidate_cost_v0,ANALYZE dmv,True,
mcv:revocation_indicator:state,mcv,baseline,19,mcv:revocation_indicator:state:19,2726,False,10238461171793,10238587155105,0.125983312,dmv_candidate_cost_v0,ANALYZE dmv,True,
mcv:revocation_indicator:state,mcv,baseline,20,mcv:revocation_indicator:state:20,2727,False,10238587628128,10238715831544,0.128203416,dmv_candidate_cost_v0,ANALYZE dmv,True,
mcv:revocation_indicator:state,mcv,candidate,20,mcv:revocation_indicator:state:20,2728,False,10238717239934,10238874820345,0.157580411,dmv_candidate_cost_v0,ANALYZE dmv,True,
fd:county:fuel_type,fd,candidate,-1,fd:county:fuel_type:-1,2729,True,10238877687154,10239017715886,0.140028732,dmv_candidate_cost_v0,ANALYZE dmv,True,
fd:county:fuel_type,fd,baseline,-1,fd:county:fuel_type:-1,2730,True,10239018726721,10239146174332,0.127447611,dmv_candidate_cost_v0,ANALYZE dmv,True,
fd:county:fuel_type,fd,baseline,0,fd:county:fuel_type:0,2731,False,10239146430893,10239271948110,0.125517217,dmv_candidate_cost_v0,ANALYZE dmv,True,
fd:county:fuel_type,fd,candidate,0,fd:county:fuel_type:0,2732,False,10239273692534,10239411152607,0.137460073,dmv_candidate_cost_v0,ANALYZE dmv,True,
fd:county:fuel_type,fd,candidate,1,fd:county:fuel_type:1,2733,False,10239413878283,10239551650278,0.137771995,dmv_candidate_cost_v0,ANALYZE dmv,True,
fd:county:fuel_type,fd,baseline,1,fd:county:fuel_type:1,2734,False,10239552767888,10239679003566,0.126235678,dmv_candidate_cost_v0,ANALYZE dmv,True,
fd:county:fuel_type,fd,baseline,2,fd:county:fuel_type:2,2735,False,10239679297428,10239806869877,0.127572449,dmv_candidate_cost_v0,ANALYZE dmv,True,
fd:county:fuel_type,fd,candidate,2,fd:county:fuel_type:2,2736,False,10239808716385,10239945726804,0.137010419,dmv_candidate_cost_v0,ANALYZE dmv,True,
fd:county:fuel_type,fd,candidate,3,fd:county:fuel_type:3,2737,False,10239948374304,10240079449240,0.131074936,dmv_candidate_cost_v0,ANALYZE dmv,True,
fd:county:fuel_type,fd,baseline,3,fd:county:fuel_type:3,2738,False,10240080727584,10240203981772,0.123254188,dmv_candidate_cost_v0,ANALYZE dmv,True,
fd:county:fuel_type,fd,baseline,4,fd:county:fuel_type:4,2739,False,10240204328907,10240330167903,0.125838996,dmv_candidate_cost_v0,ANALYZE dmv,True,
fd:county:fuel_type,fd,candidate,4,fd:county:fuel_type:4,2740,False,10240332136560,10240464954565,0.132818005,dmv_candidate_cost_v0,ANALYZE dmv,True,
fd:county:fuel_type,fd,candidate,5,fd:county:fuel_type:5,2741,False,10240467792047,10240603838595,0.136046548,dmv_candidate_cost_v0,ANALYZE dmv,True,
fd:county:fuel_type,fd,baseline,5,fd:county:fuel_type:5,2742,False,10240605089109,10240734879821,0.129790712,dmv_candidate_cost_v0,ANALYZE dmv,True,
fd:county:fuel_type,fd,baseline,6,fd:county:fuel_type:6,2743,False,10240735491949,10240887839736,0.152347787,dmv_candidate_cost_v0,ANALYZE dmv,True,
fd:county:fuel_type,fd,candidate,6,fd:county:fuel_type:6,2744,False,10240889710369,10241031239823,0.141529454,dmv_candidate_cost_v0,ANALYZE dmv,True,
fd:county:fuel_type,fd,candidate,7,fd:county:fuel_type:7,2745,False,10241033596600,10241189930681,0.156334081,dmv_candidate_cost_v0,ANALYZE dmv,True,
fd:county:fuel_type,fd,baseline,7,fd:county:fuel_type:7,2746,False,10241190926406,10241316143417,0.125217011,dmv_candidate_cost_v0,ANALYZE dmv,True,
fd:county:fuel_type,fd,baseline,8,fd:county:fuel_type:8,2747,False,10241316458170,10241440414334,0.123956164,dmv_candidate_cost_v0,ANALYZE dmv,True,
fd:county:fuel_type,fd,candidate,8,fd:county:fuel_type:8,2748,False,10241442124680,10241577971817,0.135847137,dmv_candidate_cost_v0,ANALYZE dmv,True,
fd:county:fuel_type,fd,candidate,9,fd:county:fuel_type:9,2749,False,10241580945684,10241734720777,0.153775093,dmv_candidate_cost_v0,ANALYZE dmv,True,
fd:county:fuel_type,fd,baseline,9,fd:county:fuel_type:9,2750,False,10241735716469,10241883866628,0.148150159,dmv_candidate_cost_v0,ANALYZE dmv,True,
fd:county:fuel_type,fd,baseline,10,fd:county:fuel_type:10,2751,False,10241884273986,10242013452863,0.129178877,dmv_candidate_cost_v0,ANALYZE dmv,True,
fd:county:fuel_type,fd,candidate,10,fd:county:fuel_type:10,2752,False,10242015279568,10242148102748,0.13282318,dmv_candidate_cost_v0,ANALYZE dmv,True,
fd:county:fuel_type,fd,candidate,11,fd:county:fuel_type:11,2753,False,10242151749017,10242301602339,0.149853322,dmv_candidate_cost_v0,ANALYZE dmv,True,
fd:county:fuel_type,fd,baseline,11,fd:county:fuel_type:11,2754,False,10242302566512,10242451546694,0.148980182,dmv_candidate_cost_v0,ANALYZE dmv,True,
fd:county:fuel_type,fd,baseline,12,fd:county:fuel_type:12,2755,False,10242451866097,10242577759897,0.1258938,dmv_candidate_cost_v0,ANALYZE dmv,True,
fd:county:fuel_type,fd,candidate,12,fd:county:fuel_type:12,2756,False,10242579971486,10242710463123,0.130491637,dmv_candidate_cost_v0,ANALYZE dmv,True,
fd:county:fuel_type,fd,candidate,13,fd:county:fuel_type:13,2757,False,10242713291940,10242848867544,0.135575604,dmv_candidate_cost_v0,ANALYZE dmv,True,
fd:county:fuel_type,fd,baseline,13,fd:county:fuel_type:13,2758,False,10242850362969,10242983695187,0.133332218,dmv_candidate_cost_v0,ANALYZE dmv,True,
fd:county:fuel_type,fd,baseline,14,fd:county:fuel_type:14,2759,False,10242984160045,10243123703389,0.139543344,dmv_candidate_cost_v0,ANALYZE dmv,True,
fd:county:fuel_type,fd,candidate,14,fd:county:fuel_type:14,2760,False,10243125918226,10243263122540,0.137204314,dmv_candidate_cost_v0,ANALYZE dmv,True,
fd:county:fuel_type,fd,candidate,15,fd:county:fuel_type:15,2761,False,10243266199368,10243401257768,0.1350584,dmv_candidate_cost_v0,ANALYZE dmv,True,
fd:county:fuel_type,fd,baseline,15,fd:county:fuel_type:15,2762,False,10243402593843,10243528499316,0.125905473,dmv_candidate_cost_v0,ANALYZE dmv,True,
fd:county:fuel_type,fd,baseline,16,fd:county:fuel_type:16,2763,False,10243528818651,10243651958610,0.123139959,dmv_candidate_cost_v0,ANALYZE dmv,True,
fd:county:fuel_type,fd,candidate,16,fd:county:fuel_type:16,2764,False,10243653578962,10243783022459,0.129443497,dmv_candidate_cost_v0,ANALYZE dmv,True,
fd:county:fuel_type,fd,candidate,17,fd:county:fuel_type:17,2765,False,10243785953427,10243916844527,0.1308911,dmv_candidate_cost_v0,ANALYZE dmv,True,
fd:county:fuel_type,fd,baseline,17,fd:county:fuel_type:17,2766,False,10243917999931,10244043068253,0.125068322,dmv_candidate_cost_v0,ANALYZE dmv,True,
fd:county:fuel_type,fd,baseline,18,fd:county:fuel_type:18,2767,False,10244043479180,10244163668828,0.120189648,dmv_candidate_cost_v0,ANALYZE dmv,True,
fd:county:fuel_type,fd,candidate,18,fd:county:fuel_type:18,2768,False,10244165855678,10244302944629,0.137088951,dmv_candidate_cost_v0,ANALYZE dmv,True,
fd:county:fuel_type,fd,candidate,19,fd:county:fuel_type:19,2769,False,10244305907086,10244442270118,0.136363032,dmv_candidate_cost_v0,ANALYZE dmv,True,
fd:county:fuel_type,fd,baseline,19,fd:county:fuel_type:19,2770,False,10244443154287,10244569982472,0.126828185,dmv_candidate_cost_v0,ANALYZE dmv,True,
fd:county:fuel_type,fd,baseline,20,fd:county:fuel_type:20,2771,False,10244570270294,10244697422677,0.127152383,dmv_candidate_cost_v0,ANALYZE dmv,True,
fd:county:fuel_type,fd,candidate,20,fd:county:fuel_type:20,2772,False,10244699247072,10244839140331,0.139893259,dmv_candidate_cost_v0,ANALYZE dmv,True,
mcv:record_type:suspension_indicator,mcv,candidate,-1,mcv:record_type:suspension_indicator:-1,2773,True,10244842786294,10244995487061,0.152700767,dmv_candidate_cost_v0,ANALYZE dmv,True,
mcv:record_type:suspension_indicator,mcv,baseline,-1,mcv:record_type:suspension_indicator:-1,2774,True,10244996333709,10245115776467,0.119442758,dmv_candidate_cost_v0,ANALYZE dmv,True,
mcv:record_type:suspension_indicator,mcv,baseline,0,mcv:record_type:suspension_indicator:0,2775,False,10245115992348,10245237983603,0.121991255,dmv_candidate_cost_v0,ANALYZE dmv,True,
mcv:record_type:suspension_indicator,mcv,candidate,0,mcv:record_type:suspension_indicator:0,2776,False,10245239806065,10245364770334,0.124964269,dmv_candidate_cost_v0,ANALYZE dmv,True,
mcv:record_type:suspension_indicator,mcv,candidate,1,mcv:record_type:suspension_indicator:1,2777,False,10245368213584,10245496860632,0.128647048,dmv_candidate_cost_v0,ANALYZE dmv,True,
mcv:record_type:suspension_indicator,mcv,baseline,1,mcv:record_type:suspension_indicator:1,2778,False,10245498349275,10245626210930,0.127861655,dmv_candidate_cost_v0,ANALYZE dmv,True,
mcv:record_type:suspension_indicator,mcv,baseline,2,mcv:record_type:suspension_indicator:2,2779,False,10245626589975,10245755080525,0.12849055,dmv_candidate_cost_v0,ANALYZE dmv,True,
mcv:record_type:suspension_indicator,mcv,candidate,2,mcv:record_type:suspension_indicator:2,2780,False,10245756906188,10245886593576,0.129687388,dmv_candidate_cost_v0,ANALYZE dmv,True,
mcv:record_type:suspension_indicator,mcv,candidate,3,mcv:record_type:suspension_indicator:3,2781,False,10245889626482,10246021295926,0.131669444,dmv_candidate_cost_v0,ANALYZE dmv,True,
mcv:record_type:suspension_indicator,mcv,baseline,3,mcv:record_type:suspension_indicator:3,2782,False,10246022338169,10246150047745,0.127709576,dmv_candidate_cost_v0,ANALYZE dmv,True,
mcv:record_type:suspension_indicator,mcv,baseline,4,mcv:record_type:suspension_indicator:4,2783,False,10246150341511,10246270917515,0.120576004,dmv_candidate_cost_v0,ANALYZE dmv,True,
mcv:record_type:suspension_indicator,mcv,candidate,4,mcv:record_type:suspension_indicator:4,2784,False,10246273291184,10246400607140,0.127315956,dmv_candidate_cost_v0,ANALYZE dmv,True,
mcv:record_type:suspension_indicator,mcv,candidate,5,mcv:record_type:suspension_indicator:5,2785,False,10246402418272,10246526865821,0.124447549,dmv_candidate_cost_v0,ANALYZE dmv,True,
mcv:record_type:suspension_indicator,mcv,baseline,5,mcv:record_type:suspension_indicator:5,2786,False,10246528353745,10246649383898,0.121030153,dmv_candidate_cost_v0,ANALYZE dmv,True,
mcv:record_type:suspension_indicator,mcv,baseline,6,mcv:record_type:suspension_indicator:6,2787,False,10246649947667,10246772711632,0.122763965,dmv_candidate_cost_v0,ANALYZE dmv,True,
mcv:record_type:suspension_indicator,mcv,candidate,6,mcv:record_type:suspension_indicator:6,2788,False,10246774508788,10246895798041,0.121289253,dmv_candidate_cost_v0,ANALYZE dmv,True,
mcv:record_type:suspension_indicator,mcv,candidate,7,mcv:record_type:suspension_indicator:7,2789,False,10246898296243,10247023005800,0.124709557,dmv_candidate_cost_v0,ANALYZE dmv,True,
mcv:record_type:suspension_indicator,mcv,baseline,7,mcv:record_type:suspension_indicator:7,2790,False,10247023985819,10247148987411,0.125001592,dmv_candidate_cost_v0,ANALYZE dmv,True,
mcv:record_type:suspension_indicator,mcv,baseline,8,mcv:record_type:suspension_indicator:8,2791,False,10247149599850,10247273874734,0.124274884,dmv_candidate_cost_v0,ANALYZE dmv,True,
mcv:record_type:suspension_indicator,mcv,candidate,8,mcv:record_type:suspension_indicator:8,2792,False,10247275714314,10247401007523,0.125293209,dmv_candidate_cost_v0,ANALYZE dmv,True,
mcv:record_type:suspension_indicator,mcv,candidate,9,mcv:record_type:suspension_indicator:9,2793,False,10247404137980,10247525951349,0.121813369,dmv_candidate_cost_v0,ANALYZE dmv,True,
mcv:record_type:suspension_indicator,mcv,baseline,9,mcv:record_type:suspension_indicator:9,2794,False,10247527608442,10247649785301,0.122176859,dmv_candidate_cost_v0,ANALYZE dmv,True,
mcv:record_type:suspension_indicator,mcv,baseline,10,mcv:record_type:suspension_indicator:10,2795,False,10247650302862,10247775011091,0.124708229,dmv_candidate_cost_v0,ANALYZE dmv,True,
mcv:record_type:suspension_indicator,mcv,candidate,10,mcv:record_type:suspension_indicator:10,2796,False,10247776558765,10247902646052,0.126087287,dmv_candidate_cost_v0,ANALYZE dmv,True,
mcv:record_type:suspension_indicator,mcv,candidate,11,mcv:record_type:suspension_indicator:11,2797,False,10247905477725,10248032861675,0.12738395,dmv_candidate_cost_v0,ANALYZE dmv,True,
mcv:record_type:suspension_indicator,mcv,baseline,11,mcv:record_type:suspension_indicator:11,2798,False,10248033783128,10248155529871,0.121746743,dmv_candidate_cost_v0,ANALYZE dmv,True,
mcv:record_type:suspension_indicator,mcv,baseline,12,mcv:record_type:suspension_indicator:12,2799,False,10248156169307,10248279530869,0.123361562,dmv_candidate_cost_v0,ANALYZE dmv,True,
mcv:record_type:suspension_indicator,mcv,candidate,12,mcv:record_type:suspension_indicator:12,2800,False,10248281291185,10248411527151,0.130235966,dmv_candidate_cost_v0,ANALYZE dmv,True,
mcv:record_type:suspension_indicator,mcv,candidate,13,mcv:record_type:suspension_indicator:13,2801,False,10248414185066,10248539246572,0.125061506,dmv_candidate_cost_v0,ANALYZE dmv,True,
mcv:record_type:suspension_indicator,mcv,baseline,13,mcv:record_type:suspension_indicator:13,2802,False,10248540184413,10248659631763,0.11944735,dmv_candidate_cost_v0,ANALYZE dmv,True,
mcv:record_type:suspension_indicator,mcv,baseline,14,mcv:record_type:suspension_indicator:14,2803,False,10248659944499,10248779992510,0.120048011,dmv_candidate_cost_v0,ANALYZE dmv,True,
mcv:record_type:suspension_indicator,mcv,candidate,14,mcv:record_type:suspension_indicator:14,2804,False,10248781687523,10248910308798,0.128621275,dmv_candidate_cost_v0,ANALYZE dmv,True,
mcv:record_type:suspension_indicator,mcv,candidate,15,mcv:record_type:suspension_indicator:15,2805,False,10248913420029,10249069798513,0.156378484,dmv_candidate_cost_v0,ANALYZE dmv,True,
mcv:record_type:suspension_indicator,mcv,baseline,15,mcv:record_type:suspension_indicator:15,2806,False,10249070900556,10249206182473,0.135281917,dmv_candidate_cost_v0,ANALYZE dmv,True,
mcv:record_type:suspension_indicator,mcv,baseline,16,mcv:record_type:suspension_indicator:16,2807,False,10249206528546,10249330057692,0.123529146,dmv_candidate_cost_v0,ANALYZE dmv,True,
mcv:record_type:suspension_indicator,mcv,candidate,16,mcv:record_type:suspension_indicator:16,2808,False,10249332038823,10249461172697,0.129133874,dmv_candidate_cost_v0,ANALYZE dmv,True,
mcv:record_type:suspension_indicator,mcv,candidate,17,mcv:record_type:suspension_indicator:17,2809,False,10249464901740,10249597176266,0.132274526,dmv_candidate_cost_v0,ANALYZE dmv,True,
mcv:record_type:suspension_indicator,mcv,baseline,17,mcv:record_type:suspension_indicator:17,2810,False,10249598781784,10249723882959,0.125101175,dmv_candidate_cost_v0,ANALYZE dmv,True,
mcv:record_type:suspension_indicator,mcv,baseline,18,mcv:record_type:suspension_indicator:18,2811,False,10249724318470,10249881766347,0.157447877,dmv_candidate_cost_v0,ANALYZE dmv,True,
mcv:record_type:suspension_indicator,mcv,candidate,18,mcv:record_type:suspension_indicator:18,2812,False,10249883534786,10250024728306,0.14119352,dmv_candidate_cost_v0,ANALYZE dmv,True,
mcv:record_type:suspension_indicator,mcv,candidate,19,mcv:record_type:suspension_indicator:19,2813,False,10250027496908,10250171541456,0.144044548,dmv_candidate_cost_v0,ANALYZE dmv,True,
mcv:record_type:suspension_indicator,mcv,baseline,19,mcv:record_type:suspension_indicator:19,2814,False,10250173013126,10250303095045,0.130081919,dmv_candidate_cost_v0,ANALYZE dmv,True,
mcv:record_type:suspension_indicator,mcv,baseline,20,mcv:record_type:suspension_indicator:20,2815,False,10250303402097,10250426021352,0.122619255,dmv_candidate_cost_v0,ANALYZE dmv,True,
mcv:record_type:suspension_indicator,mcv,candidate,20,mcv:record_type:suspension_indicator:20,2816,False,10250428126932,10250580993987,0.152867055,dmv_candidate_cost_v0,ANALYZE dmv,True,
mcv:body_type:fuel_type,mcv,candidate,-1,mcv:body_type:fuel_type:-1,2817,True,10250584901196,10250725475755,0.140574559,dmv_candidate_cost_v0,ANALYZE dmv,True,
mcv:body_type:fuel_type,mcv,baseline,-1,mcv:body_type:fuel_type:-1,2818,True,10250726660719,10250852994220,0.126333501,dmv_candidate_cost_v0,ANALYZE dmv,True,
mcv:body_type:fuel_type,mcv,baseline,0,mcv:body_type:fuel_type:0,2819,False,10250853236635,10250978864879,0.125628244,dmv_candidate_cost_v0,ANALYZE dmv,True,
mcv:body_type:fuel_type,mcv,candidate,0,mcv:body_type:fuel_type:0,2820,False,10250980884497,10251115908887,0.13502439,dmv_candidate_cost_v0,ANALYZE dmv,True,
mcv:body_type:fuel_type,mcv,candidate,1,mcv:body_type:fuel_type:1,2821,False,10251119408110,10251273446848,0.154038738,dmv_candidate_cost_v0,ANALYZE dmv,True,
mcv:body_type:fuel_type,mcv,baseline,1,mcv:body_type:fuel_type:1,2822,False,10251274505832,10251402559131,0.128053299,dmv_candidate_cost_v0,ANALYZE dmv,True,
mcv:body_type:fuel_type,mcv,baseline,2,mcv:body_type:fuel_type:2,2823,False,10251402914096,10251528941128,0.126027032,dmv_candidate_cost_v0,ANALYZE dmv,True,
mcv:body_type:fuel_type,mcv,candidate,2,mcv:body_type:fuel_type:2,2824,False,10251530984029,10251661422942,0.130438913,dmv_candidate_cost_v0,ANALYZE dmv,True,
mcv:body_type:fuel_type,mcv,candidate,3,mcv:body_type:fuel_type:3,2825,False,10251663903053,10251820028611,0.156125558,dmv_candidate_cost_v0,ANALYZE dmv,True,
mcv:body_type:fuel_type,mcv,baseline,3,mcv:body_type:fuel_type:3,2826,False,10251821126844,10251967084583,0.145957739,dmv_candidate_cost_v0,ANALYZE dmv,True,
mcv:body_type:fuel_type,mcv,baseline,4,mcv:body_type:fuel_type:4,2827,False,10251967651930,10252106991213,0.139339283,dmv_candidate_cost_v0,ANALYZE dmv,True,
mcv:body_type:fuel_type,mcv,candidate,4,mcv:body_type:fuel_type:4,2828,False,10252108989748,10252259476135,0.150486387,dmv_candidate_cost_v0,ANALYZE dmv,True,
mcv:body_type:fuel_type,mcv,candidate,5,mcv:body_type:fuel_type:5,2829,False,10252263463829,10252410540147,0.147076318,dmv_candidate_cost_v0,ANALYZE dmv,True,
mcv:body_type:fuel_type,mcv,baseline,5,mcv:body_type:fuel_type:5,2830,False,10252411416436,10252534407919,0.122991483,dmv_candidate_cost_v0,ANALYZE dmv,True,
mcv:body_type:fuel_type,mcv,baseline,6,mcv:body_type:fuel_type:6,2831,False,10252534715329,10252655157641,0.120442312,dmv_candidate_cost_v0,ANALYZE dmv,True,
mcv:body_type:fuel_type,mcv,candidate,6,mcv:body_type:fuel_type:6,2832,False,10252656895443,10252779599619,0.122704176,dmv_candidate_cost_v0,ANALYZE dmv,True,
mcv:body_type:fuel_type,mcv,candidate,7,mcv:body_type:fuel_type:7,2833,False,10252782620704,10252905743207,0.123122503,dmv_candidate_cost_v0,ANALYZE dmv,True,
mcv:body_type:fuel_type,mcv,baseline,7,mcv:body_type:fuel_type:7,2834,False,10252906769122,10253031511306,0.124742184,dmv_candidate_cost_v0,ANALYZE dmv,True,
mcv:body_type:fuel_type,mcv,baseline,8,mcv:body_type:fuel_type:8,2835,False,10253032091046,10253161552740,0.129461694,dmv_candidate_cost_v0,ANALYZE dmv,True,
mcv:body_type:fuel_type,mcv,candidate,8,mcv:body_type:fuel_type:8,2836,False,10253163736967,10253297007556,0.133270589,dmv_candidate_cost_v0,ANALYZE dmv,True,
mcv:body_type:fuel_type,mcv,candidate,9,mcv:body_type:fuel_type:9,2837,False,10253299432188,10253423728742,0.124296554,dmv_candidate_cost_v0,ANALYZE dmv,True,
mcv:body_type:fuel_type,mcv,baseline,9,mcv:body_type:fuel_type:9,2838,False,10253425488642,10253566566296,0.141077654,dmv_candidate_cost_v0,ANALYZE dmv,True,
mcv:body_type:fuel_type,mcv,baseline,10,mcv:body_type:fuel_type:10,2839,False,10253567082121,10253697523357,0.130441236,dmv_candidate_cost_v0,ANALYZE dmv,True,
mcv:body_type:fuel_type,mcv,candidate,10,mcv:body_type:fuel_type:10,2840,False,10253699454921,10253824515348,0.125060427,dmv_candidate_cost_v0,ANALYZE dmv,True,
mcv:body_type:fuel_type,mcv,candidate,11,mcv:body_type:fuel_type:11,2841,False,10253827373640,10253957370797,0.129997157,dmv_candidate_cost_v0,ANALYZE dmv,True,
mcv:body_type:fuel_type,mcv,baseline,11,mcv:body_type:fuel_type:11,2842,False,10253958782604,10254088314080,0.129531476,dmv_candidate_cost_v0,ANALYZE dmv,True,
mcv:body_type:fuel_type,mcv,baseline,12,mcv:body_type:fuel_type:12,2843,False,10254088794381,10254209617277,0.120822896,dmv_candidate_cost_v0,ANALYZE dmv,True,
mcv:body_type:fuel_type,mcv,candidate,12,mcv:body_type:fuel_type:12,2844,False,10254211440392,10254339274128,0.127833736,dmv_candidate_cost_v0,ANALYZE dmv,True,
mcv:body_type:fuel_type,mcv,candidate,13,mcv:body_type:fuel_type:13,2845,False,10254341916630,10254464984223,0.123067593,dmv_candidate_cost_v0,ANALYZE dmv,True,
mcv:body_type:fuel_type,mcv,baseline,13,mcv:body_type:fuel_type:13,2846,False,10254465979035,10254591099980,0.125120945,dmv_candidate_cost_v0,ANALYZE dmv,True,
mcv:body_type:fuel_type,mcv,baseline,14,mcv:body_type:fuel_type:14,2847,False,10254591422419,10254711027252,0.119604833,dmv_candidate_cost_v0,ANALYZE dmv,True,
mcv:body_type:fuel_type,mcv,candidate,14,mcv:body_type:fuel_type:14,2848,False,10254712807112,10254835148447,0.122341335,dmv_candidate_cost_v0,ANALYZE dmv,True,
mcv:body_type:fuel_type,mcv,candidate,15,mcv:body_type:fuel_type:15,2849,False,10254837813584,10254961671913,0.123858329,dmv_candidate_cost_v0,ANALYZE dmv,True,
mcv:body_type:fuel_type,mcv,baseline,15,mcv:body_type:fuel_type:15,2850,False,10254963083988,10255087586965,0.124502977,dmv_candidate_cost_v0,ANALYZE dmv,True,
mcv:body_type:fuel_type,mcv,baseline,16,mcv:body_type:fuel_type:16,2851,False,10255088255119,10255214496693,0.126241574,dmv_candidate_cost_v0,ANALYZE dmv,True,
mcv:body_type:fuel_type,mcv,candidate,16,mcv:body_type:fuel_type:16,2852,False,10255216683240,10255345316807,0.128633567,dmv_candidate_cost_v0,ANALYZE dmv,True,
mcv:body_type:fuel_type,mcv,candidate,17,mcv:body_type:fuel_type:17,2853,False,10255348341232,10255471229449,0.122888217,dmv_candidate_cost_v0,ANALYZE dmv,True,
mcv:body_type:fuel_type,mcv,baseline,17,mcv:body_type:fuel_type:17,2854,False,10255472431041,10255591889897,0.119458856,dmv_candidate_cost_v0,ANALYZE dmv,True,
mcv:body_type:fuel_type,mcv,baseline,18,mcv:body_type:fuel_type:18,2855,False,10255592337036,10255712197085,0.119860049,dmv_candidate_cost_v0,ANALYZE dmv,True,
mcv:body_type:fuel_type,mcv,candidate,18,mcv:body_type:fuel_type:18,2856,False,10255713910768,10255837104156,0.123193388,dmv_candidate_cost_v0,ANALYZE dmv,True,
mcv:body_type:fuel_type,mcv,candidate,19,mcv:body_type:fuel_type:19,2857,False,10255840360874,10255969262746,0.128901872,dmv_candidate_cost_v0,ANALYZE dmv,True,
mcv:body_type:fuel_type,mcv,baseline,19,mcv:body_type:fuel_type:19,2858,False,10255970723387,10256088820597,0.11809721,dmv_candidate_cost_v0,ANALYZE dmv,True,
mcv:body_type:fuel_type,mcv,baseline,20,mcv:body_type:fuel_type:20,2859,False,10256089272999,10256213267734,0.123994735,dmv_candidate_cost_v0,ANALYZE dmv,True,
mcv:body_type:fuel_type,mcv,candidate,20,mcv:body_type:fuel_type:20,2860,False,10256215079157,10256337938990,0.122859833,dmv_candidate_cost_v0,ANALYZE dmv,True,
fd:scofflaw_indicator:state,fd,candidate,-1,fd:scofflaw_indicator:state:-1,2861,True,10256340812624,10256465417308,0.124604684,dmv_candidate_cost_v0,ANALYZE dmv,True,
fd:scofflaw_indicator:state,fd,baseline,-1,fd:scofflaw_indicator:state:-1,2862,True,10256466560646,10256587560076,0.12099943,dmv_candidate_cost_v0,ANALYZE dmv,True,
fd:scofflaw_indicator:state,fd,baseline,0,fd:scofflaw_indicator:state:0,2863,False,10256587765773,10256708207305,0.120441532,dmv_candidate_cost_v0,ANALYZE dmv,True,
fd:scofflaw_indicator:state,fd,candidate,0,fd:scofflaw_indicator:state:0,2864,False,10256709775240,10256837096509,0.127321269,dmv_candidate_cost_v0,ANALYZE dmv,True,
fd:scofflaw_indicator:state,fd,candidate,1,fd:scofflaw_indicator:state:1,2865,False,10256839546104,10256970074161,0.130528057,dmv_candidate_cost_v0,ANALYZE dmv,True,
fd:scofflaw_indicator:state,fd,baseline,1,fd:scofflaw_indicator:state:1,2866,False,10256971369504,10257090088771,0.118719267,dmv_candidate_cost_v0,ANALYZE dmv,True,
fd:scofflaw_indicator:state,fd,baseline,2,fd:scofflaw_indicator:state:2,2867,False,10257090544031,10257218795286,0.128251255,dmv_candidate_cost_v0,ANALYZE dmv,True,
fd:scofflaw_indicator:state,fd,candidate,2,fd:scofflaw_indicator:state:2,2868,False,10257220508279,10257347475473,0.126967194,dmv_candidate_cost_v0,ANALYZE dmv,True,
fd:scofflaw_indicator:state,fd,candidate,3,fd:scofflaw_indicator:state:3,2869,False,10257350213179,10257476325753,0.126112574,dmv_candidate_cost_v0,ANALYZE dmv,True,
fd:scofflaw_indicator:state,fd,baseline,3,fd:scofflaw_indicator:state:3,2870,False,10257477307774,10257602578754,0.12527098,dmv_candidate_cost_v0,ANALYZE dmv,True,
fd:scofflaw_indicator:state,fd,baseline,4,fd:scofflaw_indicator:state:4,2871,False,10257603008219,10257722908446,0.119900227,dmv_candidate_cost_v0,ANALYZE dmv,True,
fd:scofflaw_indicator:state,fd,candidate,4,fd:scofflaw_indicator:state:4,2872,False,10257725255785,10257856190125,0.13093434,dmv_candidate_cost_v0,ANALYZE dmv,True,
fd:scofflaw_indicator:state,fd,candidate,5,fd:scofflaw_indicator:state:5,2873,False,10257859357320,10257982917531,0.123560211,dmv_candidate_cost_v0,ANALYZE dmv,True,
fd:scofflaw_indicator:state,fd,baseline,5,fd:scofflaw_indicator:state:5,2874,False,10257983884829,10258107496619,0.12361179,dmv_candidate_cost_v0,ANALYZE dmv,True,
fd:scofflaw_indicator:state,fd,baseline,6,fd:scofflaw_indicator:state:6,2875,False,10258108094181,10258231011739,0.122917558,dmv_candidate_cost_v0,ANALYZE dmv,True,
fd:scofflaw_indicator:state,fd,candidate,6,fd:scofflaw_indicator:state:6,2876,False,10258232811248,10258363143084,0.130331836,dmv_candidate_cost_v0,ANALYZE dmv,True,
fd:scofflaw_indicator:state,fd,candidate,7,fd:scofflaw_indicator:state:7,2877,False,10258366128633,10258496684843,0.13055621,dmv_candidate_cost_v0,ANALYZE dmv,True,
fd:scofflaw_indicator:state,fd,baseline,7,fd:scofflaw_indicator:state:7,2878,False,10258497616006,10258621788261,0.124172255,dmv_candidate_cost_v0,ANALYZE dmv,True,
fd:scofflaw_indicator:state,fd,baseline,8,fd:scofflaw_indicator:state:8,2879,False,10258622093232,10258747546450,0.125453218,dmv_candidate_cost_v0,ANALYZE dmv,True,
fd:scofflaw_indicator:state,fd,candidate,8,fd:scofflaw_indicator:state:8,2880,False,10258749757757,10258890853407,0.14109565,dmv_candidate_cost_v0,ANALYZE dmv,True,
fd:scofflaw_indicator:state,fd,candidate,9,fd:scofflaw_indicator:state:9,2881,False,10258893955234,10259028846923,0.134891689,dmv_candidate_cost_v0,ANALYZE dmv,True,
fd:scofflaw_indicator:state,fd,baseline,9,fd:scofflaw_indicator:state:9,2882,False,10259029863808,10259157615224,0.127751416,dmv_candidate_cost_v0,ANALYZE dmv,True,
fd:scofflaw_indicator:state,fd,baseline,10,fd:scofflaw_indicator:state:10,2883,False,10259158053141,10259285131369,0.127078228,dmv_candidate_cost_v0,ANALYZE dmv,True,
fd:scofflaw_indicator:state,fd,candidate,10,fd:scofflaw_indicator:state:10,2884,False,10259286921927,10259410487102,0.123565175,dmv_candidate_cost_v0,ANALYZE dmv,True,
fd:scofflaw_indicator:state,fd,candidate,11,fd:scofflaw_indicator:state:11,2885,False,10259413604502,10259542417478,0.128812976,dmv_candidate_cost_v0,ANALYZE dmv,True,
fd:scofflaw_indicator:state,fd,baseline,11,fd:scofflaw_indicator:state:11,2886,False,10259543849403,10259664723708,0.120874305,dmv_candidate_cost_v0,ANALYZE dmv,True,
fd:scofflaw_indicator:state,fd,baseline,12,fd:scofflaw_indicator:state:12,2887,False,10259665197865,10259788767648,0.123569783,dmv_candidate_cost_v0,ANALYZE dmv,True,
fd:scofflaw_indicator:state,fd,candidate,12,fd:scofflaw_indicator:state:12,2888,False,10259790793428,10259922771357,0.131977929,dmv_candidate_cost_v0,ANALYZE dmv,True,
fd:scofflaw_indicator:state,fd,candidate,13,fd:scofflaw_indicator:state:13,2889,False,10259925178044,10260047852411,0.122674367,dmv_candidate_cost_v0,ANALYZE dmv,True,
fd:scofflaw_indicator:state,fd,baseline,13,fd:scofflaw_indicator:state:13,2890,False,10260048816847,10260171195708,0.122378861,dmv_candidate_cost_v0,ANALYZE dmv,True,
fd:scofflaw_indicator:state,fd,baseline,14,fd:scofflaw_indicator:state:14,2891,False,10260171768259,10260297630898,0.125862639,dmv_candidate_cost_v0,ANALYZE dmv,True,
fd:scofflaw_indicator:state,fd,candidate,14,fd:scofflaw_indicator:state:14,2892,False,10260299430110,10260426745725,0.127315615,dmv_candidate_cost_v0,ANALYZE dmv,True,
fd:scofflaw_indicator:state,fd,candidate,15,fd:scofflaw_indicator:state:15,2893,False,10260429230626,10260559274341,0.130043715,dmv_candidate_cost_v0,ANALYZE dmv,True,
fd:scofflaw_indicator:state,fd,baseline,15,fd:scofflaw_indicator:state:15,2894,False,10260560322098,10260682536463,0.122214365,dmv_candidate_cost_v0,ANALYZE dmv,True,
fd:scofflaw_indicator:state,fd,baseline,16,fd:scofflaw_indicator:state:16,2895,False,10260682987988,10260810230102,0.127242114,dmv_candidate_cost_v0,ANALYZE dmv,True,
fd:scofflaw_indicator:state,fd,candidate,16,fd:scofflaw_indicator:state:16,2896,False,10260812466364,10260951512783,0.139046419,dmv_candidate_cost_v0,ANALYZE dmv,True,
fd:scofflaw_indicator:state,fd,candidate,17,fd:scofflaw_indicator:state:17,2897,False,10260954584126,10261080297103,0.125712977,dmv_candidate_cost_v0,ANALYZE dmv,True,
fd:scofflaw_indicator:state,fd,baseline,17,fd:scofflaw_indicator:state:17,2898,False,10261081501327,10261207271499,0.125770172,dmv_candidate_cost_v0,ANALYZE dmv,True,
fd:scofflaw_indicator:state,fd,baseline,18,fd:scofflaw_indicator:state:18,2899,False,10261207740506,10261336047439,0.128306933,dmv_candidate_cost_v0,ANALYZE dmv,True,
fd:scofflaw_indicator:state,fd,candidate,18,fd:scofflaw_indicator:state:18,2900,False,10261338132979,10261463736948,0.125603969,dmv_candidate_cost_v0,ANALYZE dmv,True,
fd:scofflaw_indicator:state,fd,candidate,19,fd:scofflaw_indicator:state:19,2901,False,10261466215335,10261591936469,0.125721134,dmv_candidate_cost_v0,ANALYZE dmv,True,
fd:scofflaw_indicator:state,fd,baseline,19,fd:scofflaw_indicator:state:19,2902,False,10261593071885,10261715421703,0.122349818,dmv_candidate_cost_v0,ANALYZE dmv,True,
fd:scofflaw_indicator:state,fd,baseline,20,fd:scofflaw_indicator:state:20,2903,False,10261715704484,10261839885736,0.124181252,dmv_candidate_cost_v0,ANALYZE dmv,True,
fd:scofflaw_indicator:state,fd,candidate,20,fd:scofflaw_indicator:state:20,2904,False,10261841437183,10261978907259,0.137470076,dmv_candidate_cost_v0,ANALYZE dmv,True,
mcv:revocation_indicator:suspension_indicator,mcv,candidate,-1,mcv:revocation_indicator:suspension_indicator:-1,2905,True,10261982019819,10262104994935,0.122975116,dmv_candidate_cost_v0,ANALYZE dmv,True,
mcv:revocation_indicator:suspension_indicator,mcv,baseline,-1,mcv:revocation_indicator:suspension_indicator:-1,2906,True,10262106170675,10262236470949,0.130300274,dmv_candidate_cost_v0,ANALYZE dmv,True,
mcv:revocation_indicator:suspension_indicator,mcv,baseline,0,mcv:revocation_indicator:suspension_indicator:0,2907,False,10262236712629,10262361255464,0.124542835,dmv_candidate_cost_v0,ANALYZE dmv,True,
mcv:revocation_indicator:suspension_indicator,mcv,candidate,0,mcv:revocation_indicator:suspension_indicator:0,2908,False,10262363072628,10262493744312,0.130671684,dmv_candidate_cost_v0,ANALYZE dmv,True,
mcv:revocation_indicator:suspension_indicator,mcv,candidate,1,mcv:revocation_indicator:suspension_indicator:1,2909,False,10262496141885,10262619490201,0.123348316,dmv_candidate_cost_v0,ANALYZE dmv,True,
mcv:revocation_indicator:suspension_indicator,mcv,baseline,1,mcv:revocation_indicator:suspension_indicator:1,2910,False,10262620768175,10262747006915,0.12623874,dmv_candidate_cost_v0,ANALYZE dmv,True,
mcv:revocation_indicator:suspension_indicator,mcv,baseline,2,mcv:revocation_indicator:suspension_indicator:2,2911,False,10262747717766,10262906982240,0.159264474,dmv_candidate_cost_v0,ANALYZE dmv,True,
mcv:revocation_indicator:suspension_indicator,mcv,candidate,2,mcv:revocation_indicator:suspension_indicator:2,2912,False,10262908520476,10263055737770,0.147217294,dmv_candidate_cost_v0,ANALYZE dmv,True,
mcv:revocation_indicator:suspension_indicator,mcv,candidate,3,mcv:revocation_indicator:suspension_indicator:3,2913,False,10263059228040,10263217936336,0.158708296,dmv_candidate_cost_v0,ANALYZE dmv,True,
mcv:revocation_indicator:suspension_indicator,mcv,baseline,3,mcv:revocation_indicator:suspension_indicator:3,2914,False,10263219158237,10263361109321,0.141951084,dmv_candidate_cost_v0,ANALYZE dmv,True,
mcv:revocation_indicator:suspension_indicator,mcv,baseline,4,mcv:revocation_indicator:suspension_indicator:4,2915,False,10263361472145,10263503138377,0.141666232,dmv_candidate_cost_v0,ANALYZE dmv,True,
mcv:revocation_indicator:suspension_indicator,mcv,candidate,4,mcv:revocation_indicator:suspension_indicator:4,2916,False,10263505322596,10263650176503,0.144853907,dmv_candidate_cost_v0,ANALYZE dmv,True,
mcv:revocation_indicator:suspension_indicator,mcv,candidate,5,mcv:revocation_indicator:suspension_indicator:5,2917,False,10263652495771,10263776897175,0.124401404,dmv_candidate_cost_v0,ANALYZE dmv,True,
mcv:revocation_indicator:suspension_indicator,mcv,baseline,5,mcv:revocation_indicator:suspension_indicator:5,2918,False,10263777929653,10263938835621,0.160905968,dmv_candidate_cost_v0,ANALYZE dmv,True,
mcv:revocation_indicator:suspension_indicator,mcv,baseline,6,mcv:revocation_indicator:suspension_indicator:6,2919,False,10263939178738,10264071800850,0.132622112,dmv_candidate_cost_v0,ANALYZE dmv,True,
mcv:revocation_indicator:suspension_indicator,mcv,candidate,6,mcv:revocation_indicator:suspension_indicator:6,2920,False,10264073719854,10264198717209,0.124997355,dmv_candidate_cost_v0,ANALYZE dmv,True,
mcv:revocation_indicator:suspension_indicator,mcv,candidate,7,mcv:revocation_indicator:suspension_indicator:7,2921,False,10264202008537,10264334076362,0.132067825,dmv_candidate_cost_v0,ANALYZE dmv,True,
mcv:revocation_indicator:suspension_indicator,mcv,baseline,7,mcv:revocation_indicator:suspension_indicator:7,2922,False,10264335048591,10264460962401,0.12591381,dmv_candidate_cost_v0,ANALYZE dmv,True,
mcv:revocation_indicator:suspension_indicator,mcv,baseline,8,mcv:revocation_indicator:suspension_indicator:8,2923,False,10264461405187,10264582500272,0.121095085,dmv_candidate_cost_v0,ANALYZE dmv,True,
mcv:revocation_indicator:suspension_indicator,mcv,candidate,8,mcv:revocation_indicator:suspension_indicator:8,2924,False,10264584629972,10264707101415,0.122471443,dmv_candidate_cost_v0,ANALYZE dmv,True,
mcv:revocation_indicator:suspension_indicator,mcv,candidate,9,mcv:revocation_indicator:suspension_indicator:9,2925,False,10264709340527,10264838632174,0.129291647,dmv_candidate_cost_v0,ANALYZE dmv,True,
mcv:revocation_indicator:suspension_indicator,mcv,baseline,9,mcv:revocation_indicator:suspension_indicator:9,2926,False,10264839778916,10264972157744,0.132378828,dmv_candidate_cost_v0,ANALYZE dmv,True,
mcv:revocation_indicator:suspension_indicator,mcv,baseline,10,mcv:revocation_indicator:suspension_indicator:10,2927,False,10264972608487,10265094326942,0.121718455,dmv_candidate_cost_v0,ANALYZE dmv,True,
mcv:revocation_indicator:suspension_indicator,mcv,candidate,10,mcv:revocation_indicator:suspension_indicator:10,2928,False,10265096433281,10265257856021,0.16142274,dmv_candidate_cost_v0,ANALYZE dmv,True,
mcv:revocation_indicator:suspension_indicator,mcv,candidate,11,mcv:revocation_indicator:suspension_indicator:11,2929,False,10265260381605,10265388733188,0.128351583,dmv_candidate_cost_v0,ANALYZE dmv,True,
mcv:revocation_indicator:suspension_indicator,mcv,baseline,11,mcv:revocation_indicator:suspension_indicator:11,2930,False,10265389648764,10265515669132,0.126020368,dmv_candidate_cost_v0,ANALYZE dmv,True,
mcv:revocation_indicator:suspension_indicator,mcv,baseline,12,mcv:revocation_indicator:suspension_indicator:12,2931,False,10265516037307,10265640553432,0.124516125,dmv_candidate_cost_v0,ANALYZE dmv,True,
mcv:revocation_indicator:suspension_indicator,mcv,candidate,12,mcv:revocation_indicator:suspension_indicator:12,2932,False,10265642144144,10265775901850,0.133757706,dmv_candidate_cost_v0,ANALYZE dmv,True,
mcv:revocation_indicator:suspension_indicator,mcv,candidate,13,mcv:revocation_indicator:suspension_indicator:13,2933,False,10265778812482,10265930865790,0.152053308,dmv_candidate_cost_v0,ANALYZE dmv,True,
mcv:revocation_indicator:suspension_indicator,mcv,baseline,13,mcv:revocation_indicator:suspension_indicator:13,2934,False,10265931916677,10266057950230,0.126033553,dmv_candidate_cost_v0,ANALYZE dmv,True,
mcv:revocation_indicator:suspension_indicator,mcv,baseline,14,mcv:revocation_indicator:suspension_indicator:14,2935,False,10266058289941,10266195958236,0.137668295,dmv_candidate_cost_v0,ANALYZE dmv,True,
mcv:revocation_indicator:suspension_indicator,mcv,candidate,14,mcv:revocation_indicator:suspension_indicator:14,2936,False,10266198007136,10266337318354,0.139311218,dmv_candidate_cost_v0,ANALYZE dmv,True,
mcv:revocation_indicator:suspension_indicator,mcv,candidate,15,mcv:revocation_indicator:suspension_indicator:15,2937,False,10266339844556,10266463120349,0.123275793,dmv_candidate_cost_v0,ANALYZE dmv,True,
mcv:revocation_indicator:suspension_indicator,mcv,baseline,15,mcv:revocation_indicator:suspension_indicator:15,2938,False,10266464149992,10266589899055,0.125749063,dmv_candidate_cost_v0,ANALYZE dmv,True,
mcv:revocation_indicator:suspension_indicator,mcv,baseline,16,mcv:revocation_indicator:suspension_indicator:16,2939,False,10266590458516,10266718529339,0.128070823,dmv_candidate_cost_v0,ANALYZE dmv,True,
mcv:revocation_indicator:suspension_indicator,mcv,candidate,16,mcv:revocation_indicator:suspension_indicator:16,2940,False,10266720338830,10266843315918,0.122977088,dmv_candidate_cost_v0,ANALYZE dmv,True,
mcv:revocation_indicator:suspension_indicator,mcv,candidate,17,mcv:revocation_indicator:suspension_indicator:17,2941,False,10266845801500,10266967808681,0.122007181,dmv_candidate_cost_v0,ANALYZE dmv,True,
mcv:revocation_indicator:suspension_indicator,mcv,baseline,17,mcv:revocation_indicator:suspension_indicator:17,2942,False,10266969085516,10267088933837,0.119848321,dmv_candidate_cost_v0,ANALYZE dmv,True,
mcv:revocation_indicator:suspension_indicator,mcv,baseline,18,mcv:revocation_indicator:suspension_indicator:18,2943,False,10267089291143,10267207690412,0.118399269,dmv_candidate_cost_v0,ANALYZE dmv,True,
mcv:revocation_indicator:suspension_indicator,mcv,candidate,18,mcv:revocation_indicator:suspension_indicator:18,2944,False,10267209444810,10267333452977,0.124008167,dmv_candidate_cost_v0,ANALYZE dmv,True,
mcv:revocation_indicator:suspension_indicator,mcv,candidate,19,mcv:revocation_indicator:suspension_indicator:19,2945,False,10267336372141,10267464453675,0.128081534,dmv_candidate_cost_v0,ANALYZE dmv,True,
mcv:revocation_indicator:suspension_indicator,mcv,baseline,19,mcv:revocation_indicator:suspension_indicator:19,2946,False,10267465646483,10267588667637,0.123021154,dmv_candidate_cost_v0,ANALYZE dmv,True,
mcv:revocation_indicator:suspension_indicator,mcv,baseline,20,mcv:revocation_indicator:suspension_indicator:20,2947,False,10267589159529,10267707885484,0.118725955,dmv_candidate_cost_v0,ANALYZE dmv,True,
mcv:revocation_indicator:suspension_indicator,mcv,candidate,20,mcv:revocation_indicator:suspension_indicator:20,2948,False,10267710242370,10267834578690,0.12433632,dmv_candidate_cost_v0,ANALYZE dmv,True,
fd:body_type:fuel_type,fd,candidate,-1,fd:body_type:fuel_type:-1,2949,True,10267838087221,10267967542726,0.129455505,dmv_candidate_cost_v0,ANALYZE dmv,True,
fd:body_type:fuel_type,fd,baseline,-1,fd:body_type:fuel_type:-1,2950,True,10267968898475,10268088648048,0.119749573,dmv_candidate_cost_v0,ANALYZE dmv,True,
fd:body_type:fuel_type,fd,baseline,0,fd:body_type:fuel_type:0,2951,False,10268088920221,10268211595946,0.122675725,dmv_candidate_cost_v0,ANALYZE dmv,True,
fd:body_type:fuel_type,fd,candidate,0,fd:body_type:fuel_type:0,2952,False,10268213281525,10268339840896,0.126559371,dmv_candidate_cost_v0,ANALYZE dmv,True,
fd:body_type:fuel_type,fd,candidate,1,fd:body_type:fuel_type:1,2953,False,10268342557859,10268468183679,0.12562582,dmv_candidate_cost_v0,ANALYZE dmv,True,
fd:body_type:fuel_type,fd,baseline,1,fd:body_type:fuel_type:1,2954,False,10268469176721,10268592963399,0.123786678,dmv_candidate_cost_v0,ANALYZE dmv,True,
fd:body_type:fuel_type,fd,baseline,2,fd:body_type:fuel_type:2,2955,False,10268593334132,10268722130540,0.128796408,dmv_candidate_cost_v0,ANALYZE dmv,True,
fd:body_type:fuel_type,fd,candidate,2,fd:body_type:fuel_type:2,2956,False,10268723662176,10268851322737,0.127660561,dmv_candidate_cost_v0,ANALYZE dmv,True,
fd:body_type:fuel_type,fd,candidate,3,fd:body_type:fuel_type:3,2957,False,10268853791069,10268987593083,0.133802014,dmv_candidate_cost_v0,ANALYZE dmv,True,
fd:body_type:fuel_type,fd,baseline,3,fd:body_type:fuel_type:3,2958,False,10268989080746,10269155359189,0.166278443,dmv_candidate_cost_v0,ANALYZE dmv,True,
fd:body_type:fuel_type,fd,baseline,4,fd:body_type:fuel_type:4,2959,False,10269155789688,10269280948946,0.125159258,dmv_candidate_cost_v0,ANALYZE dmv,True,
fd:body_type:fuel_type,fd,candidate,4,fd:body_type:fuel_type:4,2960,False,10269282785954,10269411488740,0.128702786,dmv_candidate_cost_v0,ANALYZE dmv,True,
fd:body_type:fuel_type,fd,candidate,5,fd:body_type:fuel_type:5,2961,False,10269414146281,10269543440932,0.129294651,dmv_candidate_cost_v0,ANALYZE dmv,True,
fd:body_type:fuel_type,fd,baseline,5,fd:body_type:fuel_type:5,2962,False,10269545091301,10269669825591,0.12473429,dmv_candidate_cost_v0,ANALYZE dmv,True,
fd:body_type:fuel_type,fd,baseline,6,fd:body_type:fuel_type:6,2963,False,10269670364467,10269810538624,0.140174157,dmv_candidate_cost_v0,ANALYZE dmv,True,
fd:body_type:fuel_type,fd,candidate,6,fd:body_type:fuel_type:6,2964,False,10269812462726,10269943603350,0.131140624,dmv_candidate_cost_v0,ANALYZE dmv,True,
fd:body_type:fuel_type,fd,candidate,7,fd:body_type:fuel_type:7,2965,False,10269946006573,10270077767341,0.131760768,dmv_candidate_cost_v0,ANALYZE dmv,True,
fd:body_type:fuel_type,fd,baseline,7,fd:body_type:fuel_type:7,2966,False,10270079198492,10270206781381,0.127582889,dmv_candidate_cost_v0,ANALYZE dmv,True,
fd:body_type:fuel_type,fd,baseline,8,fd:body_type:fuel_type:8,2967,False,10270207127550,10270331503655,0.124376105,dmv_candidate_cost_v0,ANALYZE dmv,True,
fd:body_type:fuel_type,fd,candidate,8,fd:body_type:fuel_type:8,2968,False,10270333193069,10270457151618,0.123958549,dmv_candidate_cost_v0,ANALYZE dmv,True,
fd:body_type:fuel_type,fd,candidate,9,fd:body_type:fuel_type:9,2969,False,10270459712809,10270585421138,0.125708329,dmv_candidate_cost_v0,ANALYZE dmv,True,
fd:body_type:fuel_type,fd,baseline,9,fd:body_type:fuel_type:9,2970,False,10270586321669,10270703360860,0.117039191,dmv_candidate_cost_v0,ANALYZE dmv,True,
fd:body_type:fuel_type,fd,baseline,10,fd:body_type:fuel_type:10,2971,False,10270703655176,10270824270349,0.120615173,dmv_candidate_cost_v0,ANALYZE dmv,True,
fd:body_type:fuel_type,fd,candidate,10,fd:body_type:fuel_type:10,2972,False,10270826486095,10270952544656,0.126058561,dmv_candidate_cost_v0,ANALYZE dmv,True,
fd:body_type:fuel_type,fd,candidate,11,fd:body_type:fuel_type:11,2973,False,10270954454425,10271086806044,0.132351619,dmv_candidate_cost_v0,ANALYZE dmv,True,
fd:body_type:fuel_type,fd,baseline,11,fd:body_type:fuel_type:11,2974,False,10271088536608,10271249940823,0.161404215,dmv_candidate_cost_v0,ANALYZE dmv,True,
fd:body_type:fuel_type,fd,baseline,12,fd:body_type:fuel_type:12,2975,False,10271250536804,10271390695546,0.140158742,dmv_candidate_cost_v0,ANALYZE dmv,True,
fd:body_type:fuel_type,fd,candidate,12,fd:body_type:fuel_type:12,2976,False,10271393555264,10271548561908,0.155006644,dmv_candidate_cost_v0,ANALYZE dmv,True,
fd:body_type:fuel_type,fd,candidate,13,fd:body_type:fuel_type:13,2977,False,10271550532060,10271684386504,0.133854444,dmv_candidate_cost_v0,ANALYZE dmv,True,
fd:body_type:fuel_type,fd,baseline,13,fd:body_type:fuel_type:13,2978,False,10271685411117,10271812475672,0.127064555,dmv_candidate_cost_v0,ANALYZE dmv,True,
fd:body_type:fuel_type,fd,baseline,14,fd:body_type:fuel_type:14,2979,False,10271813338883,10271970717975,0.157379092,dmv_candidate_cost_v0,ANALYZE dmv,True,
fd:body_type:fuel_type,fd,candidate,14,fd:body_type:fuel_type:14,2980,False,10271972339675,10272103077141,0.130737466,dmv_candidate_cost_v0,ANALYZE dmv,True,
fd:body_type:fuel_type,fd,candidate,15,fd:body_type:fuel_type:15,2981,False,10272106377367,10272244535519,0.138158152,dmv_candidate_cost_v0,ANALYZE dmv,True,
fd:body_type:fuel_type,fd,baseline,15,fd:body_type:fuel_type:15,2982,False,10272245610833,10272377216945,0.131606112,dmv_candidate_cost_v0,ANALYZE dmv,True,
fd:body_type:fuel_type,fd,baseline,16,fd:body_type:fuel_type:16,2983,False,10272377926776,10272524519498,0.146592722,dmv_candidate_cost_v0,ANALYZE dmv,True,
fd:body_type:fuel_type,fd,candidate,16,fd:body_type:fuel_type:16,2984,False,10272526564120,10272653153582,0.126589462,dmv_candidate_cost_v0,ANALYZE dmv,True,
fd:body_type:fuel_type,fd,candidate,17,fd:body_type:fuel_type:17,2985,False,10272655959890,10272787627835,0.131667945,dmv_candidate_cost_v0,ANALYZE dmv,True,
fd:body_type:fuel_type,fd,baseline,17,fd:body_type:fuel_type:17,2986,False,10272789169764,10272926712019,0.137542255,dmv_candidate_cost_v0,ANALYZE dmv,True,
fd:body_type:fuel_type,fd,baseline,18,fd:body_type:fuel_type:18,2987,False,10272927406720,10273065643417,0.138236697,dmv_candidate_cost_v0,ANALYZE dmv,True,
fd:body_type:fuel_type,fd,candidate,18,fd:body_type:fuel_type:18,2988,False,10273067505466,10273225743304,0.158237838,dmv_candidate_cost_v0,ANALYZE dmv,True,
fd:body_type:fuel_type,fd,candidate,19,fd:body_type:fuel_type:19,2989,False,10273228244705,10273363561535,0.13531683,dmv_candidate_cost_v0,ANALYZE dmv,True,
fd:body_type:fuel_type,fd,baseline,19,fd:body_type:fuel_type:19,2990,False,10273364835058,10273490843430,0.126008372,dmv_candidate_cost_v0,ANALYZE dmv,True,
fd:body_type:fuel_type,fd,baseline,20,fd:body_type:fuel_type:20,2991,False,10273491239801,10273613538677,0.122298876,dmv_candidate_cost_v0,ANALYZE dmv,True,
fd:body_type:fuel_type,fd,candidate,20,fd:body_type:fuel_type:20,2992,False,10273615410384,10273742042885,0.126632501,dmv_candidate_cost_v0,ANALYZE dmv,True,
mcv:county:record_type,mcv,candidate,-1,mcv:county:record_type:-1,2993,True,10273745004096,10273874008773,0.129004677,dmv_candidate_cost_v0,ANALYZE dmv,True,
mcv:county:record_type,mcv,baseline,-1,mcv:county:record_type:-1,2994,True,10273875117899,10273995039722,0.119921823,dmv_candidate_cost_v0,ANALYZE dmv,True,
mcv:county:record_type,mcv,baseline,0,mcv:county:record_type:0,2995,False,10273995281044,10274131117871,0.135836827,dmv_candidate_cost_v0,ANALYZE dmv,True,
mcv:county:record_type,mcv,candidate,0,mcv:county:record_type:0,2996,False,10274132626015,10274287700095,0.15507408,dmv_candidate_cost_v0,ANALYZE dmv,True,
mcv:county:record_type,mcv,candidate,1,mcv:county:record_type:1,2997,False,10274290315075,10274417201898,0.126886823,dmv_candidate_cost_v0,ANALYZE dmv,True,
mcv:county:record_type,mcv,baseline,1,mcv:county:record_type:1,2998,False,10274418119140,10274541576793,0.123457653,dmv_candidate_cost_v0,ANALYZE dmv,True,
mcv:county:record_type,mcv,baseline,2,mcv:county:record_type:2,2999,False,10274541949242,10274678940955,0.136991713,dmv_candidate_cost_v0,ANALYZE dmv,True,
mcv:county:record_type,mcv,candidate,2,mcv:county:record_type:2,3000,False,10274680725177,10274828024239,0.147299062,dmv_candidate_cost_v0,ANALYZE dmv,True,
mcv:county:record_type,mcv,candidate,3,mcv:county:record_type:3,3001,False,10274830306922,10274955671201,0.125364279,dmv_candidate_cost_v0,ANALYZE dmv,True,
mcv:county:record_type,mcv,baseline,3,mcv:county:record_type:3,3002,False,10274956909056,10275087686499,0.130777443,dmv_candidate_cost_v0,ANALYZE dmv,True,
mcv:county:record_type,mcv,baseline,4,mcv:county:record_type:4,3003,False,10275088288405,10275211294329,0.123005924,dmv_candidate_cost_v0,ANALYZE dmv,True,
mcv:county:record_type,mcv,candidate,4,mcv:county:record_type:4,3004,False,10275213260720,10275343756469,0.130495749,dmv_candidate_cost_v0,ANALYZE dmv,True,
mcv:county:record_type,mcv,candidate,5,mcv:county:record_type:5,3005,False,10275346771065,10275478065342,0.131294277,dmv_candidate_cost_v0,ANALYZE dmv,True,
mcv:county:record_type,mcv,baseline,5,mcv:county:record_type:5,3006,False,10275479073231,10275600773374,0.121700143,dmv_candidate_cost_v0,ANALYZE dmv,True,
mcv:county:record_type,mcv,baseline,6,mcv:county:record_type:6,3007,False,10275601091763,10275721607364,0.120515601,dmv_candidate_cost_v0,ANALYZE dmv,True,
mcv:county:record_type,mcv,candidate,6,mcv:county:record_type:6,3008,False,10275723594849,10275878625916,0.155031067,dmv_candidate_cost_v0,ANALYZE dmv,True,
mcv:county:record_type,mcv,candidate,7,mcv:county:record_type:7,3009,False,10275881424525,10276017132155,0.13570763,dmv_candidate_cost_v0,ANALYZE dmv,True,
mcv:county:record_type,mcv,baseline,7,mcv:county:record_type:7,3010,False,10276018233022,10276144291543,0.126058521,dmv_candidate_cost_v0,ANALYZE dmv,True,
mcv:county:record_type,mcv,baseline,8,mcv:county:record_type:8,3011,False,10276144726261,10276270379481,0.12565322,dmv_candidate_cost_v0,ANALYZE dmv,True,
mcv:county:record_type,mcv,candidate,8,mcv:county:record_type:8,3012,False,10276272368125,10276400477427,0.128109302,dmv_candidate_cost_v0,ANALYZE dmv,True,
mcv:county:record_type,mcv,candidate,9,mcv:county:record_type:9,3013,False,10276403651830,10276536737159,0.133085329,dmv_candidate_cost_v0,ANALYZE dmv,True,
mcv:county:record_type,mcv,baseline,9,mcv:county:record_type:9,3014,False,10276537875313,10276665375779,0.127500466,dmv_candidate_cost_v0,ANALYZE dmv,True,
mcv:county:record_type,mcv,baseline,10,mcv:county:record_type:10,3015,False,10276665772915,10276792030026,0.126257111,dmv_candidate_cost_v0,ANALYZE dmv,True,
mcv:county:record_type,mcv,candidate,10,mcv:county:record_type:10,3016,False,10276793724257,10276920085020,0.126360763,dmv_candidate_cost_v0,ANALYZE dmv,True,
mcv:county:record_type,mcv,candidate,11,mcv:county:record_type:11,3017,False,10276923132365,10277053016335,0.12988397,dmv_candidate_cost_v0,ANALYZE dmv,True,
mcv:county:record_type,mcv,baseline,11,mcv:county:record_type:11,3018,False,10277053947198,10277179643163,0.125695965,dmv_candidate_cost_v0,ANALYZE dmv,True,
mcv:county:record_type,mcv,baseline,12,mcv:county:record_type:12,3019,False,10277180118225,10277310721212,0.130602987,dmv_candidate_cost_v0,ANALYZE dmv,True,
mcv:county:record_type,mcv,candidate,12,mcv:county:record_type:12,3020,False,10277312343395,10277437993667,0.125650272,dmv_candidate_cost_v0,ANALYZE dmv,True,
mcv:county:record_type,mcv,candidate,13,mcv:county:record_type:13,3021,False,10277440736476,10277566450701,0.125714225,dmv_candidate_cost_v0,ANALYZE dmv,True,
mcv:county:record_type,mcv,baseline,13,mcv:county:record_type:13,3022,False,10277567474745,10277688751609,0.121276864,dmv_candidate_cost_v0,ANALYZE dmv,True,
mcv:county:record_type,mcv,baseline,14,mcv:county:record_type:14,3023,False,10277689078878,10277813965597,0.124886719,dmv_candidate_cost_v0,ANALYZE dmv,True,
mcv:county:record_type,mcv,candidate,14,mcv:county:record_type:14,3024,False,10277815759277,10277940041337,0.12428206,dmv_candidate_cost_v0,ANALYZE dmv,True,
mcv:county:record_type,mcv,candidate,15,mcv:county:record_type:15,3025,False,10277943170603,10278074866764,0.131696161,dmv_candidate_cost_v0,ANALYZE dmv,True,
mcv:county:record_type,mcv,baseline,15,mcv:county:record_type:15,3026,False,10278075897722,10278201449741,0.125552019,dmv_candidate_cost_v0,ANALYZE dmv,True,
mcv:county:record_type,mcv,baseline,16,mcv:county:record_type:16,3027,False,10278201869605,10278323233582,0.121363977,dmv_candidate_cost_v0,ANALYZE dmv,True,
mcv:county:record_type,mcv,candidate,16,mcv:county:record_type:16,3028,False,10278325667327,10278449661132,0.123993805,dmv_candidate_cost_v0,ANALYZE dmv,True,
mcv:county:record_type,mcv,candidate,17,mcv:county:record_type:17,3029,False,10278452177140,10278583808611,0.131631471,dmv_candidate_cost_v0,ANALYZE dmv,True,
mcv:county:record_type,mcv,baseline,17,mcv:county:record_type:17,3030,False,10278585128794,10278711781211,0.126652417,dmv_candidate_cost_v0,ANALYZE dmv,True,
mcv:county:record_type,mcv,baseline,18,mcv:county:record_type:18,3031,False,10278712140076,10278830609777,0.118469701,dmv_candidate_cost_v0,ANALYZE dmv,True,
mcv:county:record_type,mcv,candidate,18,mcv:county:record_type:18,3032,False,10278832863777,10278959150396,0.126286619,dmv_candidate_cost_v0,ANALYZE dmv,True,
mcv:county:record_type,mcv,candidate,19,mcv:county:record_type:19,3033,False,10278962379702,10279091157498,0.128777796,dmv_candidate_cost_v0,ANALYZE dmv,True,
mcv:county:record_type,mcv,baseline,19,mcv:county:record_type:19,3034,False,10279092223754,10279214490052,0.122266298,dmv_candidate_cost_v0,ANALYZE dmv,True,
mcv:county:record_type,mcv,baseline,20,mcv:county:record_type:20,3035,False,10279214880073,10279339073648,0.124193575,dmv_candidate_cost_v0,ANALYZE dmv,True,
mcv:county:record_type,mcv,candidate,20,mcv:county:record_type:20,3036,False,10279341260762,10279471289892,0.13002913,dmv_candidate_cost_v0,ANALYZE dmv,True,
fd:fuel_type:suspension_indicator,fd,candidate,-1,fd:fuel_type:suspension_indicator:-1,3037,True,10279473958175,10279599337183,0.125379008,dmv_candidate_cost_v0,ANALYZE dmv,True,
fd:fuel_type:suspension_indicator,fd,baseline,-1,fd:fuel_type:suspension_indicator:-1,3038,True,10279600676857,10279723306550,0.122629693,dmv_candidate_cost_v0,ANALYZE dmv,True,
fd:fuel_type:suspension_indicator,fd,baseline,0,fd:fuel_type:suspension_indicator:0,3039,False,10279723669147,10279848745040,0.125075893,dmv_candidate_cost_v0,ANALYZE dmv,True,
fd:fuel_type:suspension_indicator,fd,candidate,0,fd:fuel_type:suspension_indicator:0,3040,False,10279850409393,10279981211318,0.130801925,dmv_candidate_cost_v0,ANALYZE dmv,True,
fd:fuel_type:suspension_indicator,fd,candidate,1,fd:fuel_type:suspension_indicator:1,3041,False,10279983242862,10280107722511,0.124479649,dmv_candidate_cost_v0,ANALYZE dmv,True,
fd:fuel_type:suspension_indicator,fd,baseline,1,fd:fuel_type:suspension_indicator:1,3042,False,10280108976366,10280231308936,0.12233257,dmv_candidate_cost_v0,ANALYZE dmv,True,
fd:fuel_type:suspension_indicator,fd,baseline,2,fd:fuel_type:suspension_indicator:2,3043,False,10280231729863,10280352626935,0.120897072,dmv_candidate_cost_v0,ANALYZE dmv,True,
fd:fuel_type:suspension_indicator,fd,candidate,2,fd:fuel_type:suspension_indicator:2,3044,False,10280354505347,10280486100766,0.131595419,dmv_candidate_cost_v0,ANALYZE dmv,True,
fd:fuel_type:suspension_indicator,fd,candidate,3,fd:fuel_type:suspension_indicator:3,3045,False,10280489020455,10280643995367,0.154974912,dmv_candidate_cost_v0,ANALYZE dmv,True,
fd:fuel_type:suspension_indicator,fd,baseline,3,fd:fuel_type:suspension_indicator:3,3046,False,10280644957016,10280791454935,0.146497919,dmv_candidate_cost_v0,ANALYZE dmv,True,
fd:fuel_type:suspension_indicator,fd,baseline,4,fd:fuel_type:suspension_indicator:4,3047,False,10280792125986,10280950621748,0.158495762,dmv_candidate_cost_v0,ANALYZE dmv,True,
fd:fuel_type:suspension_indicator,fd,candidate,4,fd:fuel_type:suspension_indicator:4,3048,False,10280953008552,10281082439572,0.12943102,dmv_candidate_cost_v0,ANALYZE dmv,True,
fd:fuel_type:suspension_indicator,fd,candidate,5,fd:fuel_type:suspension_indicator:5,3049,False,10281085808372,10281212261568,0.126453196,dmv_candidate_cost_v0,ANALYZE dmv,True,
fd:fuel_type:suspension_indicator,fd,baseline,5,fd:fuel_type:suspension_indicator:5,3050,False,10281213501860,10281378158443,0.164656583,dmv_candidate_cost_v0,ANALYZE dmv,True,
fd:fuel_type:suspension_indicator,fd,baseline,6,fd:fuel_type:suspension_indicator:6,3051,False,10281378753084,10281506047819,0.127294735,dmv_candidate_cost_v0,ANALYZE dmv,True,
fd:fuel_type:suspension_indicator,fd,candidate,6,fd:fuel_type:suspension_indicator:6,3052,False,10281507921230,10281655268100,0.14734687,dmv_candidate_cost_v0,ANALYZE dmv,True,
fd:fuel_type:suspension_indicator,fd,candidate,7,fd:fuel_type:suspension_indicator:7,3053,False,10281658136891,10281821210824,0.163073933,dmv_candidate_cost_v0,ANALYZE dmv,True,
fd:fuel_type:suspension_indicator,fd,baseline,7,fd:fuel_type:suspension_indicator:7,3054,False,10281822368513,10281950584923,0.12821641,dmv_candidate_cost_v0,ANALYZE dmv,True,
fd:fuel_type:suspension_indicator,fd,baseline,8,fd:fuel_type:suspension_indicator:8,3055,False,10281951376721,10282096408817,0.145032096,dmv_candidate_cost_v0,ANALYZE dmv,True,
fd:fuel_type:suspension_indicator,fd,candidate,8,fd:fuel_type:suspension_indicator:8,3056,False,10282098303641,10282246624728,0.148321087,dmv_candidate_cost_v0,ANALYZE dmv,True,
fd:fuel_type:suspension_indicator,fd,candidate,9,fd:fuel_type:suspension_indicator:9,3057,False,10282249998645,10282387347359,0.137348714,dmv_candidate_cost_v0,ANALYZE dmv,True,
fd:fuel_type:suspension_indicator,fd,baseline,9,fd:fuel_type:suspension_indicator:9,3058,False,10282388478710,10282508702858,0.120224148,dmv_candidate_cost_v0,ANALYZE dmv,True,
fd:fuel_type:suspension_indicator,fd,baseline,10,fd:fuel_type:suspension_indicator:10,3059,False,10282509003135,10282634609077,0.125605942,dmv_candidate_cost_v0,ANALYZE dmv,True,
fd:fuel_type:suspension_indicator,fd,candidate,10,fd:fuel_type:suspension_indicator:10,3060,False,10282636729761,10282762403107,0.125673346,dmv_candidate_cost_v0,ANALYZE dmv,True,
fd:fuel_type:suspension_indicator,fd,candidate,11,fd:fuel_type:suspension_indicator:11,3061,False,10282765510542,10282893052425,0.127541883,dmv_candidate_cost_v0,ANALYZE dmv,True,
fd:fuel_type:suspension_indicator,fd,baseline,11,fd:fuel_type:suspension_indicator:11,3062,False,10282894490265,10283023781591,0.129291326,dmv_candidate_cost_v0,ANALYZE dmv,True,
fd:fuel_type:suspension_indicator,fd,baseline,12,fd:fuel_type:suspension_indicator:12,3063,False,10283024283312,10283152549292,0.12826598,dmv_candidate_cost_v0,ANALYZE dmv,True,
fd:fuel_type:suspension_indicator,fd,candidate,12,fd:fuel_type:suspension_indicator:12,3064,False,10283154300488,10283279324792,0.125024304,dmv_candidate_cost_v0,ANALYZE dmv,True,
fd:fuel_type:suspension_indicator,fd,candidate,13,fd:fuel_type:suspension_indicator:13,3065,False,10283282561460,10283405500561,0.122939101,dmv_candidate_cost_v0,ANALYZE dmv,True,
fd:fuel_type:suspension_indicator,fd,baseline,13,fd:fuel_type:suspension_indicator:13,3066,False,10283406474293,10283530449164,0.123974871,dmv_candidate_cost_v0,ANALYZE dmv,True,
fd:fuel_type:suspension_indicator,fd,baseline,14,fd:fuel_type:suspension_indicator:14,3067,False,10283530907527,10283658791342,0.127883815,dmv_candidate_cost_v0,ANALYZE dmv,True,
fd:fuel_type:suspension_indicator,fd,candidate,14,fd:fuel_type:suspension_indicator:14,3068,False,10283660416709,10283785989208,0.125572499,dmv_candidate_cost_v0,ANALYZE dmv,True,
fd:fuel_type:suspension_indicator,fd,candidate,15,fd:fuel_type:suspension_indicator:15,3069,False,10283788383587,10283918220755,0.129837168,dmv_candidate_cost_v0,ANALYZE dmv,True,
fd:fuel_type:suspension_indicator,fd,baseline,15,fd:fuel_type:suspension_indicator:15,3070,False,10283919339696,10284044822681,0.125482985,dmv_candidate_cost_v0,ANALYZE dmv,True,
fd:fuel_type:suspension_indicator,fd,baseline,16,fd:fuel_type:suspension_indicator:16,3071,False,10284045242323,10284164905174,0.119662851,dmv_candidate_cost_v0,ANALYZE dmv,True,
fd:fuel_type:suspension_indicator,fd,candidate,16,fd:fuel_type:suspension_indicator:16,3072,False,10284166919814,10284291940493,0.125020679,dmv_candidate_cost_v0,ANALYZE dmv,True,
fd:fuel_type:suspension_indicator,fd,candidate,17,fd:fuel_type:suspension_indicator:17,3073,False,10284294456008,10284424205940,0.129749932,dmv_candidate_cost_v0,ANALYZE dmv,True,
fd:fuel_type:suspension_indicator,fd,baseline,17,fd:fuel_type:suspension_indicator:17,3074,False,10284425323816,10284545374548,0.120050732,dmv_candidate_cost_v0,ANALYZE dmv,True,
fd:fuel_type:suspension_indicator,fd,baseline,18,fd:fuel_type:suspension_indicator:18,3075,False,10284545834620,10284668651027,0.122816407,dmv_candidate_cost_v0,ANALYZE dmv,True,
fd:fuel_type:suspension_indicator,fd,candidate,18,fd:fuel_type:suspension_indicator:18,3076,False,10284670769589,10284801926563,0.131156974,dmv_candidate_cost_v0,ANALYZE dmv,True,
fd:fuel_type:suspension_indicator,fd,candidate,19,fd:fuel_type:suspension_indicator:19,3077,False,10284804843429,10284929382521,0.124539092,dmv_candidate_cost_v0,ANALYZE dmv,True,
fd:fuel_type:suspension_indicator,fd,baseline,19,fd:fuel_type:suspension_indicator:19,3078,False,10284930811922,10285061447361,0.130635439,dmv_candidate_cost_v0,ANALYZE dmv,True,
fd:fuel_type:suspension_indicator,fd,baseline,20,fd:fuel_type:suspension_indicator:20,3079,False,10285061975054,10285203378865,0.141403811,dmv_candidate_cost_v0,ANALYZE dmv,True,
fd:fuel_type:suspension_indicator,fd,candidate,20,fd:fuel_type:suspension_indicator:20,3080,False,10285204786750,10285331599963,0.126813213,dmv_candidate_cost_v0,ANALYZE dmv,True,
fd:fuel_type:record_type,fd,candidate,-1,fd:fuel_type:record_type:-1,3081,True,10285334449636,10285462844919,0.128395283,dmv_candidate_cost_v0,ANALYZE dmv,True,
fd:fuel_type:record_type,fd,baseline,-1,fd:fuel_type:record_type:-1,3082,True,10285464381490,10285588241680,0.12386019,dmv_candidate_cost_v0,ANALYZE dmv,True,
fd:fuel_type:record_type,fd,baseline,0,fd:fuel_type:record_type:0,3083,False,10285588518773,10285726304159,0.137785386,dmv_candidate_cost_v0,ANALYZE dmv,True,
fd:fuel_type:record_type,fd,candidate,0,fd:fuel_type:record_type:0,3084,False,10285728338279,10285889711689,0.16137341,dmv_candidate_cost_v0,ANALYZE dmv,True,
fd:fuel_type:record_type,fd,candidate,1,fd:fuel_type:record_type:1,3085,False,10285891906970,10286018976237,0.127069267,dmv_candidate_cost_v0,ANALYZE dmv,True,
fd:fuel_type:record_type,fd,baseline,1,fd:fuel_type:record_type:1,3086,False,10286020507858,10286148708788,0.12820093,dmv_candidate_cost_v0,ANALYZE dmv,True,
fd:fuel_type:record_type,fd,baseline,2,fd:fuel_type:record_type:2,3087,False,10286149149740,10286276770871,0.127621131,dmv_candidate_cost_v0,ANALYZE dmv,True,
fd:fuel_type:record_type,fd,candidate,2,fd:fuel_type:record_type:2,3088,False,10286278722390,10286403133178,0.124410788,dmv_candidate_cost_v0,ANALYZE dmv,True,
fd:fuel_type:record_type,fd,candidate,3,fd:fuel_type:record_type:3,3089,False,10286406298489,10286528979705,0.122681216,dmv_candidate_cost_v0,ANALYZE dmv,True,
fd:fuel_type:record_type,fd,baseline,3,fd:fuel_type:record_type:3,3090,False,10286529916671,10286654038783,0.124122112,dmv_candidate_cost_v0,ANALYZE dmv,True,
fd:fuel_type:record_type,fd,baseline,4,fd:fuel_type:record_type:4,3091,False,10286654466702,10286779166072,0.12469937,dmv_candidate_cost_v0,ANALYZE dmv,True,
fd:fuel_type:record_type,fd,candidate,4,fd:fuel_type:record_type:4,3092,False,10286780727282,10286904834775,0.124107493,dmv_candidate_cost_v0,ANALYZE dmv,True,
fd:fuel_type:record_type,fd,candidate,5,fd:fuel_type:record_type:5,3093,False,10286907992197,10287031995501,0.124003304,dmv_candidate_cost_v0,ANALYZE dmv,True,
fd:fuel_type:record_type,fd,baseline,5,fd:fuel_type:record_type:5,3094,False,10287032962039,10287150844909,0.11788287,dmv_candidate_cost_v0,ANALYZE dmv,True,
fd:fuel_type:record_type,fd,baseline,6,fd:fuel_type:record_type:6,3095,False,10287151352937,10287271897802,0.120544865,dmv_candidate_cost_v0,ANALYZE dmv,True,
fd:fuel_type:record_type,fd,candidate,6,fd:fuel_type:record_type:6,3096,False,10287274002449,10287408067786,0.134065337,dmv_candidate_cost_v0,ANALYZE dmv,True,
fd:fuel_type:record_type,fd,candidate,7,fd:fuel_type:record_type:7,3097,False,10287410455159,10287533577563,0.123122404,dmv_candidate_cost_v0,ANALYZE dmv,True,
fd:fuel_type:record_type,fd,baseline,7,fd:fuel_type:record_type:7,3098,False,10287534881991,10287659352669,0.124470678,dmv_candidate_cost_v0,ANALYZE dmv,True,
fd:fuel_type:record_type,fd,baseline,8,fd:fuel_type:record_type:8,3099,False,10287659892087,10287788189466,0.128297379,dmv_candidate_cost_v0,ANALYZE dmv,True,
fd:fuel_type:record_type,fd,candidate,8,fd:fuel_type:record_type:8,3100,False,10287789640618,10287923758955,0.134118337,dmv_candidate_cost_v0,ANALYZE dmv,True,
fd:fuel_type:record_type,fd,candidate,9,fd:fuel_type:record_type:9,3101,False,10287926234943,10288050955331,0.124720388,dmv_candidate_cost_v0,ANALYZE dmv,True,
fd:fuel_type:record_type,fd,baseline,9,fd:fuel_type:record_type:9,3102,False,10288052021459,10288171701779,0.11968032,dmv_candidate_cost_v0,ANALYZE dmv,True,
fd:fuel_type:record_type,fd,baseline,10,fd:fuel_type:record_type:10,3103,False,10288172024767,10288299990248,0.127965481,dmv_candidate_cost_v0,ANALYZE dmv,True,
fd:fuel_type:record_type,fd,candidate,10,fd:fuel_type:record_type:10,3104,False,10288303037662,10288439602709,0.136565047,dmv_candidate_cost_v0,ANALYZE dmv,True,
fd:fuel_type:record_type,fd,candidate,11,fd:fuel_type:record_type:11,3105,False,10288442282529,10288567315847,0.125033318,dmv_candidate_cost_v0,ANALYZE dmv,True,
fd:fuel_type:record_type,fd,baseline,11,fd:fuel_type:record_type:11,3106,False,10288569260262,10288690380117,0.121119855,dmv_candidate_cost_v0,ANALYZE dmv,True,
fd:fuel_type:record_type,fd,baseline,12,fd:fuel_type:record_type:12,3107,False,10288690971868,10288812704764,0.121732896,dmv_candidate_cost_v0,ANALYZE dmv,True,
fd:fuel_type:record_type,fd,candidate,12,fd:fuel_type:record_type:12,3108,False,10288814383571,10288940733061,0.12634949,dmv_candidate_cost_v0,ANALYZE dmv,True,
fd:fuel_type:record_type,fd,candidate,13,fd:fuel_type:record_type:13,3109,False,10288943348320,10289067907827,0.124559507,dmv_candidate_cost_v0,ANALYZE dmv,True,
fd:fuel_type:record_type,fd,baseline,13,fd:fuel_type:record_type:13,3110,False,10289068960865,10289191110028,0.122149163,dmv_candidate_cost_v0,ANALYZE dmv,True,
fd:fuel_type:record_type,fd,baseline,14,fd:fuel_type:record_type:14,3111,False,10289191487329,10289314684348,0.123197019,dmv_candidate_cost_v0,ANALYZE dmv,True,
fd:fuel_type:record_type,fd,candidate,14,fd:fuel_type:record_type:14,3112,False,10289316615084,10289446139212,0.129524128,dmv_candidate_cost_v0,ANALYZE dmv,True,
fd:fuel_type:record_type,fd,candidate,15,fd:fuel_type:record_type:15,3113,False,10289448564065,10289571665527,0.123101462,dmv_candidate_cost_v0,ANALYZE dmv,True,
fd:fuel_type:record_type,fd,baseline,15,fd:fuel_type:record_type:15,3114,False,10289574148099,10289694245526,0.120097427,dmv_candidate_cost_v0,ANALYZE dmv,True,
fd:fuel_type:record_type,fd,baseline,16,fd:fuel_type:record_type:16,3115,False,10289694660711,10289812708607,0.118047896,dmv_candidate_cost_v0,ANALYZE dmv,True,
fd:fuel_type:record_type,fd,candidate,16,fd:fuel_type:record_type:16,3116,False,10289814457413,10289941656674,0.127199261,dmv_candidate_cost_v0,ANALYZE dmv,True,
fd:fuel_type:record_type,fd,candidate,17,fd:fuel_type:record_type:17,3117,False,10289944791694,10290069680973,0.124889279,dmv_candidate_cost_v0,ANALYZE dmv,True,
fd:fuel_type:record_type,fd,baseline,17,fd:fuel_type:record_type:17,3118,False,10290070615361,10290196130220,0.125514859,dmv_candidate_cost_v0,ANALYZE dmv,True,
fd:fuel_type:record_type,fd,baseline,18,fd:fuel_type:record_type:18,3119,False,10290196853313,10290315892219,0.119038906,dmv_candidate_cost_v0,ANALYZE dmv,True,
fd:fuel_type:record_type,fd,candidate,18,fd:fuel_type:record_type:18,3120,False,10290317821225,10290439615316,0.121794091,dmv_candidate_cost_v0,ANALYZE dmv,True,
fd:fuel_type:record_type,fd,candidate,19,fd:fuel_type:record_type:19,3121,False,10290442201655,10290569738922,0.127537267,dmv_candidate_cost_v0,ANALYZE dmv,True,
fd:fuel_type:record_type,fd,baseline,19,fd:fuel_type:record_type:19,3122,False,10290571016784,10290691198201,0.120181417,dmv_candidate_cost_v0,ANALYZE dmv,True,
fd:fuel_type:record_type,fd,baseline,20,fd:fuel_type:record_type:20,3123,False,10290691656011,10290820306600,0.128650589,dmv_candidate_cost_v0,ANALYZE dmv,True,
fd:fuel_type:record_type,fd,candidate,20,fd:fuel_type:record_type:20,3124,False,10290822051374,10290943681768,0.121630394,dmv_candidate_cost_v0,ANALYZE dmv,True,
