seed,query_index,query_id,pairs,mcv_neighborhood,fd_neighborhood,candidate_neighborhood,nearest_column_jaccard,nearest_column_query,nearest_candidate_jaccard,nearest_candidate_query,max_shared_pairs,max_pair_containment,operator_compatibility_jaccard,operator_compatibility_on_shared,column_coverage,pair_coverage,candidate_coverage,mcv_coverage,fd_coverage,unseen_columns,unseen_pairs,unseen_candidates,selected_relevant,selected_candidate_coverage,selected_mcv_coverage,selected_fd_coverage,consumed_mcv,consumed_fd,consumed_any,consumed_both,relevant_support_mean,relevant_support_max,consumed_support_mean,consumed_support_max,harmful_support_mean,beneficial_support_mean,empty_qerror,train_qerror,oracle_qerror,delta,relative_improvement,outcome,oracle_gap,oracle_gap_recovery,harmful_presence,harmful_candidates,harmful_candidate_count,negative_magnitude,single_removal_repair,missing_useful,missing_candidate,no_training_signal,budget_pressure,mcv_trace,fd_trace,mechanism
0,0,query.1,15,15,9,24,0.4,query.17,0.19607843137254902,query.17,6,0.4,0.25,0.6666666666666666,1.0,1.0,1.0,1.0,1.0,0.0,0.0,0.0,3,0.125,0.2,0.0,1,0,True,False,3.75,7,6,6,,6,1.7998583054180384,1.793514070384938,1.0174759221678513,0.006344235033100443,0.0035248524920004293,positive,0.7760381482170866,0.008108867439914874,False,[],0,0.0,0.0,False,fd:486,False,False,[35],[],mcv_only
0,7,query.8,6,6,2,8,0.4,query.185,0.1,query.185,1,0.16666666666666666,0.4,1.0,1.0,1.0,1.0,1.0,1.0,0.0,0.0,0.0,0,0.0,0.0,0.0,0,0,False,False,3,5,,,,,1.361422326716653,1.361422326716653,1.001080195764987,0.0,0.0,neutral,0.3603421309516659,0.0,False,[],0,0.0,0.0,True,mcv:226,True,False,[],[],no_extstat_consumption
0,20,query.21,21,21,2,23,0.4,query.436,0.15217391304347827,query.436,6,0.2857142857142857,0.4,1.0,1.0,1.0,1.0,1.0,1.0,0.0,0.0,0.0,1,0.043478260869565216,0.047619047619047616,0.0,1,0,True,False,3.9565217391304346,7,7,7,7,,1.2914954919730355,1.3419825715589988,1.0714674783824665,-0.050487079585963324,-0.039091951849428076,negative,0.27051509317653233,-0.22945750753315594,True,"[""mcv:50""]",1,0.050487079585963324,0.050487079585963324,True,mcv:412,True,False,[50],[],mcv_only
0,31,query.32,21,21,6,27,0.2857142857142857,query.78,0.10112359550561797,query.307,6,0.2857142857142857,0.2727272727272727,1.0,1.0,1.0,1.0,1.0,1.0,0.0,0.0,0.0,1,0.037037037037037035,0.047619047619047616,0.0,1,0,True,False,3.4074074074074074,7,3,3,,3,1.2699100896416324,1.2530089425755508,1.1967219724916274,0.01690114706608159,0.013308932029078594,positive,0.05628697008392347,0.23092747462598745,False,[],0,0.0,0.0,True,mcv:383,True,False,[773],[],mcv_only
0,32,query.33,6,6,1,7,0.3333333333333333,query.209,0.075,query.209,3,0.5,0.2857142857142857,1.0,1.0,1.0,1.0,1.0,1.0,0.0,0.0,0.0,1,0.14285714285714285,0.16666666666666666,0.0,1,0,True,False,3.5714285714285716,6,6,6,6,,1.0132712793166891,1.020332647275634,1.0028701972340919,-0.007061367958944853,-0.006968881979667642,negative,0.01746245004154212,-0.6789070505231076,True,"[""mcv:112""]",1,0.007061367958944853,0.007061367958944853,False,mcv:1139,False,False,[112],[],mcv_only
0,37,query.38,15,15,5,20,0.3333333333333333,query.107,0.07692307692307693,query.396,3,0.2,0.3333333333333333,1.0,1.0,0.9333333333333333,0.95,0.9333333333333333,1.0,0.0,0.06666666666666667,0.05,2,0.1,0.06666666666666667,0.2,1,0,True,False,4.15,10,2,2,,2,2.295593288209963,2.2527053395315533,1.4054107318206417,0.042887948678409504,0.018682729601397417,positive,0.8472946077109116,0.04817882396209578,False,[],0,0.0,0.0,True,mcv:59,True,False,[1117],[],mcv_only
0,41,query.42,55,55,26,81,0.2727272727272727,query.212,0.08270676691729323,query.116,6,0.10909090909090909,0.2727272727272727,1.0,1.0,0.9818181818181818,0.9753086419753086,0.9818181818181818,0.9615384615384616,0.0,0.01818181818181818,0.024691358024691357,4,0.04938271604938271,0.01818181818181818,0.11538461538461539,1,1,True,True,3.3703703703703702,8,5,6,4,6,1.479871054306232,1.445260388712965,1.028720861966745,0.034610665593266976,0.02338762251789063,positive,0.41653952674621997,0.07671650412867989,True,"[""mcv:883""]",1,0.0,0.0,True,mcv:1292,True,False,[883],[133],mcv_fd_composed
0,46,query.47,10,10,6,16,0.3333333333333333,query.414,0.13043478260869565,query.275,3,0.3,0.3333333333333333,1.0,1.0,1.0,1.0,1.0,1.0,0.0,0.0,0.0,3,0.1875,0.2,0.16666666666666666,1,0,True,False,4.5625,9,9,9,,9,1.2777837763883686,1.271438246363919,1.003079781103087,0.006345530024449708,0.004966043662242471,positive,0.26835846526083196,0.02309951851213463,False,[],0,0.0,0.0,False,mcv:530,False,False,[40],[],mcv_only
0,47,query.48,15,15,3,18,0.375,query.90,0.13333333333333333,query.90,3,0.2,0.2857142857142857,1.0,1.0,1.0,1.0,1.0,1.0,0.0,0.0,0.0,0,0.0,0.0,0.0,0,0,False,False,4.055555555555555,7,,,,,2.418887934006248,2.418887934006248,1.5873170237439005,0.0,0.0,neutral,0.8315709102623476,0.0,False,[],0,0.0,0.0,True,mcv:1999,True,False,[],[],no_extstat_consumption
0,48,query.49,15,15,3,18,0.3333333333333333,query.2,0.11764705882352941,query.2,3,0.2,0.2222222222222222,0.6666666666666666,1.0,1.0,1.0,1.0,1.0,0.0,0.0,0.0,0,0.0,0.0,0.0,0,0,False,False,3.1666666666666665,7,,,,,1.5569468757487683,1.5569468757487683,1.00502098584757,0.0,0.0,neutral,0.5519258899011983,0.0,False,[],0,0.0,0.0,True,mcv:1262,True,False,[],[],no_extstat_consumption
0,50,query.51,45,45,11,56,0.3333333333333333,query.290,0.12612612612612611,query.290,10,0.2222222222222222,0.21428571428571427,0.75,1.0,1.0,1.0,1.0,1.0,0.0,0.0,0.0,9,0.16071428571428573,0.15555555555555556,0.18181818181818182,2,1,True,True,4.964285714285714,9,6.666666666666667,8,8,6,1.3843429200290676,1.3322421103072588,1.3636424443020652,0.05210080972180875,0.03763576854260559,positive,0.0,2.5168894864501445,True,"[""mcv:4""]",1,0.0,0.0,False,mcv:741,False,False,"[4, 65]",[174],mcv_fd_composed
0,51,query.52,55,55,24,79,0.35714285714285715,query.61,0.14018691588785046,query.61,10,0.18181818181818182,0.26666666666666666,1.0,1.0,0.9454545454545454,0.9620253164556962,0.9454545454545454,1.0,0.0,0.05454545454545454,0.0379746835443038,5,0.06329113924050633,0.07272727272727272,0.041666666666666664,1,1,True,True,3.5443037974683542,8,5,6,6,4,1.3723397198167675,2.1560574687887293,1.1919057816693728,-0.7837177489719618,-0.5710814440877675,negative,0.9641516871193565,-4.343516286452443,True,"[""mcv:221""]",1,0.7837177489719618,0.7587222049929316,True,mcv:107,True,False,[221],[121],mcv_fd_composed
0,55,query.56,21,21,8,29,0.3076923076923077,query.310,0.07894736842105263,query.310,6,0.2857142857142857,0.23076923076923078,1.0,1.0,0.9047619047619048,0.9310344827586207,0.9047619047619048,1.0,0.0,0.09523809523809523,0.06896551724137931,2,0.06896551724137931,0.047619047619047616,0.125,1,0,True,False,3.7241379310344827,7,4,4,4,,1.073772695168076,1.228152049821141,1.0047676902170302,-0.15437935465306496,-0.14377284442765625,negative,0.22338435960411074,-2.2372196735959413,True,"[""mcv:385""]",1,0.15437935465306496,0.15437935465306496,False,mcv:1407,False,False,[385],[],mcv_only
0,63,query.64,10,10,4,14,0.375,query.18,0.16129032258064516,query.18,3,0.3,0.375,1.0,1.0,0.9,0.9285714285714286,0.9,1.0,0.0,0.1,0.07142857142857142,2,0.14285714285714285,0.1,0.25,1,1,True,True,2,4,2,3,,2,1.7331344217907005,1.3491695032898614,1.2371418076478875,0.38396491850083914,0.22154364582068645,positive,0.1120276956419739,0.7741343470696979,False,[],0,0.0,0.0,True,mcv:1962,False,True,[1429],[687],mcv_fd_composed
0,71,query.72,21,21,6,27,0.375,query.225,0.125,query.225,3,0.14285714285714285,0.25,0.6666666666666666,1.0,0.9047619047619048,0.8888888888888888,0.9047619047619048,0.8333333333333334,0.0,0.09523809523809523,0.1111111111111111,1,0.037037037037037035,0.047619047619047616,0.0,1,0,True,False,3.2962962962962963,8,3,3,,3,7.511368534404937,1.592532803376538,1.5877110755435346,5.918835731028399,0.7879836682114412,positive,0.004821727833003386,0.9991860218342318,False,[],0,0.0,0.0,True,fd:554,True,False,[973],[],mcv_only
0,72,query.73,21,21,5,26,0.3333333333333333,query.144,0.11764705882352941,query.453,6,0.2857142857142857,0.3333333333333333,1.0,1.0,0.9523809523809523,0.9615384615384616,0.9523809523809523,1.0,0.0,0.047619047619047616,0.038461538461538464,0,0.0,0.0,0.0,0,0,False,False,3.3076923076923075,8,,,,,4.593953655574878,4.593953655574878,1.4331571362052362,0.0,0.0,neutral,3.160796519369642,0.0,False,[],0,0.0,0.0,True,mcv:2201,True,False,[],[],no_extstat_consumption
0,75,query.76,6,6,5,11,0.25,query.20,0.06666666666666667,query.44,1,0.16666666666666666,0.25,1.0,1.0,1.0,1.0,1.0,1.0,0.0,0.0,0.0,1,0.09090909090909091,0.16666666666666666,0.0,1,0,True,False,2.5454545454545454,4,4,4,4,,1.1412350189642961,1.2706900450400291,1.2831071702357246,-0.129455026075733,-0.11343415153279926,negative,0.0,,True,"[""mcv:721""]",1,0.129455026075733,0.129455026075733,False,mcv:226,False,False,[721],[],mcv_only
0,97,query.98,15,15,4,19,0.2727272727272727,query.140,0.08,query.396,3,0.2,0.2727272727272727,1.0,1.0,1.0,1.0,1.0,1.0,0.0,0.0,0.0,0,0.0,0.0,0.0,0,0,False,False,3.9473684210526314,9,,,,,1.2269656106766704,1.2269656106766704,1.0033115507040786,0.0,0.0,neutral,0.2236540599725918,0.0,False,[],0,0.0,0.0,True,mcv:1,True,False,[],[],no_extstat_consumption
0,104,query.105,28,28,14,42,0.4,query.179,0.16363636363636364,query.179,6,0.21428571428571427,0.25,1.0,1.0,1.0,1.0,1.0,1.0,0.0,0.0,0.0,5,0.11904761904761904,0.10714285714285714,0.14285714285714285,1,1,True,True,4.333333333333333,9,7,8,,7,1.0178365946733003,1.0422506467476145,1.000040480954639,-0.02441405207431413,-0.023986219597606842,negative,0.04221016579297543,-1.3718754813705842,False,[],0,0.02441405207431413,0.0,True,fd:53,True,False,[270],[5],mcv_fd_composed
0,111,query.112,6,6,0,6,0.5,query.78,0.16666666666666666,query.78,3,0.5,0.2857142857142857,1.0,1.0,1.0,1.0,1.0,1.0,0.0,0.0,0.0,0,0.0,0.0,0.0,0,0,False,False,4.333333333333333,7,,,,,1.0041905342427915,1.0041905342427915,1.0028447030611933,0.0,0.0,neutral,0.001345831181598145,0.0,False,[],0,0.0,0.0,True,mcv:100,True,False,[],[],no_extstat_consumption
0,113,query.114,15,15,8,23,0.42857142857142855,query.225,0.18518518518518517,query.432,3,0.2,0.3333333333333333,1.0,1.0,1.0,1.0,1.0,1.0,0.0,0.0,0.0,1,0.043478260869565216,0.0,0.125,0,0,False,False,3.4347826086956523,7,,,,,1.071909128836779,1.071909128836779,1.0431158329124932,0.0,0.0,neutral,0.02879329592428581,0.0,False,[],0,0.0,0.0,True,mcv:983,True,False,[],[],no_extstat_consumption
0,122,query.123,28,28,8,36,0.38461538461538464,query.269,0.15384615384615385,query.269,10,0.35714285714285715,0.3076923076923077,0.8,1.0,1.0,1.0,1.0,1.0,0.0,0.0,0.0,7,0.19444444444444445,0.21428571428571427,0.125,2,0,True,False,3.8333333333333335,8,4,5,,4,12.723366105389394,14.610205578724473,1.241350112374637,-1.8868394733350797,-0.14829719255943188,negative,13.368855466349837,-0.164329981292742,False,[],0,1.8868394733350797,0.0,True,mcv:226,True,False,"[86, 939]",[],mcv_only
0,124,query.125,10,10,3,13,0.3,query.308,0.09090909090909091,query.308,3,0.3,0.2222222222222222,1.0,1.0,1.0,1.0,1.0,1.0,0.0,0.0,0.0,1,0.07692307692307693,0.0,0.3333333333333333,0,1,True,False,3.6923076923076925,7,6,6,6,,4.6204579103813055,4.6332338332052,1.0014563150072442,-0.01277592282389417,-0.0027650772005062656,negative,3.6317775181979552,-0.0035302340955651462,True,"[""fd:52""]",1,0.01277592282389417,0.01277592282389417,True,mcv:83,True,False,[],[52],fd_only
0,128,query.129,10,10,6,16,0.3333333333333333,query.436,0.12195121951219512,query.436,3,0.3,0.2222222222222222,1.0,1.0,1.0,1.0,1.0,1.0,0.0,0.0,0.0,1,0.0625,0.1,0.0,1,0,True,False,3.4375,6,3,3,3,,1.0360210902774918,1.2678307261071504,1.0263134062483659,-0.23180963582965863,-0.22374991977004047,negative,0.24151731985878455,-23.878984434821042,True,"[""mcv:1209""]",1,0.23180963582965863,0.23180963582965863,False,mcv:1957,False,False,[1209],[],mcv_only
0,132,query.133,10,10,3,13,0.3,query.141,0.1,query.93,3,0.3,0.18181818181818182,1.0,1.0,1.0,1.0,1.0,1.0,0.0,0.0,0.0,3,0.23076923076923078,0.2,0.3333333333333333,1,0,True,False,3.3846153846153846,7,3,3,,3,4.1061042659614255,3.2681003126693136,1.5739505959406157,0.838003953292112,0.20408735361129393,positive,1.6941497167286979,0.3309451409737013,False,[],0,0.0,0.0,False,mcv:1213,False,False,[794],[],mcv_only
0,133,query.134,45,45,18,63,0.3076923076923077,query.120,0.11764705882352941,query.120,10,0.2222222222222222,0.25,1.0,1.0,0.9777777777777777,0.9682539682539683,0.9777777777777777,0.9444444444444444,0.0,0.022222222222222223,0.031746031746031744,6,0.09523809523809523,0.08888888888888889,0.1111111111111111,2,0,True,False,3.761904761904762,8,6,7,7,5,2.249236334764908,2.279369449195993,1.1813696677621117,-0.030133114431084795,-0.013397042349591215,negative,1.097999781433881,-0.028218049464602202,True,"[""mcv:170""]",1,0.030133114431084795,0.030133114431084795,True,mcv:703,True,False,"[96, 170]",[],mcv_only
0,144,query.145,6,6,3,9,0.4,query.178,0.13333333333333333,query.396,3,0.5,0.3333333333333333,1.0,1.0,1.0,1.0,1.0,1.0,0.0,0.0,0.0,1,0.1111111111111111,0.0,0.3333333333333333,0,0,False,False,6.111111111111111,10,,,,,1.7299057312739659,1.7299057312739659,1.2256586661742443,0.0,0.0,neutral,0.5042470650997215,0.0,False,[],0,0.0,0.0,True,mcv:1,True,False,[],[],no_extstat_consumption
0,149,query.150,36,36,12,48,0.3076923076923077,query.352,0.1388888888888889,query.352,6,0.16666666666666666,0.23076923076923078,1.0,1.0,0.9166666666666666,0.9375,0.9166666666666666,1.0,0.0,0.08333333333333333,0.0625,2,0.041666666666666664,0.05555555555555555,0.0,1,0,True,False,3.625,7,5,5,,5,6.538092856752774,6.018214872033508,3.650516212293459,0.5198779847192663,0.07951523419896336,positive,2.367698659740049,0.18003954482621565,False,[],0,0.0,0.0,True,mcv:107,True,False,[411],[],mcv_only
0,154,query.155,6,6,1,7,0.3,query.99,0.06382978723404255,query.99,3,0.5,0.25,1.0,1.0,1.0,1.0,1.0,1.0,0.0,0.0,0.0,1,0.14285714285714285,0.16666666666666666,0.0,1,0,True,False,4.714285714285714,8,8,8,,8,1.2042282039296783,1.005759752935527,1.005759752935527,0.19846845099415122,0.1648096684220667,positive,0.0,1.0,False,[],0,0.0,0.0,False,,False,False,[4],[],mcv_only
0,155,query.156,36,36,13,49,0.2727272727272727,query.132,0.08620689655172414,query.132,3,0.08333333333333333,0.2727272727272727,1.0,1.0,0.9444444444444444,0.9591836734693877,0.9444444444444444,1.0,0.0,0.05555555555555555,0.04081632653061224,3,0.061224489795918366,0.05555555555555555,0.07692307692307693,2,1,True,True,2.938775510204082,6,3.3333333333333335,4,2,4,1.1544263621152548,1.79674752730762,1.0475245981855512,-0.6423211651923653,-0.5563985597274828,negative,0.7492229291220689,-6.008517928803703,True,"[""mcv:1757""]",1,0.6423211651923653,0.6423211651923653,True,mcv:274,True,False,"[196, 1757]",[85],mcv_fd_composed
0,158,query.159,78,78,20,98,0.35714285714285715,query.181,0.12686567164179105,query.332,10,0.1282051282051282,0.21428571428571427,1.0,1.0,0.9743589743589743,0.9795918367346939,0.9743589743589743,1.0,0.0,0.02564102564102564,0.02040816326530612,10,0.10204081632653061,0.07692307692307693,0.2,3,0,True,False,3.693877551020408,9,6,7,,6,3.691691133402734,3.722746321369902,1.160683467758631,-0.03105518796716833,-0.008412184780622181,negative,2.562062853611271,-0.012269890916851593,False,[],0,0.03105518796716833,0.0,True,mcv:37,True,False,"[31, 120, 190]",[],mcv_only
0,161,query.162,28,28,11,39,0.3333333333333333,query.67,0.12121212121212122,query.67,6,0.21428571428571427,0.25,1.0,1.0,1.0,1.0,1.0,1.0,0.0,0.0,0.0,5,0.1282051282051282,0.17857142857142858,0.0,2,0,True,False,3.6666666666666665,8,6,6,6,,1.1227085463811601,2.6614506889173493,1.0003289389543333,-1.5387421425361891,-1.3705624202256543,negative,1.661121749963016,-12.573517556478787,True,"[""mcv:35"", ""mcv:126""]",2,1.5387421425361891,1.4537025789855382,False,fd:15,False,False,"[35, 126]",[],mcv_only
0,163,query.164,10,10,4,14,0.42857142857142855,query.247,0.21739130434782608,query.247,3,0.3,0.2727272727272727,1.0,1.0,1.0,1.0,1.0,1.0,0.0,0.0,0.0,0,0.0,0.0,0.0,0,0,False,False,3.857142857142857,5,,,,,1.0259696079300447,1.0259696079300447,1.0259696139758547,0.0,0.0,neutral,0.0,,False,[],0,0.0,0.0,False,mcv:59,False,False,[],[],no_extstat_consumption
0,166,query.167,28,28,12,40,0.3333333333333333,query.243,0.1388888888888889,query.243,6,0.21428571428571427,0.25,0.75,1.0,0.9285714285714286,0.925,0.9285714285714286,0.9166666666666666,0.0,0.07142857142857142,0.075,3,0.075,0.07142857142857142,0.08333333333333333,1,0,True,False,3.1,6,4,4,,4,1.8986137464319348,1.8972444857496533,1.214429715695408,0.0013692606822814923,0.0007211897021470239,positive,0.6828147700542453,0.0020013046501647777,False,[],0,0.0,0.0,True,mcv:1003,True,False,[196],[],mcv_only
0,169,query.170,28,28,16,44,0.3333333333333333,query.142,0.1232876712328767,query.142,6,0.21428571428571427,0.25,0.75,1.0,0.9642857142857143,0.9545454545454546,0.9642857142857143,0.9375,0.0,0.03571428571428571,0.045454545454545456,5,0.11363636363636363,0.14285714285714285,0.0625,1,0,True,False,3.5681818181818183,8,5,5,,5,6.751731561651183,6.75173174613404,2.6902814710724265,-1.8448285743488668e-07,-2.732378438780379e-08,negative,4.061450275061613,-4.5422903967926864e-08,False,[],0,1.8448285743488668e-07,0.0,True,mcv:597,True,False,[422],[],mcv_only
0,170,query.171,6,6,0,6,0.4,query.185,0.125,query.185,1,0.16666666666666666,0.4,1.0,1.0,1.0,1.0,1.0,1.0,0.0,0.0,0.0,1,0.16666666666666666,0.16666666666666666,0.0,1,0,True,False,3.5,8,1,1,1,,1.007685858226624,1.3274741635906082,1.007685858226624,-0.3197883053639843,-0.31734920437085795,negative,0.3197883053639843,,True,"[""mcv:1536""]",1,0.3197883053639843,0.3197883053639843,False,,False,False,[1536],[],mcv_only
0,181,query.182,1,1,1,2,0.4,query.119,0.11764705882352941,query.119,1,1.0,0.4,1.0,1.0,1.0,1.0,1.0,1.0,0.0,0.0,0.0,0,0.0,0.0,0.0,0,0,False,False,3,3,,,,,1.000229295688476,1.000229295688476,1.0000299438657871,0.0,0.0,neutral,0.00019935182268882023,0.0,False,[],0,0.0,0.0,True,fd:352,True,False,[],[],no_extstat_consumption
0,183,query.184,45,45,15,60,0.3076923076923077,query.54,0.10666666666666667,query.54,6,0.13333333333333333,0.23076923076923078,1.0,1.0,0.9555555555555556,0.9666666666666667,0.9555555555555556,1.0,0.0,0.044444444444444446,0.03333333333333333,3,0.05,0.044444444444444446,0.06666666666666667,2,1,True,True,3.4166666666666665,9,3.3333333333333335,4,4,3,4167.571901046825,102.43124991214384,4.248326404880979,4065.140651134681,0.9754218397800372,positive,98.18292350726286,0.9764171768667519,True,"[""fd:121""]",1,0.0,0.0,True,mcv:530,True,False,"[833, 1268]",[121],mcv_fd_composed
0,197,query.198,6,6,2,8,0.4,query.221,0.14285714285714285,query.177,3,0.5,0.3333333333333333,1.0,1.0,1.0,1.0,1.0,1.0,0.0,0.0,0.0,0,0.0,0.0,0.0,0,0,False,False,3.875,6,,,,,1.3452710620957011,1.3452710620957011,1.3015668061399928,0.0,0.0,neutral,0.04370425595570837,0.0,False,[],0,0.0,0.0,True,mcv:1987,True,False,[],[],no_extstat_consumption
0,204,query.205,21,21,5,26,0.3,query.280,0.11904761904761904,query.280,3,0.14285714285714285,0.23076923076923078,1.0,1.0,1.0,1.0,1.0,1.0,0.0,0.0,0.0,1,0.038461538461538464,0.0,0.2,0,0,False,False,3.730769230769231,7,,,,,1.0260063413361096,1.0260063413361096,1.005615920885946,0.0,0.0,neutral,0.020390420450163482,0.0,False,[],0,0.0,0.0,False,mcv:431,False,False,[],[],no_extstat_consumption
0,207,query.208,10,10,2,12,0.3333333333333333,query.239,0.0625,query.124,3,0.3,0.3333333333333333,1.0,1.0,0.9,0.9166666666666666,0.9,1.0,0.0,0.1,0.08333333333333333,2,0.16666666666666666,0.2,0.0,1,0,True,False,2.9166666666666665,6,3,3,3,,2.2246863927113885,1.638746375352157,1.2791299328834036,0.5859400173592315,0.2633809508067802,positive,0.35961644246875335,0.619677451588481,True,"[""mcv:990""]",1,0.0,0.0,True,mcv:665,True,False,[990],[],mcv_only
0,215,query.216,10,10,3,13,0.375,query.405,0.15625,query.405,3,0.3,0.25,1.0,1.0,1.0,1.0,1.0,1.0,0.0,0.0,0.0,1,0.07692307692307693,0.1,0.0,1,0,True,False,3.3846153846153846,5,5,5,,5,1.1020150765754246,1.0343660574592222,1.1018629423312258,0.06764901911620247,0.061386654823657856,positive,0.0,444.666613177527,False,[],0,0.0,0.0,False,fd:447,False,False,[86],[],mcv_only
0,222,query.223,28,28,11,39,0.4,query.457,0.14,query.457,6,0.21428571428571427,0.3333333333333333,1.0,1.0,0.9642857142857143,0.9487179487179487,0.9642857142857143,0.9090909090909091,0.0,0.03571428571428571,0.05128205128205128,4,0.10256410256410256,0.07142857142857142,0.18181818181818182,1,1,True,True,3.769230769230769,9,4.5,6,,4.5,1.53791771174424,1.4228903581266055,1.161642324665494,0.1150273536176345,0.07479421866282783,positive,0.26124803346111136,0.30569991439158867,False,[],0,0.0,0.0,True,mcv:1111,False,True,[166],[422],mcv_fd_composed
0,226,query.227,10,10,2,12,0.3,query.5,0.1,query.128,3,0.3,0.3,1.0,1.0,1.0,1.0,1.0,1.0,0.0,0.0,0.0,2,0.16666666666666666,0.1,0.5,1,0,True,False,4.916666666666667,7,7,7,,7,1.2123481037672674,1.1667380366188664,1.0819413138054927,0.04561006714840099,0.03762126323839798,positive,0.08479672281337369,0.34975224190220755,False,[],0,0.0,0.0,False,mcv:440,False,False,[50],[],mcv_only
0,229,query.230,6,6,2,8,0.3333333333333333,query.308,0.10256410256410256,query.308,3,0.5,0.2222222222222222,1.0,1.0,1.0,1.0,1.0,1.0,0.0,0.0,0.0,2,0.25,0.16666666666666666,0.5,1,0,True,False,5,8,5,5,,5,5.494561748237695,1.0935268752460912,1.0935268737080168,4.401034872991604,0.8009801463061499,positive,1.5380743345616565e-09,0.9999999996505198,False,[],0,0.0,0.0,True,mcv:82,True,False,[96],[],mcv_only
0,241,query.242,10,10,0,10,0.2857142857142857,query.9,0.0625,query.9,3,0.3,0.25,1.0,1.0,1.0,1.0,1.0,1.0,0.0,0.0,0.0,0,0.0,0.0,0.0,0,0,False,False,3.1,5,,,,,1.1247139287885473,1.1247139287885473,1.0388513661174146,0.0,0.0,neutral,0.08586256267113268,0.0,False,[],0,0.0,0.0,True,mcv:1552,True,False,[],[],no_extstat_consumption
0,244,query.245,28,28,15,43,0.36363636363636365,query.176,0.140625,query.176,6,0.21428571428571427,0.3,1.0,1.0,1.0,1.0,1.0,1.0,0.0,0.0,0.0,5,0.11627906976744186,0.10714285714285714,0.13333333333333333,3,0,True,False,4.116279069767442,9,3.3333333333333335,4,3,4,2.1609480081565153,1.5543164554512119,1.5485418336605994,0.6066315527053034,0.28072473304103934,positive,0.0057746217906125,0.9905706016184999,True,"[""mcv:196"", ""mcv:863""]",2,0.0,0.0,False,mcv:1261,False,False,"[196, 835, 863]",[],mcv_only
0,248,query.249,10,10,2,12,0.3333333333333333,query.443,0.08620689655172414,query.46,3,0.3,0.3333333333333333,1.0,1.0,1.0,1.0,1.0,1.0,0.0,0.0,0.0,2,0.16666666666666666,0.2,0.0,2,0,True,False,2.9166666666666665,4,3,3,,3,1.0891813943392405,1.0891813550003833,1.0334552035898177,3.933885728280018e-08,3.611781975642851e-08,positive,0.05572615141056558,7.059312103296347e-07,False,[],0,0.0,0.0,False,mcv:2005,False,False,"[833, 1457]",[],mcv_only
0,250,query.251,21,21,6,27,0.4444444444444444,query.252,0.18421052631578946,query.252,6,0.2857142857142857,0.2727272727272727,0.75,1.0,1.0,1.0,1.0,1.0,0.0,0.0,0.0,2,0.07407407407407407,0.047619047619047616,0.16666666666666666,1,0,True,False,3.925925925925926,9,5,5,,5,1.6289605008102637,1.6213327183175967,1.3502222049096393,0.007627782492666935,0.004682607398321069,positive,0.27111051340795744,0.027365391138741795,False,[],0,0.0,0.0,True,mcv:56,True,False,[469],[],mcv_only
0,252,query.253,36,36,13,49,0.2857142857142857,query.60,0.08333333333333333,query.188,6,0.16666666666666666,0.2857142857142857,1.0,1.0,0.9722222222222222,0.9795918367346939,0.9722222222222222,1.0,0.0,0.027777777777777776,0.02040816326530612,6,0.12244897959183673,0.16666666666666666,0.0,3,0,True,False,4.122448979591836,9,5,6,5,5,1.1175142512059266,1.119699055680887,1.0946218559729828,-0.002184804474960389,-0.0019550573718435655,negative,0.02507719970790423,-0.09543800256498694,True,"[""mcv:425""]",1,0.002184804474960389,0.002184804474960389,False,mcv:862,False,False,"[35, 425, 629]",[],mcv_only
0,258,query.259,28,28,16,44,0.3333333333333333,query.303,0.1506849315068493,query.303,6,0.21428571428571427,0.3333333333333333,1.0,1.0,0.9642857142857143,0.9772727272727273,0.9642857142857143,1.0,0.0,0.03571428571428571,0.022727272727272728,6,0.13636363636363635,0.14285714285714285,0.125,3,0,True,False,3.477272727272727,7,4.666666666666667,6,4.666666666666667,,2.1403758785806284,2.315554134505281,1.037425005196655,-0.17517825592465242,-0.08184462256265958,negative,1.2781291293086259,-0.15882688898662045,True,"[""mcv:166"", ""mcv:751"", ""mcv:829""]",3,0.17517825592465242,0.174978707060772,True,mcv:123,True,False,"[166, 751, 829]",[],mcv_only
0,260,query.261,3,3,0,3,0.375,query.326,0.08571428571428572,query.326,3,1.0,0.375,1.0,1.0,1.0,1.0,1.0,1.0,0.0,0.0,0.0,0,0.0,0.0,0.0,0,0,False,False,4,7,,,,,1.0055364966647922,1.0055364966647922,1.0020051853785306,0.0,0.0,neutral,0.003531311286261607,0.0,False,[],0,0.0,0.0,True,mcv:115,True,False,[],[],no_extstat_consumption
0,261,query.262,21,21,11,32,0.3333333333333333,query.219,0.14634146341463414,query.219,6,0.2857142857142857,0.3333333333333333,1.0,1.0,1.0,1.0,1.0,1.0,0.0,0.0,0.0,0,0.0,0.0,0.0,0,0,False,False,4.40625,9,,,,,1.0147065572289062,1.0147065572289062,1.001747406048377,0.0,0.0,neutral,0.01295915118052915,0.0,False,[],0,0.0,0.0,True,mcv:201,True,False,[],[],no_extstat_consumption
0,266,query.267,36,36,14,50,0.3333333333333333,query.95,0.11594202898550725,query.206,6,0.16666666666666666,0.21428571428571427,1.0,1.0,1.0,1.0,1.0,1.0,0.0,0.0,0.0,5,0.1,0.05555555555555555,0.21428571428571427,2,0,True,False,4.18,8,7,7,,7,1.3205672307151186,1.2682517439114769,1.0961342482160903,0.05231548680364173,0.039615920785276225,positive,0.1721174956953866,0.23310070659453197,False,[],0,0.0,0.0,True,mcv:665,True,False,"[31, 109]",[],mcv_only
0,272,query.273,45,45,8,53,0.3333333333333333,query.41,0.1076923076923077,query.41,6,0.13333333333333333,0.25,0.75,1.0,0.9555555555555556,0.9622641509433962,0.9555555555555556,1.0,0.0,0.044444444444444446,0.03773584905660377,8,0.1509433962264151,0.1111111111111111,0.375,2,0,True,False,3.339622641509434,9,3.5,4,3,4,1.7178249880564123,1.711411387637321,1.1685976203211605,0.0064136004190913365,0.003733558694094813,positive,0.5428137673161604,0.011677496053297426,True,"[""mcv:706""]",1,0.0,0.0,True,mcv:105,True,False,"[706, 824]",[],mcv_only
0,276,query.277,21,21,5,26,0.375,query.40,0.1095890410958904,query.381,6,0.2857142857142857,0.3,1.0,1.0,1.0,1.0,1.0,1.0,0.0,0.0,0.0,5,0.19230769230769232,0.23809523809523808,0.0,2,0,True,False,4.1923076923076925,8,6,8,4,8,1.1529924490834003,1.2962588191461748,1.0177943369786122,-0.14326637006277454,-0.1242561216915754,negative,0.2784644821675626,-1.0596772975034816,True,"[""mcv:841""]",1,0.14326637006277454,0.14326637006277454,False,mcv:1667,False,False,"[4, 841]",[],mcv_only
0,278,query.279,15,15,3,18,0.3333333333333333,query.310,0.109375,query.310,6,0.4,0.2222222222222222,1.0,1.0,0.9333333333333333,0.8888888888888888,0.9333333333333333,0.6666666666666666,0.0,0.06666666666666667,0.1111111111111111,2,0.1111111111111111,0.13333333333333333,0.0,2,0,True,False,3.3333333333333335,8,3.5,5,5,2,1.199753356942815,1.128500100716844,1.128500107608688,0.0712532562259709,0.0593899202812292,positive,0.0,1.0000000967232239,True,"[""mcv:96""]",1,0.0,0.0,False,mcv:993,False,False,"[96, 838]",[],mcv_only
0,280,query.281,28,28,7,35,0.2727272727272727,query.136,0.10204081632653061,query.136,6,0.21428571428571427,0.2727272727272727,1.0,1.0,1.0,1.0,1.0,1.0,0.0,0.0,0.0,3,0.08571428571428572,0.03571428571428571,0.2857142857142857,1,0,True,False,3.7714285714285714,7,5,5,,5,1.7507612612827994,1.7327563784459765,1.1589973959497952,0.01800488283682289,0.010284030858456703,positive,0.5737589824961813,0.03042578956167081,False,[],0,0.0,0.0,True,mcv:701,False,True,[365],[],mcv_only
0,282,query.283,21,21,13,34,0.3076923076923077,query.7,0.12790697674418605,query.7,6,0.2857142857142857,0.3076923076923077,1.0,1.0,1.0,1.0,1.0,1.0,0.0,0.0,0.0,4,0.11764705882352941,0.14285714285714285,0.07692307692307693,2,0,True,False,3.5294117647058822,9,3,3,3,3,1.4880103185476843,1.4687773162106155,1.2891336771726043,0.019233002337068816,0.012925315165717705,positive,0.17964363903801117,0.09670820164744992,True,"[""mcv:879""]",1,0.0,0.0,True,mcv:1595,False,True,"[879, 973]",[],mcv_only
0,286,query.287,10,10,4,14,0.4,query.85,0.08571428571428572,query.91,3,0.3,0.4,1.0,1.0,1.0,1.0,1.0,1.0,0.0,0.0,0.0,1,0.07142857142857142,0.0,0.25,0,1,True,False,4.071428571428571,7,4,4,,4,1.018822758625483,1.0183589606642347,1.0100354891722536,0.0004637979612482912,0.00045522929019961393,positive,0.008323471491981094,0.05278066909372423,False,[],0,0.0,0.0,True,mcv:169,True,False,[],[121],fd_only
0,290,query.291,10,10,6,16,0.375,query.288,0.14705882352941177,query.288,3,0.3,0.3333333333333333,1.0,1.0,1.0,1.0,1.0,1.0,0.0,0.0,0.0,2,0.125,0.1,0.16666666666666666,1,1,True,True,3.1875,5,3.5,5,2,5,1.1653736602971028,1.208771159596954,1.0010799193587665,-0.04339749929985115,-0.03723912833999295,negative,0.2076912402381874,-0.2641457857858344,True,"[""fd:655""]",1,0.04339749929985115,0.04339749929985115,True,mcv:619,True,False,[584],[655],mcv_fd_composed
0,298,query.299,15,15,3,18,0.3333333333333333,query.44,0.11428571428571428,query.44,3,0.2,0.3333333333333333,1.0,1.0,0.8,0.8333333333333334,0.8,1.0,0.0,0.2,0.16666666666666666,3,0.16666666666666666,0.2,0.0,1,0,True,False,2.611111111111111,5,4,4,4,,1.6852146193154014,1.5568282650987149,1.3604175679861283,0.12838635421668654,0.07618397843524642,positive,0.19641069711258652,0.39528177269851783,True,"[""mcv:565""]",1,0.0,0.0,True,mcv:87,True,False,[565],[],mcv_only
0,308,query.309,10,10,4,14,0.5,query.391,0.3333333333333333,query.391,3,0.3,0.3333333333333333,1.0,1.0,1.0,1.0,1.0,1.0,0.0,0.0,0.0,1,0.07142857142857142,0.0,0.25,0,1,True,False,3.5714285714285716,6,3,3,3,,1.0143636002674254,1.0149404629987528,1.0134601109030914,-0.0005768627313273988,-0.0005686942346662632,negative,0.0014803520956614413,-0.6384831455681844,True,"[""fd:404""]",1,0.0005768627313273988,0.0005768627313273988,True,mcv:999,True,False,[],[404],fd_only
0,312,query.313,3,3,3,6,0.3333333333333333,query.272,0.1111111111111111,query.272,1,0.3333333333333333,0.3333333333333333,1.0,1.0,1.0,1.0,1.0,1.0,0.0,0.0,0.0,0,0.0,0.0,0.0,0,0,False,False,1.6666666666666667,3,,,,,1.3109994827145597,1.3109994827145597,1.0079521523827581,0.0,0.0,neutral,0.30304733033180153,0.0,False,[],0,0.0,0.0,True,mcv:1377,True,False,[],[],no_extstat_consumption
0,313,query.314,15,15,8,23,0.3333333333333333,query.118,0.1282051282051282,query.118,3,0.2,0.3,1.0,1.0,0.9333333333333333,0.9565217391304348,0.9333333333333333,1.0,0.0,0.06666666666666667,0.043478260869565216,1,0.043478260869565216,0.06666666666666667,0.0,1,0,True,False,3.8260869565217392,7,2,2,,2,1.182296157953929,1.177004566017904,1.008005743744011,0.00529159193602502,0.004475690714569013,positive,0.16899882227389296,0.030360774343285154,False,[],0,0.0,0.0,True,mcv:95,True,False,[863],[],mcv_only
0,316,query.317,6,6,2,8,0.2857142857142857,query.188,0.09090909090909091,query.188,3,0.5,0.25,1.0,1.0,1.0,1.0,1.0,1.0,0.0,0.0,0.0,1,0.125,0.16666666666666666,0.0,1,0,True,False,4,6,6,6,6,,1.2708821388678673,1.275377656980316,1.0007496438910035,-0.004495518112448638,-0.0035373210268368036,negative,0.2746280130893124,-0.016641900534157022,True,"[""mcv:35""]",1,0.004495518112448638,0.004495518112448638,False,mcv:960,False,False,[35],[],mcv_only
0,320,query.321,28,28,9,37,0.3,query.337,0.08333333333333333,query.337,3,0.10714285714285714,0.23076923076923078,1.0,1.0,0.9285714285714286,0.9459459459459459,0.9285714285714286,1.0,0.0,0.07142857142857142,0.05405405405405406,2,0.05405405405405406,0.03571428571428571,0.1111111111111111,1,1,True,True,3.027027027027027,6,4,6,4,,1.1696456014041676,1.1927505139521928,1.0003591375664949,-0.023104912548025158,-0.019753772014606433,negative,0.19239137638569792,-0.13648411115835138,True,"[""mcv:126"", ""fd:613""]",2,0.023104912548025158,0.023104912548025158,False,fd:495,False,False,[126],[613],mcv_fd_composed
0,327,query.328,21,21,4,25,0.3,query.29,0.10416666666666667,query.231,6,0.2857142857142857,0.3,1.0,1.0,0.9523809523809523,0.96,0.9523809523809523,1.0,0.0,0.047619047619047616,0.04,1,0.04,0.0,0.25,0,1,True,False,4.08,8,5,5,5,,1.0464896401796873,1.0471291715878313,1.0421002799415087,-0.0006395314081439896,-0.0006111206299511756,negative,0.005028891646322586,-0.14570036940266462,True,"[""fd:188""]",1,0.0006395314081439896,0.0006395314081439896,True,mcv:482,True,False,[],[188],fd_only
0,342,query.343,36,36,6,42,0.3,query.200,0.0963855421686747,query.430,6,0.16666666666666666,0.2,1.0,1.0,1.0,1.0,1.0,1.0,0.0,0.0,0.0,1,0.023809523809523808,0.027777777777777776,0.0,1,0,True,False,3.119047619047619,6,2,2,,2,2.839222257287797,2.763412546663513,1.1111523514096362,0.07580971062428432,0.026700872194733532,positive,1.6522601952538767,0.043869585580080896,False,[],0,0.0,0.0,True,mcv:1076,True,False,[1101],[],mcv_only
0,350,query.351,6,6,5,11,0.3,query.163,0.10526315789473684,query.163,3,0.5,0.25,1.0,1.0,1.0,1.0,1.0,1.0,0.0,0.0,0.0,1,0.09090909090909091,0.0,0.2,0,1,True,False,2.727272727272727,7,1,1,,1,1.0138763427326596,1.0115858310457053,1.0115522369300023,0.0022905116869542663,0.002259162770067939,positive,3.359411570302839e-05,0.9855453587075863,False,[],0,0.0,0.0,True,fd:272,False,True,[],[568],fd_only
0,360,query.361,36,36,11,47,0.2727272727272727,query.137,0.09090909090909091,query.152,6,0.16666666666666666,0.23076923076923078,1.0,1.0,0.9722222222222222,0.9787234042553191,0.9722222222222222,1.0,0.0,0.027777777777777776,0.02127659574468085,3,0.06382978723404255,0.05555555555555555,0.09090909090909091,2,0,True,False,3.234042553191489,10,4,5,3,5,4.409735916266321,8.443783086724347,1.0317949730508165,-4.034047170458026,-0.9148047064626974,negative,7.41198811367353,-1.1942325926568642,True,"[""mcv:1099""]",1,4.034047170458026,4.034047170458026,True,mcv:498,True,False,"[512, 1099]",[],mcv_only
0,361,query.362,28,28,9,37,0.2727272727272727,query.181,0.07547169811320754,query.181,3,0.10714285714285714,0.2727272727272727,1.0,1.0,1.0,1.0,1.0,1.0,0.0,0.0,0.0,5,0.13513513513513514,0.14285714285714285,0.1111111111111111,2,0,True,False,3.5135135135135136,7,5,7,,7,2.5774864819605887,1.449633966173371,1.0641363918678755,1.1278525157872177,0.4375784407332008,positive,0.3854975743054956,0.7452687406376151,False,[],0,0.0,0.0,True,mcv:105,True,False,"[31, 706]",[],mcv_only
0,363,query.364,45,45,17,62,0.3076923076923077,query.232,0.1,query.232,6,0.13333333333333333,0.25,1.0,1.0,0.9555555555555556,0.967741935483871,0.9555555555555556,1.0,0.0,0.044444444444444446,0.03225806451612903,3,0.04838709677419355,0.044444444444444446,0.058823529411764705,1,0,True,False,3.225806451612903,7,2,2,2,,15.015793754403663,14.974518015413551,1.5628384302671892,0.04127573899011239,0.0027488216517363596,positive,13.411679585146363,0.003068154022340204,True,"[""mcv:863""]",1,0.0,0.0,True,mcv:263,True,False,[863],[],mcv_only
0,368,query.369,6,6,1,7,0.5,query.107,0.14814814814814814,query.405,3,0.5,0.5,1.0,1.0,1.0,1.0,1.0,1.0,0.0,0.0,0.0,1,0.14285714285714285,0.16666666666666666,0.0,1,0,True,False,4.857142857142857,6,5,5,,5,1.279105677927858,1.00709711941029,1.1267494424783664,0.272008558517568,0.21265526626245604,positive,0.0,1.785345757034952,False,[],0,0.0,0.0,False,mcv:117,False,False,[86],[],mcv_only
0,373,query.374,55,55,19,74,0.2857142857142857,query.211,0.07446808510638298,query.211,6,0.10909090909090909,0.21428571428571427,0.75,1.0,0.9818181818181818,0.9864864864864865,0.9818181818181818,1.0,0.0,0.01818181818181818,0.013513513513513514,6,0.08108108108108109,0.07272727272727272,0.10526315789473684,2,2,True,True,3.175675675675676,7,4,7,4.666666666666667,2,64.04186277967081,59.09746970385371,3.896827682550514,4.944393075817096,0.07720564114175993,positive,55.200642021303196,0.08220783424322635,True,"[""mcv:158"", ""fd:404"", ""fd:85""]",3,0.0,0.0,True,mcv:416,True,False,"[158, 1493]","[404, 85]",mcv_fd_composed
0,386,query.387,55,55,13,68,0.3333333333333333,query.13,0.12,query.144,10,0.18181818181818182,0.26666666666666666,0.8,1.0,1.0,1.0,1.0,1.0,0.0,0.0,0.0,7,0.10294117647058823,0.10909090909090909,0.07692307692307693,3,0,True,False,3.6176470588235294,7,6,7,,6,1.4540460243497912,1.4526383434994172,1.1530837665302627,0.0014076808503740157,0.00096811299422485,positive,0.29955457696915455,0.0046772670452855545,False,[],0,0.0,0.0,True,mcv:249,True,False,"[65, 197, 399]",[],mcv_only
0,388,query.389,15,15,5,20,0.4,query.209,0.14285714285714285,query.209,6,0.4,0.3,1.0,1.0,0.9333333333333333,0.9,0.9333333333333333,0.8,0.0,0.06666666666666667,0.1,0,0.0,0.0,0.0,0,0,False,False,4.2,8,,,,,1.1830684326358198,1.1830684326358198,1.0734839379495165,0.0,0.0,neutral,0.10958449468630338,0.0,False,[],0,0.0,0.0,True,mcv:1563,True,False,[],[],no_extstat_consumption
0,401,query.402,3,3,0,3,0.4,query.93,0.09090909090909091,query.93,1,0.3333333333333333,0.3333333333333333,1.0,1.0,1.0,1.0,1.0,1.0,0.0,0.0,0.0,0,0.0,0.0,0.0,0,0,False,False,3.6666666666666665,5,,,,,1.0007632265933057,1.0007632265933057,1.0000078611101015,0.0,0.0,neutral,0.0007553654832042067,0.0,False,[],0,0.0,0.0,True,mcv:224,True,False,[],[],no_extstat_consumption
0,402,query.403,36,36,17,53,0.35714285714285715,query.392,0.1188118811881188,query.392,10,0.2777777777777778,0.2857142857142857,0.8,1.0,1.0,1.0,1.0,1.0,0.0,0.0,0.0,2,0.03773584905660377,0.027777777777777776,0.058823529411764705,1,1,True,True,3.69811320754717,9,4,6,2,6,27.317873623516192,25.440017969430244,1.3628376142899516,1.8778556540859483,0.06874091592800341,positive,24.077180355140293,0.0723503390023588,True,"[""fd:581""]",1,0.0,0.0,False,mcv:984,False,False,[60],[581],mcv_fd_composed
0,409,query.410,28,28,5,33,0.3333333333333333,query.128,0.11764705882352941,query.128,6,0.21428571428571427,0.3333333333333333,1.0,1.0,1.0,1.0,1.0,1.0,0.0,0.0,0.0,3,0.09090909090909091,0.10714285714285714,0.0,2,0,True,False,3.515151515151515,8,6,7,,6,1.323665338889644,1.3218683126258386,1.0318801945113136,0.0017970262638054013,0.0013576137494941403,positive,0.28998811811452496,0.006158731170615617,False,[],0,0.0,0.0,True,mcv:1406,True,False,"[122, 623]",[],mcv_only
0,412,query.413,21,21,0,21,0.25,query.302,0.04918032786885246,query.99,3,0.14285714285714285,0.23076923076923078,1.0,1.0,0.9047619047619048,0.9047619047619048,0.9047619047619048,1.0,0.0,0.09523809523809523,0.09523809523809523,0,0.0,0.0,0.0,0,0,False,False,2.380952380952381,5,,,,,1.5111225109242572,1.5111225109242572,1.156842886832207,0.0,0.0,neutral,0.35427962409205027,0.0,False,[],0,0.0,0.0,True,mcv:497,True,False,[],[],no_extstat_consumption
0,414,query.415,6,6,5,11,0.3333333333333333,query.316,0.10526315789473684,query.163,3,0.5,0.2857142857142857,1.0,1.0,1.0,1.0,1.0,1.0,0.0,0.0,0.0,2,0.18181818181818182,0.0,0.4,0,0,False,False,4.545454545454546,8,,,,,1.2477868812302484,1.2477868812302484,1.011689784752881,0.0,0.0,neutral,0.23609709647736743,0.0,False,[],0,0.0,0.0,True,mcv:1444,True,False,[],[],no_extstat_consumption
0,421,query.422,28,28,14,42,0.3076923076923077,query.121,0.10204081632653061,query.246,6,0.21428571428571427,0.25,1.0,1.0,1.0,1.0,1.0,1.0,0.0,0.0,0.0,1,0.023809523809523808,0.03571428571428571,0.0,1,0,True,False,4.666666666666667,9,9,9,9,,1.1970516150426693,1.198939107122687,1.156998527541322,-0.0018874920800175943,-0.0015767842057088858,negative,0.04194057958136499,-0.04712475860828703,True,"[""mcv:29""]",1,0.0018874920800175943,0.0018874920800175943,True,mcv:870,False,True,[29],[],mcv_only
0,422,query.423,15,15,3,18,0.4,query.3,0.1590909090909091,query.3,6,0.4,0.3,0.75,1.0,1.0,1.0,1.0,1.0,0.0,0.0,0.0,3,0.16666666666666666,0.13333333333333333,0.3333333333333333,1,0,True,False,4.444444444444445,8,4,4,,4,1.2733289569652515,1.271599124324378,1.0003146764502084,0.0017298326408734521,0.0013585119787083099,positive,0.2712844478741696,0.006336051863697799,False,[],0,0.0,0.0,False,mcv:1768,False,False,[940],[],mcv_only
0,424,query.425,3,3,1,4,0.4,query.153,0.125,query.434,1,0.3333333333333333,0.4,1.0,1.0,1.0,1.0,1.0,1.0,0.0,0.0,0.0,1,0.25,0.0,1.0,0,1,True,False,5.5,6,6,6,,6,1.0105759560442393,1.009958749417071,1.005509751763308,0.0006172066271683541,0.0006107473896215823,positive,0.004448997653762943,0.12182821555211663,False,[],0,0.0,0.0,True,mcv:488,True,False,[],[49],fd_only
0,432,query.433,21,21,11,32,0.36363636363636365,query.143,0.140625,query.143,6,0.2857142857142857,0.2727272727272727,0.75,1.0,1.0,1.0,1.0,1.0,0.0,0.0,0.0,3,0.09375,0.09523809523809523,0.09090909090909091,2,0,True,False,3.71875,6,5,6,6,4,1.6426252742309557,1.6544885647844683,1.2647271977841943,-0.01186329055351254,-0.007222152696430837,negative,0.389761367000274,-0.031392831276249825,True,"[""mcv:77""]",1,0.01186329055351254,0.01186329055351254,True,mcv:438,True,False,"[77, 976]",[],mcv_only
0,434,query.435,21,21,9,30,0.36363636363636365,query.128,0.140625,query.128,6,0.2857142857142857,0.36363636363636365,1.0,1.0,1.0,1.0,1.0,1.0,0.0,0.0,0.0,1,0.03333333333333333,0.0,0.1111111111111111,0,1,True,False,4,6,5,5,,5,1.014040938202245,1.013720864752528,1.0086403522147669,0.0003200734497170732,0.00031564154627180966,positive,0.005080512537761095,0.059266429690999725,False,[],0,0.0,0.0,True,mcv:690,True,False,[],[93],fd_only
0,438,query.439,45,45,23,68,0.3333333333333333,query.101,0.14285714285714285,query.392,10,0.2222222222222222,0.26666666666666666,0.8,1.0,1.0,1.0,1.0,1.0,0.0,0.0,0.0,7,0.10294117647058823,0.08888888888888889,0.13043478260869565,3,0,True,False,3.4705882352941178,7,3,3,3,,2.7492500783933123,3.0914744144004067,1.7770706223803219,-0.34222433600709445,-0.12447915840638753,negative,1.3144037920200848,-0.3520176587670267,True,"[""mcv:990"", ""mcv:1109""]",2,0.34222433600709445,0.30650574013643084,True,mcv:59,True,False,"[939, 990, 1109]",[],mcv_only
0,439,query.440,15,15,4,19,0.3333333333333333,query.154,0.11764705882352941,query.154,6,0.4,0.25,1.0,1.0,1.0,1.0,1.0,1.0,0.0,0.0,0.0,2,0.10526315789473684,0.13333333333333333,0.0,1,0,True,False,3.4210526315789473,6,4,4,4,,1.780297580545958,1.7848678799096729,1.612401096587527,-0.004570299363714891,-0.002567154735060266,negative,0.17246678332214582,-0.027220935519093065,True,"[""mcv:691""]",1,0.004570299363714891,0.0016424309817417715,True,mcv:323,True,False,[691],[],mcv_only
0,440,query.441,10,10,6,16,0.25,query.90,0.07142857142857142,query.247,3,0.3,0.2,1.0,1.0,1.0,1.0,1.0,1.0,0.0,0.0,0.0,2,0.125,0.1,0.16666666666666666,1,0,True,False,4.125,7,4,4,4,,1.068660286916499,1.068660298221342,1.012242875301631,-1.1304843061665792e-08,-1.0578518917629724e-08,negative,0.05641742291971097,-2.0037861961548378e-07,True,"[""mcv:565""]",1,1.1304843061665792e-08,1.1304843061665792e-08,True,mcv:262,True,False,[565],[],mcv_only
0,449,query.450,6,6,0,6,0.3333333333333333,query.235,0.06976744186046512,query.235,3,0.5,0.2857142857142857,1.0,1.0,1.0,1.0,1.0,1.0,0.0,0.0,0.0,1,0.16666666666666666,0.16666666666666666,0.0,1,0,True,False,3.1666666666666665,6,6,6,,6,1.1600652728472687,1.1272091853003252,1.091418235632823,0.03285608754694347,0.02832261969733941,positive,0.03579094966750218,0.47862353395245205,False,[],0,0.0,0.0,False,mcv:823,False,False,[112],[],mcv_only
0,454,query.455,28,28,6,34,0.4,query.379,0.17105263157894737,query.381,10,0.35714285714285715,0.3076923076923077,0.8,1.0,1.0,1.0,1.0,1.0,0.0,0.0,0.0,3,0.08823529411764706,0.10714285714285714,0.0,3,0,True,False,4.235294117647059,9,4.666666666666667,9,,4.666666666666667,1.539753283876118,1.2375536239259894,1.165526816376086,0.30219965995012865,0.19626498810860293,positive,0.07202680754990354,0.8075314981565345,False,[],0,0.0,0.0,True,mcv:83,True,False,"[14, 773, 1800]",[],mcv_only
0,455,query.456,36,36,18,54,0.3,query.190,0.07692307692307693,query.6,6,0.16666666666666666,0.2222222222222222,1.0,1.0,1.0,1.0,1.0,1.0,0.0,0.0,0.0,4,0.07407407407407407,0.08333333333333333,0.05555555555555555,2,1,True,True,3.611111111111111,7,4.333333333333333,5,4.333333333333333,,1.9452015172093449,2.023270242850111,1.0825138792937858,-0.07806872564076595,-0.040134004086510335,negative,0.940756363556325,-0.0904947772630624,True,"[""mcv:420"", ""mcv:1044"", ""fd:216""]",3,0.07806872564076595,0.07479023573205179,True,mcv:789,True,False,"[420, 1044]",[216],mcv_fd_composed
0,457,query.458,21,21,14,35,0.3076923076923077,query.290,0.08333333333333333,query.290,6,0.2857142857142857,0.3076923076923077,1.0,1.0,1.0,1.0,1.0,1.0,0.0,0.0,0.0,4,0.11428571428571428,0.047619047619047616,0.21428571428571427,1,0,True,False,4.085714285714285,10,3,3,3,,1.0584399257636827,1.1102821560026161,1.202280110614356,-0.05184223023893342,-0.048979851361453844,negative,0.0,,True,"[""mcv:843""]",1,0.05184223023893342,0.05184223023893342,True,mcv:567,True,False,[843],[],mcv_only
1,1,query.2,15,15,5,20,0.375,query.408,0.1724137931034483,query.408,3,0.2,0.3333333333333333,1.0,1.0,0.9333333333333333,0.9,0.9333333333333333,0.8,0.0,0.06666666666666667,0.1,2,0.1,0.06666666666666667,0.2,1,0,True,False,2.85,6,6,6,,6,1.1079295631428598,1.1079295645106542,1.0553434301460582,-1.367794322248983e-09,-1.2345498917539178e-09,negative,0.052586134364595916,-2.6010551533275423e-08,False,[],0,1.367794322248983e-09,0.0,True,mcv:438,True,False,[145],[],mcv_only
1,4,query.5,28,28,10,38,0.3076923076923077,query.430,0.0875,query.430,6,0.21428571428571427,0.3,1.0,1.0,1.0,1.0,1.0,1.0,0.0,0.0,0.0,2,0.05263157894736842,0.03571428571428571,0.1,1,0,True,False,3.763157894736842,8,4,4,4,,1.435978114586357,1.4365485823256094,1.0621507549987061,-0.0005704677392524005,-0.0003972677114349528,negative,0.3743978273269033,-0.0015260192295225613,True,"[""mcv:420""]",1,0.0005704677392524005,0.00040893861564628153,True,mcv:1018,False,True,[420],[],mcv_only
1,11,query.12,10,10,1,11,0.2857142857142857,query.240,0.0625,query.240,1,0.1,0.2857142857142857,1.0,1.0,1.0,1.0,1.0,1.0,0.0,0.0,0.0,1,0.09090909090909091,0.1,0.0,1,0,True,False,3.4545454545454546,6,3,3,,3,1.224134140859492,1.1074847502260663,1.128629303187523,0.11664939063342561,0.09529134654436111,positive,0.0,1.221397716355291,False,[],0,0.0,0.0,False,mcv:1225,False,False,[753],[],mcv_only
1,13,query.14,3,3,2,5,0.5,query.204,0.21739130434782608,query.204,3,1.0,0.3333333333333333,0.6666666666666666,1.0,1.0,1.0,1.0,1.0,0.0,0.0,0.0,1,0.2,0.0,0.5,0,1,True,False,4.4,5,5,5,5,,1.0113878515483354,1.019038373264063,1.011387838008323,-0.007650521715727665,-0.0075643796828441905,negative,0.00765053525574011,-565030.6265996401,True,"[""fd:136""]",1,0.007650521715727665,0.007650521715727665,True,mcv:947,True,False,[],[136],fd_only
1,14,query.15,15,15,6,21,0.25,query.24,0.06666666666666667,query.11,3,0.2,0.25,1.0,1.0,1.0,1.0,1.0,1.0,0.0,0.0,0.0,0,0.0,0.0,0.0,0,0,False,False,3.5714285714285716,8,,,,,2.060903518666446,2.060903518666446,1.3322316746539555,0.0,0.0,neutral,0.7286718440124904,0.0,False,[],0,0.0,0.0,True,mcv:2053,True,False,[],[],no_extstat_consumption
1,15,query.16,21,21,8,29,0.4444444444444444,query.384,0.1951219512195122,query.384,6,0.2857142857142857,0.2222222222222222,0.5,1.0,1.0,1.0,1.0,1.0,0.0,0.0,0.0,2,0.06896551724137931,0.047619047619047616,0.125,1,1,True,True,3,6,5,6,,5,2.6885879750756447,1.6840707339506726,1.2101335264284458,1.004517241124972,0.3736226042953679,positive,0.4739372075222268,0.6794373962918613,False,[],0,0.0,0.0,True,mcv:2110,True,False,[173],[283],mcv_fd_composed
1,17,query.18,15,15,7,22,0.375,query.64,0.16129032258064516,query.64,3,0.2,0.375,1.0,1.0,0.9333333333333333,0.9545454545454546,0.9333333333333333,1.0,0.0,0.06666666666666667,0.045454545454545456,1,0.045454545454545456,0.06666666666666667,0.0,1,0,True,False,4.181818181818182,7,3,3,,3,1.144649883309961,1.0852222057737027,1.0852221963774298,0.05942767753625833,0.05191777713235117,positive,9.396272870887401e-09,0.999999841887286,False,[],0,0.0,0.0,True,mcv:2017,True,False,[1429],[],mcv_only
1,32,query.33,6,6,1,7,0.3333333333333333,query.209,0.075,query.209,3,0.5,0.2222222222222222,0.6666666666666666,1.0,1.0,1.0,1.0,1.0,0.0,0.0,0.0,0,0.0,0.0,0.0,0,0,False,False,3.4285714285714284,5,,,,,1.0132712793166891,1.0132712793166891,1.020332647275634,0.0,0.0,neutral,0.0,,False,[],0,0.0,0.0,False,mcv:112,False,False,[],[],no_extstat_consumption
1,48,query.49,15,15,3,18,0.2857142857142857,query.306,0.10638297872340426,query.448,3,0.2,0.2222222222222222,1.0,1.0,1.0,1.0,1.0,1.0,0.0,0.0,0.0,3,0.16666666666666666,0.13333333333333333,0.3333333333333333,1,0,True,False,3.1666666666666665,6,6,6,,6,1.5569468757487683,1.389595524330407,1.00502098584757,0.16735135141836133,0.1074868732036079,positive,0.38457453848283696,0.30321344673343614,False,[],0,0.0,0.0,True,mcv:1262,True,False,[145],[],mcv_only
1,51,query.52,55,55,24,79,0.3125,query.91,0.13709677419354838,query.91,10,0.18181818181818182,0.26666666666666666,1.0,1.0,0.9090909090909091,0.9240506329113924,0.9090909090909091,0.9583333333333334,0.0,0.09090909090909091,0.0759493670886076,3,0.0379746835443038,0.05454545454545454,0.0,2,0,True,False,3.632911392405063,8,4,5,,4,1.3723397198167675,1.3583491945235555,1.0000512957735679,0.013990525293211986,0.010194651580207836,positive,0.35829789874998763,0.037579802082668444,False,[],0,0.0,0.0,True,fd:115,True,False,"[107, 928]",[],mcv_only
1,52,query.53,3,3,1,4,0.5,query.294,0.17391304347826086,query.294,3,1.0,0.2857142857142857,1.0,1.0,1.0,1.0,1.0,1.0,0.0,0.0,0.0,1,0.25,0.3333333333333333,0.0,1,0,True,False,4.25,5,3,3,3,,1.0095864158805332,1.0095864346605208,1.0047072258455236,-1.8779987565054057e-08,-1.8601664275241535e-08,negative,0.004879208814997149,-3.848996950375426e-06,True,"[""mcv:753""]",1,1.8779987565054057e-08,1.8779987565054057e-08,True,mcv:655,True,False,[753],[],mcv_only
1,60,query.61,28,28,15,43,0.36363636363636365,query.360,0.1774193548387097,query.360,6,0.21428571428571427,0.2727272727272727,0.75,1.0,1.0,1.0,1.0,1.0,0.0,0.0,0.0,7,0.16279069767441862,0.17857142857142858,0.13333333333333333,2,0,True,False,3.8372093023255816,7,5.5,6,,5.5,1033.2705344086473,1033.1198911912056,55.509389573535714,0.15064321744171139,0.00014579261909169436,positive,977.6105016176699,0.00015406954780056807,False,[],0,0.0,0.0,True,mcv:29,True,False,"[107, 187]",[],mcv_only
1,61,query.62,28,28,16,44,0.36363636363636365,query.238,0.1267605633802817,query.238,6,0.21428571428571427,0.2727272727272727,0.75,1.0,0.9285714285714286,0.9318181818181818,0.9285714285714286,0.9375,0.0,0.07142857142857142,0.06818181818181818,0,0.0,0.0,0.0,0,0,False,False,3.1136363636363638,6,,,,,2093.155099456452,2093.155099456452,2.763929682094142,0.0,0.0,neutral,2090.391169774358,0.0,False,[],0,0.0,0.0,True,mcv:990,True,False,[],[],no_extstat_consumption
1,68,query.69,36,36,14,50,0.38461538461538464,query.318,0.15555555555555556,query.318,10,0.2777777777777778,0.2727272727272727,1.0,1.0,0.9444444444444444,0.96,0.9444444444444444,1.0,0.0,0.05555555555555555,0.04,2,0.04,0.027777777777777776,0.07142857142857142,1,0,True,False,3.88,8,1,1,,1,1.3094300552322364,1.1970809570829375,1.1056688409704498,0.11234909814929894,0.08579999954970718,positive,0.09141211611248767,0.551376269307838,False,[],0,0.0,0.0,True,mcv:1878,True,False,[1730],[],mcv_only
1,88,query.89,15,15,5,20,0.3,query.70,0.13333333333333333,query.70,3,0.2,0.2727272727272727,1.0,1.0,1.0,1.0,1.0,1.0,0.0,0.0,0.0,2,0.1,0.06666666666666667,0.2,1,1,True,True,2.95,6,3,4,,3,1.0355567636963448,1.0345299415423468,1.0328997303760057,0.0010268221539979638,0.0009915653009042176,positive,0.0016302111663411,0.38645437606590916,False,[],0,0.0,0.0,True,mcv:957,True,False,[270],[474],mcv_fd_composed
1,95,query.96,28,28,12,40,0.36363636363636365,query.400,0.13793103448275862,query.400,6,0.21428571428571427,0.3333333333333333,1.0,1.0,1.0,1.0,1.0,1.0,0.0,0.0,0.0,6,0.15,0.14285714285714285,0.16666666666666666,2,0,True,False,3.575,8,2.5,3,,2.5,1.7361492145166297,1.3294618264320204,1.2786543256814935,0.40668738808460936,0.2342467943907905,positive,0.05080750075052687,0.8889441128404912,False,[],0,0.0,0.0,True,mcv:567,True,False,"[1452, 1834]",[],mcv_only
1,97,query.98,15,15,4,19,0.3076923076923077,query.387,0.08,query.396,6,0.4,0.3076923076923077,1.0,1.0,1.0,1.0,1.0,1.0,0.0,0.0,0.0,1,0.05263157894736842,0.0,0.25,0,1,True,False,4.894736842105263,10,5,5,5,,1.2269656106766704,1.2270399198308204,1.0027522902253048,-7.43091541499652e-05,-6.056335524268179e-05,negative,0.22428762960551563,-0.00033142167468182905,True,"[""fd:145""]",1,7.43091541499652e-05,7.43091541499652e-05,True,mcv:1,True,False,[],[145],fd_only
1,107,query.108,10,10,1,11,0.42857142857142855,query.325,0.13043478260869565,query.325,3,0.3,0.2857142857142857,0.6666666666666666,1.0,1.0,1.0,1.0,1.0,0.0,0.0,0.0,0,0.0,0.0,0.0,0,0,False,False,2.6363636363636362,5,,,,,1.1340459091158797,1.1340459091158797,1.1247737147329921,0.0,0.0,neutral,0.00927219438288751,0.0,False,[],0,0.0,0.0,True,mcv:630,False,True,[],[],no_extstat_consumption
1,110,query.111,55,55,24,79,0.2857142857142857,query.130,0.10416666666666667,query.175,6,0.10909090909090909,0.21428571428571427,0.75,1.0,0.9454545454545454,0.9493670886075949,0.9454545454545454,0.9583333333333334,0.0,0.05454545454545454,0.05063291139240506,12,0.1518987341772152,0.14545454545454545,0.16666666666666666,4,0,True,False,3.2911392405063293,8,2.5,4,2,3,1.242147694047651,1.2832580716476014,1.0000318627787184,-0.0411103775999504,-0.03309620731652973,negative,0.28322620886888306,-0.16979632180386678,True,"[""mcv:1057"", ""mcv:1396""]",2,0.0411103775999504,0.0411103775999504,True,mcv:976,True,False,"[270, 498, 1057, 1396]",[],mcv_only
1,112,query.113,15,15,8,23,0.3333333333333333,query.397,0.10526315789473684,query.397,3,0.2,0.23076923076923078,1.0,1.0,0.9333333333333333,0.9565217391304348,0.9333333333333333,1.0,0.0,0.06666666666666667,0.043478260869565216,1,0.043478260869565216,0.06666666666666667,0.0,1,0,True,False,3.4782608695652173,8,3,3,,3,1.2047430258357597,1.0931785569410513,1.0869191414452994,0.11156446889470839,0.09260436997949284,positive,0.006259415495751819,0.9468748163571951,False,[],0,0.0,0.0,True,mcv:981,True,False,[1303],[],mcv_only
1,113,query.114,15,15,8,23,0.3,query.233,0.08888888888888889,query.400,3,0.2,0.2222222222222222,1.0,1.0,0.9333333333333333,0.9130434782608695,0.9333333333333333,0.875,0.0,0.06666666666666667,0.08695652173913043,0,0.0,0.0,0.0,0,0,False,False,2.4347826086956523,5,,,,,1.071909128836779,1.071909128836779,1.0431158329124932,0.0,0.0,neutral,0.02879329592428581,0.0,False,[],0,0.0,0.0,True,mcv:983,True,False,[],[],no_extstat_consumption
1,117,query.118,15,15,6,21,0.3333333333333333,query.314,0.1282051282051282,query.314,3,0.2,0.25,1.0,1.0,1.0,1.0,1.0,1.0,0.0,0.0,0.0,3,0.14285714285714285,0.13333333333333333,0.16666666666666666,2,0,True,False,3.5714285714285716,7,2,2,2,,1.0259580139202074,1.4422024527096975,1.0183494398882953,-0.41624443878949013,-0.4057129367302384,negative,0.4238530128214022,-54.70728641709573,True,"[""mcv:498"", ""mcv:1761""]",2,0.41624443878949013,0.399462005791549,False,mcv:1686,False,False,"[498, 1761]",[],mcv_only
1,118,query.119,10,10,7,17,0.4,query.182,0.11764705882352941,query.182,3,0.3,0.4,1.0,1.0,1.0,1.0,1.0,1.0,0.0,0.0,0.0,1,0.058823529411764705,0.0,0.14285714285714285,0,1,True,False,2.3529411764705883,3,2,2,,2,1.1620293834880204,1.1556460082883446,1.0117537730420203,0.0063833751996758,0.005493299300672639,positive,0.14389223524632433,0.04247778585447567,False,[],0,0.0,0.0,True,mcv:1793,True,False,[],[504],fd_only
1,119,query.120,21,21,11,32,0.45454545454545453,query.59,0.21875,query.59,10,0.47619047619047616,0.3333333333333333,0.8,1.0,1.0,1.0,1.0,1.0,0.0,0.0,0.0,5,0.15625,0.14285714285714285,0.18181818181818182,2,0,True,False,4.40625,7,5.5,6,,5.5,1.5308208192822845,1.0716549297502034,1.0815746909696209,0.45916588953208115,0.2999475077346793,positive,0.0,1.0220809053083562,False,[],0,0.0,0.0,False,fd:39,False,False,"[96, 588]",[],mcv_only
1,124,query.125,10,10,3,13,0.3,query.308,0.09090909090909091,query.308,3,0.3,0.2222222222222222,1.0,1.0,0.9,0.9230769230769231,0.9,1.0,0.0,0.1,0.07692307692307693,0,0.0,0.0,0.0,0,0,False,False,3.5384615384615383,7,,,,,4.6204579103813055,4.6204579103813055,3.88166426440927,0.0,0.0,neutral,0.7387936459720357,0.0,False,[],0,0.0,0.0,True,mcv:1045,True,False,[],[],no_extstat_consumption
1,130,query.131,3,3,1,4,0.2857142857142857,query.1,0.07692307692307693,query.1,1,0.3333333333333333,0.25,1.0,1.0,0.6666666666666666,0.75,0.6666666666666666,1.0,0.0,0.3333333333333333,0.25,0,0.0,0.0,0.0,0,0,False,False,4.5,8,,,,,1.0042230470758344,1.0042230470758344,1.0016270558450657,0.0,0.0,neutral,0.0025959912307687016,0.0,False,[],0,0.0,0.0,True,mcv:2189,True,False,[],[],no_extstat_consumption
1,136,query.137,10,10,1,11,0.4,query.346,0.12244897959183673,query.346,6,0.6,0.25,1.0,1.0,1.0,1.0,1.0,1.0,0.0,0.0,0.0,0,0.0,0.0,0.0,0,0,False,False,4.818181818181818,8,,,,,1.1127066512284944,1.1127066512284944,1.0294826313056757,0.0,0.0,neutral,0.08322401992281869,0.0,False,[],0,0.0,0.0,True,mcv:113,True,False,[],[],no_extstat_consumption
1,145,query.146,1,1,0,1,0.2857142857142857,query.468,0.04,query.468,1,1.0,0.25,1.0,1.0,1.0,1.0,1.0,1.0,0.0,0.0,0.0,0,0.0,0.0,0.0,0,0,False,False,2,2,,,,,1.0021305466145771,1.0021305466145771,1.0021305466145771,0.0,0.0,neutral,0.0,,False,[],0,0.0,0.0,False,,False,False,[],[],no_extstat_consumption
1,148,query.149,21,21,4,25,0.42857142857142855,query.221,0.12,query.221,6,0.2857142857142857,0.3,1.0,1.0,1.0,1.0,1.0,1.0,0.0,0.0,0.0,3,0.12,0.14285714285714285,0.0,2,0,True,False,4.64,10,4.5,5,4.5,,1.0039055395218255,1.0138349789186611,1.0222631137624285,-0.00992943939683566,-0.009890810445736949,negative,0.0,,True,"[""mcv:188"", ""mcv:826""]",2,0.00992943939683566,0.006203171997360757,True,mcv:1,True,False,"[188, 826]",[],mcv_only
1,151,query.152,10,10,3,13,0.3333333333333333,query.54,0.09090909090909091,query.54,3,0.3,0.2857142857142857,1.0,1.0,1.0,1.0,1.0,1.0,0.0,0.0,0.0,0,0.0,0.0,0.0,0,0,False,False,3.230769230769231,7,,,,,1.0428991085451242,1.0428991085451242,1.000593746820004,0.0,0.0,neutral,0.04230536172512034,0.0,False,[],0,0.0,0.0,True,mcv:649,True,False,[],[],no_extstat_consumption
1,155,query.156,36,36,13,49,0.2857142857142857,query.456,0.08620689655172414,query.132,6,0.16666666666666666,0.2727272727272727,1.0,1.0,0.9722222222222222,0.9795918367346939,0.9722222222222222,1.0,0.0,0.027777777777777776,0.02040816326530612,2,0.04081632653061224,0.05555555555555555,0.0,2,0,True,False,3.7142857142857144,7,4,6,2,6,1.1544263621152548,1.7972026886093173,1.0722623015323896,-0.6427763264940625,-0.55679283459562,negative,0.7249403870769278,-7.823083741653692,True,"[""mcv:1757""]",1,0.6427763264940625,0.6427763264940625,True,mcv:1597,True,False,"[196, 1757]",[],mcv_only
1,162,query.163,36,36,16,52,0.3333333333333333,query.203,0.13043478260869565,query.203,10,0.2777777777777778,0.2727272727272727,1.0,1.0,0.9722222222222222,0.9807692307692307,0.9722222222222222,1.0,0.0,0.027777777777777776,0.019230769230769232,3,0.057692307692307696,0.05555555555555555,0.0625,2,1,True,True,3.8653846153846154,9,2.6666666666666665,4,4,2,1.9141141643633504,1.3885114886487422,1.2396823877236063,0.5256026757146082,0.27459316978066867,positive,0.1488291009251359,0.7793266775378604,True,"[""mcv:665""]",1,0.0,0.0,True,mcv:91,True,False,"[665, 1815]",[474],mcv_fd_composed
1,170,query.171,6,6,0,6,0.4,query.185,0.125,query.185,1,0.16666666666666666,0.4,1.0,1.0,1.0,1.0,1.0,1.0,0.0,0.0,0.0,1,0.16666666666666666,0.16666666666666666,0.0,1,0,True,False,3.3333333333333335,5,2,2,2,,1.007685858226624,1.3274741635906082,1.007685858226624,-0.3197883053639843,-0.31734920437085795,negative,0.3197883053639843,,True,"[""mcv:1536""]",1,0.3197883053639843,0.3197883053639843,False,,False,False,[1536],[],mcv_only
1,176,query.177,6,6,2,8,0.3333333333333333,query.198,0.14285714285714285,query.198,3,0.5,0.25,1.0,1.0,0.8333333333333334,0.875,0.8333333333333334,1.0,0.0,0.16666666666666666,0.125,0,0.0,0.0,0.0,0,0,False,False,2.875,6,,,,,1.027749167004433,1.027749167004433,1.0162010702629583,0.0,0.0,neutral,0.011548096741474723,0.0,False,[],0,0.0,0.0,True,mcv:1043,True,False,[],[],no_extstat_consumption
1,194,query.195,78,78,31,109,0.29411764705882354,query.138,0.10273972602739725,query.138,10,0.1282051282051282,0.26666666666666666,1.0,1.0,0.9487179487179487,0.9541284403669725,0.9487179487179487,0.967741935483871,0.0,0.05128205128205128,0.045871559633027525,11,0.10091743119266056,0.10256410256410256,0.0967741935483871,5,0,True,False,3.669724770642202,11,5.2,8,4.666666666666667,6,5.411919835195818,3.451290801602393,2.614927220096797,1.9606290335934253,0.362279762690255,positive,0.8363635815055961,0.700977551034404,True,"[""mcv:173"", ""mcv:420"", ""mcv:623""]",3,0.0,0.0,True,mcv:172,True,False,"[40, 173, 420, 623, 838]",[],mcv_only
1,195,query.196,45,45,21,66,0.38461538461538464,query.183,0.14606741573033707,query.183,10,0.2222222222222222,0.2857142857142857,1.0,1.0,1.0,1.0,1.0,1.0,0.0,0.0,0.0,9,0.13636363636363635,0.15555555555555556,0.09523809523809523,3,0,True,False,3.6666666666666665,8,5,7,5.5,4,1.2174840587624218,1.2296049277494776,1.0885535687545895,-0.012120868987055777,-0.009955669562833287,negative,0.14105135899488808,-0.09401088126105359,True,"[""mcv:169"", ""mcv:538""]",2,0.012120868987055777,0.012120868987055777,True,mcv:157,True,False,"[169, 538, 813]",[],mcv_only
1,199,query.200,6,6,0,6,0.3,query.343,0.06666666666666667,query.343,3,0.5,0.25,1.0,1.0,1.0,1.0,1.0,1.0,0.0,0.0,0.0,1,0.16666666666666666,0.16666666666666666,0.0,1,0,True,False,2.5,5,1,1,1,,1.6627587960740096,1.6903917324761375,1.076621142493589,-0.02763293640212794,-0.016618728144679136,negative,0.6137705899825485,-0.047144107247388406,True,"[""mcv:2040""]",1,0.02763293640212794,0.02763293640212794,True,mcv:217,True,False,[2040],[],mcv_only
1,201,query.202,10,10,4,14,0.3,query.438,0.1,query.438,3,0.3,0.2857142857142857,1.0,1.0,0.9,0.9285714285714286,0.9,1.0,0.0,0.1,0.07142857142857142,1,0.07142857142857142,0.1,0.0,1,0,True,False,3.2857142857142856,6,5,5,5,,5.329214639770764,6.41375837053163,1.1754692088195342,-1.084543730760866,-0.20350911045450362,negative,5.238289161712096,-0.26110019229380166,True,"[""mcv:468""]",1,1.084543730760866,1.084543730760866,True,mcv:294,True,False,[468],[],mcv_only
1,206,query.207,6,6,2,8,0.375,query.23,0.125,query.23,3,0.5,0.25,0.6666666666666666,1.0,0.8333333333333334,0.75,0.8333333333333334,0.5,0.0,0.16666666666666666,0.25,2,0.25,0.16666666666666666,0.5,1,0,True,False,3.75,7,3,3,,3,1.473201619531143,1.4327254788814492,1.0935639386145946,0.04047614064969385,0.027474949873171922,positive,0.33916154026685463,0.10661781662972297,False,[],0,0.0,0.0,True,mcv:404,True,False,[1075],[],mcv_only
1,212,query.213,6,6,0,6,0.3333333333333333,query.92,0.07142857142857142,query.92,3,0.5,0.3333333333333333,1.0,1.0,1.0,1.0,1.0,1.0,0.0,0.0,0.0,2,0.3333333333333333,0.3333333333333333,0.0,2,0,True,False,3.8333333333333335,6,5.5,6,5,6,1.0203229784062897,1.023958575885469,1.0028743667508102,-0.0036355974791792978,-0.0035631829882514054,negative,0.021084209134658805,-0.2083602724940919,True,"[""mcv:167""]",1,0.0036355974791792978,0.0036355974791792978,False,mcv:763,False,False,"[120, 167]",[],mcv_only
1,213,query.214,6,6,4,10,0.3333333333333333,query.190,0.125,query.190,3,0.5,0.3333333333333333,1.0,1.0,1.0,1.0,1.0,1.0,0.0,0.0,0.0,1,0.1,0.16666666666666666,0.0,1,0,True,False,3.5,5,5,5,,5,1.0384811229717086,1.0375094228128225,1.015117247908123,0.0009717001588860352,0.0009356936177187568,positive,0.02239217490469958,0.04158985426182595,False,[],0,0.0,0.0,False,mcv:949,False,False,[251],[],mcv_only
1,216,query.217,10,10,0,10,0.375,query.186,0.1111111111111111,query.186,6,0.6,0.2727272727272727,0.75,1.0,1.0,1.0,1.0,1.0,0.0,0.0,0.0,1,0.1,0.1,0.0,1,0,True,False,4.1,6,6,6,,6,1.0443104657763111,1.0404671365317515,1.0192753432069277,0.0038433292445596567,0.0036802554130324007,positive,0.021191793324823793,0.15351749263092615,False,[],0,0.0,0.0,False,mcv:245,False,False,[68],[],mcv_only
1,221,query.222,6,6,0,6,0.42857142857142855,query.421,0.13636363636363635,query.421,3,0.5,0.2857142857142857,0.6666666666666666,1.0,1.0,1.0,1.0,1.0,0.0,0.0,0.0,1,0.16666666666666666,0.16666666666666666,0.0,1,0,True,False,3.3333333333333335,5,3,3,,3,1.0784914004187585,1.0784913939680205,1.0438444509054676,6.450737943808349e-09,5.981260435923407e-09,positive,0.03464694306255289,1.8618487440961567e-07,False,[],0,0.0,0.0,True,mcv:217,True,False,[714],[],mcv_only
1,224,query.225,6,6,3,9,0.375,query.72,0.125,query.72,3,0.5,0.25,0.6666666666666666,1.0,1.0,1.0,1.0,1.0,0.0,0.0,0.0,1,0.1111111111111111,0.16666666666666666,0.0,1,0,True,False,2.6666666666666665,4,4,4,,4,1.0666553254548148,1.009785210438896,1.009785210438896,0.056870115015918765,0.05331629970690834,positive,0.0,1.0,False,[],0,0.0,0.0,False,,False,False,[973],[],mcv_only
1,228,query.229,21,21,7,28,0.2727272727272727,query.238,0.0847457627118644,query.238,6,0.2857142857142857,0.2222222222222222,1.0,1.0,0.9523809523809523,0.9642857142857143,0.9523809523809523,1.0,0.0,0.047619047619047616,0.03571428571428571,5,0.17857142857142858,0.23809523809523808,0.0,2,0,True,False,4.214285714285714,9,6.5,7,6.5,,22.249925014884752,20.17335348878154,13.277840579429482,2.076571526103212,0.09332937188390646,positive,6.895512909352059,0.23144805881419914,True,"[""mcv:86"", ""mcv:291""]",2,0.0,0.0,True,mcv:60,True,False,"[86, 291]",[],mcv_only
1,230,query.231,21,21,7,28,0.2857142857142857,query.203,0.10416666666666667,query.328,6,0.2857142857142857,0.2857142857142857,1.0,1.0,0.8571428571428571,0.8928571428571429,0.8571428571428571,1.0,0.0,0.14285714285714285,0.10714285714285714,2,0.07142857142857142,0.09523809523809523,0.0,1,0,True,False,3.9285714285714284,8,3,3,3,,1.3332313236025437,1.333231331688579,1.058622133315712,-8.08603539681485e-09,-6.0649905636521176e-09,negative,0.2746091983728671,-2.9445611009481928e-08,True,"[""mcv:928""]",1,8.08603539681485e-09,8.08603539681485e-09,True,mcv:502,True,False,[928],[],mcv_only
1,235,query.236,28,28,17,45,0.3333333333333333,query.153,0.1282051282051282,query.187,6,0.21428571428571427,0.3333333333333333,1.0,1.0,0.9642857142857143,0.9555555555555556,0.9642857142857143,0.9411764705882353,0.0,0.03571428571428571,0.044444444444444446,4,0.08888888888888889,0.07142857142857142,0.11764705882352941,2,0,True,False,3.466666666666667,6,4.5,6,4.5,,1.1124407663740459,1.1166414196028471,1.003624894137303,-0.004200653228801254,-0.0037760691227570775,negative,0.1130165254655442,-0.0386033134914564,True,"[""mcv:187"", ""mcv:1044""]",2,0.004200653228801254,0.004038440366834761,True,mcv:1842,True,False,"[187, 1044]",[],mcv_only
1,241,query.242,10,10,0,10,0.3,query.321,0.06818181818181818,query.321,3,0.3,0.3,1.0,1.0,1.0,1.0,1.0,1.0,0.0,0.0,0.0,0,0.0,0.0,0.0,0,0,False,False,3.5,6,,,,,1.1247139287885473,1.1247139287885473,1.0388513661174146,0.0,0.0,neutral,0.08586256267113268,0.0,False,[],0,0.0,0.0,True,mcv:1552,True,False,[],[],no_extstat_consumption
1,245,query.246,55,55,11,66,0.3076923076923077,query.298,0.10204081632653061,query.422,6,0.10909090909090909,0.3076923076923077,1.0,1.0,0.9636363636363636,0.9696969696969697,0.9636363636363636,1.0,0.0,0.03636363636363636,0.030303030303030304,7,0.10606060606060606,0.10909090909090909,0.09090909090909091,2,0,True,False,4.333333333333333,10,7,8,,7,2.2415033307273027,1.848167821593494,1.8146302020928027,0.39333550913380866,0.17547844062590917,positive,0.03353761950069134,0.9214342219010765,False,[],0,0.0,0.0,True,mcv:389,True,False,"[4, 68]",[],mcv_only
1,249,query.250,10,10,1,11,0.42857142857142855,query.169,0.14285714285714285,query.169,3,0.3,0.2857142857142857,0.6666666666666666,1.0,1.0,1.0,1.0,1.0,0.0,0.0,0.0,0,0.0,0.0,0.0,0,0,False,False,2.6363636363636362,7,,,,,1.447648753420555,1.447648753420555,1.0647232608754336,0.0,0.0,neutral,0.38292549254512154,0.0,False,[],0,0.0,0.0,True,mcv:1518,True,False,[],[],no_extstat_consumption
1,253,query.254,21,21,5,26,0.4,query.407,0.15217391304347827,query.407,6,0.2857142857142857,0.3,1.0,1.0,1.0,1.0,1.0,1.0,0.0,0.0,0.0,2,0.07692307692307693,0.047619047619047616,0.2,1,0,True,False,3.8076923076923075,7,4,4,4,,2.1499260341027,2.489167047201435,1.2199082809597532,-0.3392410130987349,-0.15779194619610326,negative,1.2692587662416817,-0.36476831969313217,True,"[""mcv:830""]",1,0.3392410130987349,0.3392410130987349,True,mcv:794,True,False,[830],[],mcv_only
1,255,query.256,6,6,2,8,0.3333333333333333,query.399,0.08,query.59,3,0.5,0.3,1.0,1.0,1.0,1.0,1.0,1.0,0.0,0.0,0.0,0,0.0,0.0,0.0,0,0,False,False,3.25,6,,,,,1.202963300226407,1.202963300226407,1.0124502292922513,0.0,0.0,neutral,0.19051307093415581,0.0,False,[],0,0.0,0.0,True,mcv:1252,True,False,[],[],no_extstat_consumption
1,256,query.257,10,10,5,15,0.2857142857142857,query.369,0.06896551724137931,query.25,3,0.3,0.2857142857142857,1.0,1.0,0.9,0.9333333333333333,0.9,1.0,0.0,0.1,0.06666666666666667,3,0.2,0.0,0.6,0,1,True,False,2.8666666666666667,5,1,1,,1,1.089711304083632,1.0008369670582518,1.0038003288478303,0.08887433702538017,0.08155769027294531,positive,0.0,1.034493401820256,False,[],0,0.0,0.0,True,mcv:318,True,False,[],[581],fd_only
1,258,query.259,28,28,16,44,0.3,query.151,0.1,query.375,3,0.10714285714285714,0.2727272727272727,1.0,1.0,1.0,1.0,1.0,1.0,0.0,0.0,0.0,8,0.18181818181818182,0.17857142857142858,0.1875,3,0,True,False,3.3181818181818183,7,5,7,5,5,2.1403758785806284,2.3155541341107986,1.033004680221387,-0.1751782555301702,-0.08184462237835446,negative,1.2825494538894116,-0.15819289483935156,True,"[""mcv:166"", ""mcv:829""]",2,0.1751782555301702,0.17497870703096252,False,mcv:450,False,False,"[166, 439, 829]",[],mcv_only
1,259,query.260,3,3,1,4,0.4,query.106,0.16666666666666666,query.106,3,1.0,0.3333333333333333,1.0,1.0,1.0,1.0,1.0,1.0,0.0,0.0,0.0,0,0.0,0.0,0.0,0,0,False,False,5,6,,,,,1.0734970792740468,1.0734970792740468,1.0031150661180837,0.0,0.0,neutral,0.07038201315596315,0.0,False,[],0,0.0,0.0,True,mcv:1151,False,True,[],[],no_extstat_consumption
1,270,query.271,21,21,7,28,0.2727272727272727,query.32,0.08823529411764706,query.59,3,0.14285714285714285,0.2,1.0,1.0,1.0,1.0,1.0,1.0,0.0,0.0,0.0,2,0.07142857142857142,0.047619047619047616,0.14285714285714285,1,0,True,False,3.8214285714285716,8,2,2,2,,1.1977004608502833,1.2092112432792816,1.0020676361373737,-0.01151078242899839,-0.009610735576428301,negative,0.20714360714190794,-0.05883870687800179,True,"[""mcv:1055""]",1,0.01151078242899839,0.01151078242899839,True,mcv:1203,True,False,[1055],[],mcv_only
1,277,query.278,10,10,6,16,0.3333333333333333,query.416,0.10526315789473684,query.416,3,0.3,0.3333333333333333,1.0,1.0,1.0,1.0,1.0,1.0,0.0,0.0,0.0,0,0.0,0.0,0.0,0,0,False,False,3.5625,7,,,,,1.0038456376208946,1.0038456376208946,1.0003594693425344,0.0,0.0,neutral,0.0034861682783602355,0.0,False,[],0,0.0,0.0,True,mcv:1039,True,False,[],[],no_extstat_consumption
1,283,query.284,15,15,7,22,0.3333333333333333,query.101,0.1,query.101,6,0.4,0.25,1.0,1.0,0.9333333333333333,0.9545454545454546,0.9333333333333333,1.0,0.0,0.06666666666666667,0.045454545454545456,2,0.09090909090909091,0.06666666666666667,0.14285714285714285,1,1,True,True,3.272727272727273,8,3.5,4,,3.5,1.0073501000300729,1.0012183614775498,1.000635261038703,0.006131738552523025,0.006086998504631082,positive,0.0005831004388467953,0.9131624094641406,False,[],0,0.0,0.0,True,mcv:1503,True,False,[809],[280],mcv_fd_composed
1,284,query.285,66,66,23,89,0.3333333333333333,query.183,0.12755102040816327,query.335,15,0.22727272727272727,0.25,1.0,1.0,0.9545454545454546,0.9550561797752809,0.9545454545454546,0.9565217391304348,0.0,0.045454545454545456,0.0449438202247191,3,0.033707865168539325,0.030303030303030304,0.043478260869565216,1,0,True,False,3.191011235955056,9,4,4,4,,40.54307144471822,40.42344599200207,10.647059138524535,0.11962545271615,0.002950576965518341,positive,29.77638685347754,0.004001384916856174,True,"[""mcv:743""]",1,0.0,0.0,True,mcv:65,True,False,[743],[],mcv_only
1,291,query.292,3,3,1,4,0.3333333333333333,query.401,0.11764705882352941,query.401,1,0.3333333333333333,0.3333333333333333,1.0,1.0,1.0,1.0,1.0,1.0,0.0,0.0,0.0,0,0.0,0.0,0.0,0,0,False,False,2.5,3,,,,,1.0957439444537822,1.0957439444537822,1.0098319569797136,0.0,0.0,neutral,0.08591198747406859,0.0,False,[],0,0.0,0.0,True,mcv:869,True,False,[],[],no_extstat_consumption
1,300,query.301,45,45,22,67,0.2727272727272727,query.174,0.07142857142857142,query.288,6,0.13333333333333333,0.2,1.0,1.0,0.9555555555555556,0.9701492537313433,0.9555555555555556,1.0,0.0,0.044444444444444446,0.029850746268656716,4,0.05970149253731343,0.022222222222222223,0.13636363636363635,1,1,True,True,3.2238805970149254,7,3,4,2,4,1.4858661906034623,1.4895299876025734,1.0020878485092568,-0.003663796999111124,-0.0024657651020534546,negative,0.4874421390933166,-0.00757329685998568,True,"[""mcv:1396""]",1,0.003663796999111124,0.003663796999111124,True,mcv:2142,True,False,[1396],[219],mcv_fd_composed
1,301,query.302,3,3,0,3,0.2857142857142857,query.44,0.05,query.48,1,0.3333333333333333,0.2222222222222222,1.0,1.0,1.0,1.0,1.0,1.0,0.0,0.0,0.0,1,0.3333333333333333,0.3333333333333333,0.0,1,0,True,False,3,7,1,1,,1,1.11362438439246,1.1136243399953887,1.0045886451115962,4.439707135261983e-08,3.9867186795519694e-08,positive,0.1090356948837925,4.07179073993876e-07,False,[],0,0.0,0.0,True,mcv:1653,True,False,[2066],[],mcv_only
1,302,query.303,28,28,12,40,0.3,query.151,0.08163265306122448,query.151,3,0.10714285714285714,0.3,1.0,1.0,0.9285714285714286,0.925,0.9285714285714286,0.9166666666666666,0.0,0.07142857142857142,0.075,5,0.125,0.10714285714285714,0.16666666666666666,2,1,True,True,3.2,7,4.666666666666667,6,4,6,1.4929615219483394,1.7826902227599681,1.048764944119097,-0.2897287008116287,-0.1940630729943582,negative,0.7339252786408712,-0.6522533384374831,True,"[""mcv:357"", ""mcv:829""]",2,0.2897287008116287,0.2897287008116287,True,mcv:1935,True,False,"[357, 829]",[93],mcv_fd_composed
1,311,query.312,6,6,4,10,0.4,query.45,0.15,query.289,3,0.5,0.4,1.0,1.0,1.0,1.0,1.0,1.0,0.0,0.0,0.0,2,0.2,0.16666666666666666,0.25,1,0,True,False,4.3,6,3,3,,3,1.2290756226668749,1.2061131351489207,1.2061131351489207,0.022962487517954155,0.01868272960139723,positive,0.0,1.0,False,[],0,0.0,0.0,False,,False,False,[1117],[],mcv_only
1,322,query.323,0,0,0,0,0.25,query.153,0.0,query.1,0,1.0,0.25,1.0,1.0,1.0,1.0,1.0,1.0,0.0,0.0,0.0,0,0.0,0.0,0.0,0,0,False,False,0.0,0,,,,,1.0008026023682268,1.0008026023682268,1.0008026023682268,0.0,0.0,neutral,0.0,,False,[],0,0.0,0.0,False,,False,False,[],[],no_extstat_consumption
1,328,query.329,45,45,20,65,0.3076923076923077,query.283,0.1,query.283,6,0.13333333333333333,0.3076923076923077,1.0,1.0,0.9555555555555556,0.9538461538461539,0.9555555555555556,0.95,0.0,0.044444444444444446,0.046153846153846156,9,0.13846153846153847,0.08888888888888889,0.25,3,0,True,False,3.246153846153846,9,2.6666666666666665,3,3,2,1.59221085157195,1.597277520301269,1.1718622177367444,-0.005066668729319046,-0.003182159400758292,negative,0.42541530256452464,-0.012053491605507142,True,"[""mcv:1135"", ""mcv:1316""]",2,0.005066668729319046,0.005066668729319046,True,mcv:599,True,False,"[1135, 1316, 1595]",[],mcv_only
1,332,query.333,3,3,1,4,0.4,query.240,0.1111111111111111,query.240,1,0.3333333333333333,0.25,1.0,1.0,1.0,1.0,1.0,1.0,0.0,0.0,0.0,1,0.25,0.0,1.0,0,1,True,False,3.25,5,5,5,5,,1.0063127327468966,1.0110413789762138,1.0002132537485553,-0.004728646229317235,-0.004698982806676424,negative,0.010828125227658525,-0.7752541209836376,True,"[""fd:127""]",1,0.004728646229317235,0.004728646229317235,True,mcv:318,True,False,[],[127],fd_only
1,333,query.334,15,15,3,18,0.3333333333333333,query.375,0.08888888888888889,query.382,3,0.2,0.3,1.0,1.0,1.0,1.0,1.0,1.0,0.0,0.0,0.0,1,0.05555555555555555,0.06666666666666667,0.0,1,0,True,False,3.8333333333333335,6,4,4,4,,1.0370219129670444,1.07357993110805,1.009329485825571,-0.03655801814100568,-0.03525288876144265,negative,0.06425044528247903,-1.320144960723029,True,"[""mcv:385""]",1,0.03655801814100568,0.03655801814100568,True,mcv:256,True,False,[385],[],mcv_only
1,340,query.341,10,10,1,11,0.375,query.193,0.12,query.193,3,0.3,0.25,0.6666666666666666,1.0,0.9,0.9090909090909091,0.9,1.0,0.0,0.1,0.09090909090909091,1,0.09090909090909091,0.1,0.0,1,0,True,False,2.5454545454545454,5,3,3,,3,1.1015684014619207,1.101568347254362,1.009412905686775,5.420755866403226e-08,4.9209435012925184e-08,positive,0.09215544156758693,5.882184042099428e-07,False,[],0,0.0,0.0,True,mcv:409,True,False,[751],[],mcv_only
1,343,query.344,15,15,8,23,0.3333333333333333,query.50,0.11904761904761904,query.50,6,0.4,0.25,1.0,1.0,1.0,1.0,1.0,1.0,0.0,0.0,0.0,2,0.08695652173913043,0.06666666666666667,0.125,1,0,True,False,3.869565217391304,7,6,6,6,,1.0081147982198764,1.008628344156725,1.007777303001775,-0.0005135459368486028,-0.0005094121599597778,negative,0.0008510411549500496,-1.5216391501411952,True,"[""mcv:96""]",1,0.0005135459368486028,0.0005135459368486028,False,mcv:2104,False,False,[96],[],mcv_only
1,346,query.347,10,10,4,14,0.375,query.181,0.0967741935483871,query.181,3,0.3,0.2857142857142857,1.0,1.0,1.0,1.0,1.0,1.0,0.0,0.0,0.0,1,0.07142857142857142,0.1,0.0,1,0,True,False,2.5714285714285716,5,1,1,1,,1.3539449350824526,1.3565146708722433,1.175628880412408,-0.0025697357897906947,-0.0018979618175049362,negative,0.18088579045983533,-0.014411129690737743,True,"[""mcv:1870""]",1,0.0025697357897906947,0.0025697357897906947,True,mcv:405,True,False,[1870],[],mcv_only
1,351,query.352,28,28,6,34,0.3333333333333333,query.147,0.1388888888888889,query.150,6,0.21428571428571427,0.25,0.75,1.0,0.9285714285714286,0.9411764705882353,0.9285714285714286,1.0,0.0,0.07142857142857142,0.058823529411764705,4,0.11764705882352941,0.14285714285714285,0.0,2,0,True,False,3.764705882352941,8,3.5,5,,3.5,1.0764619517830893,1.0242174248018352,1.003152938589743,0.05224452698125415,0.04853355652256402,positive,0.021064486212092115,0.7126617138258794,False,[],0,0.0,0.0,True,fd:124,True,False,"[107, 1561]",[],mcv_only
1,356,query.357,15,15,3,18,0.25,query.343,0.07142857142857142,query.343,3,0.2,0.23076923076923078,1.0,1.0,0.8666666666666667,0.8333333333333334,0.8666666666666667,0.6666666666666666,0.0,0.13333333333333333,0.16666666666666666,0,0.0,0.0,0.0,0,0,False,False,2.9444444444444446,6,,,,,3.6265040578939036,3.6265040578939036,1.2586160711168737,0.0,0.0,neutral,2.36788798677703,0.0,False,[],0,0.0,0.0,True,mcv:190,False,True,[],[],no_extstat_consumption
1,364,query.365,10,10,1,11,0.3333333333333333,query.83,0.0784313725490196,query.297,3,0.3,0.2222222222222222,1.0,1.0,1.0,1.0,1.0,1.0,0.0,0.0,0.0,2,0.18181818181818182,0.2,0.0,1,0,True,False,4.2727272727272725,7,6,6,,6,1.018068652513517,1.0069406394216458,1.0173842213509767,0.01112801309187117,0.01093051344268104,positive,0.0,16.25877619389787,False,[],0,0.0,0.0,False,mcv:1884,False,False,[120],[],mcv_only
1,369,query.370,28,28,9,37,0.35714285714285715,query.359,0.1308411214953271,query.359,10,0.35714285714285715,0.18181818181818182,1.0,1.0,1.0,1.0,1.0,1.0,0.0,0.0,0.0,3,0.08108108108108109,0.10714285714285714,0.0,2,0,True,False,4.513513513513513,10,5.5,8,8,3,1.3084155111396887,1.0365561247715869,1.0013887435334914,0.2718593863681018,0.20777756305510325,positive,0.035167381238095485,0.8854582565804089,True,"[""mcv:40""]",1,0.0,0.0,False,mcv:985,False,False,"[40, 674]",[],mcv_only
1,370,query.371,36,36,14,50,0.3333333333333333,query.23,0.11428571428571428,query.23,6,0.16666666666666666,0.23076923076923078,0.75,1.0,0.9722222222222222,0.96,0.9722222222222222,0.9285714285714286,0.0,0.027777777777777776,0.04,5,0.1,0.1111111111111111,0.07142857142857142,1,0,True,False,3.84,9,7,7,,7,1.491816060442546,1.491816072412434,1.000770290500712,-1.1969887969698334e-08,-8.023702309618169e-09,negative,0.491045781911722,-2.4376318262788837e-08,False,[],0,1.1969887969698334e-08,0.0,True,mcv:190,False,True,[182],[],mcv_only
1,371,query.372,36,36,7,43,0.3076923076923077,query.160,0.09302325581395349,query.46,6,0.16666666666666666,0.23076923076923078,1.0,1.0,0.9722222222222222,0.9767441860465116,0.9722222222222222,1.0,0.0,0.027777777777777776,0.023255813953488372,6,0.13953488372093023,0.08333333333333333,0.42857142857142855,1,0,True,False,3.488372093023256,7,4,4,,4,3.6822074211072833,2.8130606407827217,2.65447850173719,0.8691467803245616,0.23603960367425442,positive,0.15858213904553153,0.8456965294479323,False,[],0,0.0,0.0,True,mcv:781,True,False,[385],[],mcv_only
1,380,query.381,45,45,10,55,0.38461538461538464,query.455,0.17105263157894737,query.455,10,0.2222222222222222,0.3076923076923077,0.8,1.0,1.0,1.0,1.0,1.0,0.0,0.0,0.0,6,0.10909090909090909,0.13333333333333333,0.0,3,0,True,False,4.745454545454545,9,5.666666666666667,8,,5.666666666666667,30.090103248654234,14.03421917582694,5.041156448663562,16.055884072827293,0.5335935187774866,positive,8.993062727163379,0.640980405325196,False,[],0,0.0,0.0,True,mcv:314,True,False,"[4, 174, 1055]",[],mcv_only
1,389,query.390,21,21,17,38,0.4166666666666667,query.244,0.2235294117647059,query.244,10,0.47619047619047616,0.25,1.0,1.0,1.0,1.0,1.0,1.0,0.0,0.0,0.0,3,0.07894736842105263,0.047619047619047616,0.11764705882352941,1,1,True,True,4.421052631578948,9,4,6,,4,1.9122304451748624,1.705817861999551,1.3641620186917736,0.20641258317531141,0.10794336200229057,positive,0.34165584330777743,0.3766182710064953,False,[],0,0.0,0.0,True,mcv:987,True,False,[310],[619],mcv_fd_composed
1,390,query.391,6,6,4,10,0.5,query.309,0.3333333333333333,query.309,3,0.5,0.3333333333333333,0.6666666666666666,1.0,1.0,1.0,1.0,1.0,0.0,0.0,0.0,1,0.1,0.0,0.25,0,0,False,False,3.4,5,,,,,1.0077420880978063,1.0077420880978063,1.007131956468327,0.0,0.0,neutral,0.0006101316294793158,0.0,False,[],0,0.0,0.0,True,fd:404,True,False,[],[],no_extstat_consumption
1,391,query.392,45,45,15,60,0.35714285714285715,query.403,0.1188118811881188,query.403,10,0.2222222222222222,0.2857142857142857,0.8,1.0,1.0,1.0,1.0,1.0,0.0,0.0,0.0,6,0.1,0.1111111111111111,0.06666666666666667,3,0,True,False,4.333333333333333,9,4.666666666666667,8,1,6.5,1.5345061502088913,1.3858759933168063,1.4115814439105618,0.14863015689208492,0.09685862573561664,positive,0.0,1.2091154119284224,True,"[""mcv:1730""]",1,0.0,0.0,True,mcv:1159,True,False,"[4, 336, 1730]",[],mcv_only
1,392,query.393,28,28,13,41,0.2727272727272727,query.363,0.08928571428571429,query.384,3,0.10714285714285714,0.25,1.0,1.0,0.9642857142857143,0.9512195121951219,0.9642857142857143,0.9230769230769231,0.0,0.03571428571428571,0.04878048780487805,6,0.14634146341463414,0.10714285714285714,0.23076923076923078,3,0,True,False,3.7560975609756095,7,5,5,5,5,1.1452765790677444,1.139109504084667,1.0864868198511075,0.006167074983077336,0.0053847909717121235,positive,0.052622684233559536,0.10490049738683264,True,"[""mcv:188"", ""mcv:523""]",2,0.0,0.0,True,mcv:104,True,False,"[188, 251, 523]",[],mcv_only
1,403,query.404,21,21,5,26,0.3333333333333333,query.293,0.1,query.300,6,0.2857142857142857,0.25,0.75,1.0,1.0,1.0,1.0,1.0,0.0,0.0,0.0,3,0.11538461538461539,0.14285714285714285,0.0,2,0,True,False,3.5384615384615383,8,3.5,5,3.5,,1.1797785926277689,1.3239040706554168,1.002198756360666,-0.14412547802764797,-0.1221631575011303,negative,0.3217053142947508,-0.8116094769389515,True,"[""mcv:469"", ""mcv:498""]",2,0.14412547802764797,0.14412547802764797,False,mcv:787,False,False,"[469, 498]",[],mcv_only
1,410,query.411,6,6,3,9,0.3333333333333333,query.240,0.11764705882352941,query.417,1,0.16666666666666666,0.2222222222222222,1.0,1.0,0.8333333333333334,0.7777777777777778,0.8333333333333334,0.6666666666666666,0.0,0.16666666666666666,0.2222222222222222,1,0.1111111111111111,0.0,0.3333333333333333,0,0,False,False,2.111111111111111,5,,,,,1.0180391478284125,1.0180391478284125,1.0069237557026924,0.0,0.0,neutral,0.011115392125720103,0.0,False,[],0,0.0,0.0,True,mcv:1845,True,False,[],[],no_extstat_consumption
1,423,query.424,10,10,1,11,0.3,query.160,0.11764705882352941,query.396,3,0.3,0.2857142857142857,1.0,1.0,0.9,0.9090909090909091,0.9,1.0,0.0,0.1,0.09090909090909091,2,0.18181818181818182,0.1,1.0,1,1,True,True,4.363636363636363,11,6,11,,6,1.2594802714542155,1.189089186556637,1.1329735950354105,0.0703910848975784,0.05588899365315485,positive,0.05611559152122658,0.5564218971696493,False,[],0,0.0,0.0,True,mcv:239,True,False,[1918],[0],mcv_fd_composed
1,427,query.428,15,15,5,20,0.2727272727272727,query.135,0.07692307692307693,query.135,3,0.2,0.25,1.0,1.0,1.0,1.0,1.0,1.0,0.0,0.0,0.0,0,0.0,0.0,0.0,0,0,False,False,3.1,6,,,,,3.0544137635497837,3.0544137635497837,1.078038289910736,0.0,0.0,neutral,1.9763754736390478,0.0,False,[],0,0.0,0.0,True,mcv:192,True,False,[],[],no_extstat_consumption
1,431,query.432,6,6,3,9,0.2857142857142857,query.79,0.09090909090909091,query.219,1,0.16666666666666666,0.2857142857142857,1.0,1.0,0.8333333333333334,0.8888888888888888,0.8333333333333334,1.0,0.0,0.16666666666666666,0.1111111111111111,0,0.0,0.0,0.0,0,0,False,False,3.5555555555555554,5,,,,,1.0091367556178457,1.0091367556178457,1.0068500596147445,0.0,0.0,neutral,0.002286696003101163,0.0,False,[],0,0.0,0.0,True,mcv:450,True,False,[],[],no_extstat_consumption
1,433,query.434,10,10,4,14,0.42857142857142855,query.401,0.16,query.401,3,0.3,0.42857142857142855,1.0,1.0,1.0,1.0,1.0,1.0,0.0,0.0,0.0,2,0.14285714285714285,0.2,0.0,1,0,True,False,3.2857142857142856,6,3,3,3,,1.317122807102798,1.3191945920261607,1.0149027535363175,-0.002071784923362685,-0.0015729626062127612,negative,0.3042918384898432,-0.006855219893298532,True,"[""mcv:926""]",1,0.002071784923362685,0.002071784923362685,True,mcv:526,True,False,[926],[],mcv_only
1,438,query.439,45,45,23,68,0.3333333333333333,query.101,0.11827956989247312,query.123,10,0.2222222222222222,0.23076923076923078,1.0,1.0,1.0,1.0,1.0,1.0,0.0,0.0,0.0,11,0.16176470588235295,0.13333333333333333,0.21739130434782608,3,0,True,False,3.8529411764705883,7,4.666666666666667,6,5.5,3,2.7492500783933123,2.5737841423502825,1.7696562898182495,0.17546593604302974,0.06382319943246985,positive,0.804127852532033,0.17912111947776443,True,"[""mcv:226"", ""mcv:336""]",2,0.0,0.0,True,mcv:59,True,False,"[226, 336, 809]",[],mcv_only
1,449,query.450,6,6,0,6,0.3333333333333333,query.235,0.06976744186046512,query.235,3,0.5,0.2857142857142857,1.0,1.0,1.0,1.0,1.0,1.0,0.0,0.0,0.0,0,0.0,0.0,0.0,0,0,False,False,2.8333333333333335,5,,,,,1.1600652728472687,1.1600652728472687,1.1272091853003252,0.0,0.0,neutral,0.03285608754694347,0.0,False,[],0,0.0,0.0,True,mcv:112,True,False,[],[],no_extstat_consumption
1,458,query.459,21,21,7,28,0.3,query.179,0.09803921568627451,query.23,3,0.14285714285714285,0.2727272727272727,1.0,1.0,1.0,1.0,1.0,1.0,0.0,0.0,0.0,4,0.14285714285714285,0.19047619047619047,0.0,2,0,True,False,4.571428571428571,10,5,6,,5,1.1088389199265893,1.1337307646661152,1.006146123656693,-0.02489184473952588,-0.022448566957925544,negative,0.12758464100942213,-0.2423913423693846,False,[],0,0.02489184473952588,0.0,False,mcv:1079,False,False,"[68, 270]",[],mcv_only
1,459,query.460,10,10,0,10,0.25,query.7,0.04285714285714286,query.7,3,0.3,0.2222222222222222,1.0,1.0,1.0,1.0,1.0,1.0,0.0,0.0,0.0,0,0.0,0.0,0.0,0,0,False,False,3,6,,,,,1.133148066641347,1.133148066641347,1.1126234421899341,0.0,0.0,neutral,0.020524624451412787,0.0,False,[],0,0.0,0.0,True,mcv:1618,True,False,[],[],no_extstat_consumption
1,463,query.464,15,15,4,19,0.3333333333333333,query.186,0.11428571428571428,query.186,6,0.4,0.3333333333333333,1.0,1.0,0.9333333333333333,0.9473684210526315,0.9333333333333333,1.0,0.0,0.06666666666666667,0.05263157894736842,0,0.0,0.0,0.0,0,0,False,False,3.4210526315789473,9,,,,,1.6257160114104519,1.6257160114104519,1.200818054217418,0.0,0.0,neutral,0.4248979571930338,0.0,False,[],0,0.0,0.0,True,mcv:1325,False,True,[],[],no_extstat_consumption
1,464,query.465,45,45,21,66,0.35714285714285715,query.318,0.1650485436893204,query.318,10,0.2222222222222222,0.25,1.0,1.0,0.9777777777777777,0.9848484848484849,0.9777777777777777,1.0,0.0,0.022222222222222223,0.015151515151515152,8,0.12121212121212122,0.044444444444444446,0.2857142857142857,2,2,True,True,4.196969696969697,9,4.5,5,4,5,2350.4016739302833,203.16125718582094,31.627542604702704,2147.2404167444624,0.9135631754183957,positive,171.53371458111823,0.9260239657395795,True,"[""fd:488"", ""fd:118""]",2,0.0,0.0,True,mcv:908,True,False,"[188, 530]","[488, 118]",mcv_fd_composed
2,12,query.13,36,36,17,53,0.2857142857142857,query.403,0.09278350515463918,query.403,6,0.16666666666666666,0.21428571428571427,1.0,1.0,0.9444444444444444,0.9245283018867925,0.9444444444444444,0.8823529411764706,0.0,0.05555555555555555,0.07547169811320754,0,0.0,0.0,0.0,0,0,False,False,2.4716981132075473,7,,,,,2.8819149052315103,2.8819149052315103,1.6399730549079699,0.0,0.0,neutral,1.2419418503235404,0.0,False,[],0,0.0,0.0,True,mcv:841,True,False,[],[],no_extstat_consumption
2,14,query.15,15,15,6,21,0.25,query.24,0.06666666666666667,query.11,3,0.2,0.25,1.0,1.0,1.0,1.0,1.0,1.0,0.0,0.0,0.0,2,0.09523809523809523,0.13333333333333333,0.0,2,0,True,False,3.0952380952380953,6,4.5,5,,4.5,2.060903518666446,1.8911168237945484,1.388643139853805,0.16978669487189757,0.08238459167742208,positive,0.5024736839407433,0.25256091274005776,False,[],0,0.0,0.0,False,mcv:2053,False,False,"[34, 396]",[],mcv_only
2,18,query.19,21,21,9,30,0.375,query.153,0.19672131147540983,query.398,6,0.2857142857142857,0.375,1.0,1.0,1.0,1.0,1.0,1.0,0.0,0.0,0.0,3,0.1,0.047619047619047616,0.2222222222222222,1,0,True,False,3.966666666666667,6,5,5,,5,1.0784746224428328,1.077984285779239,1.0643572790318012,0.0004903366635937711,0.0004546575815415283,positive,0.013627006747437775,0.034732927387075764,False,[],0,0.0,0.0,True,mcv:1388,True,False,[109],[],mcv_only
2,28,query.29,15,15,6,21,0.3,query.328,0.09523809523809523,query.328,3,0.2,0.3,1.0,1.0,0.9333333333333333,0.9047619047619048,0.9333333333333333,0.8333333333333334,0.0,0.06666666666666667,0.09523809523809523,2,0.09523809523809523,0.0,0.3333333333333333,0,2,True,False,3.4761904761904763,8,5,6,5,,1.0072189013134303,1.0302952935369794,1.0018834430466868,-0.02307639222354907,-0.022910999975732253,negative,0.0284118504902926,-4.325100313760607,True,"[""fd:195"", ""fd:22""]",2,0.02307639222354907,0.015671468483985818,True,mcv:515,True,False,[],"[195, 22]",fd_only
2,43,query.44,15,15,6,21,0.375,query.219,0.125,query.219,3,0.2,0.375,1.0,1.0,1.0,1.0,1.0,1.0,0.0,0.0,0.0,2,0.09523809523809523,0.13333333333333333,0.0,1,0,True,False,4.0476190476190474,9,5,5,5,,1.0443159589773674,1.051323610991976,1.02560216277843,-0.007007652014608512,-0.006710279541711364,negative,0.02572144821354594,-0.3744644827865769,True,"[""mcv:109""]",1,0.007007652014608512,0.007007652014608512,True,fd:222,True,False,[109],[],mcv_only
2,46,query.47,10,10,6,16,0.3,query.275,0.13043478260869565,query.275,3,0.3,0.2857142857142857,1.0,1.0,1.0,1.0,1.0,1.0,0.0,0.0,0.0,2,0.125,0.2,0.0,1,0,True,False,4.25,8,8,8,8,,1.2777837763883686,1.271438246363919,1.003079781103087,0.006345530024449708,0.004966043662242471,positive,0.26835846526083196,0.02309951851213463,True,"[""mcv:40""]",1,0.0,0.0,False,,False,False,[40],[],mcv_only
2,69,query.70,21,21,10,31,0.3,query.440,0.1,query.429,6,0.2857142857142857,0.26666666666666666,1.0,1.0,0.9047619047619048,0.9032258064516129,0.9047619047619048,0.9,0.0,0.09523809523809523,0.0967741935483871,2,0.06451612903225806,0.047619047619047616,0.1,1,0,True,False,3.2903225806451615,8,8,8,,,1.008512359480096,1.008512359480096,1.0023880301370598,0.0,0.0,neutral,0.0061243293430361945,0.0,False,[],0,0.0,0.0,True,mcv:592,True,False,[7],[],mcv_only
2,81,query.82,36,36,11,47,0.3076923076923077,query.376,0.08974358974358974,query.376,6,0.16666666666666666,0.23076923076923078,0.75,1.0,1.0,1.0,1.0,1.0,0.0,0.0,0.0,6,0.1276595744680851,0.1388888888888889,0.09090909090909091,3,0,True,False,3.595744680851064,9,4,4,4,4,1.2801316903498279,1.37941625508719,1.037816207989866,-0.09928456473736214,-0.07755808678576667,negative,0.34160004709732394,-0.40973265005772114,True,"[""mcv:809"", ""mcv:940""]",2,0.09928456473736214,0.09928456473736214,True,mcv:539,True,False,"[691, 809, 940]",[],mcv_only
2,82,query.83,3,3,0,3,0.3333333333333333,query.84,0.07692307692307693,query.365,1,0.3333333333333333,0.3333333333333333,1.0,1.0,1.0,1.0,1.0,1.0,0.0,0.0,0.0,0,0.0,0.0,0.0,0,0,False,False,4.666666666666667,5,,,,,1.0049485850470095,1.0049485850470095,1.0049485850470095,0.0,0.0,neutral,0.0,,False,[],0,0.0,0.0,False,,False,False,[],[],no_extstat_consumption
2,84,query.85,1,1,0,1,0.3333333333333333,query.78,0.037037037037037035,query.206,1,1.0,0.25,1.0,1.0,1.0,1.0,1.0,1.0,0.0,0.0,0.0,0,0.0,0.0,0.0,0,0,False,False,6,6,,,,,1.0150075026437164,1.0150075026437164,1.0059104262534506,0.0,0.0,neutral,0.009097076390265801,0.0,False,[],0,0.0,0.0,True,mcv:169,True,False,[],[],no_extstat_consumption
2,86,query.87,21,21,7,28,0.2857142857142857,query.355,0.08333333333333333,query.370,6,0.2857142857142857,0.2857142857142857,1.0,1.0,1.0,1.0,1.0,1.0,0.0,0.0,0.0,3,0.10714285714285714,0.047619047619047616,0.2857142857142857,1,0,True,False,3.892857142857143,9,4,4,4,,1.0680078316747157,1.3774057311344845,1.0330760244260069,-0.3093978994597688,-0.2896962833826882,negative,0.3443297067084776,-8.857197031258814,True,"[""mcv:789""]",1,0.3093978994597688,0.3002137143676673,True,mcv:266,True,False,[789],[],mcv_only
2,88,query.89,15,15,5,20,0.3333333333333333,query.114,0.10256410256410256,query.114,3,0.2,0.3333333333333333,1.0,1.0,0.9333333333333333,0.9,0.9333333333333333,0.8,0.0,0.06666666666666667,0.1,3,0.15,0.06666666666666667,0.4,1,0,True,False,2.85,9,4,4,4,,1.0355567636963448,1.0355567668636587,1.0345299415423468,-3.167313966656593e-09,-3.058561420960736e-09,negative,0.0010268253213119305,-3.0845789159540026e-06,True,"[""mcv:130""]",1,3.167313966656593e-09,3.167313966656593e-09,False,mcv:270,False,False,[130],[],mcv_only
2,90,query.91,45,45,17,62,0.3333333333333333,query.50,0.13709677419354838,query.52,10,0.2222222222222222,0.26666666666666666,0.8,1.0,1.0,1.0,1.0,1.0,0.0,0.0,0.0,2,0.03225806451612903,0.022222222222222223,0.058823529411764705,1,0,True,False,4.080645161290323,9,3,3,3,,1.2899037908021205,1.830873518774299,1.000214616691612,-0.5409697279721786,-0.4193876565288479,negative,0.8306589020826871,-1.8674143748492766,True,"[""mcv:1056""]",1,0.5409697279721786,0.5409697279721786,True,mcv:271,True,False,[1056],[],mcv_only
2,93,query.94,21,21,12,33,0.3333333333333333,query.322,0.12,query.58,6,0.2857142857142857,0.3333333333333333,1.0,1.0,0.9523809523809523,0.9696969696969697,0.9523809523809523,1.0,0.0,0.047619047619047616,0.030303030303030304,1,0.030303030303030304,0.047619047619047616,0.0,1,0,True,False,3.909090909090909,9,3,3,,3,1.3021028814559925,1.3008846463890722,1.190861868840641,0.0012182350669203146,0.0009355904854139496,positive,0.11002277754843126,0.01095131227484165,False,[],0,0.0,0.0,True,mcv:115,True,False,[1401],[],mcv_only
2,108,query.109,15,15,4,19,0.2857142857142857,query.306,0.06,query.448,3,0.2,0.2727272727272727,1.0,1.0,0.9333333333333333,0.8947368421052632,0.9333333333333333,0.75,0.0,0.06666666666666667,0.10526315789473684,2,0.10526315789473684,0.13333333333333333,0.0,2,0,True,False,3.6842105263157894,8,5,8,,5,1.0097452023203866,1.0070842743575847,1.0067765761198084,0.002660927962801818,0.002635246948128128,positive,0.00030769823777632155,0.8963499555058844,False,[],0,0.0,0.0,False,mcv:673,False,False,"[14, 1581]",[],mcv_only
2,118,query.119,10,10,7,17,0.3,query.141,0.09259259259259259,query.141,3,0.3,0.3,1.0,1.0,1.0,1.0,1.0,1.0,0.0,0.0,0.0,0,0.0,0.0,0.0,0,0,False,False,2.5294117647058822,4,,,,,1.1620293834880204,1.1620293834880204,1.0117537730420203,0.0,0.0,neutral,0.15027561044600013,0.0,False,[],0,0.0,0.0,True,mcv:1793,True,False,[],[],no_extstat_consumption
2,120,query.121,36,36,19,55,0.3076923076923077,query.422,0.09230769230769231,query.449,6,0.16666666666666666,0.25,1.0,1.0,1.0,1.0,1.0,1.0,0.0,0.0,0.0,3,0.05454545454545454,0.05555555555555555,0.05263157894736842,1,1,True,True,4,8,6,6,6,,1.3688708983828004,1.4092916624716254,1.312807305979788,-0.040420764088825,-0.02952854366074883,negative,0.0964843564918374,-0.7209806285380513,True,"[""mcv:96"", ""fd:58""]",2,0.040420764088825,0.0248062607499977,True,mcv:888,True,False,[96],[58],mcv_fd_composed
2,127,query.128,28,28,15,43,0.3,query.227,0.12,query.290,6,0.21428571428571427,0.3,1.0,1.0,1.0,1.0,1.0,1.0,0.0,0.0,0.0,10,0.23255813953488372,0.10714285714285714,0.4666666666666667,2,2,True,True,4.209302325581396,8,4.75,6,6,4.333333333333333,1.0543237976249675,1.0429248637479296,1.0129822569687916,0.011398933877037942,0.010811606361077933,positive,0.02994260677913796,0.2757259090037102,True,"[""mcv:123""]",1,0.0,0.0,False,fd:223,False,False,"[34, 123]","[467, 43]",mcv_fd_composed
2,128,query.129,10,10,6,16,0.3333333333333333,query.436,0.12195121951219512,query.436,3,0.3,0.2222222222222222,1.0,1.0,0.9,0.875,0.9,0.8333333333333334,0.0,0.1,0.125,0,0.0,0.0,0.0,0,0,False,False,3.1875,6,,,,,1.0360210902774918,1.0360210902774918,1.0239920367501754,0.0,0.0,neutral,0.012029053527316425,0.0,False,[],0,0.0,0.0,True,mcv:1957,True,False,[],[],no_extstat_consumption
2,137,query.138,36,36,16,52,0.3076923076923077,query.170,0.10344827586206896,query.170,6,0.16666666666666666,0.23076923076923078,1.0,1.0,0.9444444444444444,0.9615384615384616,0.9444444444444444,1.0,0.0,0.05555555555555555,0.038461538461538464,5,0.09615384615384616,0.1111111111111111,0.0625,2,0,True,False,3.6923076923076925,7,4.5,5,4,5,4.507257620884456,3.041038742876149,1.9833453889823955,1.466218878008307,0.3253017691322006,positive,1.0576933538937534,0.5809310084064774,True,"[""mcv:34""]",1,0.0,0.0,True,mcv:841,True,False,"[34, 422]",[],mcv_only
2,142,query.143,28,28,13,41,0.3333333333333333,query.243,0.12162162162162163,query.243,6,0.21428571428571427,0.25,0.75,1.0,0.9642857142857143,0.975609756097561,0.9642857142857143,1.0,0.0,0.03571428571428571,0.024390243902439025,2,0.04878048780487805,0.0,0.15384615384615385,0,0,False,False,3.073170731707317,8,,,,,1.03194040299649,1.03194040299649,1.0063534930092402,0.0,0.0,neutral,0.025586909987249884,0.0,False,[],0,0.0,0.0,True,mcv:648,False,True,[],[],no_extstat_consumption
2,157,query.158,45,45,10,55,0.2857142857142857,query.209,0.08433734939759036,query.326,6,0.13333333333333333,0.25,1.0,1.0,1.0,1.0,1.0,1.0,0.0,0.0,0.0,7,0.12727272727272726,0.13333333333333333,0.1,3,0,True,False,3.6545454545454548,9,3.6666666666666665,4,,3.6666666666666665,2.633856251377953,2.0655037127408713,1.7956280275586853,0.5683525386370816,0.21578722769693182,positive,0.26987568518218596,0.6780403265920397,False,[],0,0.0,0.0,False,mcv:830,False,False,"[551, 601, 1087]",[],mcv_only
2,163,query.164,10,10,4,14,0.42857142857142855,query.247,0.21739130434782608,query.247,3,0.3,0.2727272727272727,1.0,1.0,1.0,1.0,1.0,1.0,0.0,0.0,0.0,1,0.07142857142857142,0.0,0.25,0,0,False,False,4.857142857142857,8,,,,,1.0259696079300447,1.0259696079300447,1.0060583354025938,0.0,0.0,neutral,0.01991127252745084,0.0,False,[],0,0.0,0.0,True,mcv:543,True,False,[],[],no_extstat_consumption
2,166,query.167,28,28,12,40,0.3333333333333333,query.243,0.1388888888888889,query.243,6,0.21428571428571427,0.25,0.75,1.0,1.0,1.0,1.0,1.0,0.0,0.0,0.0,2,0.05,0.03571428571428571,0.08333333333333333,1,0,True,False,3.05,7,1,1,1,,1.8986137464319348,2.3566582108789924,1.2050824594613978,-0.4580444644470576,-0.24125205314027703,negative,1.1515757514175946,-0.6604524886654702,True,"[""mcv:1563""]",1,0.4580444644470576,0.4492491477013292,True,mcv:1003,True,False,[1563],[],mcv_only
2,179,query.180,66,66,28,94,0.3333333333333333,query.103,0.14285714285714285,query.388,15,0.22727272727272727,0.3125,1.0,1.0,0.9696969696969697,0.9787234042553191,0.9696969696969697,1.0,0.0,0.030303030303030304,0.02127659574468085,12,0.1276595744680851,0.07575757575757576,0.25,1,2,True,True,3.702127659574468,9,7.333333333333333,9,9,6.5,1.3071998228072532,1.2986739717216633,1.0465898901344781,0.008525851085589897,0.006522224786781535,positive,0.2520840815871852,0.032714989018837806,True,"[""mcv:29""]",1,0.0,0.0,True,mcv:944,True,False,[29],"[124, 6]",mcv_fd_composed
2,181,query.182,1,1,1,2,0.4,query.309,0.14285714285714285,query.309,1,1.0,0.4,1.0,1.0,1.0,1.0,1.0,1.0,0.0,0.0,0.0,0,0.0,0.0,0.0,0,0,False,False,3,3,,,,,1.000229295688476,1.000229295688476,1.0000299438657871,0.0,0.0,neutral,0.00019935182268882023,0.0,False,[],0,0.0,0.0,True,fd:352,True,False,[],[],no_extstat_consumption
2,184,query.185,3,3,0,3,0.4,query.8,0.125,query.171,1,0.3333333333333333,0.4,1.0,1.0,1.0,1.0,1.0,1.0,0.0,0.0,0.0,0,0.0,0.0,0.0,0,0,False,False,3,6,,,,,1.1158932276204858,1.1158932276204858,1.0091790273153443,0.0,0.0,neutral,0.10671420030514156,0.0,False,[],0,0.0,0.0,True,mcv:1536,True,False,[],[],no_extstat_consumption
2,185,query.186,15,15,5,20,0.3333333333333333,query.464,0.125,query.66,3,0.2,0.3333333333333333,1.0,1.0,0.9333333333333333,0.95,0.9333333333333333,1.0,0.0,0.06666666666666667,0.05,3,0.15,0.13333333333333333,0.2,1,0,True,False,3.65,7,4,4,,4,1.3454710276859834,1.2697341000669742,1.1759309462990364,0.07573692761900919,0.05629027014373235,positive,0.0938031537679378,0.4467198965544453,False,[],0,0.0,0.0,False,mcv:544,False,False,[34],[],mcv_only
2,186,query.187,28,28,15,43,0.3333333333333333,query.236,0.1282051282051282,query.236,6,0.21428571428571427,0.3333333333333333,1.0,1.0,1.0,1.0,1.0,1.0,0.0,0.0,0.0,6,0.13953488372093023,0.17857142857142858,0.06666666666666667,2,0,True,False,4.604651162790698,8,5,7,,5,1.3991176593749002,1.3590047005559687,1.2116288234534245,0.04011295881893151,0.028670182632712416,positive,0.14737587710254418,0.21394851923733565,False,[],0,0.0,0.0,True,mcv:69,True,False,"[87, 219]",[],mcv_only
2,190,query.191,10,10,6,16,0.3333333333333333,query.218,0.13333333333333333,query.218,3,0.3,0.3,1.0,1.0,1.0,1.0,1.0,1.0,0.0,0.0,0.0,2,0.125,0.1,0.16666666666666666,1,0,True,False,3.0625,5,3,3,3,,1.1106433919979741,1.1220868971043705,1.0267157537474199,-0.011443505106396357,-0.01030349182180812,negative,0.09537114335695063,-0.1363496619818297,True,"[""mcv:1018""]",1,0.011443505106396357,0.011443505106396357,True,mcv:1389,True,False,[1018],[],mcv_only
2,194,query.195,78,78,31,109,0.26666666666666666,query.58,0.08196721311475409,query.58,6,0.07692307692307693,0.26666666666666666,1.0,1.0,0.9358974358974359,0.9357798165137615,0.9358974358974359,0.9354838709677419,0.0,0.0641025641025641,0.06422018348623854,8,0.07339449541284404,0.08974358974358974,0.03225806451612903,4,0,True,False,3.7339449541284404,12,6.75,8,5.5,8,5.411919835195818,5.757448198292514,1.675722309859118,-0.34552836309669566,-0.06384580215870723,negative,4.081725888433396,-0.09248128899864769,True,"[""mcv:173"", ""mcv:420""]",2,0.34552836309669566,0.22987859060108384,True,mcv:83,True,False,"[40, 61, 173, 420]",[],mcv_only
2,201,query.202,10,10,4,14,0.2857142857142857,query.8,0.06666666666666667,query.55,3,0.3,0.2857142857142857,1.0,1.0,0.9,0.9285714285714286,0.9,1.0,0.0,0.1,0.07142857142857142,1,0.07142857142857142,0.1,0.0,1,0,True,False,2.642857142857143,6,3,3,3,,5.329214639770764,6.41375837053163,1.1754692088195342,-1.084543730760866,-0.20350911045450362,negative,5.238289161712096,-0.26110019229380166,True,"[""mcv:468""]",1,1.084543730760866,1.084543730760866,True,mcv:294,True,False,[468],[],mcv_only
2,204,query.205,21,21,5,26,0.3,query.38,0.11904761904761904,query.280,3,0.14285714285714285,0.3,1.0,1.0,0.9523809523809523,0.9615384615384616,0.9523809523809523,1.0,0.0,0.047619047619047616,0.038461538461538464,2,0.07692307692307693,0.09523809523809523,0.0,1,0,True,False,3.4615384615384617,7,3,3,,3,1.0260063413361096,1.056290370465159,1.005615920885946,-0.030284029129049372,-0.02951641516134511,negative,0.050674449579212855,-1.4852086646799167,False,[],0,0.030284029129049372,0.0,True,mcv:476,False,True,[219],[],mcv_only
2,212,query.213,6,6,0,6,0.3333333333333333,query.92,0.07142857142857142,query.92,3,0.5,0.3333333333333333,1.0,1.0,1.0,1.0,1.0,1.0,0.0,0.0,0.0,0,0.0,0.0,0.0,0,0,False,False,3.6666666666666665,6,,,,,1.0203229784062897,1.0203229784062897,1.0028743667508102,0.0,0.0,neutral,0.017448611655479507,0.0,False,[],0,0.0,0.0,True,mcv:763,True,False,[],[],no_extstat_consumption
2,216,query.217,10,10,0,10,0.25,query.12,0.05,query.12,3,0.3,0.25,1.0,1.0,1.0,1.0,1.0,1.0,0.0,0.0,0.0,0,0.0,0.0,0.0,0,0,False,False,3,7,,,,,1.0443104657763111,1.0443104657763111,1.040310326423539,0.0,0.0,neutral,0.004000139352772214,0.0,False,[],0,0.0,0.0,True,mcv:68,False,True,[],[],no_extstat_consumption
2,220,query.221,3,3,0,3,0.42857142857142855,query.149,0.12,query.149,3,1.0,0.25,1.0,1.0,1.0,1.0,1.0,1.0,0.0,0.0,0.0,1,0.3333333333333333,0.3333333333333333,0.0,1,0,True,False,4.666666666666667,6,4,4,,4,115.30374160993239,1.256584980519854,1.256584980519854,114.04715662941254,0.9891019583321865,positive,0.0,1.0,False,[],0,0.0,0.0,False,,False,False,[826],[],mcv_only
2,227,query.228,10,10,1,11,0.2727272727272727,query.456,0.05084745762711865,query.353,3,0.3,0.25,1.0,1.0,0.9,0.9090909090909091,0.9,1.0,0.0,0.1,0.09090909090909091,1,0.09090909090909091,0.1,0.0,1,0,True,False,2.8181818181818183,5,5,5,,5,1.0627836564920157,1.0627581860363853,1.0192938419565931,2.5470455630394184e-05,2.3965795366543194e-05,positive,0.04346434407979216,0.0005856648482519611,False,[],0,0.0,0.0,False,mcv:484,False,False,[258],[],mcv_only
2,228,query.229,21,21,7,28,0.2727272727272727,query.238,0.0847457627118644,query.238,6,0.2857142857142857,0.25,1.0,1.0,0.9523809523809523,0.9642857142857143,0.9523809523809523,1.0,0.0,0.047619047619047616,0.03571428571428571,6,0.21428571428571427,0.2857142857142857,0.0,3,0,True,False,4.321428571428571,8,4.333333333333333,6,5,4,22.249925014884752,14.839804754421563,13.277840579429482,7.41012026046319,0.33304023521454423,positive,1.561964174992081,0.8259084400922915,True,"[""mcv:291""]",1,0.0,0.0,True,mcv:60,True,False,"[86, 291, 1281]",[],mcv_only
2,232,query.233,21,21,8,29,0.3,query.114,0.08620689655172414,query.348,3,0.14285714285714285,0.25,1.0,1.0,1.0,1.0,1.0,1.0,0.0,0.0,0.0,5,0.1724137931034483,0.047619047619047616,0.5,1,0,True,False,3.7586206896551726,6,4,4,,4,1.328319146214329,1.323785390325303,1.0326609184826392,0.004533755889025937,0.003413152555955404,positive,0.29112447184266377,0.015334448575333838,False,[],0,0.0,0.0,True,mcv:307,True,False,[130],[],mcv_only
2,233,query.234,3,3,3,6,0.3333333333333333,query.88,0.1,query.88,1,0.3333333333333333,0.3333333333333333,1.0,1.0,1.0,1.0,1.0,1.0,0.0,0.0,0.0,1,0.16666666666666666,0.3333333333333333,0.0,1,0,True,False,3,3,3,3,3,,1.0069645675409087,1.0069645994865868,1.0069645675409087,-3.1945678102829334e-08,-3.172472908440397e-08,negative,3.1945678102829334e-08,,True,"[""mcv:1351""]",1,3.1945678102829334e-08,3.1945678102829334e-08,False,,False,False,[1351],[],mcv_only
2,236,query.237,10,10,0,10,0.3,query.224,0.06976744186046512,query.224,3,0.3,0.3,1.0,1.0,1.0,1.0,1.0,1.0,0.0,0.0,0.0,0,0.0,0.0,0.0,0,0,False,False,3.1,5,,,,,1.9160944974556036,1.9160944974556036,1.062807630930621,0.0,0.0,neutral,0.8532868665249826,0.0,False,[],0,0.0,0.0,True,mcv:628,True,False,[],[],no_extstat_consumption
2,238,query.239,3,3,2,5,0.4,query.115,0.125,query.169,3,1.0,0.3333333333333333,1.0,1.0,1.0,1.0,1.0,1.0,0.0,0.0,0.0,0,0.0,0.0,0.0,0,0,False,False,4.8,6,,,,,1.0336973898952835,1.0336973898952835,1.026392260685033,0.0,0.0,neutral,0.007305129210250394,0.0,False,[],0,0.0,0.0,True,mcv:199,True,False,[],[],no_extstat_consumption
2,249,query.250,10,10,1,11,0.42857142857142855,query.169,0.14285714285714285,query.169,3,0.3,0.2857142857142857,0.6666666666666666,1.0,1.0,1.0,1.0,1.0,0.0,0.0,0.0,0,0.0,0.0,0.0,0,0,False,False,3,7,,,,,1.447648753420555,1.447648753420555,1.0647232608754336,0.0,0.0,neutral,0.38292549254512154,0.0,False,[],0,0.0,0.0,True,mcv:1518,False,True,[],[],no_extstat_consumption
2,250,query.251,21,21,6,27,0.4444444444444444,query.252,0.2,query.32,6,0.2857142857142857,0.2222222222222222,0.5,1.0,1.0,1.0,1.0,1.0,0.0,0.0,0.0,4,0.14814814814814814,0.19047619047619047,0.0,3,0,True,False,4.37037037037037,8,6,8,,5,1.6289605008102637,1.6185957439185297,1.2664244650194154,0.010364756891733995,0.0063628043077646424,positive,0.35217127889911426,0.028589590739921802,False,[],0,0.0,0.0,False,mcv:1314,False,False,"[7, 263, 326]",[],mcv_only
2,255,query.256,6,6,2,8,0.3333333333333333,query.399,0.08,query.59,3,0.5,0.3,1.0,1.0,1.0,1.0,1.0,1.0,0.0,0.0,0.0,1,0.125,0.16666666666666666,0.0,1,0,True,False,3,4,3,3,3,,1.202963300226407,1.2144023439711837,1.0124502292922513,-0.011439043744776667,-0.009509054634188548,negative,0.20195211467893248,-0.060043353921527896,True,"[""mcv:1183""]",1,0.011439043744776667,0.011439043744776667,False,mcv:1252,False,False,[1183],[],mcv_only
2,256,query.257,10,10,5,15,0.3333333333333333,query.333,0.11764705882352941,query.333,3,0.3,0.2857142857142857,1.0,1.0,0.9,0.9333333333333333,0.9,1.0,0.0,0.1,0.06666666666666667,4,0.26666666666666666,0.1,0.6,1,0,True,False,3.2,5,4,4,4,,1.089711304083632,1.089711304083632,1.0008369670582518,0.0,0.0,neutral,0.08887433702538017,0.0,True,"[""mcv:908""]",1,0.0,0.0,False,,False,False,[908],[],mcv_only
2,257,query.258,28,28,5,33,0.4,query.181,0.15217391304347827,query.181,10,0.35714285714285715,0.3,0.75,1.0,1.0,1.0,1.0,1.0,0.0,0.0,0.0,0,0.0,0.0,0.0,0,0,False,False,3.8484848484848486,7,,,,,1.030104490994257,1.030104490994257,1.0103821168458733,0.0,0.0,neutral,0.019722374148383626,0.0,False,[],0,0.0,0.0,True,mcv:1798,True,False,[],[],no_extstat_consumption
2,260,query.261,3,3,0,3,0.375,query.326,0.08571428571428572,query.326,3,1.0,0.375,1.0,1.0,1.0,1.0,1.0,1.0,0.0,0.0,0.0,0,0.0,0.0,0.0,0,0,False,False,2.6666666666666665,4,,,,,1.0055364966647922,1.0055364966647922,1.0020051853785306,0.0,0.0,neutral,0.003531311286261607,0.0,False,[],0,0.0,0.0,True,mcv:115,True,False,[],[],no_extstat_consumption
2,261,query.262,21,21,11,32,0.3333333333333333,query.219,0.14634146341463414,query.219,6,0.2857142857142857,0.3333333333333333,1.0,1.0,0.9523809523809523,0.96875,0.9523809523809523,1.0,0.0,0.047619047619047616,0.03125,4,0.125,0.14285714285714285,0.09090909090909091,1,0,True,False,3.59375,6,4,4,4,,1.0147065572289062,1.019348521885797,1.0144134244200322,-0.004641964656890707,-0.004574686764188844,negative,0.004935097465764704,-15.835704896772754,True,"[""mcv:34""]",1,0.004641964656890707,0.004641932933607151,False,mcv:245,False,False,[34],[],mcv_only
2,263,query.264,15,15,7,22,0.2727272727272727,query.235,0.10714285714285714,query.235,3,0.2,0.18181818181818182,1.0,1.0,1.0,1.0,1.0,1.0,0.0,0.0,0.0,1,0.045454545454545456,0.06666666666666667,0.0,1,0,True,False,2.772727272727273,5,2,2,,2,1.2523086867668098,1.2311641747634057,1.1733206517220014,0.02114451200340417,0.016884424924013524,positive,0.05784352304140428,0.2676925940923746,False,[],0,0.0,0.0,True,mcv:1520,True,False,[1263],[],mcv_only
2,268,query.269,45,45,9,54,0.38461538461538464,query.123,0.15384615384615385,query.123,10,0.2222222222222222,0.3076923076923077,0.8,1.0,0.9777777777777777,0.9814814814814815,0.9777777777777777,1.0,0.0,0.022222222222222223,0.018518518518518517,8,0.14814814814814814,0.15555555555555556,0.1111111111111111,2,0,True,False,4.055555555555555,9,4.5,6,6,,2.085116157899421,1.8883826542117905,1.3855298663459288,0.19673350368763032,0.09435134006434576,positive,0.5028527878658617,0.2812140633155726,True,"[""mcv:86""]",1,0.0,0.0,True,mcv:1082,True,False,"[86, 1111]",[],mcv_only
2,269,query.270,10,10,2,12,0.3,query.65,0.1,query.65,3,0.3,0.23076923076923078,1.0,1.0,1.0,1.0,1.0,1.0,0.0,0.0,0.0,1,0.08333333333333333,0.0,0.5,0,0,False,False,4.416666666666667,9,,,,,1.146757798818482,1.146757798818482,1.100412745018718,0.0,0.0,neutral,0.04634505379976406,0.0,False,[],0,0.0,0.0,True,mcv:365,True,False,[],[],no_extstat_consumption
2,271,query.272,10,10,4,14,0.3333333333333333,query.313,0.1111111111111111,query.313,3,0.3,0.2857142857142857,1.0,1.0,1.0,1.0,1.0,1.0,0.0,0.0,0.0,2,0.14285714285714285,0.1,0.25,1,0,True,False,2.9285714285714284,6,3,3,,3,1.1263698248148348,1.0486144032378275,1.048450675459855,0.07775542157700732,0.06903187555631617,positive,0.00016372777797246663,0.9978987478774112,False,[],0,0.0,0.0,True,mcv:1907,False,True,[1377],[],mcv_only
2,278,query.279,15,15,3,18,0.3333333333333333,query.134,0.1095890410958904,query.134,6,0.4,0.2222222222222222,1.0,1.0,1.0,1.0,1.0,1.0,0.0,0.0,0.0,1,0.05555555555555555,0.06666666666666667,0.0,1,0,True,False,4.166666666666667,8,6,6,6,,1.199753356942815,1.289732294870588,1.3430426147458636,-0.08997893792777312,-0.0749978630249933,negative,0.0,,True,"[""mcv:96""]",1,0.08997893792777312,0.08997893792777312,False,mcv:2012,False,False,[96],[],mcv_only
2,285,query.286,10,10,5,15,0.375,query.136,0.13333333333333333,query.136,3,0.3,0.3333333333333333,1.0,1.0,1.0,1.0,1.0,1.0,0.0,0.0,0.0,2,0.13333333333333333,0.2,0.0,1,0,True,False,4.8,7,6,6,6,,1.0381028401540753,1.0395840223073078,1.0022875023892979,-0.001481182153232563,-0.0014268163961604478,negative,0.037296519918009974,-0.041356085009178145,True,"[""mcv:123""]",1,0.001481182153232563,0.001481182153232563,False,mcv:560,False,False,[123],[],mcv_only
2,286,query.287,10,10,4,14,0.2857142857142857,query.9,0.06896551724137931,query.52,3,0.3,0.2857142857142857,1.0,1.0,1.0,1.0,1.0,1.0,0.0,0.0,0.0,0,0.0,0.0,0.0,0,0,False,False,4.142857142857143,9,,,,,1.018822758625483,1.018822758625483,1.0100354891722536,0.0,0.0,neutral,0.008787269453229385,0.0,False,[],0,0.0,0.0,True,mcv:169,True,False,[],[],no_extstat_consumption
2,290,query.291,10,10,6,16,0.375,query.288,0.14705882352941177,query.288,3,0.3,0.25,0.6666666666666666,1.0,1.0,1.0,1.0,1.0,0.0,0.0,0.0,1,0.0625,0.0,0.16666666666666666,0,1,True,False,2.5625,5,2,2,2,,1.1653736602971028,1.20931198259407,1.0010799193587665,-0.04393832229696715,-0.03770320524128323,negative,0.2082320632353034,-0.26743759102459264,True,"[""fd:655""]",1,0.04393832229696715,0.04393832229696715,True,mcv:619,True,False,[],[655],fd_only
2,297,query.298,15,15,4,19,0.3076923076923077,query.246,0.09433962264150944,query.34,6,0.4,0.3076923076923077,1.0,1.0,0.9333333333333333,0.9473684210526315,0.9333333333333333,1.0,0.0,0.06666666666666667,0.05263157894736842,4,0.21052631578947367,0.2,0.25,2,0,True,False,4.526315789473684,8,3,4,4,2,31.65254749978733,31.787245975586078,29.781392551560096,-0.1346984757987464,-0.004255533485879814,negative,2.0058534240259824,-0.07198681003214726,True,"[""mcv:644""]",1,0.1346984757987464,0.04955819413229179,True,mcv:188,True,False,"[553, 644]",[],mcv_only
2,303,query.304,10,10,3,13,0.2727272727272727,query.318,0.08333333333333333,query.197,3,0.3,0.2,1.0,1.0,0.9,0.9230769230769231,0.9,1.0,0.0,0.1,0.07692307692307693,0,0.0,0.0,0.0,0,0,False,False,3.1538461538461537,5,,,,,1.6743447312107271,1.6743447312107271,1.053726415497803,0.0,0.0,neutral,0.6206183157129241,0.0,False,[],0,0.0,0.0,True,mcv:1318,False,True,[],[],no_extstat_consumption
2,310,query.311,21,21,3,24,0.375,query.462,0.1346153846153846,query.104,6,0.2857142857142857,0.3,1.0,1.0,0.9523809523809523,0.9583333333333334,0.9523809523809523,1.0,0.0,0.047619047619047616,0.041666666666666664,0,0.0,0.0,0.0,0,0,False,False,3.7083333333333335,6,,,,,1.415868020936828,1.415868020936828,1.2090838624941869,0.0,0.0,neutral,0.2067841584426411,0.0,False,[],0,0.0,0.0,True,mcv:2190,True,False,[],[],no_extstat_consumption
2,326,query.327,6,6,2,8,0.375,query.467,0.16666666666666666,query.467,3,0.5,0.25,1.0,1.0,0.8333333333333334,0.875,0.8333333333333334,1.0,0.0,0.16666666666666666,0.125,1,0.125,0.16666666666666666,0.0,1,0,True,False,3,6,6,6,6,,1.0640086404438278,1.4458506370169926,1.0257127534341788,-0.38184199657316475,-0.3588711426383603,negative,0.4201378835828138,-9.970835679480562,True,"[""mcv:168""]",1,0.38184199657316475,0.38184199657316475,True,mcv:1480,True,False,[168],[],mcv_only
2,335,query.336,45,45,25,70,0.3076923076923077,query.66,0.11650485436893204,query.236,6,0.13333333333333333,0.2857142857142857,1.0,1.0,1.0,1.0,1.0,1.0,0.0,0.0,0.0,5,0.07142857142857142,0.06666666666666667,0.08,2,0,True,False,4.057142857142857,8,5,5,5,5,1.6184349156079962,1.134690296276662,1.1011526121131434,0.48374461933133417,0.298896554112963,positive,0.033537684163518655,0.9351656069868773,True,"[""mcv:109""]",1,0.0,0.0,True,fd:84,True,False,"[109, 291]",[],mcv_only
2,338,query.339,36,36,18,54,0.2777777777777778,query.335,0.10714285714285714,query.335,10,0.2777777777777778,0.17647058823529413,1.0,1.0,0.9444444444444444,0.9629629629629629,0.9444444444444444,1.0,0.0,0.05555555555555555,0.037037037037037035,4,0.07407407407407407,0.027777777777777776,0.16666666666666666,1,0,True,False,3.1481481481481484,8,2,2,2,,3.8700598582849843,3.9748364895925743,1.8474546168052608,-0.10477663130758996,-0.02707364618231556,negative,2.1273818727873133,-0.05180280815990377,True,"[""mcv:1241""]",1,0.10477663130758996,0.10477663130758996,True,mcv:1269,True,False,[1241],[],mcv_only
2,342,query.343,36,36,6,42,0.3333333333333333,query.374,0.1262135922330097,query.374,10,0.2777777777777778,0.2,1.0,1.0,1.0,1.0,1.0,1.0,0.0,0.0,0.0,3,0.07142857142857142,0.05555555555555555,0.16666666666666666,2,0,True,False,3.3095238095238093,6,2,2,,2,2.839222257287797,2.611457445082159,1.1346648645837651,0.22776481220563838,0.08022084626203711,positive,1.4767925804983937,0.13362108731599978,False,[],0,0.0,0.0,True,mcv:1076,True,False,"[1025, 1101]",[],mcv_only
2,345,query.346,36,36,8,44,0.4,query.137,0.12244897959183673,query.137,6,0.16666666666666666,0.25,1.0,1.0,1.0,1.0,1.0,1.0,0.0,0.0,0.0,4,0.09090909090909091,0.027777777777777776,0.375,1,1,True,True,4.159090909090909,9,4.5,5,5,4,1.1553969654942662,1.5359715356649815,1.0043981271439333,-0.3805745701707153,-0.32938858378246616,negative,0.5315734085210482,-2.520380781259674,True,"[""mcv:248""]",1,0.3805745701707153,0.3805745701707153,True,mcv:115,True,False,[248],[195],mcv_fd_composed
2,348,query.349,66,66,27,93,0.3125,query.60,0.12403100775193798,query.60,10,0.15151515151515152,0.2857142857142857,1.0,1.0,0.9242424242424242,0.946236559139785,0.9242424242424242,1.0,0.0,0.07575757575757576,0.053763440860215055,7,0.07526881720430108,0.045454545454545456,0.14814814814814814,2,0,True,False,3.763440860215054,9,3.5,4,4,3,11.037634859699823,10.302568500449413,6.3230806193764755,0.7350663592504105,0.06659636494537936,positive,3.979487881072937,0.15591428622528608,True,"[""mcv:601""]",1,0.0,0.0,True,mcv:192,True,False,"[601, 1061]",[],mcv_only
2,366,query.367,28,28,8,36,0.25,query.86,0.07142857142857142,query.86,6,0.21428571428571427,0.25,1.0,1.0,0.9642857142857143,0.9722222222222222,0.9642857142857143,1.0,0.0,0.03571428571428571,0.027777777777777776,1,0.027777777777777776,0.03571428571428571,0.0,1,0,True,False,3.5833333333333335,6,5,5,5,,2.7284525677805047,3.6176602809881606,1.3022195995164298,-0.8892077132076559,-0.32590184037210274,negative,2.3154406814717308,-0.6234659645330918,True,"[""mcv:474""]",1,0.8892077132076559,0.8892077132076559,True,mcv:203,True,False,[474],[],mcv_only
2,370,query.371,36,36,14,50,0.3333333333333333,query.23,0.11428571428571428,query.23,6,0.16666666666666666,0.23076923076923078,1.0,1.0,1.0,1.0,1.0,1.0,0.0,0.0,0.0,6,0.12,0.1388888888888889,0.07142857142857142,3,0,True,False,3.34,8,4.666666666666667,6,5,4,1.491816060442546,1.634808408589448,1.002209009374326,-0.14299234814690198,-0.09585119234102052,negative,0.632599399215122,-0.2920553285229913,True,"[""mcv:168"", ""mcv:190""]",2,0.14299234814690198,0.14299234814690198,False,mcv:1841,False,False,"[168, 190, 960]",[],mcv_only
2,371,query.372,36,36,7,43,0.3076923076923077,query.160,0.09302325581395349,query.46,6,0.16666666666666666,0.23076923076923078,1.0,1.0,1.0,1.0,1.0,1.0,0.0,0.0,0.0,8,0.18604651162790697,0.1388888888888889,0.42857142857142855,3,0,True,False,3.813953488372093,8,4,5,5,3.5,3.6822074211072833,2.2870794288555176,1.9439698116525939,1.3951279922517656,0.37888359690292356,positive,0.34310961720292377,0.8026106354294323,True,"[""mcv:258""]",1,0.0,0.0,True,mcv:12,True,False,"[258, 385, 1281]",[],mcv_only
2,376,query.377,21,21,7,28,0.3,query.41,0.09375,query.105,6,0.2857142857142857,0.2857142857142857,1.0,1.0,1.0,1.0,1.0,1.0,0.0,0.0,0.0,1,0.03571428571428571,0.047619047619047616,0.0,1,0,True,False,3.1785714285714284,6,3,3,,3,1.0508367292640048,1.0298614581067909,1.0426078605342763,0.02097527115721398,0.01996054246400851,positive,0.0,2.5489859962690193,False,[],0,0.0,0.0,True,mcv:520,True,False,[219],[],mcv_only
2,378,query.379,15,15,1,16,0.4,query.308,0.1590909090909091,query.308,6,0.4,0.3,0.75,1.0,1.0,1.0,1.0,1.0,0.0,0.0,0.0,3,0.1875,0.2,0.0,1,0,True,False,5.5625,10,8,8,8,,1.1147908786391854,1.114790878639185,1.062974885353257,4.440892098500626e-16,3.9836100057811567e-16,neutral,0.0518159932859279,8.570504620060306e-15,True,"[""mcv:14""]",1,0.0,0.0,True,mcv:83,True,False,[14],[],mcv_only
2,386,query.387,55,55,13,68,0.3333333333333333,query.144,0.12,query.144,10,0.18181818181818182,0.3076923076923077,1.0,1.0,0.9454545454545454,0.9411764705882353,0.9454545454545454,0.9230769230769231,0.0,0.05454545454545454,0.058823529411764705,8,0.11764705882352941,0.12727272727272726,0.07692307692307693,3,0,True,False,3.7205882352941178,8,6,8,,6,1.4540460243497912,1.4526383434994172,1.1098771049042138,0.0014076808503740157,0.00096811299422485,positive,0.34276123859520347,0.0040900870788729326,False,[],0,0.0,0.0,True,mcv:249,True,False,"[65, 197, 399]",[],mcv_only
2,390,query.391,6,6,4,10,0.5,query.309,0.3333333333333333,query.309,3,0.5,0.3333333333333333,0.6666666666666666,1.0,1.0,1.0,1.0,1.0,0.0,0.0,0.0,0,0.0,0.0,0.0,0,0,False,False,3.9,6,,,,,1.0077420880978063,1.0077420880978063,1.0083450465659871,0.0,0.0,neutral,0.0,,False,[],0,0.0,0.0,True,fd:105,True,False,[],[],no_extstat_consumption
2,393,query.394,15,15,7,22,0.4,query.398,0.14035087719298245,query.398,6,0.4,0.4,1.0,1.0,1.0,1.0,1.0,1.0,0.0,0.0,0.0,2,0.09090909090909091,0.06666666666666667,0.14285714285714285,1,0,True,False,3.727272727272727,6,5,5,,5,2.464829260813626,1.9425910349006896,1.4631412735263063,0.5222382259129366,0.2118760249302415,positive,0.47944976137438333,0.5213581799330693,False,[],0,0.0,0.0,False,mcv:921,False,False,[588],[],mcv_only
2,401,query.402,3,3,0,3,0.4,query.93,0.09090909090909091,query.93,1,0.3333333333333333,0.3333333333333333,1.0,1.0,1.0,1.0,1.0,1.0,0.0,0.0,0.0,0,0.0,0.0,0.0,0,0,False,False,3.6666666666666665,4,,,,,1.0007632265933057,1.0007632265933057,1.0007632037049612,0.0,0.0,neutral,2.2888344552995932e-08,0.0,False,[],0,0.0,0.0,True,mcv:962,True,False,[],[],no_extstat_consumption
2,407,query.408,10,10,4,14,0.375,query.2,0.1724137931034483,query.2,3,0.3,0.3,1.0,1.0,1.0,1.0,1.0,1.0,0.0,0.0,0.0,0,0.0,0.0,0.0,0,0,False,False,4.642857142857143,7,,,,,1.0106474319603411,1.0106474319603411,1.0102844667305986,0.0,0.0,neutral,0.0003629652297425512,0.0,False,[],0,0.0,0.0,True,fd:108,True,False,[],[],no_extstat_consumption
2,409,query.410,28,28,5,33,0.3,query.4,0.08928571428571429,query.23,3,0.10714285714285714,0.23076923076923078,1.0,1.0,0.9642857142857143,0.9696969696969697,0.9642857142857143,1.0,0.0,0.03571428571428571,0.030303030303030304,4,0.12121212121212122,0.10714285714285714,0.2,2,0,True,False,2.9696969696969697,7,3,4,3,,1.323665338889644,1.3333396300521152,1.0297965300730423,-0.009674291162471205,-0.007308713825343858,negative,0.3035430999790729,-0.03292044229337982,True,"[""mcv:623"", ""mcv:1346""]",2,0.009674291162471205,0.009674291162471205,True,mcv:1584,True,False,"[623, 1346]",[],mcv_only
2,411,query.412,21,21,9,30,0.36363636363636365,query.135,0.15789473684210525,query.135,6,0.2857142857142857,0.2727272727272727,0.75,1.0,0.9523809523809523,0.9666666666666667,0.9523809523809523,1.0,0.0,0.047619047619047616,0.03333333333333333,6,0.2,0.19047619047619047,0.2222222222222222,2,0,True,False,4.233333333333333,9,5,6,4,6,1.377733380813387,1.3001803792151245,1.0096886573881954,0.0775530015982624,0.05629028277770015,positive,0.2904917218269292,0.21071624360354604,True,"[""mcv:34""]",1,0.0,0.0,False,mcv:69,False,False,"[34, 112]",[],mcv_only
2,413,query.414,3,3,1,4,0.2857142857142857,query.288,0.08,query.288,1,0.3333333333333333,0.25,1.0,1.0,1.0,1.0,1.0,1.0,0.0,0.0,0.0,0,0.0,0.0,0.0,0,0,False,False,2.5,6,,,,,1.0021305483645273,1.0021305483645273,1.002130542677289,0.0,0.0,neutral,5.687238235907444e-09,0.0,False,[],0,0.0,0.0,True,mcv:1426,False,True,[],[],no_extstat_consumption
2,414,query.415,6,6,5,11,0.3333333333333333,query.316,0.10526315789473684,query.163,3,0.5,0.25,1.0,1.0,1.0,1.0,1.0,1.0,0.0,0.0,0.0,2,0.18181818181818182,0.16666666666666666,0.2,1,0,True,False,4.545454545454546,9,2,2,,2,1.2477868812302484,1.011689784752881,1.011689784752881,0.23609709647736743,0.1892126772839516,positive,0.0,1.0,False,[],0,0.0,0.0,False,,False,False,[1444],[],mcv_only
2,416,query.417,6,6,4,10,0.3333333333333333,query.243,0.11764705882352941,query.411,3,0.5,0.2857142857142857,1.0,1.0,0.8333333333333334,0.8,0.8333333333333334,0.75,0.0,0.16666666666666666,0.2,0,0.0,0.0,0.0,0,0,False,False,1.6,4,,,,,1.4141433095348512,1.4141433095348512,1.179052645729448,0.0,0.0,neutral,0.23509066380540333,0.0,False,[],0,0.0,0.0,True,mcv:648,False,True,[],[],no_extstat_consumption
2,424,query.425,3,3,1,4,0.4,query.153,0.125,query.434,1,0.3333333333333333,0.4,1.0,1.0,1.0,1.0,1.0,1.0,0.0,0.0,0.0,1,0.25,0.0,1.0,0,1,True,False,6.25,7,7,7,,7,1.0105759560442393,1.009958749417071,1.005509751763308,0.0006172066271683541,0.0006107473896215823,positive,0.004448997653762943,0.12182821555211663,False,[],0,0.0,0.0,True,mcv:488,False,True,[],[49],fd_only
2,425,query.426,6,6,2,8,0.375,query.95,0.13333333333333333,query.95,3,0.5,0.25,0.6666666666666666,1.0,1.0,1.0,1.0,1.0,0.0,0.0,0.0,0,0.0,0.0,0.0,0,0,False,False,3.625,5,,,,,1.0177774763094243,1.0177774763094243,1.0026938213124998,0.0,0.0,neutral,0.015083654996924434,0.0,False,[],0,0.0,0.0,True,mcv:417,True,False,[],[],no_extstat_consumption
2,427,query.428,15,15,5,20,0.375,query.108,0.10714285714285714,query.108,3,0.2,0.375,1.0,1.0,1.0,1.0,1.0,1.0,0.0,0.0,0.0,1,0.05,0.06666666666666667,0.0,1,0,True,False,3.25,6,3,3,,3,3.0544137635497837,2.5372720584205806,1.078038289910736,0.5171417051292031,0.16930964340868818,positive,1.4592337685098447,0.2616616690638261,False,[],0,0.0,0.0,True,mcv:192,True,False,[1415],[],mcv_only
2,432,query.433,21,21,11,32,0.2727272727272727,query.380,0.07575757575757576,query.140,3,0.14285714285714285,0.2222222222222222,1.0,1.0,1.0,1.0,1.0,1.0,0.0,0.0,0.0,2,0.0625,0.047619047619047616,0.09090909090909091,1,0,True,False,3.21875,6,4,4,,4,1.6426252742309557,1.6426252610510195,1.284156476123164,1.3179936253493452e-08,8.02370233811484e-09,positive,0.3584687849278554,3.676731788949241e-08,False,[],0,0.0,0.0,True,mcv:182,True,False,[976],[],mcv_only
2,434,query.435,21,21,9,30,0.3,query.181,0.09090909090909091,query.406,3,0.14285714285714285,0.25,1.0,1.0,1.0,1.0,1.0,1.0,0.0,0.0,0.0,2,0.06666666666666667,0.0,0.2222222222222222,0,1,True,False,3.933333333333333,6,5,5,,5,1.014040938202245,1.013720864752528,1.0087257526155506,0.0003200734497170732,0.00031564154627180966,positive,0.004995112136977342,0.06021867806804675,False,[],0,0.0,0.0,True,mcv:690,True,False,[],[93],fd_only
2,437,query.438,28,28,13,41,0.36363636363636365,query.400,0.15517241379310345,query.400,6,0.21428571428571427,0.25,1.0,1.0,1.0,1.0,1.0,1.0,0.0,0.0,0.0,3,0.07317073170731707,0.07142857142857142,0.07692307692307693,2,0,True,False,3.731707317073171,7,4,5,5,,1.5815360219305556,1.6601990729082836,1.1854618879940875,-0.07866305097772797,-0.049738387167245955,negative,0.47473718491419614,-0.19860688754379963,True,"[""mcv:440""]",1,0.07866305097772797,0.07866305097772797,True,mcv:562,True,False,"[440, 468]",[],mcv_only
2,440,query.441,10,10,6,16,0.25,query.90,0.07142857142857142,query.247,3,0.3,0.25,1.0,1.0,1.0,1.0,1.0,1.0,0.0,0.0,0.0,3,0.1875,0.1,0.3333333333333333,1,0,True,False,4,5,5,5,,5,1.068660286916499,1.06218836221982,1.0122428831967423,0.006471924696678899,0.00605611041779509,positive,0.04994547902307778,0.1147150395085003,False,[],0,0.0,0.0,True,mcv:262,True,False,[263],[],mcv_only
2,441,query.442,21,21,8,29,0.3,query.58,0.13043478260869565,query.58,3,0.14285714285714285,0.2,1.0,1.0,1.0,1.0,1.0,1.0,0.0,0.0,0.0,2,0.06896551724137931,0.047619047619047616,0.125,1,0,True,False,3.5172413793103448,8,1,1,1,,4.08508710158362,4.504459615115152,2.633275223425446,-0.41937251353153204,-0.10265938108613609,negative,1.8711843916897064,-0.28886147016758434,True,"[""mcv:1842""]",1,0.41937251353153204,0.41937251353153204,True,mcv:633,True,False,[1842],[],mcv_only
2,442,query.443,21,21,6,27,0.3333333333333333,query.249,0.08823529411764706,query.194,3,0.14285714285714285,0.3333333333333333,1.0,1.0,0.9523809523809523,0.9629629629629629,0.9523809523809523,1.0,0.0,0.047619047619047616,0.037037037037037035,4,0.14814814814814814,0.19047619047619047,0.0,1,0,True,False,2.8518518518518516,5,5,5,5,,1.4763464249095466,1.690291168167244,1.0194911335291563,-0.2139447432576973,-0.14491500073961663,negative,0.6708000346380876,-0.46829870922861005,True,"[""mcv:497""]",1,0.2139447432576973,0.2139447432576973,True,mcv:1712,True,False,[497],[],mcv_only
2,450,query.451,21,21,4,25,0.2857142857142857,query.446,0.08,query.331,3,0.14285714285714285,0.23076923076923078,1.0,1.0,0.9047619047619048,0.92,0.9047619047619048,1.0,0.0,0.09523809523809523,0.08,4,0.16,0.14285714285714285,0.25,2,0,True,False,3.4,6,3.5,4,3.5,,1.4718858601956764,1.4825181509400915,1.116558018415334,-0.010632290744415185,-0.0072235837247609,negative,0.36596013252475745,-0.029922481422066244,True,"[""mcv:130"", ""mcv:1358""]",2,0.010632290744415185,0.009380667982767266,True,mcv:845,True,False,"[130, 1358]",[],mcv_only
2,453,query.454,36,36,10,46,0.3125,query.285,0.11570247933884298,query.285,10,0.2777777777777778,0.23076923076923078,1.0,1.0,1.0,1.0,1.0,1.0,0.0,0.0,0.0,5,0.10869565217391304,0.1388888888888889,0.0,3,0,True,False,3.4130434782608696,7,3.6666666666666665,7,2,4.5,5.129356319755617,3.1496451479935006,2.9057562999225115,1.9797111717621165,0.3859570379498295,positive,0.2438888480709891,0.8903180221732079,True,"[""mcv:1241""]",1,0.0,0.0,True,mcv:1114,False,True,"[107, 553, 1241]",[],mcv_only
2,459,query.460,10,10,0,10,0.2857142857142857,query.33,0.06666666666666667,query.450,3,0.3,0.2857142857142857,1.0,1.0,1.0,1.0,1.0,1.0,0.0,0.0,0.0,1,0.1,0.1,0.0,1,0,True,False,2.8,6,6,6,,6,1.133148066641347,1.1253059423381737,1.1049233616857685,0.007842124303173215,0.006920652767309824,positive,0.02038258065240517,0.2778461038127976,False,[],0,0.0,0.0,True,mcv:1618,True,False,[112],[],mcv_only
2,462,query.463,28,28,14,42,0.4,query.252,0.1320754716981132,query.252,6,0.21428571428571427,0.3,0.75,1.0,1.0,1.0,1.0,1.0,0.0,0.0,0.0,3,0.07142857142857142,0.10714285714285714,0.0,2,0,True,False,4.166666666666667,8,6.5,8,6.5,,1.4405734080797241,1.4366866127970923,1.0177549284718408,0.0038867952826318053,0.002698089011522766,positive,0.4189316843252515,0.00919258610985114,True,"[""mcv:7"", ""mcv:326""]",2,0.0,0.0,True,mcv:35,True,False,"[7, 326]",[],mcv_only
3,6,query.7,45,45,18,63,0.2857142857142857,query.386,0.1111111111111111,query.386,6,0.13333333333333333,0.26666666666666666,1.0,1.0,0.9777777777777777,0.9841269841269841,0.9777777777777777,1.0,0.0,0.022222222222222223,0.015873015873015872,7,0.1111111111111111,0.1111111111111111,0.1111111111111111,3,0,True,False,3.619047619047619,9,5.333333333333333,8,6.5,3,2.1580969387775406,1.728917088898546,1.3592051353892345,0.4291798498789947,0.19886958837081004,positive,0.3697119535093114,0.5372189926830295,True,"[""mcv:40"", ""mcv:112""]",2,0.0,0.0,False,mcv:582,False,False,"[40, 112, 1203]",[],mcv_only
3,7,query.8,6,6,2,8,0.4,query.185,0.11764705882352941,query.76,3,0.5,0.4,1.0,1.0,1.0,1.0,1.0,1.0,0.0,0.0,0.0,2,0.25,0.3333333333333333,0.0,1,0,True,False,3.875,6,5,5,,5,1.361422326716653,1.001080195764987,1.001080195764987,0.3603421309516659,0.2646806386822701,positive,0.0,1.0,False,[],0,0.0,0.0,False,,False,False,[226],[],mcv_only
3,14,query.15,15,15,6,21,0.25,query.24,0.06666666666666667,query.11,3,0.2,0.25,1.0,1.0,1.0,1.0,1.0,1.0,0.0,0.0,0.0,1,0.047619047619047616,0.06666666666666667,0.0,1,0,True,False,3.238095238095238,8,8,8,,8,2.060903518666446,1.8960431603333703,1.3658582067961171,0.16486035833307566,0.07999421459562177,positive,0.5301849535372531,0.2371936843792896,False,[],0,0.0,0.0,False,mcv:394,False,False,[34],[],mcv_only
3,15,query.16,21,21,8,29,0.4444444444444444,query.384,0.1951219512195122,query.384,6,0.2857142857142857,0.2222222222222222,1.0,1.0,0.9523809523809523,0.9655172413793104,0.9523809523809523,1.0,0.0,0.047619047619047616,0.034482758620689655,3,0.10344827586206896,0.09523809523809523,0.125,2,0,True,False,3.4827586206896552,6,4.5,5,,4.5,2.6885879750756447,1.350468276983133,1.2178918343893064,1.3381196980925116,0.4977035196532347,positive,0.13257644259382673,0.9098546335125647,False,[],0,0.0,0.0,False,mcv:1083,False,False,"[173, 703]",[],mcv_only
3,18,query.19,21,21,9,30,0.375,query.153,0.14285714285714285,query.153,3,0.14285714285714285,0.375,1.0,1.0,1.0,1.0,1.0,1.0,0.0,0.0,0.0,3,0.1,0.14285714285714285,0.0,2,0,True,False,3.8333333333333335,6,5,6,5,,1.0784746224428328,1.0897616186326702,1.072164857893534,-0.011286996189837417,-0.0104657040183954,negative,0.017596760739136075,-1.7888141628187995,True,"[""mcv:187"", ""mcv:714""]",2,0.011286996189837417,0.011286996189837417,True,mcv:416,True,False,"[187, 714]",[],mcv_only
3,21,query.22,28,28,9,37,0.4,query.55,0.12244897959183673,query.55,6,0.21428571428571427,0.4,1.0,1.0,0.9642857142857143,0.972972972972973,0.9642857142857143,1.0,0.0,0.03571428571428571,0.02702702702702703,4,0.10810810810810811,0.14285714285714285,0.0,2,0,True,False,3.6486486486486487,8,6,8,4,8,13.030263219142059,10.516529072860028,7.088072832588159,2.5137341462820313,0.19291507040235684,positive,3.428456240271869,0.42303157299876426,True,"[""mcv:294""]",1,0.0,0.0,True,mcv:1069,True,False,"[14, 294]",[],mcv_only
3,32,query.33,6,6,1,7,0.3333333333333333,query.450,0.08333333333333333,query.450,3,0.5,0.3333333333333333,1.0,1.0,1.0,1.0,1.0,1.0,0.0,0.0,0.0,1,0.14285714285714285,0.16666666666666666,0.0,1,0,True,False,3.2857142857142856,6,5,5,5,,1.0132712793166891,1.020332647275634,1.0028701972340919,-0.007061367958944853,-0.006968881979667642,negative,0.01746245004154212,-0.6789070505231076,True,"[""mcv:112""]",1,0.007061367958944853,0.007061367958944853,False,mcv:1139,False,False,[112],[],mcv_only
3,33,query.34,28,28,11,39,0.2857142857142857,query.51,0.09195402298850575,query.51,6,0.21428571428571427,0.26666666666666666,1.0,1.0,1.0,1.0,1.0,1.0,0.0,0.0,0.0,4,0.10256410256410256,0.14285714285714285,0.0,2,0,True,False,3.8461538461538463,8,5.5,8,8,3,3.147391646828533,2.369145709450638,1.8305105292243555,0.7782459373778949,0.24726695140151814,positive,0.5386351802262823,0.5909766090304113,True,"[""mcv:65""]",1,0.0,0.0,False,fd:624,False,False,"[65, 1380]",[],mcv_only
3,49,query.50,45,45,26,71,0.3333333333333333,query.91,0.11827956989247312,query.94,10,0.2222222222222222,0.26666666666666666,0.8,1.0,0.9111111111111111,0.9154929577464789,0.9111111111111111,0.9230769230769231,0.0,0.08888888888888889,0.08450704225352113,9,0.1267605633802817,0.13333333333333333,0.11538461538461539,3,1,True,True,3.6619718309859155,9,3.75,4,4,3.6666666666666665,1.9110047155771868,1.1486807147545415,1.0273917932417775,0.7623240008226453,0.39891267384570434,positive,0.12128892151276394,0.8627352334411379,True,"[""mcv:172""]",1,0.0,0.0,True,mcv:540,True,False,"[96, 172, 444]",[216],mcv_fd_composed
3,66,query.67,28,28,7,35,0.3333333333333333,query.162,0.12121212121212122,query.162,6,0.21428571428571427,0.3,1.0,1.0,1.0,1.0,1.0,1.0,0.0,0.0,0.0,3,0.08571428571428572,0.10714285714285714,0.0,2,0,True,False,4.714285714285714,9,6.5,9,,6.5,1.3483197329982586,1.3483197173478834,1.3382885222318208,1.56503752180015e-08,1.160731748930186e-08,positive,0.010031195116062541,1.560168117528169e-06,False,[],0,0.0,0.0,True,mcv:1331,True,False,"[16, 294]",[],mcv_only
3,68,query.69,36,36,14,50,0.38461538461538464,query.318,0.15555555555555556,query.318,10,0.2777777777777778,0.2727272727272727,1.0,1.0,0.9444444444444444,0.96,0.9444444444444444,1.0,0.0,0.05555555555555555,0.04,2,0.04,0.05555555555555555,0.0,2,0,True,False,3.36,7,3,4,,3,1.3094300552322364,1.3072053649626276,1.105668855093351,0.002224690269608809,0.0016989760245072767,positive,0.20153650986927651,0.010918125080203893,False,[],0,0.0,0.0,True,mcv:91,False,True,"[444, 1214]",[],mcv_only
3,69,query.70,21,21,10,31,0.3,query.89,0.13333333333333333,query.89,3,0.14285714285714285,0.2,0.6666666666666666,1.0,0.9047619047619048,0.9354838709677419,0.9047619047619048,1.0,0.0,0.09523809523809523,0.06451612903225806,2,0.06451612903225806,0.047619047619047616,0.1,1,0,True,False,2.870967741935484,10,4,4,4,,1.008512359480096,1.0095749556778317,1.0023880301370598,-0.0010625961977357434,-0.0010536273430337814,negative,0.007186925540771938,-0.17350409134087347,True,"[""mcv:172""]",1,0.0010625961977357434,0.0010625961977357434,False,mcv:592,False,False,[172],[],mcv_only
3,77,query.78,1,1,0,1,0.3333333333333333,query.85,0.037037037037037035,query.32,1,1.0,0.25,1.0,1.0,1.0,1.0,1.0,1.0,0.0,0.0,0.0,0,0.0,0.0,0.0,0,0,False,False,3,3,,,,,1.001285336907925,1.001285336907925,1.001285336907925,0.0,0.0,neutral,0.0,,False,[],0,0.0,0.0,False,,False,False,[],[],no_extstat_consumption
3,81,query.82,36,36,11,47,0.3076923076923077,query.376,0.08974358974358974,query.376,6,0.16666666666666666,0.23076923076923078,1.0,1.0,1.0,1.0,1.0,1.0,0.0,0.0,0.0,10,0.2127659574468085,0.25,0.09090909090909091,3,0,True,False,3.2127659574468086,7,2.6666666666666665,4,3,2,1.2801316903498279,1.37941625508719,1.0251997768750831,-0.09928456473736214,-0.07755808678576667,negative,0.3542164782121069,-0.38945522113769376,True,"[""mcv:809"", ""mcv:940""]",2,0.09928456473736214,0.09928456473736214,True,mcv:885,True,False,"[691, 809, 940]",[],mcv_only
3,83,query.84,10,10,3,13,0.3333333333333333,query.83,0.125,query.416,3,0.3,0.3333333333333333,1.0,1.0,1.0,1.0,1.0,1.0,0.0,0.0,0.0,0,0.0,0.0,0.0,0,0,False,False,3.076923076923077,5,,,,,1.0057794985622495,1.0057794985622495,1.0026527857040832,0.0,0.0,neutral,0.0031267128581662362,0.0,False,[],0,0.0,0.0,True,mcv:1755,True,False,[],[],no_extstat_consumption
3,98,query.99,36,36,7,43,0.36363636363636365,query.154,0.14814814814814814,query.154,6,0.16666666666666666,0.36363636363636365,1.0,1.0,1.0,1.0,1.0,1.0,0.0,0.0,0.0,6,0.13953488372093023,0.16666666666666666,0.0,3,0,True,False,4.093023255813954,8,5,7,4,7,2.211074151188032,2.3211223528390423,1.2639228078929208,-0.11004820165101048,-0.04977137541582696,negative,1.0571995449461216,-0.11618861381556625,True,"[""mcv:146"", ""mcv:447""]",2,0.11004820165101048,0.11004820165101048,False,mcv:185,False,False,"[4, 146, 447]",[],mcv_only
3,111,query.112,6,6,0,6,0.375,query.28,0.09090909090909091,query.28,3,0.5,0.25,0.6666666666666666,1.0,0.8333333333333334,0.8333333333333334,0.8333333333333334,1.0,0.0,0.16666666666666666,0.16666666666666666,0,0.0,0.0,0.0,0,0,False,False,3.6666666666666665,6,,,,,1.0041905342427915,1.0041905342427915,1.0028447030611933,0.0,0.0,neutral,0.001345831181598145,0.0,False,[],0,0.0,0.0,True,mcv:100,True,False,[],[],no_extstat_consumption
3,118,query.119,10,10,7,17,0.4,query.182,0.11764705882352941,query.182,3,0.3,0.4,1.0,1.0,0.9,0.8823529411764706,0.9,0.8571428571428571,0.0,0.1,0.11764705882352941,1,0.058823529411764705,0.0,0.14285714285714285,0,1,True,False,2.1176470588235294,4,3,3,,3,1.1620293834880204,1.1617282096083614,1.0117537730420203,0.0003011738796590002,0.0002591792289752414,positive,0.14997443656634113,0.002004143445268011,False,[],0,0.0,0.0,True,mcv:1793,True,False,[],[352],fd_only
3,119,query.120,21,21,11,32,0.45454545454545453,query.59,0.21875,query.59,10,0.47619047619047616,0.2727272727272727,0.6,1.0,1.0,1.0,1.0,1.0,0.0,0.0,0.0,4,0.125,0.14285714285714285,0.09090909090909091,2,0,True,False,3.71875,8,4.5,5,5,4,1.5308208192822845,1.104727218030107,1.101275755081782,0.42609360125217743,0.27834322337734385,positive,0.0034514629483251014,0.9919648408607623,True,"[""mcv:368""]",1,0.0,0.0,False,fd:39,False,False,"[96, 368]",[],mcv_only
3,121,query.122,28,28,15,43,0.3,query.408,0.11764705882352941,query.408,6,0.21428571428571427,0.25,1.0,1.0,0.9642857142857143,0.9534883720930233,0.9642857142857143,0.9333333333333333,0.0,0.03571428571428571,0.046511627906976744,6,0.13953488372093023,0.07142857142857142,0.26666666666666666,1,2,True,True,3.6511627906976742,9,5,9,,5,1.7517912127262232,1.7507082314663507,1.6876063892436066,0.0010829812598724953,0.0006182136615396688,positive,0.06310184222274406,0.016872855623974777,False,[],0,0.0,0.0,True,mcv:858,True,False,[2],"[550, 352]",mcv_fd_composed
3,132,query.133,10,10,3,13,0.3,query.141,0.1,query.93,3,0.3,0.16666666666666666,1.0,1.0,1.0,1.0,1.0,1.0,0.0,0.0,0.0,2,0.15384615384615385,0.1,0.3333333333333333,1,0,True,False,3,6,3,3,,3,4.1061042659614255,1.6680364590242274,1.5739505959406157,2.438067806937198,0.5937666578874211,positive,0.09408586308361166,0.9628435413705211,False,[],0,0.0,0.0,True,mcv:1101,False,True,[1213],[],mcv_only
3,137,query.138,36,36,16,52,0.3076923076923077,query.170,0.10344827586206896,query.170,10,0.2777777777777778,0.23076923076923078,1.0,1.0,1.0,1.0,1.0,1.0,0.0,0.0,0.0,7,0.1346153846153846,0.19444444444444445,0.0,3,0,True,False,3.9615384615384617,8,4.666666666666667,8,6,2,4.507257620884456,3.419371789744642,1.4136648848950644,1.0878858311398139,0.24136313533512618,positive,2.0057069048495775,0.35165774036248076,True,"[""mcv:34"", ""mcv:110""]",2,0.0,0.0,False,mcv:1349,False,False,"[34, 110, 841]",[],mcv_only
3,143,query.144,36,36,8,44,0.3333333333333333,query.73,0.12,query.387,10,0.2777777777777778,0.3333333333333333,1.0,1.0,0.9444444444444444,0.9545454545454546,0.9444444444444444,1.0,0.0,0.05555555555555555,0.045454545454545456,3,0.06818181818181818,0.08333333333333333,0.0,2,0,True,False,3.1818181818181817,7,3,3,3,3,1.3745974657893933,1.3045088222678831,1.0884145918233619,0.07008864352151023,0.05098848591377277,positive,0.21609423044452125,0.24490858782077018,True,"[""mcv:763""]",1,0.0,0.0,True,mcv:1949,True,False,"[763, 1025]",[],mcv_only
3,154,query.155,6,6,1,7,0.2857142857142857,query.164,0.05,query.51,3,0.5,0.25,1.0,1.0,1.0,1.0,1.0,1.0,0.0,0.0,0.0,1,0.14285714285714285,0.16666666666666666,0.0,1,0,True,False,4.285714285714286,7,7,7,,7,1.2042282039296783,1.005759752935527,1.1964504516613566,0.19846845099415122,0.1648096684220667,positive,0.0,25.51745596250202,False,[],0,0.0,0.0,False,mcv:93,False,False,[4],[],mcv_only
3,167,query.168,15,15,5,20,0.25,query.177,0.06896551724137931,query.137,3,0.2,0.25,1.0,1.0,0.8666666666666667,0.85,0.8666666666666667,0.8,0.0,0.13333333333333333,0.15,2,0.1,0.06666666666666667,0.2,1,0,True,False,2.4,5,4,4,,4,1.0187155490519892,1.0186474103162102,1.0030674249499187,6.813873577904417e-05,6.688691052419262e-05,positive,0.01557998536629146,0.004354434776627844,False,[],0,0.0,0.0,True,mcv:1883,True,False,[110],[],mcv_only
3,172,query.173,28,28,7,35,0.3,query.286,0.1111111111111111,query.286,3,0.10714285714285714,0.3,1.0,1.0,1.0,1.0,1.0,1.0,0.0,0.0,0.0,4,0.11428571428571428,0.14285714285714285,0.0,3,0,True,False,3.3142857142857145,6,4.333333333333333,6,6,3.5,1.4104236683892528,1.1014193094977436,1.0921597478620027,0.30900435889150923,0.21908619786875932,positive,0.009259561635740932,0.9709060278639152,True,"[""mcv:187""]",1,0.0,0.0,False,mcv:1482,False,False,"[187, 523, 1156]",[],mcv_only
3,179,query.180,66,66,28,94,0.3333333333333333,query.103,0.14285714285714285,query.388,15,0.22727272727272727,0.3125,1.0,1.0,0.9696969696969697,0.9787234042553191,0.9696969696969697,1.0,0.0,0.030303030303030304,0.02127659574468085,13,0.13829787234042554,0.06060606060606061,0.32142857142857145,2,1,True,True,3.5638297872340425,9,6.666666666666667,9,8,4,1.3071998228072532,1.302281517678109,1.0456785934271369,0.0049183051291441515,0.003762473834017155,positive,0.2566029242509722,0.01880652343521789,True,"[""mcv:18"", ""mcv:29""]",2,0.0,0.0,True,mcv:944,True,False,"[18, 29]",[125],mcv_fd_composed
3,187,query.188,10,10,6,16,0.375,query.1,0.14285714285714285,query.1,3,0.3,0.3333333333333333,1.0,1.0,1.0,1.0,1.0,1.0,0.0,0.0,0.0,1,0.0625,0.0,0.16666666666666666,0,1,True,False,4.25,9,2,2,,2,1.0045545431326848,1.0043303307871239,1.0035655271132344,0.00022421234556091463,0.0002231957907051145,positive,0.0007648036738894248,0.22670244076079174,False,[],0,0.0,0.0,True,mcv:2030,True,False,[],[430],fd_only
3,189,query.190,6,6,2,8,0.3333333333333333,query.214,0.125,query.214,3,0.5,0.25,1.0,1.0,0.6666666666666666,0.625,0.6666666666666666,0.5,0.0,0.3333333333333333,0.375,1,0.125,0.16666666666666666,0.0,1,0,True,False,1.875,4,4,4,,4,1.0097481036947167,1.0097480832032184,1.0096445486462313,2.0491498275987396e-08,2.0293673442919105e-08,positive,0.0001035345569870838,0.00019788024413782592,False,[],0,0.0,0.0,True,fd:717,True,False,[420],[],mcv_only
3,197,query.198,6,6,2,8,0.4,query.221,0.14285714285714285,query.177,3,0.5,0.4,1.0,1.0,1.0,1.0,1.0,1.0,0.0,0.0,0.0,0,0.0,0.0,0.0,0,0,False,False,4.5,6,,,,,1.3452710620957011,1.3452710620957011,1.099008317341606,0.0,0.0,neutral,0.24626274475409504,0.0,False,[],0,0.0,0.0,True,mcv:137,True,False,[],[],no_extstat_consumption
3,198,query.199,28,28,4,32,0.3076923076923077,query.297,0.11764705882352941,query.297,6,0.21428571428571427,0.23076923076923078,1.0,1.0,1.0,1.0,1.0,1.0,0.0,0.0,0.0,7,0.21875,0.25,0.0,3,0,True,False,3.4375,7,3.3333333333333335,4,3.5,3,4.3288230803957815,3.8412652459679375,2.7477115018057394,0.48755783442784395,0.11263057541803415,positive,1.093553744162198,0.3083639643336394,True,"[""mcv:107"", ""mcv:1225""]",2,0.0,0.0,False,mcv:1529,False,False,"[107, 1111, 1225]",[],mcv_only
3,199,query.200,6,6,0,6,0.3333333333333333,query.222,0.09090909090909091,query.222,3,0.5,0.25,1.0,1.0,0.8333333333333334,0.8333333333333334,0.8333333333333334,1.0,0.0,0.16666666666666666,0.16666666666666666,0,0.0,0.0,0.0,0,0,False,False,2.1666666666666665,5,,,,,1.6627587960740096,1.6627587960740096,1.076621142493589,0.0,0.0,neutral,0.5861376535804206,0.0,False,[],0,0.0,0.0,True,mcv:217,True,False,[],[],no_extstat_consumption
3,202,query.203,55,55,23,78,0.3333333333333333,query.163,0.13043478260869565,query.163,10,0.18181818181818182,0.2857142857142857,1.0,1.0,0.9818181818181818,0.9743589743589743,0.9818181818181818,0.9565217391304348,0.0,0.01818181818181818,0.02564102564102564,11,0.14102564102564102,0.16363636363636364,0.08695652173913043,4,0,True,False,3.9615384615384617,9,7,9,6.5,7.5,1.7251866574728432,1.7336663445121885,1.1227367621204085,-0.008479687039345318,-0.004915228739229222,negative,0.61092958239178,-0.014075339882638175,True,"[""mcv:2"", ""mcv:600""]",2,0.008479687039345318,5.894669019568255e-08,False,mcv:91,False,False,"[2, 32, 145, 600]",[],mcv_only
3,203,query.204,15,15,8,23,0.5,query.14,0.21739130434782608,query.14,6,0.4,0.3333333333333333,0.6666666666666666,1.0,1.0,1.0,1.0,1.0,0.0,0.0,0.0,1,0.043478260869565216,0.06666666666666667,0.0,1,0,True,False,3.3043478260869565,8,1,1,,1,1.3695755155515736,1.2335647725859886,1.233564752337312,0.13601074296558502,0.09930868464073626,positive,2.024867651329032e-08,0.9999998511244549,False,[],0,0.0,0.0,True,mcv:85,True,False,[2088],[],mcv_only
3,208,query.209,28,28,8,36,0.3333333333333333,query.165,0.10256410256410256,query.165,6,0.21428571428571427,0.3333333333333333,1.0,1.0,1.0,1.0,1.0,1.0,0.0,0.0,0.0,3,0.08333333333333333,0.10714285714285714,0.0,3,0,True,False,4,9,3.6666666666666665,5,3,4,1.7992720011843986,1.4192097800013352,1.3662386146068866,0.3800622211830633,0.21123110954479452,positive,0.05297116539444868,0.8776741770118296,True,"[""mcv:1248""]",1,0.0,0.0,True,mcv:137,True,False,"[112, 904, 1248]",[],mcv_only
3,215,query.216,10,10,3,13,0.375,query.405,0.15625,query.405,3,0.3,0.25,1.0,1.0,1.0,1.0,1.0,1.0,0.0,0.0,0.0,2,0.15384615384615385,0.1,0.3333333333333333,1,1,True,True,3.230769230769231,6,4,6,2,6,1.1020150765754246,1.0345088724068265,1.0336248286177196,0.0675062041685981,0.06125706045544995,positive,0.000884043789106892,0.9870735402267643,True,"[""fd:447""]",1,0.0,0.0,True,mcv:1547,True,False,[86],[447],mcv_fd_composed
3,218,query.219,10,10,5,15,0.375,query.44,0.14634146341463414,query.262,3,0.3,0.375,1.0,1.0,1.0,1.0,1.0,1.0,0.0,0.0,0.0,1,0.06666666666666667,0.1,0.0,1,0,True,False,3.8,6,5,5,,5,1.2885933765867719,1.160355250246603,1.1595231270899453,0.12823812634016885,0.09951791517029693,positive,0.0008321231566577048,0.9935529437658818,False,[],0,0.0,0.0,True,mcv:1106,False,True,[197],[],mcv_only
3,223,query.224,28,28,8,36,0.3,query.237,0.08,query.266,3,0.10714285714285714,0.3,1.0,1.0,0.9285714285714286,0.8888888888888888,0.9285714285714286,0.75,0.0,0.07142857142857142,0.1111111111111111,9,0.25,0.21428571428571427,0.375,3,0,True,False,3.25,11,4,4,4,4,4.365597361549613,2.435078959502368,2.0117998500267755,1.9305184020472446,0.4422117392342357,positive,0.42327910947559255,0.8201718255697604,True,"[""mcv:110""]",1,0.0,0.0,True,fd:319,True,False,"[107, 110, 357]",[],mcv_only
3,227,query.228,10,10,1,11,0.2857142857142857,query.256,0.05555555555555555,query.256,3,0.3,0.2857142857142857,1.0,1.0,0.9,0.9090909090909091,0.9,1.0,0.0,0.1,0.09090909090909091,0,0.0,0.0,0.0,0,0,False,False,2.727272727272727,5,,,,,1.0627836564920157,1.0627836564920157,1.0192938419565931,0.0,0.0,neutral,0.043489814535422555,0.0,False,[],0,0.0,0.0,True,mcv:484,True,False,[],[],no_extstat_consumption
3,240,query.241,6,6,2,8,0.3,query.445,0.08,query.324,3,0.5,0.25,1.0,1.0,1.0,1.0,1.0,1.0,0.0,0.0,0.0,1,0.125,0.0,0.5,0,1,True,False,4.25,5,4,4,4,,1.0003102938554616,1.000722362165989,1.0000524769674106,-0.0004120683105275358,-0.0004119404879253167,negative,0.0006698851985784682,-1.5982983645591542,True,"[""fd:280""]",1,0.0004120683105275358,0.0004120683105275358,True,mcv:677,True,False,[],[280],fd_only
3,242,query.243,28,28,14,42,0.3333333333333333,query.9,0.14864864864864866,query.385,6,0.21428571428571427,0.25,0.75,1.0,0.8928571428571429,0.9047619047619048,0.8928571428571429,0.9285714285714286,0.0,0.10714285714285714,0.09523809523809523,0,0.0,0.0,0.0,0,0,False,False,2.880952380952381,7,,,,,1.0160967445630333,1.0160967445630333,1.000261743447716,0.0,0.0,neutral,0.015835001115317437,0.0,False,[],0,0.0,0.0,False,mcv:1793,False,False,[],[],no_extstat_consumption
3,243,query.244,45,45,21,66,0.29411764705882354,query.103,0.12244897959183673,query.103,10,0.2222222222222222,0.23076923076923078,1.0,1.0,1.0,1.0,1.0,1.0,0.0,0.0,0.0,5,0.07575757575757576,0.08888888888888889,0.047619047619047616,3,0,True,False,3.727272727272727,8,3.3333333333333335,4,,3.3333333333333335,1.6033844819385172,1.2750565265087064,1.1629025765233951,0.32832795542981086,0.20477181806877484,positive,0.11215394998531125,0.7453835251652067,False,[],0,0.0,0.0,True,mcv:921,True,False,"[551, 937, 976]",[],mcv_only
3,253,query.254,21,21,5,26,0.4,query.407,0.15217391304347827,query.407,6,0.2857142857142857,0.3,1.0,1.0,1.0,1.0,1.0,1.0,0.0,0.0,0.0,3,0.11538461538461539,0.09523809523809523,0.2,2,0,True,False,3.6538461538461537,6,2.5,4,1,4,2.1499260341027,1.8274000895120253,1.5796937044463737,0.32252594459067474,0.15001722825561542,positive,0.24770638506565157,0.5656044524607332,True,"[""mcv:1207""]",1,0.0,0.0,True,mcv:801,True,False,"[869, 1207]",[],mcv_only
3,259,query.260,3,3,1,4,0.4,query.106,0.16666666666666666,query.106,1,0.3333333333333333,0.3333333333333333,1.0,1.0,1.0,1.0,1.0,1.0,0.0,0.0,0.0,0,0.0,0.0,0.0,0,0,False,False,4.75,6,,,,,1.0734970792740468,1.0734970792740468,1.0031150661180837,0.0,0.0,neutral,0.07038201315596315,0.0,False,[],0,0.0,0.0,True,mcv:1151,True,False,[],[],no_extstat_consumption
3,267,query.268,3,3,0,3,0.5,query.212,0.16666666666666666,query.212,3,1.0,0.25,1.0,1.0,1.0,1.0,1.0,1.0,0.0,0.0,0.0,0,0.0,0.0,0.0,0,0,False,False,4,6,,,,,1.011096350791376,1.011096350791376,1.011096350791376,0.0,0.0,neutral,0.0,,False,[],0,0.0,0.0,False,,False,False,[],[],no_extstat_consumption
3,273,query.274,78,78,26,104,0.2777777777777778,query.134,0.08441558441558442,query.134,10,0.1282051282051282,0.2222222222222222,0.8,1.0,0.9871794871794872,0.9903846153846154,0.9871794871794872,1.0,0.0,0.01282051282051282,0.009615384615384616,16,0.15384615384615385,0.16666666666666666,0.11538461538461539,4,0,True,False,3.5,9,5.5,9,2,6.666666666666667,107.7293584910272,126.70198124780565,1.0006531059966004,-18.97262275677845,-0.17611376343950552,negative,125.70132814180904,-0.17776494794285666,True,"[""mcv:691""]",1,18.97262275677845,18.97262275677845,True,mcv:936,False,True,"[2, 40, 691, 973]",[],mcv_only
3,276,query.277,21,21,5,26,0.375,query.40,0.1095890410958904,query.381,6,0.2857142857142857,0.3,1.0,1.0,1.0,1.0,1.0,1.0,0.0,0.0,0.0,4,0.15384615384615385,0.19047619047619047,0.0,2,0,True,False,4.6923076923076925,9,4.5,7,4.5,,1.1529924490834003,1.2962588191461748,1.0727001371858946,-0.14326637006277454,-0.1242561216915754,negative,0.22355868196028017,-1.7843099379882879,True,"[""mcv:4"", ""mcv:841""]",2,0.14326637006277454,0.14326637006277454,False,mcv:350,False,False,"[4, 841]",[],mcv_only
3,277,query.278,10,10,6,16,0.3333333333333333,query.416,0.10526315789473684,query.416,3,0.3,0.3333333333333333,1.0,1.0,1.0,1.0,1.0,1.0,0.0,0.0,0.0,2,0.125,0.2,0.0,1,0,True,False,3.0625,6,5,5,,5,1.0038456376208946,1.002842837161966,1.00092579806878,0.0010028004589286432,0.0009989588252883896,positive,0.0019170390931859682,0.343443686212961,False,[],0,0.0,0.0,True,mcv:1039,True,False,[49],[],mcv_only
3,278,query.279,15,15,3,18,0.3333333333333333,query.134,0.1095890410958904,query.134,6,0.4,0.2222222222222222,1.0,1.0,0.9333333333333333,0.9444444444444444,0.9333333333333333,1.0,0.0,0.06666666666666667,0.05555555555555555,1,0.05555555555555555,0.06666666666666667,0.0,1,0,True,False,3.3333333333333335,9,4,4,4,,1.199753356942815,1.289732294870588,1.193948199098259,-0.08997893792777312,-0.0749978630249933,negative,0.09578409577232905,-15.499826247128706,True,"[""mcv:96""]",1,0.08997893792777312,0.08997893792777312,True,mcv:143,True,False,[96],[],mcv_only
3,281,query.282,28,28,14,42,0.35714285714285715,query.420,0.15789473684210525,query.420,10,0.35714285714285715,0.35714285714285715,1.0,1.0,0.9285714285714286,0.9523809523809523,0.9285714285714286,1.0,0.0,0.07142857142857142,0.047619047619047616,8,0.19047619047619047,0.14285714285714285,0.2857142857142857,2,1,True,True,4.071428571428571,7,5,7,4.5,6,1.2678716117979338,1.1129507663212534,1.0425623428793949,0.1549208454766804,0.12218969494631353,positive,0.07038842344185858,0.687591976221326,True,"[""mcv:29"", ""fd:430""]",2,0.0,0.0,True,mcv:100,True,False,"[29, 145]",[430],mcv_fd_composed
3,282,query.283,21,21,13,34,0.3076923076923077,query.329,0.1,query.329,6,0.2857142857142857,0.3076923076923077,1.0,1.0,1.0,1.0,1.0,1.0,0.0,0.0,0.0,3,0.08823529411764706,0.09523809523809523,0.07692307692307693,1,1,True,True,2.8529411764705883,7,5.5,7,5.5,,1.4880103185476843,1.500806248316239,1.2837817176355937,-0.012795929768554704,-0.00859935553474097,negative,0.2170245306806453,-0.06265493526081913,True,"[""mcv:295"", ""fd:3""]",2,0.012795929768554704,0.012795929768554704,True,mcv:1595,False,True,[295],[3],mcv_fd_composed
3,292,query.293,36,36,10,46,0.2727272727272727,query.79,0.08771929824561403,query.79,6,0.16666666666666666,0.21428571428571427,1.0,1.0,1.0,1.0,1.0,1.0,0.0,0.0,0.0,1,0.021739130434782608,0.027777777777777776,0.0,1,0,True,False,3.0434782608695654,7,6,6,6,,1.3244164545268373,1.3512155431855601,1.06347784311001,-0.026799088658722825,-0.020234638860853704,negative,0.2877377000755501,-0.10270265681729085,True,"[""mcv:191""]",1,0.026799088658722825,0.026799088658722825,True,mcv:469,True,False,[191],[],mcv_only
3,293,query.294,15,15,8,23,0.5,query.53,0.17391304347826086,query.53,3,0.2,0.25,1.0,1.0,1.0,1.0,1.0,1.0,0.0,0.0,0.0,4,0.17391304347826086,0.13333333333333333,0.25,2,0,True,False,3.4782608695652173,8,2,2,,2,4.425506359773974,3.1224655042971863,1.0011517051989904,1.3030408554767874,0.2944388166111094,positive,2.121313799098196,0.3805215834568734,False,[],0,0.0,0.0,False,mcv:1399,False,False,"[1044, 1269]",[],mcv_only
3,295,query.296,6,6,3,9,0.25,query.1,0.08,query.334,1,0.16666666666666666,0.2222222222222222,1.0,1.0,1.0,1.0,1.0,1.0,0.0,0.0,0.0,1,0.1111111111111111,0.16666666666666666,0.0,1,0,True,False,4.222222222222222,6,6,6,,6,1.0012476911165726,1.0012476895349112,1.0012476761968194,1.5816614684638353e-09,1.5796905026567363e-09,positive,1.3338091742198799e-08,0.10601123531543914,False,[],0,0.0,0.0,False,mcv:1591,False,False,[291],[],mcv_only
3,297,query.298,15,15,4,19,0.3076923076923077,query.246,0.09090909090909091,query.80,6,0.4,0.3076923076923077,1.0,1.0,1.0,1.0,1.0,1.0,0.0,0.0,0.0,1,0.05263157894736842,0.06666666666666667,0.0,1,0,True,False,4.315789473684211,7,4,4,4,,31.65254749978733,31.701972747920653,29.781392551560096,-0.049425248133321276,-0.001561493530138557,negative,1.9205801963605573,-0.026414299991642912,True,"[""mcv:644""]",1,0.049425248133321276,0.049425248133321276,True,mcv:188,True,False,[644],[],mcv_only
3,299,query.300,21,21,8,29,0.3,query.375,0.07142857142857142,query.27,3,0.14285714285714285,0.3,1.0,1.0,0.9523809523809523,0.9310344827586207,0.9523809523809523,0.875,0.0,0.047619047619047616,0.06896551724137931,0,0.0,0.0,0.0,0,0,False,False,3.3448275862068964,7,,,,,2.619309649350519,2.619309649350519,1.261102410934547,0.0,0.0,neutral,1.358207238415972,0.0,False,[],0,0.0,0.0,True,mcv:721,True,False,[],[],no_extstat_consumption
3,302,query.303,28,28,12,40,0.3333333333333333,query.259,0.1506849315068493,query.259,6,0.21428571428571427,0.3333333333333333,1.0,1.0,0.9642857142857143,0.975,0.9642857142857143,1.0,0.0,0.03571428571428571,0.025,3,0.075,0.03571428571428571,0.16666666666666666,1,1,True,True,3.05,6,5,6,4,6,1.4929615219483394,1.6340657048272678,1.0470467467374778,-0.14110418287892834,-0.09451294008889463,negative,0.58701895808979,-0.3164375587514538,True,"[""mcv:357""]",1,0.14110418287892834,0.14110418287892834,True,mcv:1935,True,False,[357],[93],mcv_fd_composed
3,303,query.304,10,10,3,13,0.2857142857142857,query.327,0.10526315789473684,query.327,3,0.3,0.2,1.0,1.0,0.9,0.9230769230769231,0.9,1.0,0.0,0.1,0.07692307692307693,0,0.0,0.0,0.0,0,0,False,False,2.6923076923076925,6,,,,,1.6743447312107271,1.6743447312107271,1.053726415497803,0.0,0.0,neutral,0.6206183157129241,0.0,False,[],0,0.0,0.0,True,mcv:1318,False,True,[],[],no_extstat_consumption
3,304,query.305,15,15,8,23,0.3333333333333333,query.215,0.1282051282051282,query.215,6,0.4,0.25,1.0,1.0,1.0,1.0,1.0,1.0,0.0,0.0,0.0,2,0.08695652173913043,0.0,0.25,0,0,False,False,4.217391304347826,8,,,,,1.2531014432148797,1.2531014432148797,1.0161546485778106,0.0,0.0,neutral,0.23694679463706914,0.0,False,[],0,0.0,0.0,True,mcv:1346,True,False,[],[],no_extstat_consumption
3,309,query.310,45,45,8,53,0.3076923076923077,query.56,0.08256880733944955,query.329,6,0.13333333333333333,0.25,1.0,1.0,0.9111111111111111,0.9245283018867925,0.9111111111111111,1.0,0.0,0.08888888888888889,0.07547169811320754,2,0.03773584905660377,0.044444444444444446,0.0,1,0,True,False,2.7735849056603774,7,2,2,,2,2.0921691105953713,2.092169132587641,1.1947480571627216,-2.1992269783055463e-08,-1.0511707524826755e-08,negative,0.8974210754249194,-2.450607738578751e-08,False,[],0,2.1992269783055463e-08,0.0,True,mcv:1946,True,False,[841],[],mcv_only
3,310,query.311,21,21,3,24,0.36363636363636365,query.104,0.1346153846153846,query.104,6,0.2857142857142857,0.3,1.0,1.0,0.9523809523809523,0.9583333333333334,0.9523809523809523,1.0,0.0,0.047619047619047616,0.041666666666666664,2,0.08333333333333333,0.09523809523809523,0.0,2,0,True,False,3.1666666666666665,6,3,3,3,3,1.415868020936828,1.5282837340657491,1.2100728964612886,-0.11241571312892118,-0.07939702815982794,negative,0.31821083760446056,-0.5462506141261029,True,"[""mcv:1306""]",1,0.11241571312892118,0.11241571312892118,False,mcv:1594,False,False,"[253, 1306]",[],mcv_only
3,320,query.321,28,28,9,37,0.3,query.242,0.08333333333333333,query.337,3,0.10714285714285714,0.3,1.0,1.0,0.9642857142857143,0.972972972972973,0.9642857142857143,1.0,0.0,0.03571428571428571,0.02702702702702703,2,0.05405405405405406,0.07142857142857142,0.0,1,0,True,False,2.945945945945946,6,4,4,4,,1.1696456014041676,1.1852136688116237,1.000380573122044,-0.015568067407456088,-0.013310072203722661,negative,0.18483309568957962,-0.0919745062843573,True,"[""mcv:295""]",1,0.015568067407456088,0.015568067407456088,True,mcv:1718,True,False,[295],[],mcv_only
3,325,query.326,28,28,7,35,0.375,query.261,0.1,query.273,6,0.21428571428571427,0.375,1.0,1.0,1.0,1.0,1.0,1.0,0.0,0.0,0.0,3,0.08571428571428572,0.10714285714285714,0.0,2,0,True,False,3.4,8,3,4,2,4,1.4213904178281649,1.421390428007783,1.3124069172666952,-1.0179618037398086e-08,-7.1617325611018175e-09,negative,0.1089835107410877,-9.340512999631999e-08,True,"[""mcv:1266""]",1,1.0179618037398086e-08,4.432500810835904e-09,True,mcv:1160,True,False,"[107, 1266]",[],mcv_only
3,327,query.328,21,21,4,25,0.3,query.29,0.10416666666666667,query.231,3,0.14285714285714285,0.3,1.0,1.0,1.0,1.0,1.0,1.0,0.0,0.0,0.0,1,0.04,0.0,0.25,0,1,True,False,4.08,9,4,4,4,,1.0464896401796873,1.0471291715878313,1.0438405148386904,-0.0006395314081439896,-0.0006111206299511756,negative,0.003288656749140806,-0.24141228738665338,True,"[""fd:188""]",1,0.0006395314081439896,0.0006395314081439896,True,mcv:482,True,False,[],[188],fd_only
3,343,query.344,15,15,8,23,0.3333333333333333,query.118,0.1282051282051282,query.118,3,0.2,0.25,1.0,1.0,1.0,1.0,1.0,1.0,0.0,0.0,0.0,2,0.08695652173913043,0.06666666666666667,0.125,1,0,True,False,3.739130434782609,9,4,4,4,,1.0081147982198764,1.008628344156725,1.004828680358607,-0.0005135459368486028,-0.0005094121599597778,negative,0.0037996637981179138,-0.15627739433857013,True,"[""mcv:96""]",1,0.0005135459368486028,0.0005135459368486028,False,mcv:592,False,False,[96],[],mcv_only
3,344,query.345,15,15,8,23,0.2857142857142857,query.239,0.07692307692307693,query.239,3,0.2,0.25,1.0,1.0,1.0,1.0,1.0,1.0,0.0,0.0,0.0,2,0.08695652173913043,0.0,0.25,0,1,True,False,3.4782608695652173,6,2,2,,2,1.1756015336827392,1.1751924183393316,1.0438757277085475,0.0004091153434075956,0.0003480051120093247,positive,0.1313166906307841,0.0031058101363050403,False,[],0,0.0,0.0,True,mcv:2003,True,False,[],[422],fd_only
3,349,query.350,21,21,13,34,0.25,query.14,0.07142857142857142,query.393,3,0.14285714285714285,0.16666666666666666,1.0,1.0,0.9523809523809523,0.9705882352941176,0.9523809523809523,1.0,0.0,0.047619047619047616,0.029411764705882353,3,0.08823529411764706,0.047619047619047616,0.15384615384615385,1,0,True,False,3.0588235294117645,7,2,2,2,,1.3289534268200156,1.3294736228258694,1.0048105243304848,-0.0005201960058538457,-0.0003914328338041131,negative,0.32466309849538466,-0.0016048354039485627,True,"[""mcv:940""]",1,0.0005201960058538457,0.0005201960058538457,True,mcv:193,True,False,[940],[],mcv_only
3,356,query.357,15,15,3,18,0.25,query.343,0.07142857142857142,query.343,3,0.2,0.23076923076923078,1.0,1.0,0.9333333333333333,0.9444444444444444,0.9333333333333333,1.0,0.0,0.06666666666666667,0.05555555555555555,0,0.0,0.0,0.0,0,0,False,False,2.7777777777777777,5,,,,,3.6265040578939036,3.6265040578939036,1.2586160711168737,0.0,0.0,neutral,2.36788798677703,0.0,False,[],0,0.0,0.0,True,mcv:190,True,False,[],[],no_extstat_consumption
3,357,query.358,28,28,10,38,0.3333333333333333,query.123,0.08823529411764706,query.123,6,0.21428571428571427,0.2727272727272727,1.0,1.0,0.9285714285714286,0.9210526315789473,0.9285714285714286,0.9,0.0,0.07142857142857142,0.07894736842105263,5,0.13157894736842105,0.17857142857142858,0.0,2,0,True,False,3.1578947368421053,7,3.5,4,3.5,,4.141265864305466,4.348565224912893,1.5708641681946391,-0.20729936060742737,-0.05005700367952437,negative,2.7777010567182545,-0.08064862426798264,True,"[""mcv:253"", ""mcv:438""]",2,0.20729936060742737,0.20729936060742737,True,mcv:941,True,False,"[253, 438]",[],mcv_only
3,365,query.366,10,10,6,16,0.3,query.123,0.10638297872340426,query.123,3,0.3,0.2857142857142857,1.0,1.0,1.0,1.0,1.0,1.0,0.0,0.0,0.0,1,0.0625,0.1,0.0,1,0,True,False,4.4375,8,4,4,4,,1.3129373966927702,1.6749120108018825,1.0144897591364757,-0.36197461410911225,-0.2756983044438447,negative,0.6604222516654068,-1.212858031221088,True,"[""mcv:939""]",1,0.36197461410911225,0.36197461410911225,True,mcv:336,True,False,[939],[],mcv_only
3,367,query.368,45,45,17,62,0.36363636363636365,query.90,0.13043478260869565,query.90,6,0.13333333333333333,0.2727272727272727,0.75,1.0,0.9333333333333333,0.9354838709677419,0.9333333333333333,0.9411764705882353,0.0,0.06666666666666667,0.06451612903225806,4,0.06451612903225806,0.06666666666666667,0.058823529411764705,2,0,True,False,3.064516129032258,6,3.5,4,,3.5,1.1100511875408778,1.160336940731686,1.0002481733047965,-0.05028575319080808,-0.04530039132898662,negative,0.16008876742688938,-0.45796332223349995,False,[],0,0.05028575319080808,0.0,False,mcv:451,False,False,"[253, 294]",[],mcv_only
3,368,query.369,6,6,1,7,0.5,query.107,0.14814814814814814,query.405,3,0.5,0.5,1.0,1.0,1.0,1.0,1.0,1.0,0.0,0.0,0.0,1,0.14285714285714285,0.16666666666666666,0.0,1,0,True,False,5.142857142857143,6,6,6,,6,1.279105677927858,1.00709711941029,1.00709711941029,0.272008558517568,0.21265526626245604,positive,0.0,1.0,False,[],0,0.0,0.0,False,,False,False,[86],[],mcv_only
3,372,query.373,10,10,5,15,0.3333333333333333,query.28,0.0975609756097561,query.28,3,0.3,0.25,1.0,1.0,1.0,1.0,1.0,1.0,0.0,0.0,0.0,2,0.13333333333333333,0.1,0.2,1,0,True,False,4.4,10,5,5,5,,1.3257876018108206,1.695735121013975,1.1188367583569545,-0.3699475192031545,-0.27903980901455366,negative,0.5768983626570205,-1.7876105892055667,True,"[""mcv:182""]",1,0.3699475192031545,0.3699475192031545,True,mcv:70,True,False,[182],[],mcv_only
3,379,query.380,21,21,13,34,0.25,query.14,0.06329113924050633,query.371,3,0.14285714285714285,0.25,1.0,1.0,0.9523809523809523,0.9411764705882353,0.9523809523809523,0.9230769230769231,0.0,0.047619047619047616,0.058823529411764705,5,0.14705882352941177,0.09523809523809523,0.23076923076923078,1,1,True,True,2.8529411764705883,7,2,2,,2,1.8991855941151559,1.3315273815511572,1.222807343369007,0.5676582125639986,0.29889559731442394,positive,0.10872003818215026,0.839261481187168,False,[],0,0.0,0.0,True,mcv:858,True,False,[940],[326],mcv_fd_composed
3,388,query.389,15,15,5,20,0.3,query.218,0.10204081632653061,query.348,3,0.2,0.3,1.0,1.0,1.0,1.0,1.0,1.0,0.0,0.0,0.0,2,0.1,0.13333333333333333,0.0,1,0,True,False,3.45,7,5,5,,5,1.1830684326358198,1.1830684789828925,1.0895670198126008,-4.634707262418658e-08,-3.917531002067862e-08,negative,0.09350145917029162,-4.956831263268069e-07,False,[],0,4.634707262418658e-08,0.0,True,mcv:241,True,False,[49],[],mcv_only
3,389,query.390,21,21,17,38,0.3333333333333333,query.100,0.13043478260869565,query.100,6,0.2857142857142857,0.2222222222222222,0.6666666666666666,1.0,1.0,1.0,1.0,1.0,0.0,0.0,0.0,2,0.05263157894736842,0.09523809523809523,0.0,2,0,True,False,3.736842105263158,7,2.5,4,,2.5,1.9122304451748624,1.3911030688655768,1.4270591366158898,0.5211273763092856,0.27252331308930267,positive,0.0,1.0741100454952863,False,[],0,0.0,0.0,True,mcv:562,True,False,"[551, 987]",[],mcv_only
3,397,query.398,28,28,15,43,0.4,query.394,0.14035087719298245,query.394,6,0.21428571428571427,0.4,1.0,1.0,1.0,1.0,1.0,1.0,0.0,0.0,0.0,1,0.023255813953488372,0.03571428571428571,0.0,1,0,True,False,4.27906976744186,7,6,6,,6,1.1853629600601467,1.1472362926614543,1.1286145647264794,0.038126667398692415,0.032164551013773725,positive,0.018621727934974963,0.6718545462742421,False,[],0,0.0,0.0,True,mcv:92,True,False,[329],[],mcv_only
3,398,query.399,6,6,2,8,0.4,query.221,0.1,query.221,3,0.5,0.3333333333333333,1.0,1.0,1.0,1.0,1.0,1.0,0.0,0.0,0.0,1,0.125,0.16666666666666666,0.0,1,0,True,False,2.875,5,3,3,3,,1.3539677250468705,1.3896000804404864,1.007759983836463,-0.03563235539361598,-0.026316990231345795,negative,0.3818400966040234,-0.10292189096938895,True,"[""mcv:826""]",1,0.03563235539361598,0.03563235539361598,True,mcv:508,True,False,[826],[],mcv_only
3,399,query.400,21,21,5,26,0.36363636363636365,query.96,0.15517241379310345,query.438,6,0.2857142857142857,0.2727272727272727,0.75,1.0,1.0,1.0,1.0,1.0,0.0,0.0,0.0,2,0.07692307692307693,0.047619047619047616,0.2,1,0,True,False,4.076923076923077,7,2,2,,2,1.7129220138127395,1.2308486749796455,1.2068024900751124,0.482073338833094,0.2814333255955197,positive,0.02404618490453303,0.9524891181297352,False,[],0,0.0,0.0,True,mcv:130,True,False,[1834],[],mcv_only
3,403,query.404,21,21,5,26,0.23076923076923078,query.338,0.04411764705882353,query.338,3,0.14285714285714285,0.2222222222222222,1.0,1.0,0.9523809523809523,0.9230769230769231,0.9523809523809523,0.8,0.0,0.047619047619047616,0.07692307692307693,2,0.07692307692307693,0.09523809523809523,0.0,2,0,True,False,2.3461538461538463,5,4.5,5,5,4,1.1797785926277689,1.2503852452220081,1.0011167850458653,-0.07060665259423926,-0.05984737563085815,negative,0.2492684601761428,-0.39519723633083254,True,"[""mcv:498""]",1,0.07060665259423926,0.07060665259423926,True,mcv:103,True,False,"[498, 600]",[],mcv_only
3,410,query.411,6,6,3,9,0.4,query.333,0.11764705882352941,query.417,1,0.16666666666666666,0.2222222222222222,1.0,1.0,0.8333333333333334,0.7777777777777778,0.8333333333333334,0.6666666666666666,0.0,0.16666666666666666,0.2222222222222222,0,0.0,0.0,0.0,0,0,False,False,2.2222222222222223,4,,,,,1.0180391478284125,1.0180391478284125,1.0069237557026924,0.0,0.0,neutral,0.011115392125720103,0.0,False,[],0,0.0,0.0,True,mcv:1845,True,False,[],[],no_extstat_consumption
3,421,query.422,28,28,14,42,0.3076923076923077,query.121,0.10204081632653061,query.246,6,0.21428571428571427,0.25,1.0,1.0,0.9642857142857143,0.9761904761904762,0.9642857142857143,1.0,0.0,0.03571428571428571,0.023809523809523808,3,0.07142857142857142,0.07142857142857142,0.07142857142857142,2,1,True,True,4.119047619047619,7,4,7,5.5,1,1.1970516150426693,1.1692016632928215,1.003769688686946,0.027849951749847834,0.023265456058764112,positive,0.16543197460587544,0.14408978777763082,True,"[""mcv:29"", ""fd:281""]",2,0.0,0.0,True,mcv:70,True,False,"[29, 987]",[281],mcv_fd_composed
3,425,query.426,6,6,2,8,0.375,query.95,0.13333333333333333,query.95,3,0.5,0.25,0.6666666666666666,1.0,1.0,1.0,1.0,1.0,0.0,0.0,0.0,2,0.25,0.16666666666666666,0.5,1,0,True,False,3.5,5,3,3,,3,1.0177774763094243,1.013977544364095,1.0026938213124998,0.003799931945329238,0.003733558694095117,positive,0.011283723051595196,0.25192381727797714,False,[],0,0.0,0.0,True,mcv:417,True,False,[824],[],mcv_only
3,428,query.429,66,66,24,90,0.2857142857142857,query.58,0.0970873786407767,query.58,6,0.09090909090909091,0.2857142857142857,1.0,1.0,0.9545454545454546,0.9666666666666667,0.9545454545454546,1.0,0.0,0.045454545454545456,0.03333333333333333,11,0.12222222222222222,0.10606060606060606,0.16666666666666666,3,1,True,True,3.6777777777777776,8,4,5,4,4,1.0050867715894147,1.0367394454982686,1.0082805796586425,-0.031652673908853846,-0.031492478862097883,negative,0.02845886583962609,,True,"[""mcv:146""]",1,0.031652673908853846,0.0017545531864251451,True,mcv:68,False,True,"[146, 172, 226]",[216],mcv_fd_composed
3,432,query.433,21,21,11,32,0.36363636363636365,query.143,0.140625,query.143,6,0.2857142857142857,0.2727272727272727,0.75,1.0,1.0,1.0,1.0,1.0,0.0,0.0,0.0,6,0.1875,0.23809523809523808,0.09090909090909091,2,0,True,False,3.65625,8,5.5,8,5.5,,1.6426252742309557,1.6426251894740862,1.2841565143940108,8.475686952280626e-08,5.1598420438579775e-08,positive,0.3584686750800754,2.3644143930801456e-07,True,"[""mcv:52"", ""mcv:976""]",2,0.0,0.0,True,fd:620,True,False,"[52, 976]",[],mcv_only
3,439,query.440,15,15,4,19,0.3333333333333333,query.154,0.11764705882352941,query.154,6,0.4,0.25,1.0,1.0,0.8666666666666667,0.8947368421052632,0.8666666666666667,1.0,0.0,0.13333333333333333,0.10526315789473684,2,0.10526315789473684,0.13333333333333333,0.0,2,0,True,False,3.263157894736842,5,3,4,2,4,1.780297580545958,1.7745011668289998,1.3529912095563277,0.00579641371695816,0.003255867884278421,positive,0.42150995727267215,0.013565006539766347,True,"[""mcv:691""]",1,0.0,0.0,False,mcv:474,False,False,"[146, 691]",[],mcv_only
3,440,query.441,10,10,6,16,0.25,query.90,0.07142857142857142,query.247,3,0.3,0.25,1.0,1.0,1.0,1.0,1.0,1.0,0.0,0.0,0.0,4,0.25,0.1,0.5,1,0,True,False,4.8125,8,6,6,,6,1.068660286916499,1.06218836221982,1.0122428888530903,0.006471924696678899,0.00605611041779509,positive,0.04994547336672972,0.11471505100970761,False,[],0,0.0,0.0,True,mcv:262,True,False,[263],[],mcv_only
3,441,query.442,21,21,8,29,0.3333333333333333,query.291,0.13043478260869565,query.58,3,0.14285714285714285,0.3333333333333333,1.0,1.0,1.0,1.0,1.0,1.0,0.0,0.0,0.0,2,0.06896551724137931,0.09523809523809523,0.0,1,0,True,False,3.3448275862068964,6,4,4,,4,4.08508710158362,4.080787472321672,2.633275223425446,0.004299629261947935,0.0010525183808886584,positive,1.4475122488962264,0.002961560878949836,False,[],0,0.0,0.0,True,mcv:633,True,False,[172],[],mcv_only
3,453,query.454,36,36,10,46,0.3125,query.285,0.11570247933884298,query.285,10,0.2777777777777778,0.23076923076923078,1.0,1.0,1.0,1.0,1.0,1.0,0.0,0.0,0.0,4,0.08695652173913043,0.1111111111111111,0.0,2,0,True,False,3.347826086956522,7,4.5,5,5,4,5.129356319755617,3.862390939414988,2.9057562999225115,1.266965380340629,0.2470028013965293,positive,0.9566346394924765,0.5697811517539573,True,"[""mcv:49""]",1,0.0,0.0,True,mcv:1263,True,False,"[49, 107]",[],mcv_only
3,454,query.455,28,28,6,34,0.4,query.379,0.17105263157894737,query.381,10,0.35714285714285715,0.3076923076923077,0.8,1.0,1.0,1.0,1.0,1.0,0.0,0.0,0.0,3,0.08823529411764706,0.10714285714285714,0.0,3,0,True,False,4.352941176470588,9,4,8,,4,1.539753283876118,1.2375536131863618,1.1658091206600159,0.3021996706897563,0.19626499508350453,positive,0.07174449252634596,0.808141162281266,False,[],0,0.0,0.0,False,mcv:1912,False,False,"[14, 1181, 1800]",[],mcv_only
3,455,query.456,36,36,18,54,0.2857142857142857,query.156,0.07692307692307693,query.6,6,0.16666666666666666,0.2222222222222222,1.0,1.0,1.0,1.0,1.0,1.0,0.0,0.0,0.0,6,0.1111111111111111,0.08333333333333333,0.16666666666666666,2,1,True,True,3.7962962962962963,8,3.3333333333333335,4,3.5,3,1.9452015172093449,1.0902780707003148,1.0495968535085245,0.8549234465090301,0.43950379379486276,positive,0.0406812171917903,0.9545768140334517,True,"[""mcv:420"", ""fd:216""]",2,0.0,0.0,True,mcv:202,True,False,"[420, 789]",[216],mcv_fd_composed
3,457,query.458,21,21,14,35,0.375,query.145,0.15789473684210525,query.145,6,0.2857142857142857,0.375,1.0,1.0,1.0,1.0,1.0,1.0,0.0,0.0,0.0,6,0.17142857142857143,0.09523809523809523,0.2857142857142857,2,0,True,False,4.542857142857143,12,3,4,3,,1.0584399257636827,1.117791483073385,1.0004517222654488,-0.05935155730970232,-0.056074563954944485,negative,0.11733976080793629,-1.0235108820280985,True,"[""mcv:843"", ""mcv:1588""]",2,0.05935155730970232,0.0521928620678227,True,mcv:150,True,False,"[843, 1588]",[],mcv_only
3,460,query.461,55,55,7,62,0.29411764705882354,query.307,0.09016393442622951,query.307,10,0.18181818181818182,0.2857142857142857,1.0,1.0,1.0,1.0,1.0,1.0,0.0,0.0,0.0,4,0.06451612903225806,0.05454545454545454,0.14285714285714285,2,1,True,True,3.5161290322580645,8,3,5,5,2,1.6660559740111016,1.568889381152784,1.3122236352841579,0.09716659285831764,0.05832132555809927,positive,0.2566657458686261,0.27461196228675455,True,"[""mcv:602""]",1,0.0,0.0,True,mcv:451,True,False,"[602, 1103]",[687],mcv_fd_composed
3,461,query.462,6,6,2,8,0.2857142857142857,query.4,0.06779661016949153,query.158,3,0.5,0.25,1.0,1.0,1.0,1.0,1.0,1.0,0.0,0.0,0.0,1,0.125,0.16666666666666666,0.0,1,0,True,False,3.625,7,3,3,,3,1.760931110451628,1.7569849462957279,1.726582696899619,0.003946164155900211,0.002240953171011973,positive,0.030402249396108916,0.11488635857737861,False,[],0,0.0,0.0,False,mcv:773,False,False,[253],[],mcv_only
4,3,query.4,10,10,0,10,0.3,query.183,0.06976744186046512,query.183,3,0.3,0.25,1.0,1.0,0.9,0.9,0.9,1.0,0.0,0.1,0.1,2,0.2,0.2,0.0,1,0,True,False,2.9,5,4,4,,4,1.4125998906119643,1.1081367534156272,1.0944795706550003,0.3044631371963371,0.2155338813345356,positive,0.013657182760626885,0.957069127924697,False,[],0,0.0,0.0,True,mcv:1538,True,False,[623],[],mcv_only
4,10,query.11,45,45,30,75,0.25,query.90,0.07741935483870968,query.342,6,0.13333333333333333,0.25,1.0,1.0,1.0,1.0,1.0,1.0,0.0,0.0,0.0,4,0.05333333333333334,0.044444444444444446,0.06666666666666667,1,2,True,True,3.6266666666666665,8,4.333333333333333,5,4.333333333333333,,7.155243436998079,7.193097020952747,3.2971628418284697,-0.03785358395466787,-0.005290327895615109,negative,3.895934179124277,-0.00981150678968741,True,"[""mcv:550"", ""fd:321"", ""fd:162""]",3,0.03785358395466787,0.03785358395466787,True,mcv:221,True,False,[550],"[321, 162]",mcv_fd_composed
4,13,query.14,3,3,2,5,0.5,query.204,0.21739130434782608,query.204,3,1.0,0.3333333333333333,0.6666666666666666,1.0,1.0,1.0,1.0,1.0,0.0,0.0,0.0,0,0.0,0.0,0.0,0,0,False,False,4,4,,,,,1.0113878515483354,1.0113878515483354,1.011387838008323,0.0,0.0,neutral,1.3540012444579475e-08,0.0,False,[],0,0.0,0.0,True,mcv:947,True,False,[],[],no_extstat_consumption
4,22,query.23,21,21,7,28,0.4,query.467,0.14583333333333334,query.467,6,0.2857142857142857,0.3,1.0,1.0,1.0,1.0,1.0,1.0,0.0,0.0,0.0,3,0.10714285714285714,0.047619047619047616,0.2857142857142857,1,0,True,False,3.607142857142857,6,3,3,,3,1.140252772406969,1.1048353496223258,1.0283450524208344,0.035417422784643326,0.03106102755609214,positive,0.07649029720149136,0.31648775248956484,False,[],0,0.0,0.0,False,mcv:1086,False,False,[1075],[],mcv_only
4,23,query.24,36,36,10,46,0.35714285714285715,query.116,0.14736842105263157,query.116,10,0.2777777777777778,0.3,1.0,1.0,0.9444444444444444,0.9565217391304348,0.9444444444444444,1.0,0.0,0.05555555555555555,0.043478260869565216,3,0.06521739130434782,0.08333333333333333,0.0,2,0,True,False,3.5434782608695654,8,3,5,,3,1.0423420231092244,1.0016452100908164,1.0004067714837348,0.040696813018407996,0.039043626867323836,positive,0.0012384386070816156,0.9704678388926405,False,[],0,0.0,0.0,False,mcv:828,False,False,"[68, 1991]",[],mcv_only
4,30,query.31,6,6,0,6,0.3333333333333333,query.276,0.08333333333333333,query.276,1,0.16666666666666666,0.2222222222222222,1.0,1.0,0.6666666666666666,0.6666666666666666,0.6666666666666666,1.0,0.0,0.3333333333333333,0.3333333333333333,1,0.16666666666666666,0.16666666666666666,0.0,1,0,True,False,1.8333333333333333,6,2,2,2,,1.007633962121432,1.012572533746512,1.012572533746512,-0.004938571625079824,-0.004901156382901539,negative,0.0,,True,"[""mcv:1216""]",1,0.004938571625079824,0.004938571625079824,False,,False,False,[1216],[],mcv_only
4,34,query.35,15,15,1,16,0.375,query.408,0.1111111111111111,query.408,3,0.2,0.25,1.0,1.0,1.0,1.0,1.0,1.0,0.0,0.0,0.0,1,0.0625,0.06666666666666667,0.0,1,0,True,False,3.1875,5,4,4,4,,1.8209618861302306,1.8209619031796225,1.0375524196383443,-1.7049391898282806e-08,-9.362849397421972e-09,negative,0.7834094835412782,-2.176306596680548e-08,True,"[""mcv:976""]",1,1.7049391898282806e-08,1.7049391898282806e-08,True,mcv:1103,True,False,[976],[],mcv_only
4,41,query.42,55,55,26,81,0.2727272727272727,query.268,0.08270676691729323,query.116,6,0.10909090909090909,0.25,1.0,1.0,0.9636363636363636,0.9629629629629629,0.9636363636363636,0.9615384615384616,0.0,0.03636363636363636,0.037037037037037035,2,0.024691358024691357,0.01818181818181818,0.038461538461538464,1,1,True,True,3.3703703703703702,7,5,7,7,3,1.479871054306232,1.3596914922005907,1.0285782527806568,0.12017956210564118,0.08120948224234424,positive,0.33111323941993387,0.2663006405140511,True,"[""mcv:16""]",1,0.0,0.0,True,mcv:1713,True,False,[16],[488],mcv_fd_composed
4,44,query.45,3,3,0,3,0.4,query.312,0.08333333333333333,query.312,1,0.3333333333333333,0.4,1.0,1.0,1.0,1.0,1.0,1.0,0.0,0.0,0.0,1,0.3333333333333333,0.3333333333333333,0.0,1,0,True,False,3.3333333333333335,4,4,4,,4,1.0167340553089397,1.0026241834071825,1.0128100332634786,0.014109871901757165,0.013877642661895308,positive,0.0,3.5957677450049426,False,[],0,0.0,0.0,False,mcv:739,False,False,[229],[],mcv_only
4,45,query.46,36,36,15,51,0.2857142857142857,query.372,0.09375,query.397,6,0.16666666666666666,0.25,1.0,1.0,0.9722222222222222,0.9803921568627451,0.9722222222222222,1.0,0.0,0.027777777777777776,0.0196078431372549,6,0.11764705882352941,0.08333333333333333,0.2,2,0,True,False,3.3333333333333335,6,4.5,6,3,6,2.017570275758359,1.422456282463253,1.4599892529515492,0.595113993295106,0.29496568245753724,positive,0.0,1.0673139309859558,True,"[""mcv:1434""]",1,0.0,0.0,True,mcv:772,True,False,"[126, 1434]",[],mcv_only
4,46,query.47,10,10,6,16,0.2857142857142857,query.40,0.09090909090909091,query.40,3,0.3,0.2857142857142857,1.0,1.0,1.0,1.0,1.0,1.0,0.0,0.0,0.0,3,0.1875,0.2,0.16666666666666666,1,0,True,False,3.8125,6,6,6,6,,1.2777837763883686,1.271438246363919,1.003079781103087,0.006345530024449708,0.004966043662242471,positive,0.26835846526083196,0.02309951851213463,True,"[""mcv:40""]",1,0.0,0.0,False,,False,False,[40],[],mcv_only
4,52,query.53,3,3,1,4,0.3333333333333333,query.12,0.07142857142857142,query.12,1,0.3333333333333333,0.2857142857142857,1.0,1.0,1.0,1.0,1.0,1.0,0.0,0.0,0.0,0,0.0,0.0,0.0,0,0,False,False,3.25,4,,,,,1.0095864158805332,1.0095864158805332,1.0047072258455236,0.0,0.0,neutral,0.004879190035009584,0.0,False,[],0,0.0,0.0,True,mcv:655,True,False,[],[],no_extstat_consumption
4,54,query.55,15,15,3,18,0.4,query.22,0.12244897959183673,query.22,6,0.4,0.4,1.0,1.0,1.0,1.0,1.0,1.0,0.0,0.0,0.0,4,0.2222222222222222,0.26666666666666666,0.0,2,0,True,False,4.111111111111111,7,5.5,7,,5.5,6.392234125981965,3.9203506628868583,2.1822403627102456,2.4718834630951063,0.3867010210167137,positive,1.7381103001766127,0.587146585503283,False,[],0,0.0,0.0,False,mcv:468,False,False,"[14, 229]",[],mcv_only
4,74,query.75,3,3,1,4,0.2857142857142857,query.204,0.0625,query.28,3,1.0,0.2857142857142857,1.0,1.0,1.0,1.0,1.0,1.0,0.0,0.0,0.0,0,0.0,0.0,0.0,0,0,False,False,3.75,4,,,,,1.0230913581283583,1.0230913581283583,1.0003836685854586,0.0,0.0,neutral,0.0227076895428997,0.0,False,[],0,0.0,0.0,True,mcv:1110,True,False,[],[],no_extstat_consumption
4,79,query.80,21,21,8,29,0.3,query.136,0.09836065573770492,query.390,3,0.14285714285714285,0.3,1.0,1.0,1.0,1.0,1.0,1.0,0.0,0.0,0.0,5,0.1724137931034483,0.19047619047619047,0.125,2,1,True,True,4.172413793103448,8,4,5,4,4,1.1928866308647346,1.1072961748314982,1.096061763103503,0.08559045603323634,0.07175070439945415,positive,0.01123441172799522,0.8839718350486253,True,"[""mcv:68"", ""fd:550""]",2,0.0,0.0,False,mcv:310,False,False,"[68, 749]",[550],mcv_fd_composed
4,82,query.83,3,3,0,3,0.3333333333333333,query.84,0.07692307692307693,query.365,1,0.3333333333333333,0.3333333333333333,1.0,1.0,1.0,1.0,1.0,1.0,0.0,0.0,0.0,0,0.0,0.0,0.0,0,0,False,False,5.333333333333333,7,,,,,1.0049485850470095,1.0049485850470095,1.0049485850470095,0.0,0.0,neutral,0.0,,False,[],0,0.0,0.0,False,,False,False,[],[],no_extstat_consumption
4,84,query.85,1,1,0,1,0.4,query.287,0.07142857142857142,query.287,1,1.0,0.4,1.0,1.0,1.0,1.0,1.0,1.0,0.0,0.0,0.0,0,0.0,0.0,0.0,0,0,False,False,4,4,,,,,1.0150075026437164,1.0150075026437164,1.0059104262534506,0.0,0.0,neutral,0.009097076390265801,0.0,False,[],0,0.0,0.0,True,mcv:169,True,False,[],[],no_extstat_consumption
4,88,query.89,15,15,5,20,0.3,query.70,0.13333333333333333,query.70,3,0.2,0.2727272727272727,1.0,1.0,1.0,1.0,1.0,1.0,0.0,0.0,0.0,4,0.2,0.13333333333333333,0.4,1,1,True,True,3.35,7,4,6,,4,1.0355567636963448,1.0345299415423468,1.0333855832939396,0.0010268221539979638,0.0009915653009042176,positive,0.0011443582484071957,0.47293267425428365,False,[],0,0.0,0.0,True,mcv:957,True,False,[270],[474],mcv_fd_composed
4,91,query.92,6,6,3,9,0.3333333333333333,query.213,0.11764705882352941,query.315,1,0.16666666666666666,0.3333333333333333,1.0,1.0,1.0,1.0,1.0,1.0,0.0,0.0,0.0,0,0.0,0.0,0.0,0,0,False,False,2.6666666666666665,4,,,,,1.0081241550741145,1.0081241550741145,1.0074105520457315,0.0,0.0,neutral,0.0007136030283829697,0.0,False,[],0,0.0,0.0,True,fd:399,True,False,[],[],no_extstat_consumption
4,99,query.100,10,10,4,14,0.3333333333333333,query.390,0.13043478260869565,query.390,3,0.3,0.2857142857142857,1.0,1.0,0.9,0.9285714285714286,0.9,1.0,0.0,0.1,0.07142857142857142,2,0.14285714285714285,0.2,0.0,1,0,True,False,3.857142857142857,7,4,4,4,,1.6251199402898857,1.6441144131347964,1.0884634344867343,-0.018994472844910737,-0.011688043678500763,negative,0.5556509786480621,-0.035394097787902375,True,"[""mcv:455""]",1,0.018994472844910737,0.018994472844910737,True,mcv:310,True,False,[455],[],mcv_only
4,100,query.101,45,45,21,66,0.3333333333333333,query.284,0.10743801652892562,query.439,10,0.2222222222222222,0.25,1.0,1.0,1.0,1.0,1.0,1.0,0.0,0.0,0.0,5,0.07575757575757576,0.08888888888888889,0.047619047619047616,3,0,True,False,3.4242424242424243,10,3.3333333333333335,4,2,4,1.5565030251530652,1.1121360886923926,1.0603890656205772,0.4443669364606726,0.2854905703874067,positive,0.051747023071815335,0.8956952892021441,True,"[""mcv:936""]",1,0.0,0.0,True,mcv:122,True,False,"[809, 844, 936]",[],mcv_only
4,103,query.104,28,28,7,35,0.2727272727272727,query.20,0.07017543859649122,query.254,3,0.10714285714285714,0.2,1.0,1.0,0.9642857142857143,0.9714285714285714,0.9642857142857143,1.0,0.0,0.03571428571428571,0.02857142857142857,4,0.11428571428571428,0.10714285714285714,0.14285714285714285,2,0,True,False,3.1714285714285713,7,2.5,4,2.5,,19.88045001925563,19.89939590352153,1.3683666168793311,-0.018945884265900048,-0.0009529907143726431,negative,18.531029286642198,-0.0010234333896458172,True,"[""mcv:422"", ""mcv:1253""]",2,0.018945884265900048,0.018945884265900048,True,mcv:110,True,False,"[422, 1253]",[],mcv_only
4,109,query.110,21,21,2,23,0.25,query.61,0.06451612903225806,query.61,3,0.14285714285714285,0.23076923076923078,1.0,1.0,0.9523809523809523,0.9565217391304348,0.9523809523809523,1.0,0.0,0.047619047619047616,0.043478260869565216,1,0.043478260869565216,0.0,0.5,0,0,False,False,3.4347826086956523,7,,,,,1.1693731407726453,1.1693731407726453,1.1166424506241213,0.0,0.0,neutral,0.05273069014852405,0.0,False,[],0,0.0,0.0,True,mcv:268,False,True,[],[],no_extstat_consumption
4,113,query.114,15,15,8,23,0.42857142857142855,query.225,0.18518518518518517,query.432,3,0.2,0.2857142857142857,0.6666666666666666,1.0,1.0,1.0,1.0,1.0,0.0,0.0,0.0,2,0.08695652173913043,0.0,0.25,0,0,False,False,3.0434782608695654,7,,,,,1.071909128836779,1.071909128836779,1.0432192257102804,0.0,0.0,neutral,0.02868990312649866,0.0,False,[],0,0.0,0.0,True,mcv:983,False,True,[],[],no_extstat_consumption
4,119,query.120,21,21,11,32,0.45454545454545453,query.59,0.21875,query.59,10,0.47619047619047616,0.3333333333333333,0.8,1.0,1.0,1.0,1.0,1.0,0.0,0.0,0.0,4,0.125,0.19047619047619047,0.0,2,0,True,False,4.1875,8,4,4,4,4,1.5308208192822845,1.104727218030107,1.0815746909696209,0.42609360125217743,0.27834322337734385,positive,0.023152527060486205,0.9484636024634303,True,"[""mcv:368""]",1,0.0,0.0,False,fd:39,False,False,"[96, 368]",[],mcv_only
4,120,query.121,36,36,19,55,0.35714285714285715,query.336,0.1574074074074074,query.336,10,0.2777777777777778,0.25,1.0,1.0,0.9722222222222222,0.9818181818181818,0.9722222222222222,1.0,0.0,0.027777777777777776,0.01818181818181818,4,0.07272727272727272,0.08333333333333333,0.05263157894736842,2,0,True,False,3.8727272727272726,8,5.5,7,4,7,1.3688708983828004,1.3839607022108995,1.3447544684194865,-0.015089803828099102,-0.01102354052959002,negative,0.03920623379141297,-0.6257063691041272,True,"[""mcv:96""]",1,0.015089803828099102,0.015089803828099102,True,mcv:522,True,False,"[16, 96]",[],mcv_only
4,126,query.127,28,28,11,39,0.3333333333333333,query.409,0.1323529411764706,query.409,6,0.21428571428571427,0.25,0.75,1.0,0.8928571428571429,0.8717948717948718,0.8928571428571429,0.8181818181818182,0.0,0.10714285714285714,0.1282051282051282,2,0.05128205128205128,0.03571428571428571,0.09090909090909091,1,0,True,False,2.8205128205128207,9,2,2,2,,1.8209549659668733,1.8568322981193865,1.059631776256817,-0.03587733215251321,-0.01970248184224776,negative,0.7972005218625695,-0.04712496957589955,True,"[""mcv:936""]",1,0.03587733215251321,0.03587733215251321,True,mcv:295,True,False,[936],[],mcv_only
4,127,query.128,28,28,15,43,0.36363636363636365,query.435,0.140625,query.435,6,0.21428571428571427,0.36363636363636365,1.0,1.0,1.0,1.0,1.0,1.0,0.0,0.0,0.0,5,0.11627906976744186,0.03571428571428571,0.26666666666666666,1,2,True,True,4.186046511627907,9,5.333333333333333,9,2,7,1.0543237976249675,1.0497125263508869,1.0002825835083422,0.004611271274080675,0.004373676554079779,positive,0.04942994284254465,0.08532878747189464,True,"[""mcv:1346""]",1,0.0,0.0,True,mcv:779,True,False,[1346],"[180, 6]",mcv_fd_composed
4,132,query.133,10,10,3,13,0.3,query.141,0.1,query.93,3,0.3,0.18181818181818182,1.0,1.0,1.0,1.0,1.0,1.0,0.0,0.0,0.0,3,0.23076923076923078,0.2,0.3333333333333333,1,0,True,False,3.4615384615384617,7,3,3,,3,4.1061042659614255,3.2681003126693136,1.5739505959406157,0.838003953292112,0.20408735361129393,positive,1.6941497167286979,0.3309451409737013,False,[],0,0.0,0.0,False,mcv:1213,False,False,[794],[],mcv_only
4,133,query.134,45,45,18,63,0.3333333333333333,query.279,0.1095890410958904,query.279,6,0.13333333333333333,0.2,0.75,1.0,0.9777777777777777,0.9841269841269841,0.9777777777777777,1.0,0.0,0.022222222222222223,0.015873015873015872,6,0.09523809523809523,0.1111111111111111,0.05555555555555555,3,0,True,False,3.746031746031746,8,5,7,,4,2.249236334764908,2.0966187738406608,1.269693890261927,0.15261756092424728,0.06785305686438636,positive,0.8269248835787337,0.15580494932170633,False,[],0,0.0,0.0,True,mcv:703,True,False,"[59, 96, 987]",[],mcv_only
4,134,query.135,28,28,8,36,0.36363636363636365,query.412,0.15789473684210525,query.412,6,0.21428571428571427,0.2727272727272727,0.75,1.0,0.9642857142857143,0.9722222222222222,0.9642857142857143,1.0,0.0,0.03571428571428571,0.027777777777777776,5,0.1388888888888889,0.03571428571428571,0.5,1,1,True,True,3.5,10,4.5,7,7,2,1.3975703469834284,1.399781159590108,1.1145778105060622,-0.0022108126066795464,-0.0015818971914018157,negative,0.28520334908404577,-0.0078122647126998256,True,"[""fd:3""]",1,0.0022108126066795464,0.0022108126066795464,True,mcv:197,True,False,[1313],[3],mcv_fd_composed
4,139,query.140,28,28,11,39,0.3333333333333333,query.145,0.10294117647058823,query.263,6,0.21428571428571427,0.2727272727272727,1.0,1.0,0.9642857142857143,0.9487179487179487,0.9642857142857143,0.9090909090909091,0.0,0.03571428571428571,0.05128205128205128,4,0.10256410256410256,0.10714285714285714,0.09090909090909091,2,1,True,True,4.230769230769231,10,6.333333333333333,9,,5,1.4576450782818564,1.4571769844348608,1.0198781845496294,0.00046809384699564305,0.0003211301941535664,positive,0.43729879988523135,0.0010692764886920992,False,[],0,0.0,0.0,False,mcv:527,False,False,"[2, 65]",[474],mcv_fd_composed
4,141,query.142,28,28,10,38,0.3333333333333333,query.170,0.1232876712328767,query.170,6,0.21428571428571427,0.25,0.75,1.0,1.0,1.0,1.0,1.0,0.0,0.0,0.0,4,0.10526315789473684,0.07142857142857142,0.2,2,1,True,True,3.473684210526316,7,4.333333333333333,5,,5,1.078788732728527,1.0558731492816615,1.0189970272385573,0.022915583446865506,0.02124195660526251,positive,0.0368761220431042,0.3832568959035578,False,[],0,0.0,0.0,True,mcv:997,True,False,"[113, 447]",[174],mcv_fd_composed
4,143,query.144,36,36,8,44,0.3333333333333333,query.73,0.12,query.387,10,0.2777777777777778,0.3333333333333333,1.0,1.0,0.9444444444444444,0.9545454545454546,0.9444444444444444,1.0,0.0,0.05555555555555555,0.045454545454545456,2,0.045454545454545456,0.05555555555555555,0.0,2,0,True,False,3.0454545454545454,6,2.5,3,,2.5,1.3745974657893933,1.3033436998786478,1.2734621218244344,0.0712537659107455,0.05183609579101503,positive,0.02988157805421343,0.7045387212548888,False,[],0,0.0,0.0,True,mcv:1174,False,True,"[1025, 1377]",[],mcv_only
4,147,query.148,3,3,1,4,0.5,query.139,0.16666666666666666,query.139,1,0.3333333333333333,0.5,1.0,1.0,1.0,1.0,1.0,1.0,0.0,0.0,0.0,1,0.25,0.3333333333333333,0.0,1,0,True,False,4,5,2,2,,2,1.0311256287065527,1.0179574498682071,1.0179574498682071,0.013168178838345534,0.012770683291873699,positive,0.0,1.0,False,[],0,0.0,0.0,False,,False,False,[1671],[],mcv_only
4,148,query.149,21,21,4,25,0.3076923076923077,query.381,0.09411764705882353,query.420,6,0.2857142857142857,0.2222222222222222,1.0,1.0,1.0,1.0,1.0,1.0,0.0,0.0,0.0,6,0.24,0.2857142857142857,0.0,2,0,True,False,4.92,10,4.5,7,4.5,,1.0039055395218255,1.3447949312005987,1.003905539521826,-0.3408893916787732,-0.3395632141258466,negative,0.34088939167877275,,True,"[""mcv:29"", ""mcv:826""]",2,0.3408893916787732,0.13465201804435867,False,mcv:282,False,False,"[29, 826]",[],mcv_only
4,149,query.150,36,36,12,48,0.3076923076923077,query.352,0.1388888888888889,query.352,6,0.16666666666666666,0.2727272727272727,1.0,1.0,0.9722222222222222,0.9791666666666666,0.9722222222222222,1.0,0.0,0.027777777777777776,0.020833333333333332,6,0.125,0.05555555555555555,0.3333333333333333,1,3,True,True,3.625,8,4.75,8,4.75,,6.538092856752774,8.058857075989703,3.650516212293459,-1.5207642192369288,-0.2326005843839048,negative,4.408340863696244,-0.5266576117226092,True,"[""mcv:1052"", ""fd:220"", ""fd:29"", ""fd:168""]",4,1.5207642192369288,1.5207642192369288,True,mcv:107,True,False,[1052],"[220, 29, 168]",mcv_fd_composed
4,153,query.154,15,15,4,19,0.36363636363636365,query.99,0.14814814814814814,query.99,6,0.4,0.36363636363636365,1.0,1.0,1.0,1.0,1.0,1.0,0.0,0.0,0.0,0,0.0,0.0,0.0,0,0,False,False,4.315789473684211,7,,,,,1.0145220020878363,1.0145220020878363,1.0025303447481437,0.0,0.0,neutral,0.01199165733969254,0.0,False,[],0,0.0,0.0,True,mcv:265,True,False,[],[],no_extstat_consumption
4,155,query.156,36,36,13,49,0.2727272727272727,query.132,0.08620689655172414,query.132,3,0.08333333333333333,0.2727272727272727,1.0,1.0,0.9166666666666666,0.8979591836734694,0.9166666666666666,0.8461538461538461,0.0,0.08333333333333333,0.10204081632653061,1,0.02040816326530612,0.027777777777777776,0.0,1,0,True,False,3.183673469387755,6,2,2,2,,1.1544263621152548,1.8108541949123471,1.055569067420216,-0.6564278327970923,-0.5686181937099217,negative,0.7552851274921311,-6.6401557398680815,True,"[""mcv:1757""]",1,0.6564278327970923,0.6564278327970923,True,mcv:274,True,False,[1757],[],mcv_only
4,156,query.157,6,6,1,7,0.3333333333333333,query.399,0.07692307692307693,query.118,3,0.5,0.3333333333333333,1.0,1.0,1.0,1.0,1.0,1.0,0.0,0.0,0.0,1,0.14285714285714285,0.16666666666666666,0.0,1,0,True,False,3.5714285714285716,6,2,2,,2,1.526112120989527,1.1274564951227828,1.1274564951227828,0.3986556258667442,0.26122302574220885,positive,0.0,1.0,False,[],0,0.0,0.0,False,,False,False,[1606],[],mcv_only
4,158,query.159,78,78,20,98,0.35714285714285715,query.181,0.12380952380952381,query.181,10,0.1282051282051282,0.21428571428571427,1.0,1.0,1.0,1.0,1.0,1.0,0.0,0.0,0.0,11,0.11224489795918367,0.11538461538461539,0.1,4,0,True,False,3.5816326530612246,9,4.75,6,5,4.666666666666667,3.691691133402734,3.744708434261208,1.1743260680957508,-0.053017300858474226,-0.014361250424979814,negative,2.5703823661654575,-0.02106063263891722,True,"[""mcv:190""]",1,0.053017300858474226,0.05007879240106394,True,mcv:1243,True,False,"[120, 190, 324, 455]",[],mcv_only
4,159,query.160,28,28,12,40,0.3076923076923077,query.372,0.09375,query.320,6,0.21428571428571427,0.23076923076923078,0.75,1.0,0.9642857142857143,0.975,0.9642857142857143,1.0,0.0,0.03571428571428571,0.025,8,0.2,0.10714285714285714,0.4166666666666667,2,0,True,False,3.575,10,4,4,4,,7.022536743350983,7.324014390134608,1.247816821734774,-0.3014776467836251,-0.042930020561169374,negative,6.076197568399834,-0.052206453451555196,True,"[""mcv:422"", ""mcv:845""]",2,0.3014776467836251,0.3014776467836251,True,mcv:143,True,False,"[422, 845]",[],mcv_only
4,172,query.173,28,28,7,35,0.3,query.286,0.1111111111111111,query.286,3,0.10714285714285714,0.3,1.0,1.0,0.9642857142857143,0.9714285714285714,0.9642857142857143,1.0,0.0,0.03571428571428571,0.02857142857142857,1,0.02857142857142857,0.0,0.14285714285714285,0,0,False,False,3.142857142857143,7,,,,,1.4104236683892528,1.4104236683892528,1.0921597478620027,0.0,0.0,neutral,0.31826392052725017,0.0,False,[],0,0.0,0.0,True,mcv:523,True,False,[],[],no_extstat_consumption
4,175,query.176,21,21,9,30,0.36363636363636365,query.245,0.140625,query.245,6,0.2857142857142857,0.3,1.0,1.0,1.0,1.0,1.0,1.0,0.0,0.0,0.0,3,0.1,0.0,0.3333333333333333,0,1,True,False,3.3,8,2,2,2,,1.4041376459757167,1.5024755929264073,1.0013742145181397,-0.09833794695069065,-0.07003440669262657,negative,0.5011013784082676,-0.24415808206522485,True,"[""fd:624""]",1,0.09833794695069065,0.09833794695069065,True,mcv:1747,True,False,[],[624],fd_only
4,184,query.185,3,3,0,3,0.4,query.8,0.125,query.171,1,0.3333333333333333,0.4,1.0,1.0,1.0,1.0,1.0,1.0,0.0,0.0,0.0,0,0.0,0.0,0.0,0,0,False,False,2.6666666666666665,5,,,,,1.1158932276204858,1.1158932276204858,1.0091790273153443,0.0,0.0,neutral,0.10671420030514156,0.0,False,[],0,0.0,0.0,True,mcv:1536,True,False,[],[],no_extstat_consumption
4,190,query.191,10,10,6,16,0.3333333333333333,query.218,0.13333333333333333,query.218,3,0.3,0.3,1.0,1.0,1.0,1.0,1.0,1.0,0.0,0.0,0.0,4,0.25,0.3,0.16666666666666666,1,0,True,False,3.4375,6,4,4,4,,1.1106433919979741,1.0996015976109912,1.031485405249448,0.01104179438698294,0.009941799921142537,positive,0.0681161923615432,0.13949059141765666,True,"[""mcv:368""]",1,0.0,0.0,True,mcv:196,True,False,[368],[],mcv_only
4,198,query.199,28,28,4,32,0.3076923076923077,query.297,0.11764705882352941,query.297,6,0.21428571428571427,0.23076923076923078,1.0,1.0,1.0,1.0,1.0,1.0,0.0,0.0,0.0,3,0.09375,0.10714285714285714,0.0,1,0,True,False,3.125,6,4,4,,4,4.3288230803957815,3.4536303016250627,2.7385974161986417,0.8751927787707188,0.20217799677105316,positive,0.715032885426421,0.5503575992232392,False,[],0,0.0,0.0,True,mcv:107,True,False,[502],[],mcv_only
4,202,query.203,55,55,23,78,0.35714285714285715,query.122,0.14150943396226415,query.122,10,0.18181818181818182,0.2857142857142857,1.0,1.0,1.0,1.0,1.0,1.0,0.0,0.0,0.0,9,0.11538461538461539,0.14545454545454545,0.043478260869565216,3,0,True,False,4.217948717948718,9,7,9,8,9,1.7251866574728432,1.7336663453325187,1.122417495832203,-0.008479687859675566,-0.0049152292147315365,negative,0.6112488495003157,-0.014067886015593811,True,"[""mcv:32""]",1,0.008479687859675566,0.006940506643284605,True,fd:81,False,True,"[2, 32, 937]",[],mcv_only
4,205,query.206,21,21,6,27,0.36363636363636365,query.183,0.14545454545454545,query.183,6,0.2857142857142857,0.25,1.0,1.0,1.0,1.0,1.0,1.0,0.0,0.0,0.0,2,0.07407407407407407,0.09523809523809523,0.0,1,0,True,False,3.740740740740741,7,4,4,,4,1.1796468996548306,1.024470892797246,1.177575878127505,0.1551760068575847,0.13154445360131903,positive,0.0,74.92727854836338,False,[],0,0.0,0.0,False,mcv:574,False,False,[324],[],mcv_only
4,211,query.212,3,3,1,4,0.5,query.268,0.16666666666666666,query.268,1,0.3333333333333333,0.25,1.0,1.0,1.0,1.0,1.0,1.0,0.0,0.0,0.0,0,0.0,0.0,0.0,0,0,False,False,2.5,3,,,,,1.0118430271892593,1.0118430271892593,1.0106366244355316,0.0,0.0,neutral,0.0012064027537277422,0.0,False,[],0,0.0,0.0,True,mcv:520,False,True,[],[],no_extstat_consumption
4,216,query.217,10,10,0,10,0.375,query.186,0.1111111111111111,query.186,6,0.6,0.2727272727272727,0.75,1.0,0.9,0.9,0.9,1.0,0.0,0.1,0.1,1,0.1,0.1,0.0,1,0,True,False,4.2,6,5,5,,5,1.0443104657763111,1.0404671365317515,1.0192753432069277,0.0038433292445596567,0.0036802554130324007,positive,0.021191793324823793,0.15351749263092615,False,[],0,0.0,0.0,False,mcv:245,False,False,[68],[],mcv_only
4,220,query.221,3,3,0,3,0.4,query.198,0.1,query.198,1,0.3333333333333333,0.25,1.0,1.0,1.0,1.0,1.0,1.0,0.0,0.0,0.0,1,0.3333333333333333,0.3333333333333333,0.0,1,0,True,False,3.6666666666666665,5,2,2,,2,115.30374160993239,1.256584980519854,1.256584980519854,114.04715662941254,0.9891019583321865,positive,0.0,1.0,False,[],0,0.0,0.0,False,,False,False,[826],[],mcv_only
4,225,query.226,10,10,3,13,0.3333333333333333,query.382,0.15789473684210525,query.382,3,0.3,0.2857142857142857,1.0,1.0,0.9,0.9230769230769231,0.9,1.0,0.0,0.1,0.07692307692307693,1,0.07692307692307693,0.1,0.0,1,0,True,False,3.5384615384615383,9,4,4,,4,3.024281292810691,3.0152941907823925,1.1204992942925442,0.008987102028298555,0.002971648850807184,positive,1.8947948964898482,0.004720657110579823,False,[],0,0.0,0.0,False,mcv:590,False,False,[342],[],mcv_only
4,231,query.232,21,21,5,26,0.3076923076923077,query.117,0.1,query.364,6,0.2857142857142857,0.23076923076923078,0.75,1.0,1.0,1.0,1.0,1.0,0.0,0.0,0.0,2,0.07692307692307693,0.09523809523809523,0.0,1,0,True,False,4.115384615384615,7,5,5,,5,1.7814080041562683,1.3403389963054377,1.3287951485089482,0.4410690078508306,0.24759572586502154,positive,0.011543847796489537,0.974495095195695,False,[],0,0.0,0.0,True,mcv:212,True,False,[263],[],mcv_only
4,236,query.237,10,10,0,10,0.3,query.224,0.06976744186046512,query.224,3,0.3,0.3,1.0,1.0,0.9,0.9,0.9,1.0,0.0,0.1,0.1,1,0.1,0.1,0.0,1,0,True,False,2.9,5,3,3,,3,1.9160944974556036,1.062807630930621,1.807659387543755,0.8532868665249826,0.4453260878615688,positive,0.0,7.869101319846083,False,[],0,0.0,0.0,False,mcv:641,False,False,[628],[],mcv_only
4,241,query.242,10,10,0,10,0.2857142857142857,query.9,0.0625,query.9,3,0.3,0.25,1.0,1.0,1.0,1.0,1.0,1.0,0.0,0.0,0.0,0,0.0,0.0,0.0,0,0,False,False,3,6,,,,,1.1247139287885473,1.1247139287885473,1.0405694167136113,0.0,0.0,neutral,0.084144512074936,0.0,False,[],0,0.0,0.0,True,mcv:1552,True,False,[],[],no_extstat_consumption
4,242,query.243,28,28,14,42,0.3333333333333333,query.9,0.14864864864864866,query.385,6,0.21428571428571427,0.25,0.75,1.0,0.9285714285714286,0.9523809523809523,0.9285714285714286,1.0,0.0,0.07142857142857142,0.047619047619047616,1,0.023809523809523808,0.0,0.07142857142857142,0,1,True,False,2.9285714285714284,7,5,5,5,,1.0160967445630333,1.0361637989170045,1.0096656867957978,-0.02006705435397116,-0.01974915721494697,negative,0.026498112121206674,-3.1203349558150957,True,"[""fd:219""]",1,0.02006705435397116,0.02006705435397116,True,mcv:196,True,False,[],[219],fd_only
4,245,query.246,55,55,11,66,0.3125,query.381,0.10204081632653061,query.422,10,0.18181818181818182,0.3076923076923077,1.0,1.0,0.9272727272727272,0.9393939393939394,0.9272727272727272,1.0,0.0,0.07272727272727272,0.06060606060606061,6,0.09090909090909091,0.10909090909090909,0.0,4,0,True,False,4.151515151515151,10,5.5,7,7,5,2.2415033307273027,1.794882700372913,1.6534239719744328,0.4466206303543896,0.19925048704231646,positive,0.14145872839848028,0.759456395989702,True,"[""mcv:29""]",1,0.0,0.0,False,mcv:643,False,False,"[4, 29, 68, 389]",[],mcv_only
4,259,query.260,3,3,1,4,0.4,query.106,0.16666666666666666,query.106,1,0.3333333333333333,0.3333333333333333,1.0,1.0,1.0,1.0,1.0,1.0,0.0,0.0,0.0,0,0.0,0.0,0.0,0,0,False,False,4,5,,,,,1.0734970792740468,1.0734970792740468,1.0031150661180837,0.0,0.0,neutral,0.07038201315596315,0.0,False,[],0,0.0,0.0,True,mcv:1151,True,False,[],[],no_extstat_consumption
4,260,query.261,3,3,0,3,0.3333333333333333,query.137,0.07692307692307693,query.137,1,0.3333333333333333,0.25,1.0,1.0,0.6666666666666666,0.6666666666666666,0.6666666666666666,1.0,0.0,0.3333333333333333,0.3333333333333333,0,0.0,0.0,0.0,0,0,False,False,2.6666666666666665,5,,,,,1.0055364966647922,1.0055364966647922,1.0055364966647922,0.0,0.0,neutral,0.0,,False,[],0,0.0,0.0,False,,False,False,[],[],no_extstat_consumption
4,265,query.266,15,15,3,18,0.2727272727272727,query.123,0.08,query.93,3,0.2,0.2727272727272727,1.0,1.0,0.9333333333333333,0.9444444444444444,0.9333333333333333,1.0,0.0,0.06666666666666667,0.05555555555555555,4,0.2222222222222222,0.2,0.3333333333333333,1,0,True,False,3.3333333333333335,7,5,5,5,,1.3725845724774128,1.4316653666922854,1.0619075879129127,-0.059080794214872556,-0.04304346369581885,negative,0.36975777877937266,-0.1901679144262671,True,"[""mcv:357""]",1,0.059080794214872556,0.059080794214872556,True,mcv:648,False,True,[357],[],mcv_only
4,266,query.267,36,36,14,50,0.3333333333333333,query.95,0.10144927536231885,query.95,6,0.16666666666666666,0.23076923076923078,1.0,1.0,1.0,1.0,1.0,1.0,0.0,0.0,0.0,5,0.1,0.1111111111111111,0.07142857142857142,2,0,True,False,3.78,8,7.5,8,8,7,1.3205672307151186,1.3000333456984388,1.083341147079889,0.020533885016679854,0.015549291652163946,positive,0.21669219861854971,0.08655829368347942,True,"[""mcv:32""]",1,0.0,0.0,True,mcv:1043,True,False,"[32, 109]",[],mcv_only
4,273,query.274,78,78,26,104,0.25,query.229,0.08661417322834646,query.283,6,0.07692307692307693,0.21428571428571427,1.0,1.0,0.9487179487179487,0.9519230769230769,0.9487179487179487,0.9615384615384616,0.0,0.05128205128205128,0.04807692307692308,19,0.18269230769230768,0.20512820512820512,0.11538461538461539,5,0,True,False,3.451923076923077,9,5,9,7,3.6666666666666665,107.7293584910272,108.25511429009568,1.0293290040644993,-0.5257557990684774,-0.004880339087067595,negative,107.22578528603118,-0.0049274194355561785,True,"[""mcv:2"", ""mcv:190""]",2,0.5257557990684774,0.5257557990684774,False,mcv:148,False,False,"[2, 40, 190, 794, 936]",[],mcv_only
4,274,query.275,28,28,8,36,0.3333333333333333,query.40,0.11267605633802817,query.99,6,0.21428571428571427,0.21428571428571427,1.0,1.0,1.0,1.0,1.0,1.0,0.0,0.0,0.0,7,0.19444444444444445,0.25,0.0,3,0,True,False,3.8333333333333335,7,4,7,5.5,1,1.2985346416033243,1.7361896056668373,1.1271369353645204,-0.437654964063513,-0.33703757300085,negative,0.6090526703023169,-2.5534470306956143,True,"[""mcv:4"", ""mcv:530""]",2,0.437654964063513,0.437654964063513,True,mcv:148,True,False,"[4, 530, 1306]",[],mcv_only
4,280,query.281,28,28,7,35,0.2727272727272727,query.136,0.10204081632653061,query.136,3,0.10714285714285714,0.2727272727272727,1.0,1.0,0.9642857142857143,0.9714285714285714,0.9642857142857143,1.0,0.0,0.03571428571428571,0.02857142857142857,3,0.08571428571428572,0.03571428571428571,0.2857142857142857,1,1,True,True,3.5428571428571427,7,3.5,4,4,3,1.7507612612827994,1.5055441469070394,1.3109896035212303,0.24521711437576,0.14006313698995548,positive,0.19455454338580913,0.5576009959893988,True,"[""fd:183""]",1,0.0,0.0,True,mcv:644,False,True,[389],[183],mcv_fd_composed
4,281,query.282,28,28,14,42,0.35714285714285715,query.420,0.15789473684210525,query.420,10,0.35714285714285715,0.35714285714285715,1.0,1.0,0.9642857142857143,0.9761904761904762,0.9642857142857143,1.0,0.0,0.03571428571428571,0.023809523809523808,7,0.16666666666666666,0.10714285714285714,0.2857142857142857,1,3,True,True,4.309523809523809,7,4.25,7,4.25,,1.2678716117979338,1.4387147976874217,1.0422693114763053,-0.17084318588948788,-0.13474801730691002,negative,0.3964454862111164,-0.7572759038623558,True,"[""mcv:29"", ""fd:326"", ""fd:322"", ""fd:428""]",4,0.17084318588948788,0.14816879480213374,True,mcv:145,True,False,[29],"[326, 322, 428]",mcv_fd_composed
4,293,query.294,15,15,8,23,0.3333333333333333,query.30,0.06944444444444445,query.339,3,0.2,0.25,1.0,1.0,1.0,1.0,1.0,1.0,0.0,0.0,0.0,2,0.08695652173913043,0.13333333333333333,0.0,2,0,True,False,3.260869565217391,7,2.5,3,,2.5,4.425506359773974,3.1224655042971863,1.0057813656576953,1.3030408554767874,0.2944388166111094,positive,2.1166841386394912,0.38103673766712276,False,[],0,0.0,0.0,False,mcv:1399,False,False,"[1044, 1269]",[],mcv_only
4,306,query.307,55,55,16,71,0.29411764705882354,query.461,0.10112359550561797,query.32,10,0.18181818181818182,0.25,1.0,1.0,0.9636363636363636,0.971830985915493,0.9636363636363636,1.0,0.0,0.03636363636363636,0.028169014084507043,7,0.09859154929577464,0.09090909090909091,0.125,3,0,True,False,3.6056338028169015,8,4.333333333333333,5,4.5,4,2.79559711458335,2.8209616043675734,1.5325851983234207,-0.025364489784223565,-0.009073013293621115,negative,1.2883764060441527,-0.020082541944128045,True,"[""mcv:263"", ""mcv:324""]",2,0.025364489784223565,0.025364489784223565,True,mcv:1151,True,False,"[263, 324, 824]",[],mcv_only
4,310,query.311,21,21,3,24,0.375,query.462,0.10344827586206896,query.462,3,0.14285714285714285,0.2727272727272727,1.0,1.0,0.9047619047619048,0.9166666666666666,0.9047619047619048,1.0,0.0,0.09523809523809523,0.08333333333333333,1,0.041666666666666664,0.047619047619047616,0.0,1,0,True,False,3.2083333333333335,6,1,1,1,,1.415868020936828,1.531716238427343,1.2090838624941869,-0.1158482174905151,-0.08182133912019751,negative,0.3226323759331562,-0.560237391311819,True,"[""mcv:1306""]",1,0.1158482174905151,0.1158482174905151,True,mcv:253,True,False,[1306],[],mcv_only
4,320,query.321,28,28,9,37,0.3,query.337,0.09230769230769231,query.283,3,0.10714285714285714,0.2,1.0,1.0,0.8928571428571429,0.918918918918919,0.8928571428571429,1.0,0.0,0.10714285714285714,0.08108108108108109,2,0.05405405405405406,0.03571428571428571,0.1111111111111111,1,1,True,True,2.891891891891892,6,4,6,4,,1.1696456014041676,1.1927505139521928,1.0182807110165852,-0.023104912548025158,-0.019753772014606433,negative,0.17446980293560754,-0.1526438032549233,True,"[""mcv:126"", ""fd:613""]",2,0.023104912548025158,0.023104912548025158,False,mcv:295,False,False,[126],[613],mcv_fd_composed
4,321,query.322,10,10,6,16,0.3333333333333333,query.94,0.11363636363636363,query.94,3,0.3,0.3333333333333333,1.0,1.0,1.0,1.0,1.0,1.0,0.0,0.0,0.0,1,0.0625,0.1,0.0,1,0,True,False,4.0625,7,7,7,,7,1.0386305950872219,1.0382369694380151,1.012521052227444,0.00039362564920675247,0.00037898522445672483,positive,0.025715917210571204,0.015075930334005855,False,[],0,0.0,0.0,True,mcv:602,False,True,[16],[],mcv_only
4,323,query.324,15,15,4,19,0.3,query.328,0.1,query.328,3,0.2,0.25,1.0,1.0,1.0,1.0,1.0,1.0,0.0,0.0,0.0,2,0.10526315789473684,0.06666666666666667,0.25,1,1,True,True,3.0526315789473686,5,4,5,,4,1.0128023842185865,1.0012742904735445,1.0114298394374193,0.011528093745041934,0.011382372242277327,positive,0.0,8.399065664901947,False,[],0,0.0,0.0,True,mcv:1969,True,False,[399],[174],mcv_fd_composed
4,325,query.326,28,28,7,35,0.3,query.270,0.1,query.273,6,0.21428571428571427,0.25,1.0,1.0,0.9642857142857143,0.9714285714285714,0.9642857142857143,1.0,0.0,0.03571428571428571,0.02857142857142857,1,0.02857142857142857,0.03571428571428571,0.0,1,0,True,False,3.3142857142857145,8,5,5,5,,1.4213904178281649,1.4213904359856544,1.3124069172666952,-1.815748951194962e-08,-1.2774456112975372e-08,negative,0.10898351871895917,-1.6660769215894568e-07,True,"[""mcv:410""]",1,1.815748951194962e-08,1.815748951194962e-08,True,mcv:1160,True,False,[410],[],mcv_only
4,328,query.329,45,45,20,65,0.3076923076923077,query.283,0.1,query.283,6,0.13333333333333333,0.3076923076923077,1.0,1.0,0.9777777777777777,0.9846153846153847,0.9777777777777777,1.0,0.0,0.022222222222222223,0.015384615384615385,6,0.09230769230769231,0.06666666666666667,0.15,2,0,True,False,2.7846153846153845,6,2.5,3,3,2,1.59221085157195,1.5845942012403553,1.1718622177367444,0.007616650331594643,0.004783694523922453,positive,0.41273198350361096,0.018119840814281536,True,"[""mcv:1318""]",1,0.0,0.0,True,mcv:599,True,False,"[1318, 1595]",[],mcv_only
4,331,query.332,36,36,17,53,0.2857142857142857,query.297,0.10227272727272728,query.297,6,0.16666666666666666,0.23076923076923078,1.0,1.0,0.9722222222222222,0.9622641509433962,0.9722222222222222,0.9411764705882353,0.0,0.027777777777777776,0.03773584905660377,5,0.09433962264150944,0.1111111111111111,0.058823529411764705,3,0,True,False,3.7169811320754715,9,4.333333333333333,6,3.5,6,1.041223809480867,1.1946308458353003,1.0037791364478599,-0.1534070363544333,-0.14733339264583178,negative,0.19085170938744045,-4.096898809056402,True,"[""mcv:191"", ""mcv:1412""]",2,0.1534070363544333,0.1534070363544333,False,mcv:601,False,False,"[191, 291, 1412]",[],mcv_only
4,343,query.344,15,15,8,23,0.3333333333333333,query.50,0.1282051282051282,query.118,6,0.4,0.25,1.0,1.0,0.9333333333333333,0.9565217391304348,0.9333333333333333,1.0,0.0,0.06666666666666667,0.043478260869565216,2,0.08695652173913043,0.13333333333333333,0.0,1,0,True,False,4.043478260869565,8,4,4,,4,1.0081147982198764,1.008628344156725,1.0013988979430124,-0.0005135459368486028,-0.0005094121599597778,negative,0.007229446213712576,-0.07646717724766544,False,[],0,0.0005135459368486028,0.0,False,mcv:673,False,False,[96],[],mcv_only
4,344,query.345,15,15,8,23,0.2857142857142857,query.239,0.07692307692307693,query.239,3,0.2,0.25,1.0,1.0,0.9333333333333333,0.9565217391304348,0.9333333333333333,1.0,0.0,0.06666666666666667,0.043478260869565216,2,0.08695652173913043,0.0,0.25,0,1,True,False,3.3043478260869565,6,3,3,,3,1.1756015336827392,1.1754826541712753,1.0438757277085475,0.00011887951146394293,0.00010112228340799789,positive,0.13160692646272776,0.0009024770096091447,False,[],0,0.0,0.0,True,mcv:2003,True,False,[],[421],fd_only
4,358,query.359,55,55,29,84,0.3076923076923077,query.204,0.10309278350515463,query.204,6,0.10909090909090909,0.23076923076923078,0.75,1.0,0.9636363636363636,0.9642857142857143,0.9636363636363636,0.9655172413793104,0.0,0.03636363636363636,0.03571428571428571,6,0.07142857142857142,0.05454545454545454,0.10344827586206896,3,0,True,False,3.380952380952381,9,4,6,2,5,2.7532226374738324,2.054446430924691,1.3469827480979724,0.6987762065491414,0.2538030150697476,positive,0.7074636828267187,0.4969110973372285,True,"[""mcv:1052""]",1,0.0,0.0,True,mcv:221,True,False,"[40, 885, 1052]",[],mcv_only
4,360,query.361,36,36,11,47,0.2727272727272727,query.137,0.09090909090909091,query.152,6,0.16666666666666666,0.23076923076923078,1.0,1.0,0.9722222222222222,0.9787234042553191,0.9722222222222222,1.0,0.0,0.027777777777777776,0.02127659574468085,4,0.0851063829787234,0.05555555555555555,0.18181818181818182,1,2,True,True,3.25531914893617,7,3.3333333333333335,4,3.3333333333333335,,4.409735916266321,8.860200426592208,1.0317949730508165,-4.450464510325887,-1.0092360619395209,negative,7.828405453541391,-1.3175080870684002,True,"[""mcv:1099"", ""fd:322"", ""fd:313""]",3,4.450464510325887,4.409491809663511,True,mcv:498,True,False,[1099],"[322, 313]",mcv_fd_composed
4,369,query.370,28,28,9,37,0.3,query.250,0.09433962264150944,query.215,3,0.10714285714285714,0.2,1.0,1.0,0.9642857142857143,0.972972972972973,0.9642857142857143,1.0,0.0,0.03571428571428571,0.02702702702702703,6,0.16216216216216217,0.17857142857142858,0.1111111111111111,2,0,True,False,3.864864864864865,7,4,6,2,6,1.3084155111396887,1.2021675195289248,1.0047451654572948,0.10624799161076393,0.08120355552665158,positive,0.19742235407163,0.3498793778233708,True,"[""mcv:1251""]",1,0.0,0.0,True,mcv:674,True,False,"[40, 1251]",[],mcv_only
4,374,query.375,15,15,7,22,0.3333333333333333,query.334,0.1,query.259,3,0.2,0.3,1.0,1.0,1.0,1.0,1.0,1.0,0.0,0.0,0.0,1,0.045454545454545456,0.0,0.14285714285714285,0,0,False,False,3.5454545454545454,9,,,,,1.0021943147200618,1.0021943147200618,1.0002419211374027,0.0,0.0,neutral,0.0019523935826590844,0.0,False,[],0,0.0,0.0,True,mcv:206,True,False,[],[],no_extstat_consumption
4,391,query.392,45,45,15,60,0.42857142857142855,query.381,0.18556701030927836,query.381,15,0.3333333333333333,0.2857142857142857,0.8,1.0,1.0,1.0,1.0,1.0,0.0,0.0,0.0,5,0.08333333333333333,0.08888888888888889,0.06666666666666667,2,0,True,False,4.55,9,6,7,,7,1.5345061502088913,1.2669678257484054,1.1865289148595783,0.26753832446048587,0.17434816043198398,positive,0.08043891088882704,0.7688385827651071,False,[],0,0.0,0.0,True,mcv:1159,True,False,"[4, 558]",[],mcv_only
4,399,query.400,21,21,5,26,0.36363636363636365,query.96,0.15517241379310345,query.438,6,0.2857142857142857,0.2727272727272727,0.75,1.0,1.0,1.0,1.0,1.0,0.0,0.0,0.0,3,0.11538461538461539,0.09523809523809523,0.2,1,0,True,False,3.6153846153846154,7,6,6,6,,1.7129220138127395,1.7129219953224755,1.2068024900751124,1.849026398659248e-08,1.0794574322409216e-08,positive,0.506119505247363,3.653339402922906e-08,True,"[""mcv:120""]",1,0.0,0.0,True,mcv:1834,True,False,[120],[],mcv_only
4,404,query.405,15,15,9,24,0.4444444444444444,query.406,0.17391304347826086,query.406,6,0.4,0.4444444444444444,1.0,1.0,1.0,1.0,1.0,1.0,0.0,0.0,0.0,3,0.125,0.0,0.3333333333333333,0,3,True,False,3.875,7,3,4,3,,4.8636018684471765,5.043458047252802,1.069527717488554,-0.17985617880562543,-0.03698003736129185,negative,3.973930329764248,-0.047404497553159945,True,"[""fd:456"", ""fd:174"", ""fd:183""]",3,0.17985617880562543,0.1765726397411269,True,mcv:86,True,False,[],"[456, 174, 183]",fd_only
4,409,query.410,28,28,5,33,0.2727272727272727,query.29,0.08,query.29,3,0.10714285714285714,0.23076923076923078,1.0,1.0,1.0,1.0,1.0,1.0,0.0,0.0,0.0,4,0.12121212121212122,0.10714285714285714,0.2,2,0,True,False,2.6363636363636362,6,3,4,2,4,1.323665338889644,1.3333396300521152,1.0327792085960077,-0.009674291162471205,-0.007308713825343858,negative,0.3005604214561075,-0.03325800082907167,True,"[""mcv:1346""]",1,0.009674291162471205,0.009674291162471205,True,mcv:122,True,False,"[623, 1346]",[],mcv_only
4,413,query.414,3,3,1,4,0.2857142857142857,query.288,0.08,query.288,1,0.3333333333333333,0.25,1.0,1.0,1.0,1.0,1.0,1.0,0.0,0.0,0.0,0,0.0,0.0,0.0,0,0,False,False,4,5,,,,,1.0021305483645273,1.0021305483645273,1.002130542677289,0.0,0.0,neutral,5.687238235907444e-09,0.0,False,[],0,0.0,0.0,True,mcv:1426,False,True,[],[],no_extstat_consumption
4,416,query.417,6,6,4,10,0.3333333333333333,query.143,0.11764705882352941,query.411,3,0.5,0.3333333333333333,1.0,1.0,0.8333333333333334,0.8,0.8333333333333334,0.75,0.0,0.16666666666666666,0.2,0,0.0,0.0,0.0,0,0,False,False,1.9,5,,,,,1.4141433095348512,1.4141433095348512,1.179052645729448,0.0,0.0,neutral,0.23509066380540333,0.0,False,[],0,0.0,0.0,True,mcv:648,False,True,[],[],no_extstat_consumption
4,423,query.424,10,10,1,11,0.2857142857142857,query.145,0.11764705882352941,query.396,3,0.3,0.2857142857142857,1.0,1.0,1.0,1.0,1.0,1.0,0.0,0.0,0.0,1,0.09090909090909091,0.1,0.0,1,0,True,False,4.2727272727272725,10,1,1,,1,1.2594802714542155,1.2190190243994714,1.1329735950354105,0.040461247054744076,0.03212535199779421,positive,0.0860454293640609,0.3198348751238681,False,[],0,0.0,0.0,True,mcv:239,True,False,[1918],[],mcv_only
4,424,query.425,3,3,1,4,0.4,query.153,0.11764705882352941,query.401,1,0.3333333333333333,0.4,1.0,1.0,1.0,1.0,1.0,1.0,0.0,0.0,0.0,0,0.0,0.0,0.0,0,0,False,False,4.5,5,,,,,1.0105759560442393,1.0105759560442393,1.0088018187644483,0.0,0.0,neutral,0.0017741372797910326,0.0,False,[],0,0.0,0.0,True,mcv:133,True,False,[],[],no_extstat_consumption
4,433,query.434,10,10,4,14,0.42857142857142855,query.401,0.16,query.401,3,0.3,0.42857142857142855,1.0,1.0,1.0,1.0,1.0,1.0,0.0,0.0,0.0,3,0.21428571428571427,0.3,0.0,1,0,True,False,2.7857142857142856,4,1,1,,1,1.317122807102798,1.341079468868011,1.0108822285570682,-0.02395666176521294,-0.018188631793499256,negative,0.3301972403109428,-0.07822824094369837,False,[],0,0.02395666176521294,0.0,True,mcv:133,True,False,[1306],[],mcv_only
4,453,query.454,36,36,10,46,0.3125,query.285,0.11570247933884298,query.285,10,0.2777777777777778,0.23076923076923078,1.0,1.0,1.0,1.0,1.0,1.0,0.0,0.0,0.0,4,0.08695652173913043,0.1111111111111111,0.0,2,0,True,False,3.1956521739130435,6,4,4,,4,5.129356319755617,4.169583747665434,2.9057562999225115,0.9597725720901833,0.1871136478457614,positive,1.2638274477429223,0.43163004296169233,False,[],0,0.0,0.0,True,mcv:107,True,False,"[229, 835]",[],mcv_only
4,454,query.455,28,28,6,34,0.4,query.379,0.17105263157894737,query.381,10,0.35714285714285715,0.3076923076923077,0.8,1.0,1.0,1.0,1.0,1.0,0.0,0.0,0.0,5,0.14705882352941177,0.17857142857142858,0.0,3,0,True,False,4.294117647058823,9,4,7,4,4,1.539753283876118,1.2375536239259894,1.1716785662804192,0.30219965995012865,0.19626498810860293,positive,0.06587505764557022,0.8210280291026976,True,"[""mcv:773""]",1,0.0,0.0,False,mcv:1912,False,False,"[14, 773, 1800]",[],mcv_only
4,455,query.456,36,36,18,54,0.3,query.190,0.07692307692307693,query.6,6,0.16666666666666666,0.2222222222222222,1.0,1.0,0.9722222222222222,0.9814814814814815,0.9722222222222222,1.0,0.0,0.027777777777777776,0.018518518518518517,6,0.1111111111111111,0.05555555555555555,0.2222222222222222,2,1,True,True,3.4814814814814814,7,3.3333333333333335,5,3.5,3,1.9452015172093449,2.0145480860588774,1.0533516915118033,-0.0693465688495325,-0.03565006927869332,negative,0.9611963945470741,-0.07775588092456545,True,"[""mcv:1044"", ""fd:216""]",2,0.0693465688495325,0.06547613275809927,True,mcv:789,True,False,"[1044, 1113]",[216],mcv_fd_composed
4,459,query.460,10,10,0,10,0.2857142857142857,query.33,0.06666666666666667,query.450,3,0.3,0.2857142857142857,1.0,1.0,1.0,1.0,1.0,1.0,0.0,0.0,0.0,2,0.2,0.2,0.0,1,0,True,False,3,7,7,7,,7,1.133148066641347,1.1253059423381737,1.1049233616857685,0.007842124303173215,0.006920652767309824,positive,0.02038258065240517,0.2778461038127976,False,[],0,0.0,0.0,True,mcv:1618,True,False,[112],[],mcv_only
5,0,query.1,15,15,9,24,0.4,query.17,0.19607843137254902,query.17,6,0.4,0.25,0.6666666666666666,1.0,1.0,1.0,1.0,1.0,0.0,0.0,0.0,2,0.08333333333333333,0.13333333333333333,0.0,2,0,True,False,3.75,7,4.5,5,4,5,1.7998583054180384,1.8354192710811144,1.017412730925492,-0.03556096566307598,-0.01975764734147588,negative,0.8180065401556225,-0.045448484626089136,True,"[""mcv:286""]",1,0.03556096566307598,0.03556096566307598,False,mcv:291,False,False,"[35, 286]",[],mcv_only
5,1,query.2,15,15,5,20,0.3333333333333333,query.49,0.11764705882352941,query.49,3,0.2,0.3333333333333333,1.0,1.0,0.9333333333333333,0.9,0.9333333333333333,0.8,0.0,0.06666666666666667,0.1,1,0.05,0.0,0.2,0,1,True,False,2.7,6,2,2,2,,1.1079295631428598,1.1081023184740155,1.0553711695837615,-0.00017275533115568287,-0.00015592627627484588,negative,0.05273114889025399,-0.003286921830314912,True,"[""fd:313""]",1,0.00017275533115568287,0.00017275533115568287,True,mcv:438,True,False,[],[313],fd_only
5,2,query.3,28,28,5,33,0.4,query.423,0.1590909090909091,query.423,6,0.21428571428571427,0.3,0.75,1.0,0.8928571428571429,0.9090909090909091,0.8928571428571429,1.0,0.0,0.10714285714285714,0.09090909090909091,3,0.09090909090909091,0.07142857142857142,0.2,1,1,True,True,3.0606060606060606,7,5,5,5,5,1.4888443444551684,1.4017817691683447,1.1262338813305153,0.0870625752868237,0.05847661349627762,positive,0.27554788783782946,0.2400994569671161,True,"[""mcv:198""]",1,0.0,0.0,True,mcv:570,True,False,[198],[227],mcv_fd_composed
5,6,query.7,45,45,18,63,0.3076923076923077,query.283,0.12790697674418605,query.283,6,0.13333333333333333,0.26666666666666666,1.0,1.0,1.0,1.0,1.0,1.0,0.0,0.0,0.0,11,0.1746031746031746,0.15555555555555556,0.2222222222222222,3,1,True,True,3.9047619047619047,10,4.75,8,8,3.6666666666666665,2.1580969387775406,1.7281300351993525,1.3542962447190947,0.4299669035781881,0.19923428639945337,positive,0.3738337904802578,0.5349173081790403,True,"[""mcv:40""]",1,0.0,0.0,True,mcv:559,True,False,"[40, 112, 1203]",[121],mcv_fd_composed
5,11,query.12,10,10,1,11,0.2857142857142857,query.240,0.0625,query.240,1,0.1,0.2857142857142857,1.0,1.0,1.0,1.0,1.0,1.0,0.0,0.0,0.0,1,0.09090909090909091,0.1,0.0,1,0,True,False,3.3636363636363638,7,2,2,,2,1.224134140859492,1.1074847502260663,1.128629303187523,0.11664939063342561,0.09529134654436111,positive,0.0,1.221397716355291,False,[],0,0.0,0.0,False,mcv:1225,False,False,[753],[],mcv_only
5,14,query.15,15,15,6,21,0.25,query.24,0.06666666666666667,query.11,3,0.2,0.25,1.0,1.0,1.0,1.0,1.0,1.0,0.0,0.0,0.0,1,0.047619047619047616,0.06666666666666667,0.0,1,0,True,False,3.380952380952381,8,5,5,,5,2.060903518666446,2.0555488387101057,1.3658582067961171,0.0053546799563402026,0.002598219619618617,positive,0.6896906319139886,0.0077040731947835926,False,[],0,0.0,0.0,True,mcv:394,True,False,[396],[],mcv_only
5,26,query.27,36,36,10,46,0.23076923076923078,query.201,0.07142857142857142,query.300,3,0.08333333333333333,0.23076923076923078,1.0,1.0,0.9444444444444444,0.9130434782608695,0.9444444444444444,0.8,0.0,0.05555555555555555,0.08695652173913043,0,0.0,0.0,0.0,0,0,False,False,2.6956521739130435,6,,,,,9.792400727718997,9.792400727718997,1.9488556885826764,0.0,0.0,neutral,7.843545039136321,0.0,False,[],0,0.0,0.0,True,mcv:1606,True,False,[],[],no_extstat_consumption
5,29,query.30,1,1,0,1,0.3333333333333333,query.107,0.0,query.4,0,0.0,0.3333333333333333,1.0,1.0,0.0,0.0,0.0,1.0,0.0,1.0,1.0,0,0.0,0.0,0.0,0,0,False,False,0,0,,,,,1.0098547494763992,1.0098547494763992,1.0098547494763992,0.0,0.0,neutral,0.0,,False,[],0,0.0,0.0,False,,False,False,[],[],no_extstat_consumption
5,33,query.34,28,28,11,39,0.36363636363636365,query.120,0.16393442622950818,query.120,6,0.21428571428571427,0.26666666666666666,1.0,1.0,1.0,1.0,1.0,1.0,0.0,0.0,0.0,6,0.15384615384615385,0.21428571428571427,0.0,2,0,True,False,4.333333333333333,8,5,8,5,,3.147391646828533,2.632660951017462,1.8299509577576358,0.5147306958110707,0.16354199081952153,positive,0.8027099932598263,0.39070502382469746,True,"[""mcv:65"", ""mcv:1747""]",2,0.0,0.0,True,mcv:588,False,True,"[65, 1747]",[],mcv_only
5,36,query.37,6,6,2,8,0.3,query.150,0.07692307692307693,query.150,3,0.5,0.25,1.0,1.0,1.0,1.0,1.0,1.0,0.0,0.0,0.0,1,0.125,0.16666666666666666,0.0,1,0,True,False,3.75,6,4,4,,4,1.0006800121895927,1.0006799997438278,1.0003206210821893,1.244576486314486e-08,1.2437307342546218e-08,positive,0.00035937866163848753,3.463014138849231e-05,False,[],0,0.0,0.0,False,fd:168,False,False,[424],[],mcv_only
5,52,query.53,3,3,1,4,0.2857142857142857,query.193,0.058823529411764705,query.262,1,0.3333333333333333,0.2857142857142857,1.0,1.0,1.0,1.0,1.0,1.0,0.0,0.0,0.0,1,0.25,0.3333333333333333,0.0,1,0,True,False,3,4,2,2,2,,1.0095864158805332,1.0095864346605208,1.0095864158805332,-1.8779987565054057e-08,-1.8601664275241535e-08,negative,1.8779987565054057e-08,,True,"[""mcv:753""]",1,1.8779987565054057e-08,1.8779987565054057e-08,False,,False,False,[753],[],mcv_only
5,57,query.58,15,15,8,23,0.3,query.16,0.13043478260869565,query.442,6,0.4,0.25,1.0,1.0,1.0,1.0,1.0,1.0,0.0,0.0,0.0,3,0.13043478260869565,0.13333333333333333,0.125,1,0,True,False,3.608695652173913,6,6,6,,6,1.1722560903616939,1.0847041862112394,1.0797628611112058,0.08755190415045444,0.07468667031914565,positive,0.0049413251000336444,0.9465763587229541,False,[],0,0.0,0.0,True,mcv:1295,True,False,[173],[],mcv_only
5,64,query.65,28,28,4,32,0.4166666666666667,query.338,0.2222222222222222,query.338,10,0.35714285714285715,0.2,1.0,1.0,0.9642857142857143,0.96875,0.9642857142857143,1.0,0.0,0.03571428571428571,0.03125,1,0.03125,0.03571428571428571,0.0,1,0,True,False,3.59375,7,3,3,,3,1.6415009905361615,1.6407619297406568,1.21498888975652,0.0007390607955046757,0.000450234754511648,positive,0.42577303998413685,0.001732801470705548,False,[],0,0.0,0.0,True,mcv:833,True,False,[1316],[],mcv_only
5,67,query.68,15,15,8,23,0.3333333333333333,query.465,0.12658227848101267,query.465,6,0.4,0.2222222222222222,1.0,1.0,1.0,1.0,1.0,1.0,0.0,0.0,0.0,1,0.043478260869565216,0.06666666666666667,0.0,1,0,True,False,5.521739130434782,9,6,6,,6,2.3169397304707293,1.6123060736124066,1.3361279136092008,0.7046336568583227,0.3041225663281122,positive,0.27617816000320583,0.7184188085264507,False,[],0,0.0,0.0,False,mcv:1473,False,False,[87],[],mcv_only
5,71,query.72,21,21,6,27,0.375,query.225,0.125,query.225,3,0.14285714285714285,0.25,0.6666666666666666,1.0,0.9523809523809523,0.9629629629629629,0.9523809523809523,1.0,0.0,0.047619047619047616,0.037037037037037035,2,0.07407407407407407,0.09523809523809523,0.0,2,0,True,False,3.3703703703703702,7,5,6,,5,7.511368534404937,1.5889561684092164,1.5877110755435346,5.92241236599572,0.788459831103854,positive,0.0012450928656817517,0.9997898101174267,False,[],0,0.0,0.0,True,mcv:1014,False,True,"[275, 973]",[],mcv_only
5,74,query.75,3,3,1,4,0.2857142857142857,query.204,0.0625,query.28,3,1.0,0.2857142857142857,1.0,1.0,1.0,1.0,1.0,1.0,0.0,0.0,0.0,0,0.0,0.0,0.0,0,0,False,False,5,6,,,,,1.0230913581283583,1.0230913581283583,1.0003836685854586,0.0,0.0,neutral,0.0227076895428997,0.0,False,[],0,0.0,0.0,True,mcv:1110,True,False,[],[],no_extstat_consumption
5,80,query.81,21,21,9,30,0.2857142857142857,query.26,0.08064516129032258,query.22,3,0.14285714285714285,0.2857142857142857,1.0,1.0,0.9047619047619048,0.9,0.9047619047619048,0.8888888888888888,0.0,0.09523809523809523,0.1,4,0.13333333333333333,0.14285714285714285,0.1111111111111111,2,0,True,False,2.8333333333333335,5,4,5,3,5,7.137764392885996,3.2535357661950157,1.6544311021162226,3.8842286266909807,0.5441799999117761,positive,1.5991046640787931,0.7083699678130811,True,"[""mcv:633""]",1,0.0,0.0,True,mcv:1072,True,False,"[126, 633]",[],mcv_only
5,81,query.82,36,36,11,47,0.3076923076923077,query.376,0.08974358974358974,query.376,6,0.16666666666666666,0.23076923076923078,1.0,1.0,1.0,1.0,1.0,1.0,0.0,0.0,0.0,6,0.1276595744680851,0.1388888888888889,0.09090909090909091,3,0,True,False,3.276595744680851,7,2.6666666666666665,4,3,2.5,1.2801316903498279,1.378234671025588,1.0139113060792944,-0.09810298067576007,-0.07663506920053748,negative,0.3643233649462936,-0.3685028888549259,True,"[""mcv:809""]",1,0.09810298067576007,0.09810298067576007,True,mcv:885,True,False,"[691, 809, 1713]",[],mcv_only
5,84,query.85,1,1,0,1,0.4,query.287,0.07142857142857142,query.287,1,1.0,0.4,1.0,1.0,1.0,1.0,1.0,1.0,0.0,0.0,0.0,0,0.0,0.0,0.0,0,0,False,False,7,7,,,,,1.0150075026437164,1.0150075026437164,1.0059104262534506,0.0,0.0,neutral,0.009097076390265801,0.0,False,[],0,0.0,0.0,True,mcv:169,True,False,[],[],no_extstat_consumption
5,85,query.86,21,21,3,24,0.3,query.126,0.07317073170731707,query.126,3,0.14285714285714285,0.3,1.0,1.0,0.9523809523809523,0.9583333333333334,0.9523809523809523,1.0,0.0,0.047619047619047616,0.041666666666666664,3,0.125,0.09523809523809523,0.3333333333333333,2,0,True,False,3.6666666666666665,7,5,7,5,,1.2835893905808538,1.284192201055699,1.2495474429471138,-0.0006028104748452279,-0.0004696287451958778,negative,0.03464475810858514,-0.017707872690802387,True,"[""mcv:86"", ""mcv:1086""]",2,0.0006028104748452279,0.0006027614812678106,True,mcv:309,True,False,"[86, 1086]",[],mcv_only
5,90,query.91,45,45,17,62,0.3333333333333333,query.50,0.13709677419354838,query.52,10,0.2222222222222222,0.26666666666666666,0.8,1.0,0.9777777777777777,0.967741935483871,0.9777777777777777,0.9411764705882353,0.0,0.022222222222222223,0.03225806451612903,6,0.0967741935483871,0.022222222222222223,0.29411764705882354,1,0,True,False,3.935483870967742,9,2,2,2,,1.2899037908021205,1.830873518774299,1.003099276434068,-0.5409697279721786,-0.4193876565288479,negative,0.827774242340231,-1.8861966979988303,True,"[""mcv:1056""]",1,0.5409697279721786,0.5409697279721786,True,mcv:95,True,False,[1056],[],mcv_only
5,93,query.94,21,21,12,33,0.3333333333333333,query.322,0.11827956989247312,query.50,6,0.2857142857142857,0.3333333333333333,1.0,1.0,0.9523809523809523,0.9696969696969697,0.9523809523809523,1.0,0.0,0.047619047619047616,0.030303030303030304,0,0.0,0.0,0.0,0,0,False,False,3.727272727272727,7,,,,,1.3021028814559925,1.3021028814559925,1.190861868840641,0.0,0.0,neutral,0.11124101261535158,0.0,False,[],0,0.0,0.0,True,mcv:115,True,False,[],[],no_extstat_consumption
5,94,query.95,21,21,5,26,0.375,query.426,0.13333333333333333,query.426,6,0.2857142857142857,0.25,0.6666666666666666,1.0,1.0,1.0,1.0,1.0,0.0,0.0,0.0,0,0.0,0.0,0.0,0,0,False,False,3.5384615384615383,7,,,,,1.0881999898359878,1.0881999898359878,1.0015227176132417,0.0,0.0,neutral,0.08667727222274602,0.0,False,[],0,0.0,0.0,True,mcv:1411,True,False,[],[],no_extstat_consumption
5,100,query.101,45,45,21,66,0.3333333333333333,query.284,0.10743801652892562,query.439,10,0.2222222222222222,0.25,1.0,1.0,1.0,1.0,1.0,1.0,0.0,0.0,0.0,8,0.12121212121212122,0.06666666666666667,0.23809523809523808,3,0,True,False,3.5454545454545454,9,2.6666666666666665,3,2.5,3,1.5565030251530652,1.644704851564311,1.0637809759329169,-0.08820182641124585,-0.05666665916217681,negative,0.5809238756313941,-0.1790092944913802,True,"[""mcv:904"", ""mcv:1122""]",2,0.08820182641124585,0.08820182641124585,True,mcv:425,True,False,"[809, 904, 1122]",[],mcv_only
5,101,query.102,45,45,19,64,0.2727272727272727,query.256,0.09803921568627451,query.63,6,0.13333333333333333,0.2727272727272727,1.0,1.0,0.9333333333333333,0.9375,0.9333333333333333,0.9473684210526315,0.0,0.06666666666666667,0.0625,10,0.15625,0.15555555555555556,0.15789473684210525,3,0,True,False,3.34375,7,4.333333333333333,6,4.5,4,1.7348445448804588,1.8671898840381314,1.0305532557542905,-0.13234533915767255,-0.07628656962275081,negative,0.8366366282838409,-0.18791278722455404,True,"[""mcv:197"", ""mcv:1252""]",2,0.13234533915767255,0.13234533915767255,False,mcv:319,False,False,"[197, 409, 1252]",[],mcv_only
5,104,query.105,28,28,14,42,0.4,query.179,0.16363636363636364,query.179,6,0.21428571428571427,0.25,1.0,1.0,1.0,1.0,1.0,1.0,0.0,0.0,0.0,4,0.09523809523809523,0.07142857142857142,0.14285714285714285,2,0,True,False,4.357142857142857,10,4.5,5,4.5,,1.0178365946733003,1.0673667625827878,1.0000315931083605,-0.0495301679094875,-0.048662199972664,negative,0.0673351694744273,-2.781812050329632,True,"[""mcv:270"", ""mcv:286""]",2,0.0495301679094875,0.026829485575356582,False,fd:332,False,False,"[270, 286]",[],mcv_only
5,107,query.108,10,10,1,11,0.42857142857142855,query.325,0.13043478260869565,query.325,3,0.3,0.375,1.0,1.0,1.0,1.0,1.0,1.0,0.0,0.0,0.0,0,0.0,0.0,0.0,0,0,False,False,3.1818181818181817,6,,,,,1.1340459091158797,1.1340459091158797,1.1267478357612648,0.0,0.0,neutral,0.0072980733546148535,0.0,False,[],0,0.0,0.0,True,mcv:189,True,False,[],[],no_extstat_consumption
5,110,query.111,55,55,24,79,0.2857142857142857,query.130,0.10416666666666667,query.175,6,0.10909090909090909,0.21428571428571427,1.0,1.0,0.9272727272727272,0.9240506329113924,0.9272727272727272,0.9166666666666666,0.0,0.07272727272727272,0.0759493670886076,12,0.1518987341772152,0.12727272727272726,0.20833333333333334,3,0,True,False,3.189873417721519,7,3.3333333333333335,5,1,4.5,1.242147694047651,1.0094915477990978,1.0013206542774333,0.23265614624855324,0.18730151604631012,positive,0.008170893521664446,0.966071527809084,True,"[""mcv:1396""]",1,0.0,0.0,False,mcv:1619,False,False,"[270, 976, 1396]",[],mcv_only
5,126,query.127,28,28,11,39,0.25,query.442,0.0625,query.442,3,0.10714285714285714,0.23076923076923078,1.0,1.0,0.8571428571428571,0.8461538461538461,0.8571428571428571,0.8181818181818182,0.0,0.14285714285714285,0.15384615384615385,3,0.07692307692307693,0.07142857142857142,0.09090909090909091,2,0,True,False,2.358974358974359,6,1.5,2,2,1,1.8209549659668733,1.9103091908376606,1.0002975777395797,-0.08935422487078726,-0.04906998060951101,negative,0.9100116130980809,-0.10888127756188462,True,"[""mcv:1314""]",1,0.08935422487078726,0.08935422487078726,True,mcv:1329,False,True,"[1314, 1713]",[],mcv_only
5,127,query.128,28,28,15,43,0.3333333333333333,query.410,0.12,query.290,6,0.21428571428571427,0.3333333333333333,1.0,1.0,1.0,1.0,1.0,1.0,0.0,0.0,0.0,7,0.16279069767441862,0.03571428571428571,0.4,1,1,True,True,4.5813953488372094,8,7.5,8,8,7,1.0543237976249675,1.0704260177578844,1.0076173179361485,-0.016102220132916845,-0.015272556845619593,negative,0.06280869982173587,-0.34475345263007534,True,"[""mcv:54""]",1,0.016102220132916845,0.016102220132916845,False,fd:22,False,False,[54],[6],mcv_fd_composed
5,130,query.131,3,3,1,4,0.25,query.433,0.058823529411764705,query.433,1,0.3333333333333333,0.25,1.0,1.0,0.6666666666666666,0.75,0.6666666666666666,1.0,0.0,0.3333333333333333,0.25,1,0.25,0.3333333333333333,0.0,1,0,True,False,3.5,6,2,2,,2,1.0042230470758344,1.004223034028233,1.0016270558450657,1.3047601443716417e-08,1.2992732522629627e-08,positive,0.002595978183167258,5.026057595677192e-06,False,[],0,0.0,0.0,False,mcv:2189,False,False,[1251],[],mcv_only
5,135,query.136,15,15,4,19,0.4444444444444444,query.436,0.16666666666666666,query.436,6,0.4,0.3333333333333333,0.75,1.0,1.0,1.0,1.0,1.0,0.0,0.0,0.0,1,0.05263157894736842,0.0,0.25,0,1,True,False,4.7368421052631575,7,4,4,4,,1.0102638474798684,1.0105261450968206,1.0068841247595643,-0.00026229761695217846,-0.00025963278563960023,negative,0.0036420203372562465,-0.07760921195587903,True,"[""fd:217""]",1,0.00026229761695217846,0.00026229761695217846,True,mcv:1927,True,False,[],[217],fd_only
5,143,query.144,36,36,8,44,0.3333333333333333,query.73,0.12,query.387,10,0.2777777777777778,0.3333333333333333,1.0,1.0,0.9444444444444444,0.9545454545454546,0.9444444444444444,1.0,0.0,0.05555555555555555,0.045454545454545456,2,0.045454545454545456,0.05555555555555555,0.0,2,0,True,False,3.3636363636363638,7,2.5,3,,2.5,1.3745974657893933,1.3033436998786478,1.089503812098187,0.0712537659107455,0.05183609579101503,positive,0.2138398877804608,0.2499310840076526,False,[],0,0.0,0.0,True,mcv:1691,False,True,"[1025, 1377]",[],mcv_only
5,148,query.149,21,21,4,25,0.42857142857142855,query.221,0.12,query.221,6,0.2857142857142857,0.3,1.0,1.0,1.0,1.0,1.0,1.0,0.0,0.0,0.0,7,0.28,0.2857142857142857,0.25,2,0,True,False,5.24,10,6,8,6,,1.0039055395218255,1.3447949312005987,1.0039055804222814,-0.3408893916787732,-0.3395632141258466,negative,0.3408893507783173,,True,"[""mcv:29"", ""mcv:826""]",2,0.3408893916787732,0.19049426802589853,True,mcv:1,True,False,"[29, 826]",[],mcv_only
5,152,query.153,6,6,4,10,0.4,query.425,0.14285714285714285,query.19,3,0.5,0.4,1.0,1.0,1.0,1.0,1.0,1.0,0.0,0.0,0.0,1,0.1,0.0,0.25,0,0,False,False,5.2,7,,,,,1.0024246483172103,1.0024246483172103,1.0006543507033618,0.0,0.0,neutral,0.0017702976138485038,0.0,False,[],0,0.0,0.0,True,mcv:333,True,False,[],[],no_extstat_consumption
5,154,query.155,6,6,1,7,0.3,query.99,0.06382978723404255,query.99,3,0.5,0.25,1.0,1.0,1.0,1.0,1.0,1.0,0.0,0.0,0.0,0,0.0,0.0,0.0,0,0,False,False,4.714285714285714,8,,,,,1.2042282039296783,1.2042282039296783,1.1820127391887982,0.0,0.0,neutral,0.022215464740880098,0.0,False,[],0,0.0,0.0,True,mcv:250,True,False,[],[],no_extstat_consumption
5,156,query.157,6,6,1,7,0.3333333333333333,query.399,0.07692307692307693,query.118,3,0.5,0.3333333333333333,1.0,1.0,1.0,1.0,1.0,1.0,0.0,0.0,0.0,0,0.0,0.0,0.0,0,0,False,False,4.285714285714286,8,,,,,1.526112120989527,1.526112120989527,1.1274564951227828,0.0,0.0,neutral,0.3986556258667442,0.0,False,[],0,0.0,0.0,True,mcv:1606,True,False,[],[],no_extstat_consumption
5,158,query.159,78,78,20,98,0.35714285714285715,query.181,0.12686567164179105,query.332,10,0.1282051282051282,0.21428571428571427,1.0,1.0,1.0,1.0,1.0,1.0,0.0,0.0,0.0,10,0.10204081632653061,0.10256410256410256,0.1,5,0,True,False,3.5,9,5.2,7,5.25,5,3.691691133402734,5.117277647066776,1.195229127898838,-1.425586513664042,-0.3861608304024176,negative,3.9220485191679377,-0.5710427438995996,True,"[""mcv:87"", ""mcv:156"", ""mcv:324"", ""mcv:1076""]",4,1.425586513664042,1.2307093793458797,True,mcv:803,False,True,"[87, 120, 156, 324, 1076]",[],mcv_only
5,160,query.161,15,15,9,24,0.375,query.449,0.13513513513513514,query.395,3,0.2,0.25,0.6666666666666666,1.0,0.9333333333333333,0.9583333333333334,0.9333333333333333,1.0,0.0,0.06666666666666667,0.041666666666666664,5,0.20833333333333334,0.2,0.2222222222222222,2,0,True,False,3.5833333333333335,7,2,3,3,1,9.668606736760383,12.687967357044583,3.1452145173533843,-3.0193606202842,-0.3122849757457281,negative,9.542752839691198,-0.4628513078366874,True,"[""mcv:835""]",1,3.0193606202842,3.0193606202842,True,mcv:833,True,False,"[835, 1396]",[],mcv_only
5,161,query.162,28,28,11,39,0.3333333333333333,query.67,0.12121212121212122,query.67,6,0.21428571428571427,0.25,0.75,1.0,0.9642857142857143,0.9743589743589743,0.9642857142857143,1.0,0.0,0.03571428571428571,0.02564102564102564,5,0.1282051282051282,0.17857142857142858,0.0,2,0,True,False,3.9743589743589745,8,5,5,5,5,1.1227085463811601,2.6614506889173493,1.0003289389543333,-1.5387421425361891,-1.3705624202256543,negative,1.661121749963016,-12.573517556478787,True,"[""mcv:35""]",1,1.5387421425361891,0.009381221093166303,False,fd:15,False,False,"[35, 126]",[],mcv_only
5,169,query.170,28,28,16,44,0.3333333333333333,query.142,0.1232876712328767,query.142,6,0.21428571428571427,0.25,0.75,1.0,0.9642857142857143,0.9545454545454546,0.9642857142857143,0.9375,0.0,0.03571428571428571,0.045454545454545456,4,0.09090909090909091,0.14285714285714285,0.0,1,0,True,False,3.590909090909091,7,4,4,,4,6.751731561651183,6.75173174613404,2.6902814710724265,-1.8448285743488668e-07,-2.732378438780379e-08,negative,4.061450275061613,-4.5422903967926864e-08,False,[],0,1.8448285743488668e-07,0.0,True,mcv:597,True,False,[422],[],mcv_only
5,173,query.174,6,6,1,7,0.2857142857142857,query.119,0.07692307692307693,query.118,1,0.16666666666666666,0.25,1.0,1.0,0.8333333333333334,0.8571428571428571,0.8333333333333334,1.0,0.0,0.16666666666666666,0.14285714285714285,3,0.42857142857142855,0.3333333333333333,1.0,1,0,True,False,2.2857142857142856,3,3,3,,3,1.0428915109403865,1.0428915173909703,1.0360974574128583,-6.450583844852531e-09,-6.185287517621052e-09,negative,0.006794059978111999,-9.494455436237068e-07,False,[],0,6.450583844852531e-09,0.0,True,mcv:2138,True,False,[944],[],mcv_only
5,181,query.182,1,1,1,2,0.4,query.119,0.11764705882352941,query.119,1,1.0,0.4,1.0,1.0,1.0,1.0,1.0,1.0,0.0,0.0,0.0,0,0.0,0.0,0.0,0,0,False,False,3,3,,,,,1.000229295688476,1.000229295688476,1.0000299438657871,0.0,0.0,neutral,0.00019935182268882023,0.0,False,[],0,0.0,0.0,True,fd:352,True,False,[],[],no_extstat_consumption
5,183,query.184,45,45,15,60,0.3076923076923077,query.54,0.10666666666666667,query.54,6,0.13333333333333333,0.23076923076923078,1.0,1.0,0.9777777777777777,0.9833333333333333,0.9777777777777777,1.0,0.0,0.022222222222222223,0.016666666666666666,2,0.03333333333333333,0.022222222222222223,0.06666666666666667,1,0,True,False,3.3333333333333335,9,2,2,,2,4167.571901046825,4150.274349258306,4.249849109618882,17.29755178851883,0.0041505107048480615,positive,4146.024500148687,0.004154747476350101,False,[],0,0.0,0.0,True,mcv:530,True,False,[1258],[],mcv_only
5,184,query.185,3,3,0,3,0.4,query.8,0.125,query.171,1,0.3333333333333333,0.4,1.0,1.0,1.0,1.0,1.0,1.0,0.0,0.0,0.0,0,0.0,0.0,0.0,0,0,False,False,2.6666666666666665,5,,,,,1.1158932276204858,1.1158932276204858,1.0091790273153443,0.0,0.0,neutral,0.10671420030514156,0.0,False,[],0,0.0,0.0,True,mcv:1536,True,False,[],[],no_extstat_consumption
5,190,query.191,10,10,6,16,0.3333333333333333,query.218,0.13333333333333333,query.218,3,0.3,0.3,1.0,1.0,1.0,1.0,1.0,1.0,0.0,0.0,0.0,2,0.125,0.1,0.16666666666666666,1,0,True,False,3.1875,6,2,2,2,,1.1106433919979741,1.1220868971043705,1.0267157537474199,-0.011443505106396357,-0.01030349182180812,negative,0.09537114335695063,-0.1363496619818297,True,"[""mcv:1018""]",1,0.011443505106396357,0.011443505106396357,True,mcv:1389,False,True,[1018],[],mcv_only
5,194,query.195,78,78,31,109,0.29411764705882354,query.138,0.10273972602739725,query.138,10,0.1282051282051282,0.26666666666666666,1.0,1.0,0.9487179487179487,0.9541284403669725,0.9487179487179487,0.967741935483871,0.0,0.05128205128205128,0.045871559633027525,10,0.09174311926605505,0.10256410256410256,0.06451612903225806,4,0,True,False,3.7247706422018347,11,6,8,5.333333333333333,8,5.411919835195818,5.75744835537906,2.307923073919752,-0.3455285201832412,-0.06384583118473687,negative,3.449525281459308,-0.11131729404292062,True,"[""mcv:173"", ""mcv:420"", ""mcv:623""]",3,0.3455285201832412,0.3455285201832412,True,mcv:83,True,False,"[40, 173, 420, 623]",[],mcv_only
5,196,query.197,10,10,3,13,0.3333333333333333,query.402,0.1,query.93,3,0.3,0.3333333333333333,1.0,1.0,1.0,1.0,1.0,1.0,0.0,0.0,0.0,1,0.07692307692307693,0.0,0.3333333333333333,0,1,True,False,2.8461538461538463,4,4,4,4,,1.0285209727103974,1.0287880104756308,1.0021259726323692,-0.00026703776523340217,-0.0002596327856394548,negative,0.0266620378432616,-0.010116982930251647,True,"[""fd:217""]",1,0.00026703776523340217,0.00026703776523340217,True,mcv:1077,True,False,[],[217],fd_only
5,199,query.200,6,6,0,6,0.3333333333333333,query.222,0.09090909090909091,query.222,3,0.5,0.25,1.0,1.0,1.0,1.0,1.0,1.0,0.0,0.0,0.0,1,0.16666666666666666,0.16666666666666666,0.0,1,0,True,False,2.8333333333333335,6,3,3,,3,1.6627587960740096,1.5101181739355558,1.076621142493589,0.15264062213845375,0.09179961789939597,positive,0.43349703144196683,0.26041770428166294,False,[],0,0.0,0.0,True,mcv:217,True,False,[1101],[],mcv_only
5,208,query.209,28,28,8,36,0.4,query.389,0.14285714285714285,query.389,6,0.21428571428571427,0.3333333333333333,1.0,1.0,1.0,1.0,1.0,1.0,0.0,0.0,0.0,5,0.1388888888888889,0.10714285714285714,0.25,2,0,True,False,4.083333333333333,9,4,6,,4,1.7992720011843986,1.4011129530121538,1.6492453662400364,0.3981590481722448,0.22128897015579105,positive,0.0,2.653922407310563,False,[],0,0.0,0.0,False,mcv:1414,False,False,"[112, 904]",[],mcv_only
5,212,query.213,6,6,0,6,0.3333333333333333,query.92,0.07142857142857142,query.92,1,0.16666666666666666,0.3333333333333333,1.0,1.0,1.0,1.0,1.0,1.0,0.0,0.0,0.0,2,0.3333333333333333,0.3333333333333333,0.0,1,0,True,False,3.5,5,5,5,,5,1.0203229784062897,1.0203229673923375,1.0028743667508102,1.1013952194716126e-08,1.0794574294425428e-08,positive,0.017448600641527312,6.312222664006244e-07,False,[],0,0.0,0.0,False,mcv:763,False,False,[120],[],mcv_only
5,227,query.228,10,10,1,11,0.2857142857142857,query.256,0.05555555555555555,query.256,3,0.3,0.2857142857142857,1.0,1.0,0.8,0.8181818181818182,0.8,1.0,0.0,0.2,0.18181818181818182,0,0.0,0.0,0.0,0,0,False,False,2.727272727272727,5,,,,,1.0627836564920157,1.0627836564920157,1.0192938419565931,0.0,0.0,neutral,0.043489814535422555,0.0,False,[],0,0.0,0.0,True,mcv:484,True,False,[],[],no_extstat_consumption
5,238,query.239,3,3,2,5,0.4,query.115,0.125,query.169,3,1.0,0.3333333333333333,1.0,1.0,1.0,1.0,1.0,1.0,0.0,0.0,0.0,0,0.0,0.0,0.0,0,0,False,False,5.4,6,,,,,1.0336973898952835,1.0336973898952835,1.0118938386948682,0.0,0.0,neutral,0.021803551200415328,0.0,False,[],0,0.0,0.0,True,mcv:410,True,False,[],[],no_extstat_consumption
5,240,query.241,6,6,2,8,0.2727272727272727,query.310,0.08,query.324,3,0.5,0.2727272727272727,1.0,1.0,1.0,1.0,1.0,1.0,0.0,0.0,0.0,0,0.0,0.0,0.0,0,0,False,False,4.375,7,,,,,1.0003102938554616,1.0003102938554616,1.0000120256235974,0.0,0.0,neutral,0.00029826823186418494,0.0,False,[],0,0.0,0.0,True,mcv:677,True,False,[],[],no_extstat_consumption
5,241,query.242,10,10,0,10,0.2857142857142857,query.9,0.0625,query.9,3,0.3,0.25,1.0,1.0,0.9,0.9,0.9,1.0,0.0,0.1,0.1,0,0.0,0.0,0.0,0,0,False,False,2.7,6,,,,,1.1247139287885473,1.1247139287885473,1.040569433365254,0.0,0.0,neutral,0.08414449542329328,0.0,False,[],0,0.0,0.0,True,mcv:1552,True,False,[],[],no_extstat_consumption
5,246,query.247,10,10,4,14,0.42857142857142855,query.164,0.21739130434782608,query.164,3,0.3,0.2222222222222222,1.0,1.0,1.0,1.0,1.0,1.0,0.0,0.0,0.0,2,0.14285714285714285,0.1,0.25,1,1,True,True,2.9285714285714284,6,3.5,6,3.5,,1.7950404022896205,2.40964849262958,1.4030038538357887,-0.6146080903399596,-0.34239234367984756,negative,1.0066446387937913,-1.5677316126874814,True,"[""mcv:59"", ""fd:664""]",2,0.6146080903399596,0.6141431198552993,False,mcv:1997,False,False,[59],[664],mcv_fd_composed
5,271,query.272,10,10,4,14,0.3333333333333333,query.313,0.1111111111111111,query.313,1,0.1,0.2857142857142857,1.0,1.0,1.0,1.0,1.0,1.0,0.0,0.0,0.0,2,0.14285714285714285,0.1,0.25,1,0,True,False,2.642857142857143,5,2,2,,2,1.1263698248148348,1.0486144032378275,1.048450675459855,0.07775542157700732,0.06903187555631617,positive,0.00016372777797246663,0.9978987478774112,False,[],0,0.0,0.0,True,mcv:1907,False,True,[1377],[],mcv_only
5,276,query.277,21,21,5,26,0.375,query.40,0.1095890410958904,query.381,6,0.2857142857142857,0.3,1.0,1.0,1.0,1.0,1.0,1.0,0.0,0.0,0.0,4,0.15384615384615385,0.19047619047619047,0.0,2,0,True,False,4.5,8,6,6,6,6,1.1529924490834003,1.349969433498066,1.074571196260684,-0.19697698441466582,-0.1708397870005632,negative,0.275398237237382,-2.511780637577468,True,"[""mcv:59""]",1,0.19697698441466582,0.18516020547601597,False,mcv:80,False,False,"[59, 353]",[],mcv_only
5,278,query.279,15,15,3,18,0.3333333333333333,query.134,0.1095890410958904,query.134,6,0.4,0.2222222222222222,1.0,1.0,1.0,1.0,1.0,1.0,0.0,0.0,0.0,1,0.05555555555555555,0.06666666666666667,0.0,1,0,True,False,3.9444444444444446,8,7,7,7,,1.199753356942815,1.289732294870588,1.1483506686316831,-0.08997893792777312,-0.0749978630249933,negative,0.14138162623890493,-1.7504714419437706,True,"[""mcv:96""]",1,0.08997893792777312,0.08997893792777312,False,mcv:388,False,False,[96],[],mcv_only
5,293,query.294,15,15,8,23,0.25,query.115,0.06944444444444445,query.339,3,0.2,0.25,1.0,1.0,0.9333333333333333,0.9565217391304348,0.9333333333333333,1.0,0.0,0.06666666666666667,0.043478260869565216,3,0.13043478260869565,0.2,0.0,2,0,True,False,3.0869565217391304,9,2.5,3,2,3,4.425506359773974,4.298928804344002,1.0011517051989904,0.1265775554299715,0.028601824320152208,positive,3.2977770991450117,0.03696391530616206,True,"[""mcv:753""]",1,0.0,0.0,False,mcv:1399,False,False,"[753, 1044]",[],mcv_only
5,300,query.301,45,45,22,67,0.2857142857142857,query.236,0.09803921568627451,query.236,6,0.13333333333333333,0.21428571428571427,0.75,1.0,0.9555555555555556,0.9701492537313433,0.9555555555555556,1.0,0.0,0.044444444444444446,0.029850746268656716,10,0.14925373134328357,0.1111111111111111,0.22727272727272727,3,1,True,True,3.074626865671642,7,3.5,4,3.5,3.5,1.4858661906034623,1.4992224731393105,1.0013028768179884,-0.013356282535848196,-0.008988886496181559,negative,0.4979195963213221,-0.02756354465117699,True,"[""mcv:944"", ""mcv:1000""]",2,0.013356282535848196,0.013356282535848196,False,mcv:2061,False,False,"[499, 944, 1000]",[219],mcv_fd_composed
5,305,query.306,3,3,1,4,0.4,query.316,0.16666666666666666,query.316,1,0.3333333333333333,0.25,1.0,1.0,1.0,1.0,1.0,1.0,0.0,0.0,0.0,1,0.25,0.0,1.0,0,0,False,False,4.25,7,,,,,1.0030837080629098,1.0030837080629098,1.0030836794070424,0.0,0.0,neutral,2.865586745670612e-08,0.0,False,[],0,0.0,0.0,True,mcv:1684,True,False,[],[],no_extstat_consumption
5,308,query.309,10,10,4,14,0.3333333333333333,query.211,0.07894736842105263,query.211,3,0.3,0.3333333333333333,1.0,1.0,1.0,1.0,1.0,1.0,0.0,0.0,0.0,0,0.0,0.0,0.0,0,0,False,False,3.2142857142857144,6,,,,,1.0143636002674254,1.0143636002674254,1.0094018519765928,0.0,0.0,neutral,0.004961748290832624,0.0,False,[],0,0.0,0.0,True,mcv:210,True,False,[],[],no_extstat_consumption
5,316,query.317,6,6,2,8,0.2857142857142857,query.188,0.09090909090909091,query.188,3,0.5,0.25,1.0,1.0,1.0,1.0,1.0,1.0,0.0,0.0,0.0,2,0.25,0.16666666666666666,0.5,1,0,True,False,3.5,6,5,5,5,,1.2708821388678673,1.275377656980316,1.0007496438910035,-0.004495518112448638,-0.0035373210268368036,negative,0.2746280130893124,-0.016641900534157022,True,"[""mcv:35""]",1,0.004495518112448638,0.004495518112448638,False,mcv:960,False,False,[35],[],mcv_only
5,318,query.319,3,3,1,4,0.4,query.316,0.16666666666666666,query.316,1,0.3333333333333333,0.4,1.0,1.0,1.0,1.0,1.0,1.0,0.0,0.0,0.0,1,0.25,0.0,1.0,0,1,True,False,4.25,5,5,5,,5,1.0517025543129865,1.0338216728535832,1.0308438237898905,0.017880881459403364,0.01700184276065,positive,0.0029778490636926946,0.8572372819910857,False,[],0,0.0,0.0,True,mcv:510,True,False,[],[191],fd_only
5,320,query.321,28,28,9,37,0.3,query.337,0.09230769230769231,query.283,3,0.10714285714285714,0.21428571428571427,1.0,1.0,0.9642857142857143,0.972972972972973,0.9642857142857143,1.0,0.0,0.03571428571428571,0.02702702702702703,2,0.05405405405405406,0.03571428571428571,0.1111111111111111,1,1,True,True,2.918918918918919,5,3,5,3,,1.1696456014041676,1.1927505139521928,1.0046675851847717,-0.023104912548025158,-0.019753772014606433,negative,0.18808292876742105,-0.14004843237597855,True,"[""mcv:126"", ""fd:613""]",2,0.023104912548025158,0.023104912548025158,False,fd:495,False,False,[126],[613],mcv_fd_composed
5,332,query.333,3,3,1,4,0.4,query.240,0.11764705882352941,query.257,1,0.3333333333333333,0.25,1.0,1.0,1.0,1.0,1.0,1.0,0.0,0.0,0.0,1,0.25,0.0,1.0,0,1,True,False,4,6,6,6,6,,1.0063127327468966,1.0110413789762138,1.0002132537485553,-0.004728646229317235,-0.004698982806676424,negative,0.010828125227658525,-0.7752541209836376,True,"[""fd:127""]",1,0.004728646229317235,0.004728646229317235,True,mcv:318,True,False,[],[127],fd_only
5,333,query.334,15,15,3,18,0.3,query.218,0.08888888888888889,query.382,3,0.2,0.3,1.0,1.0,1.0,1.0,1.0,1.0,0.0,0.0,0.0,4,0.2222222222222222,0.2,0.3333333333333333,2,0,True,False,3.7222222222222223,6,4.5,5,4.5,,1.0370219129670444,1.0759911769480126,1.009329485825571,-0.03896926398096823,-0.037578052588563414,negative,0.06666169112244158,-1.407217351584405,True,"[""mcv:253"", ""mcv:385""]",2,0.03896926398096823,0.03698853088720022,False,mcv:256,False,False,"[253, 385]",[],mcv_only
5,347,query.348,21,21,13,34,0.3,query.389,0.10204081632653061,query.389,3,0.14285714285714285,0.3,1.0,1.0,0.9523809523809523,0.9705882352941176,0.9523809523809523,1.0,0.0,0.047619047619047616,0.029411764705882353,3,0.08823529411764706,0.047619047619047616,0.15384615384615385,1,1,True,True,3.764705882352941,8,2.5,3,2,3,2.2868073507265434,3.318152616510063,1.2707024889035679,-1.0313452657835196,-0.4509978794041615,negative,2.047450127606495,-1.0149988495608628,True,"[""mcv:904""]",1,1.0313452657835196,1.0313452657835196,True,mcv:1216,False,True,[904],[376],mcv_fd_composed
5,353,query.354,28,28,14,42,0.2857142857142857,query.196,0.10204081632653061,query.196,6,0.21428571428571427,0.21428571428571427,1.0,1.0,0.9642857142857143,0.9761904761904762,0.9642857142857143,1.0,0.0,0.03571428571428571,0.023809523809523808,3,0.07142857142857142,0.07142857142857142,0.07142857142857142,1,0,True,False,3.4047619047619047,9,5,5,,5,1.3943704464733595,1.394370456414098,1.0155174585473452,-9.940738454616849e-09,-7.129194741439734e-09,negative,0.37885299786675275,-2.6239039340922824e-08,False,[],0,9.940738454616849e-09,0.0,True,mcv:1808,False,True,[35],[],mcv_only
5,356,query.357,15,15,3,18,0.25,query.343,0.07142857142857142,query.343,3,0.2,0.23076923076923078,1.0,1.0,0.9333333333333333,0.9444444444444444,0.9333333333333333,1.0,0.0,0.06666666666666667,0.05555555555555555,1,0.05555555555555555,0.06666666666666667,0.0,1,0,True,False,2.9444444444444446,5,3,3,3,,3.6265040578939036,3.7513839460026595,1.2586160711168737,-0.12487988810875583,-0.034435336653471156,negative,2.4927678748857858,-0.052738933938649625,True,"[""mcv:633""]",1,0.12487988810875583,0.12487988810875583,True,mcv:190,True,False,[633],[],mcv_only
5,360,query.361,36,36,11,47,0.2727272727272727,query.137,0.09090909090909091,query.152,6,0.16666666666666666,0.23076923076923078,1.0,1.0,0.9722222222222222,0.9787234042553191,0.9722222222222222,1.0,0.0,0.027777777777777776,0.02127659574468085,5,0.10638297872340426,0.08333333333333333,0.18181818181818182,2,0,True,False,3.276595744680851,10,4,5,3,5,4.409735916266321,8.443783086724347,1.0317949730508165,-4.034047170458026,-0.9148047064626974,negative,7.41198811367353,-1.1942325926568642,True,"[""mcv:1099""]",1,4.034047170458026,4.034047170458026,True,mcv:498,True,False,"[512, 1099]",[],mcv_only
5,362,query.363,15,15,8,23,0.3,query.120,0.10416666666666667,query.320,3,0.2,0.2727272727272727,1.0,1.0,1.0,1.0,1.0,1.0,0.0,0.0,0.0,1,0.043478260869565216,0.06666666666666667,0.0,1,0,True,False,4.173913043478261,10,4,4,,,1.4317574448468198,1.4317574448468198,1.3818968193308008,0.0,0.0,neutral,0.049860625516019,0.0,False,[],0,0.0,0.0,True,mcv:367,True,False,[523],[],mcv_only
5,374,query.375,15,15,7,22,0.3,query.130,0.1,query.259,3,0.2,0.3,1.0,1.0,1.0,1.0,1.0,1.0,0.0,0.0,0.0,3,0.13636363636363635,0.06666666666666667,0.2857142857142857,1,0,True,False,3.227272727272727,6,4,4,,4,1.0021943147200618,1.001949869053201,1.002535310847513,0.00024444566686088187,0.0002439104505688218,positive,0.0,,False,[],0,0.0,0.0,False,mcv:850,False,False,[253],[],mcv_only
5,378,query.379,15,15,1,16,0.4,query.308,0.1590909090909091,query.308,6,0.4,0.3,0.75,1.0,1.0,1.0,1.0,1.0,0.0,0.0,0.0,2,0.125,0.13333333333333333,0.0,1,0,True,False,5.1875,10,8,8,,8,1.1147908786391854,1.114790878639185,1.0629748853532568,4.440892098500626e-16,3.9836100057811567e-16,neutral,0.05181599328592812,8.570504620060268e-15,False,[],0,0.0,0.0,True,mcv:83,True,False,[14],[],mcv_only
5,379,query.380,21,21,13,34,0.36363636363636365,query.122,0.16666666666666666,query.122,6,0.2857142857142857,0.25,1.0,1.0,0.9523809523809523,0.9411764705882353,0.9523809523809523,0.9230769230769231,0.0,0.047619047619047616,0.058823529411764705,3,0.08823529411764706,0.047619047619047616,0.15384615384615385,1,0,True,False,3.2058823529411766,6,4,4,4,,1.8991855941151559,1.9735186466262142,1.2450839355481194,-0.07433305251105837,-0.03913943573571106,negative,0.7284347110780949,-0.11364143713364434,True,"[""mcv:855""]",1,0.07433305251105837,0.07433305251105837,True,mcv:339,True,False,[855],[],mcv_only
5,382,query.383,45,45,16,61,0.2727272727272727,query.145,0.09375,query.145,6,0.13333333333333333,0.23529411764705882,1.0,1.0,0.9555555555555556,0.9508196721311475,0.9555555555555556,0.9375,0.0,0.044444444444444446,0.04918032786885246,4,0.06557377049180328,0.022222222222222223,0.1875,1,1,True,True,3.9344262295081966,10,4,4,4,,1.970848693418865,2.03435746471569,1.013454927384065,-0.06350877129682497,-0.03222407255762248,negative,1.020902537331625,-0.06633505831133281,True,"[""mcv:422"", ""fd:205""]",2,0.06350877129682497,0.008371961162111585,True,mcv:1,True,False,[422],[205],mcv_fd_composed
5,390,query.391,6,6,4,10,0.25,query.48,0.07692307692307693,query.48,1,0.16666666666666666,0.25,1.0,1.0,1.0,1.0,1.0,1.0,0.0,0.0,0.0,0,0.0,0.0,0.0,0,0,False,False,2.2,4,,,,,1.0077420880978063,1.0077420880978063,1.007131956468327,0.0,0.0,neutral,0.0006101316294793158,0.0,False,[],0,0.0,0.0,True,fd:404,True,False,[],[],no_extstat_consumption
5,392,query.393,28,28,13,41,0.2727272727272727,query.384,0.08928571428571429,query.384,3,0.10714285714285714,0.25,1.0,1.0,0.9642857142857143,0.9512195121951219,0.9642857142857143,0.9230769230769231,0.0,0.03571428571428571,0.04878048780487805,1,0.024390243902439025,0.03571428571428571,0.0,1,0,True,False,3.4146341463414633,7,4,4,4,,1.1452765790677444,1.1504653448672364,1.0864868198511075,-0.005188765799492012,-0.004530578808933358,negative,0.06397852501612888,-0.0882596878883567,True,"[""mcv:523""]",1,0.005188765799492012,0.005188765799492012,True,mcv:969,False,True,[523],[],mcv_only
5,396,query.397,15,15,4,19,0.3333333333333333,query.20,0.10526315789473684,query.113,3,0.2,0.2222222222222222,0.6666666666666666,1.0,1.0,1.0,1.0,1.0,0.0,0.0,0.0,3,0.15789473684210525,0.2,0.0,2,0,True,False,4,7,4.5,5,,4.5,1.0667549100201137,1.066424935008653,1.1516245554203985,0.0003299750114607036,0.0003093259832799663,positive,0.0,,False,[],0,0.0,0.0,False,mcv:291,False,False,"[286, 294]",[],mcv_only
5,397,query.398,28,28,15,43,0.4,query.394,0.19672131147540983,query.19,6,0.21428571428571427,0.4,1.0,1.0,1.0,1.0,1.0,1.0,0.0,0.0,0.0,3,0.06976744186046512,0.07142857142857142,0.06666666666666667,2,1,True,True,4.162790697674419,7,4.333333333333333,5,4,4.5,1.1853629600601467,1.122922308537125,1.0221180825200047,0.062440651523021806,0.052676398391808606,positive,0.10080422601712025,0.38249685052241594,True,"[""mcv:423""]",1,0.0,0.0,True,mcv:166,True,False,"[329, 423]",[402],mcv_fd_composed
5,407,query.408,10,10,4,14,0.375,query.35,0.11764705882352941,query.122,3,0.3,0.3,1.0,1.0,1.0,1.0,1.0,1.0,0.0,0.0,0.0,1,0.07142857142857142,0.0,0.25,0,1,True,False,4.071428571428571,6,2,2,,2,1.0106474319603411,1.0104898700376928,1.0102844667305986,0.00015756192264837487,0.00015590196706160312,positive,0.0002054033070941763,0.4340964636203101,False,[],0,0.0,0.0,True,fd:108,True,False,[],[313],fd_only
5,408,query.409,28,28,10,38,0.2857142857142857,query.378,0.10416666666666667,query.378,6,0.21428571428571427,0.16666666666666666,1.0,1.0,0.9285714285714286,0.9473684210526315,0.9285714285714286,1.0,0.0,0.07142857142857142,0.05263157894736842,5,0.13157894736842105,0.17857142857142858,0.0,2,0,True,False,3.026315789473684,8,5.5,8,8,3,1.1806842773089248,1.14806146306278,1.058675423880725,0.03262281424614488,0.02763042997447247,positive,0.0893860391820549,0.267380713198349,True,"[""mcv:29""]",1,0.0,0.0,False,mcv:1107,False,False,"[29, 1103]",[],mcv_only
5,410,query.411,6,6,3,9,0.3333333333333333,query.240,0.07142857142857142,query.240,1,0.16666666666666666,0.2222222222222222,1.0,1.0,0.6666666666666666,0.6666666666666666,0.6666666666666666,0.6666666666666666,0.0,0.3333333333333333,0.3333333333333333,1,0.1111111111111111,0.0,0.3333333333333333,0,0,False,False,2.111111111111111,6,,,,,1.0180391478284125,1.0180391478284125,1.0135115168789912,0.0,0.0,neutral,0.004527630949421324,0.0,False,[],0,0.0,0.0,True,mcv:2130,True,False,[],[],no_extstat_consumption
5,416,query.417,6,6,4,10,0.3333333333333333,query.143,0.0851063829787234,query.143,3,0.5,0.3333333333333333,1.0,1.0,0.8333333333333334,0.8,0.8333333333333334,0.75,0.0,0.16666666666666666,0.2,0,0.0,0.0,0.0,0,0,False,False,2.1,7,,,,,1.4141433095348512,1.4141433095348512,1.179052645729448,0.0,0.0,neutral,0.23509066380540333,0.0,False,[],0,0.0,0.0,True,mcv:648,True,False,[],[],no_extstat_consumption
5,418,query.419,3,3,2,5,0.2857142857142857,query.181,0.07407407407407407,query.405,1,0.3333333333333333,0.2857142857142857,1.0,1.0,1.0,1.0,1.0,1.0,0.0,0.0,0.0,1,0.2,0.0,0.5,0,1,True,False,5.8,7,5,5,5,,1.0042356877215024,1.0045964798044384,1.0041541955771032,-0.0003607920829360456,-0.0003592703260273912,negative,0.0004422842273352767,-4.427323462842262,True,"[""fd:183""]",1,0.0003607920829360456,0.0003607920829360456,True,mcv:459,True,False,[],[183],fd_only
5,426,query.427,10,10,0,10,0.3,query.123,0.07142857142857142,query.173,3,0.3,0.25,1.0,1.0,0.8,0.8,0.8,1.0,0.0,0.2,0.2,1,0.1,0.1,0.0,1,0,True,False,2.9,6,4,4,4,,1.1140950712208577,1.211284790490652,1.0249610881316076,-0.09718971926979436,-0.08723646821567126,negative,0.1863237023590445,-1.090377832352426,True,"[""mcv:941""]",1,0.09718971926979436,0.09718971926979436,False,mcv:1156,False,False,[941],[],mcv_only
5,430,query.431,45,45,16,61,0.2857142857142857,query.282,0.11956521739130435,query.282,6,0.13333333333333333,0.23076923076923078,1.0,1.0,0.9777777777777777,0.9672131147540983,0.9777777777777777,0.9375,0.0,0.022222222222222223,0.03278688524590164,8,0.13114754098360656,0.1111111111111111,0.1875,3,1,True,True,4.081967213114754,8,6.25,8,5.666666666666667,8,12.842204803330594,7.658645603115815,1.001013733251917,5.183559200214779,0.4036346779698168,positive,6.6576318698638985,0.43775657106936094,True,"[""mcv:59"", ""mcv:212"", ""fd:230""]",3,0.0,0.0,False,mcv:250,False,False,"[14, 59, 212]",[230],mcv_fd_composed
5,434,query.435,21,21,9,30,0.3,query.181,0.09090909090909091,query.406,3,0.14285714285714285,0.2727272727272727,1.0,1.0,1.0,1.0,1.0,1.0,0.0,0.0,0.0,2,0.06666666666666667,0.0,0.2222222222222222,0,1,True,False,3.9,6,4,4,,4,1.014040938202245,1.013720864752528,1.0060005561038254,0.0003200734497170732,0.00031564154627180966,positive,0.007720308648702545,0.03980823868805755,False,[],0,0.0,0.0,True,mcv:218,True,False,[],[93],fd_only
5,437,query.438,28,28,13,41,0.36363636363636365,query.400,0.15517241379310345,query.400,6,0.21428571428571427,0.25,1.0,1.0,1.0,1.0,1.0,1.0,0.0,0.0,0.0,3,0.07317073170731707,0.07142857142857142,0.07692307692307693,2,1,True,True,4.146341463414634,7,4.666666666666667,5,5,4,1.5815360219305556,1.6280465261108719,1.187838259000389,-0.046510504180316214,-0.02940843808511019,negative,0.4402082671104828,-0.11813758816954764,True,"[""mcv:440""]",1,0.046510504180316214,0.046510504180316214,True,fd:188,True,False,"[440, 468]",[219],mcv_fd_composed
5,444,query.445,36,36,12,48,0.3333333333333333,query.355,0.1,query.355,10,0.2777777777777778,0.25,1.0,1.0,1.0,1.0,1.0,1.0,0.0,0.0,0.0,8,0.16666666666666666,0.1388888888888889,0.25,2,1,True,True,4.041666666666667,9,4.333333333333333,5,4,4,2.1596103328461016,2.1589286553139924,1.336770836485607,0.0006816775321092372,0.00031564839348164714,positive,0.8221578188283853,0.0008284453227201277,True,"[""mcv:423""]",1,0.0,0.0,True,mcv:124,True,False,"[399, 423]",[93],mcv_fd_composed
5,453,query.454,36,36,10,46,0.3125,query.285,0.11570247933884298,query.285,10,0.2777777777777778,0.23076923076923078,1.0,1.0,0.9722222222222222,0.9782608695652174,0.9722222222222222,1.0,0.0,0.027777777777777776,0.021739130434782608,6,0.13043478260869565,0.1388888888888889,0.1,2,0,True,False,3.652173913043478,7,5,7,,5,5.129356319755617,3.2191361059188184,2.9057562999225115,1.9102202138367987,0.37240934237296447,positive,0.3133798059963069,0.8590664673497224,False,[],0,0.0,0.0,True,mcv:553,True,False,"[107, 835]",[],mcv_only
5,461,query.462,6,6,2,8,0.375,query.311,0.10344827586206896,query.311,3,0.5,0.25,0.6666666666666666,1.0,1.0,1.0,1.0,1.0,0.0,0.0,0.0,1,0.125,0.16666666666666666,0.0,1,0,True,False,4.125,6,4,4,,4,1.760931110451628,1.7569849462957279,1.198514987418942,0.003946164155900211,0.002240953171011973,positive,0.5584699588767859,0.00701644919889836,False,[],0,0.0,0.0,True,mcv:830,True,False,[253],[],mcv_only
5,462,query.463,28,28,14,42,0.4,query.252,0.1320754716981132,query.252,6,0.21428571428571427,0.3,0.75,1.0,1.0,1.0,1.0,1.0,0.0,0.0,0.0,5,0.11904761904761904,0.14285714285714285,0.07142857142857142,2,0,True,False,3.8095238095238093,10,7.5,10,7.5,,1.4405734080797241,1.4279403455584836,1.016029104744483,0.012633062521240523,0.008769468081519235,positive,0.41191124081400066,0.02975675900487783,True,"[""mcv:7"", ""mcv:35""]",2,0.0,0.0,False,mcv:561,False,False,"[7, 35]",[],mcv_only
6,0,query.1,15,15,9,24,0.4,query.17,0.19607843137254902,query.17,6,0.4,0.25,0.6666666666666666,1.0,0.9333333333333333,0.9166666666666666,0.9333333333333333,0.8888888888888888,0.0,0.06666666666666667,0.08333333333333333,1,0.041666666666666664,0.0,0.1111111111111111,0,0,False,False,4.25,8,,,,,1.7998583054180384,1.7998583054180384,1.017412730925492,0.0,0.0,neutral,0.7824455744925465,0.0,False,[],0,0.0,0.0,True,mcv:291,True,False,[],[],no_extstat_consumption
6,11,query.12,10,10,1,11,0.375,query.2,0.10714285714285714,query.2,3,0.3,0.2857142857142857,1.0,1.0,1.0,1.0,1.0,1.0,0.0,0.0,0.0,1,0.09090909090909091,0.1,0.0,1,0,True,False,3.1818181818181817,7,3,3,3,,1.224134140859492,1.2241341828574233,1.1074847502260663,-4.199793135484242e-08,-3.430827550104496e-08,negative,0.11664943263135696,-3.600355829274946e-07,True,"[""mcv:438""]",1,4.199793135484242e-08,4.199793135484242e-08,False,mcv:753,False,False,[438],[],mcv_only
6,14,query.15,15,15,6,21,0.25,query.157,0.06666666666666667,query.11,3,0.2,0.25,1.0,1.0,0.9333333333333333,0.9523809523809523,0.9333333333333333,1.0,0.0,0.06666666666666667,0.047619047619047616,1,0.047619047619047616,0.0,0.16666666666666666,0,1,True,False,2.9523809523809526,6,3,3,,3,2.060903518666446,2.060719983201154,1.3672502051050284,0.00018353546529192855,8.905582606345847e-05,positive,0.6934697780961256,0.0002645925013312546,False,[],0,0.0,0.0,True,mcv:2053,True,False,[],[428],fd_only
6,18,query.19,21,21,9,30,0.375,query.153,0.19672131147540983,query.398,6,0.2857142857142857,0.375,1.0,1.0,1.0,1.0,1.0,1.0,0.0,0.0,0.0,2,0.06666666666666667,0.047619047619047616,0.1111111111111111,1,0,True,False,3.566666666666667,6,6,6,,6,1.0784746224428328,1.077984285779239,1.0585981582212043,0.0004903366635937711,0.0004546575815415283,positive,0.019386127558034705,0.024669209680674178,False,[],0,0.0,0.0,True,mcv:1388,True,False,[109],[],mcv_only
6,23,query.24,36,36,10,46,0.35714285714285715,query.116,0.14736842105263157,query.116,10,0.2777777777777778,0.3,1.0,1.0,0.8888888888888888,0.8913043478260869,0.8888888888888888,0.9,0.0,0.1111111111111111,0.10869565217391304,1,0.021739130434782608,0.027777777777777776,0.0,1,0,True,False,3.260869565217391,8,8,8,8,,1.0423420231092244,1.045890430611435,1.0008904240773038,-0.0035484075022105266,-0.003404264074114469,negative,0.045000006534131165,-0.08560363375796441,True,"[""mcv:68""]",1,0.0035484075022105266,0.0035484075022105266,True,mcv:1407,True,False,[68],[],mcv_only
6,41,query.42,55,55,26,81,0.2727272727272727,query.268,0.08270676691729323,query.116,6,0.10909090909090909,0.25,1.0,1.0,0.9818181818181818,0.9753086419753086,0.9818181818181818,0.9615384615384616,0.0,0.01818181818181818,0.024691358024691357,4,0.04938271604938271,0.03636363636363636,0.07692307692307693,2,1,True,True,3.382716049382716,8,4.333333333333333,8,8,2.5,1.479871054306232,1.0421581388004055,1.028720861966745,0.43771291550582636,0.2957777397105909,positive,0.013437276833660583,0.9702155134546654,True,"[""mcv:16""]",1,0.0,0.0,True,mcv:1292,False,True,"[16, 1713]",[488],mcv_fd_composed
6,45,query.46,36,36,15,51,0.2857142857142857,query.372,0.09375,query.397,6,0.16666666666666666,0.25,1.0,1.0,1.0,1.0,1.0,1.0,0.0,0.0,0.0,6,0.11764705882352941,0.1388888888888889,0.06666666666666667,2,0,True,False,3.549019607843137,7,4.5,7,2,7,2.017570275758359,1.4446002974117382,1.4144916271417405,0.5729699783466207,0.2839900970147145,positive,0.03010867026999775,0.9500750518376616,True,"[""mcv:1834""]",1,0.0,0.0,True,mcv:772,True,False,"[126, 1834]",[],mcv_only
6,47,query.48,15,15,3,18,0.375,query.90,0.13333333333333333,query.90,3,0.2,0.2857142857142857,1.0,1.0,1.0,1.0,1.0,1.0,0.0,0.0,0.0,0,0.0,0.0,0.0,0,0,False,False,4.277777777777778,6,,,,,2.418887934006248,2.418887934006248,1.5873170237439005,0.0,0.0,neutral,0.8315709102623476,0.0,False,[],0,0.0,0.0,True,mcv:1999,True,False,[],[],no_extstat_consumption
6,48,query.49,15,15,3,18,0.3333333333333333,query.2,0.11764705882352941,query.2,3,0.2,0.2222222222222222,0.6666666666666666,1.0,1.0,1.0,1.0,1.0,0.0,0.0,0.0,0,0.0,0.0,0.0,0,0,False,False,3.4444444444444446,7,,,,,1.5569468757487683,1.5569468757487683,1.00502098584757,0.0,0.0,neutral,0.5519258899011983,0.0,False,[],0,0.0,0.0,True,mcv:1262,True,False,[],[],no_extstat_consumption
6,49,query.50,45,45,26,71,0.4166666666666667,query.120,0.19767441860465115,query.120,10,0.2222222222222222,0.3333333333333333,0.8,1.0,0.9777777777777777,0.971830985915493,0.9777777777777777,0.9615384615384616,0.0,0.022222222222222223,0.028169014084507043,9,0.1267605633802817,0.1111111111111111,0.15384615384615385,3,1,True,True,4.366197183098592,9,4.25,6,,4.25,1.9110047155771868,1.0398970716655977,1.0865808426108448,0.871107643911589,0.45583751667953665,positive,0.0,1.0566259329406305,False,[],0,0.0,0.0,False,fd:39,False,False,"[96, 444, 946]",[216],mcv_fd_composed
6,59,query.60,36,36,16,52,0.3333333333333333,query.239,0.13095238095238096,query.398,10,0.2777777777777778,0.3076923076923077,1.0,1.0,1.0,1.0,1.0,1.0,0.0,0.0,0.0,5,0.09615384615384616,0.05555555555555555,0.1875,1,1,True,True,3.8653846153846154,8,3.5,4,3,4,1.2752603994177807,1.239321792399231,1.1304167529585059,0.03593860701854967,0.028181387138624725,positive,0.10890503944072516,0.24812001007344428,True,"[""fd:168""]",1,0.0,0.0,True,mcv:423,True,False,[410],[168],mcv_fd_composed
6,61,query.62,28,28,16,44,0.36363636363636365,query.238,0.1267605633802817,query.238,6,0.21428571428571427,0.2727272727272727,0.75,1.0,0.9285714285714286,0.9318181818181818,0.9285714285714286,0.9375,0.0,0.07142857142857142,0.06818181818181818,1,0.022727272727272728,0.0,0.0625,0,1,True,False,3,6,3,3,3,,2093.155099456452,2164.810341155215,2.763929682094142,-71.65524169876335,-0.034233125733191344,negative,2162.046411473121,-0.03427838900912407,True,"[""fd:552""]",1,71.65524169876335,71.65524169876335,True,mcv:990,True,False,[],[552],fd_only
6,74,query.75,3,3,1,4,0.2857142857142857,query.204,0.0625,query.28,1,0.3333333333333333,0.2857142857142857,1.0,1.0,1.0,1.0,1.0,1.0,0.0,0.0,0.0,1,0.25,0.0,1.0,0,0,False,False,2.75,3,,,,,1.0230913581283583,1.0230913581283583,1.0003836685854586,0.0,0.0,neutral,0.0227076895428997,0.0,False,[],0,0.0,0.0,True,mcv:1110,False,True,[],[],no_extstat_consumption
6,98,query.99,36,36,7,43,0.36363636363636365,query.154,0.14814814814814814,query.154,6,0.16666666666666666,0.36363636363636365,1.0,1.0,0.9722222222222222,0.9767441860465116,0.9722222222222222,1.0,0.0,0.027777777777777776,0.023255813953488372,4,0.09302325581395349,0.1111111111111111,0.0,3,0,True,False,4.790697674418604,10,4.666666666666667,6,5,4,2.211074151188032,1.3887349831198241,1.2025301173904872,0.8223391680682077,0.37191840338161286,positive,0.18620486572933692,0.8153725970414935,True,"[""mcv:146"", ""mcv:447""]",2,0.0,0.0,True,mcv:2066,True,False,"[146, 447, 469]",[],mcv_only
6,99,query.100,10,10,4,14,0.3333333333333333,query.390,0.13043478260869565,query.390,3,0.3,0.2857142857142857,1.0,1.0,1.0,1.0,1.0,1.0,0.0,0.0,0.0,2,0.14285714285714285,0.1,0.25,1,0,True,False,4.357142857142857,7,3,3,3,,1.6251199402898857,1.614949259283876,1.0884634344867343,0.010170681006009819,0.0062584186888972595,positive,0.5264858247971416,0.018951938336773805,True,"[""mcv:1195""]",1,0.0,0.0,True,mcv:1773,True,False,[1195],[],mcv_only
6,100,query.101,45,45,21,66,0.3333333333333333,query.439,0.10743801652892562,query.439,10,0.2222222222222222,0.25,1.0,1.0,1.0,1.0,1.0,1.0,0.0,0.0,0.0,9,0.13636363636363635,0.1111111111111111,0.19047619047619047,2,1,True,True,3.272727272727273,7,5.333333333333333,7,,5.333333333333333,1.5565030251530652,1.5824042226710782,1.0603890656205772,-0.02590119751801301,-0.01664063422906994,negative,0.5220151570505009,-0.05220816108948225,False,[],0,0.02590119751801301,0.0,False,mcv:122,False,False,"[72, 809]",[0],mcv_fd_composed
6,101,query.102,45,45,19,64,0.2727272727272727,query.256,0.09803921568627451,query.63,6,0.13333333333333333,0.2727272727272727,1.0,1.0,0.9555555555555556,0.96875,0.9555555555555556,1.0,0.0,0.044444444444444446,0.03125,9,0.140625,0.13333333333333333,0.15789473684210525,2,0,True,False,3.0625,7,3,3,3,3,1.7348445448804588,1.86861575902964,1.0305532557542905,-0.13377121414918114,-0.0771084732311844,negative,0.8380625032753495,-0.18993734015247357,True,"[""mcv:1252""]",1,0.13377121414918114,0.12767883184868212,False,mcv:319,False,False,"[197, 1252]",[],mcv_only
6,102,query.103,66,66,33,99,0.3333333333333333,query.180,0.1286549707602339,query.180,15,0.22727272727272727,0.2777777777777778,0.8333333333333334,1.0,0.9545454545454546,0.9595959595959596,0.9545454545454546,0.9696969696969697,0.0,0.045454545454545456,0.04040404040404041,10,0.10101010101010101,0.10606060606060606,0.09090909090909091,4,0,True,False,3.95959595959596,8,4.75,7,4.5,5,1.0531188985850513,1.0632103692040706,1.0004140271108646,-0.010091470619019383,-0.00958246085278507,negative,0.06279634209320606,-0.1914713068594028,True,"[""mcv:82"", ""mcv:1549""]",2,0.010091470619019383,0.0017309508434473209,True,mcv:173,True,False,"[82, 329, 565, 1549]",[],mcv_only
6,125,query.126,15,15,5,20,0.3,query.86,0.07317073170731707,query.86,3,0.2,0.3,1.0,1.0,1.0,1.0,1.0,1.0,0.0,0.0,0.0,2,0.1,0.06666666666666667,0.2,1,0,True,False,2.65,5,3,3,3,,1.016492593477127,1.1288315565649076,1.0002822239258402,-0.11233896308778069,-0.11051626328481313,negative,0.12854933263906743,-6.930067987183148,True,"[""mcv:197""]",1,0.11233896308778069,0.11087818156593121,True,mcv:196,False,True,[197],[],mcv_only
6,128,query.129,10,10,6,16,0.2857142857142857,query.153,0.08333333333333333,query.153,3,0.3,0.2222222222222222,1.0,1.0,0.9,0.875,0.9,0.8333333333333334,0.0,0.1,0.125,0,0.0,0.0,0.0,0,0,False,False,2.8125,5,,,,,1.0360210902774918,1.0360210902774918,1.0263134062483659,0.0,0.0,neutral,0.009707684029125918,0.0,False,[],0,0.0,0.0,True,mcv:1957,True,False,[],[],no_extstat_consumption
6,133,query.134,45,45,18,63,0.3333333333333333,query.279,0.11764705882352941,query.120,10,0.2222222222222222,0.25,1.0,1.0,1.0,1.0,1.0,1.0,0.0,0.0,0.0,6,0.09523809523809523,0.1111111111111111,0.05555555555555555,2,0,True,False,4.111111111111111,8,5.5,6,5,6,2.249236334764908,2.238789890084583,1.6374541432284704,0.010446444680324962,0.0046444406569738405,positive,0.6013357468561127,0.017075431133569983,True,"[""mcv:59""]",1,0.0,0.0,True,mcv:1444,True,False,"[59, 96]",[],mcv_only
6,135,query.136,15,15,4,19,0.375,query.286,0.13333333333333333,query.286,3,0.2,0.3,1.0,1.0,1.0,1.0,1.0,1.0,0.0,0.0,0.0,1,0.05263157894736842,0.06666666666666667,0.0,1,0,True,False,4.2105263157894735,8,2,2,2,,1.0102638474798684,1.0102638837578435,1.0060652829189844,-3.627797506844388e-08,-3.590940639808136e-08,negative,0.004198600838859035,-8.640566208372394e-06,True,"[""mcv:992""]",1,3.627797506844388e-08,3.627797506844388e-08,True,mcv:1927,False,True,[992],[],mcv_only
6,137,query.138,36,36,16,52,0.3076923076923077,query.170,0.10344827586206896,query.170,6,0.16666666666666666,0.23076923076923078,1.0,1.0,1.0,1.0,1.0,1.0,0.0,0.0,0.0,4,0.07692307692307693,0.08333333333333333,0.0625,3,0,True,False,3.5384615384615383,7,3.3333333333333335,5,4,2,4.507257620884456,4.995294206902923,1.9833453889823955,-0.4880365860184668,-0.10827794350097515,negative,3.011948817920527,-0.1933651177920219,True,"[""mcv:197"", ""mcv:554""]",2,0.4880365860184668,0.4880365860184668,True,mcv:422,True,False,"[197, 554, 841]",[],mcv_only
6,139,query.140,28,28,11,39,0.3333333333333333,query.145,0.10294117647058823,query.263,6,0.21428571428571427,0.2727272727272727,1.0,1.0,0.9642857142857143,0.9487179487179487,0.9642857142857143,0.9090909090909091,0.0,0.03571428571428571,0.05128205128205128,4,0.10256410256410256,0.10714285714285714,0.09090909090909091,1,1,True,True,4.435897435897436,11,5,7,,3,1.4576450782818564,1.4571769844348605,1.0196831820987275,0.0004680938469958651,0.00032113019415371875,positive,0.437493802336133,0.0010688003935395715,False,[],0,0.0,0.0,True,mcv:585,True,False,[65],[474],mcv_fd_composed
6,149,query.150,36,36,12,48,0.3,query.37,0.08045977011494253,query.454,6,0.16666666666666666,0.23076923076923078,1.0,1.0,0.9444444444444444,0.9375,0.9444444444444444,0.9166666666666666,0.0,0.05555555555555555,0.0625,7,0.14583333333333334,0.16666666666666666,0.08333333333333333,3,0,True,False,3.0416666666666665,6,3.3333333333333335,5,,3.3333333333333335,6.538092856752774,4.054504635071379,3.690722494458122,2.483588221681395,0.3798643237555516,positive,0.3637821406132571,0.8722392613793695,False,[],0,0.0,0.0,True,mcv:210,True,False,"[107, 499, 1122]",[],mcv_only
6,155,query.156,36,36,13,49,0.2857142857142857,query.456,0.08620689655172414,query.132,6,0.16666666666666666,0.2727272727272727,1.0,1.0,0.9444444444444444,0.9387755102040817,0.9444444444444444,0.9230769230769231,0.0,0.05555555555555555,0.061224489795918366,2,0.04081632653061224,0.027777777777777776,0.07692307692307693,1,1,True,True,3.2653061224489797,6,2.5,3,2,3,1.1544263621152548,1.8103955762168797,1.0536764553010323,-0.6559692141016249,-0.5682209239398283,negative,0.7567191209158475,-6.510866707908693,True,"[""mcv:1757""]",1,0.6559692141016249,0.6559692141016249,True,mcv:274,True,False,[1757],[85],mcv_fd_composed
6,159,query.160,28,28,12,40,0.3076923076923077,query.372,0.09375,query.320,6,0.21428571428571427,0.23076923076923078,0.75,1.0,0.9642857142857143,0.975,0.9642857142857143,1.0,0.0,0.03571428571428571,0.025,8,0.2,0.14285714285714285,0.3333333333333333,2,0,True,False,3.525,7,4.5,5,4.5,,7.022536743350983,7.185941165262858,1.2473866477136395,-0.1634044219118751,-0.02326857485887678,negative,5.9385545175492185,-0.028294402605278407,True,"[""mcv:142"", ""mcv:781""]",2,0.1634044219118751,0.15253167722600391,False,mcv:278,False,False,"[142, 781]",[],mcv_only
6,163,query.164,10,10,4,14,0.42857142857142855,query.247,0.21739130434782608,query.247,3,0.3,0.2727272727272727,1.0,1.0,1.0,1.0,1.0,1.0,0.0,0.0,0.0,1,0.07142857142857142,0.1,0.0,1,0,True,False,4.142857142857143,7,5,5,5,,1.0259696079300447,1.0259696139758547,1.006058317708198,-6.045810074795099e-09,-5.892776967334232e-09,negative,0.019911296267656642,-3.036372835428649e-07,True,"[""mcv:59""]",1,6.045810074795099e-09,6.045810074795099e-09,True,mcv:543,True,False,[59],[],mcv_only
6,171,query.172,1,1,1,2,0.4,query.79,0.125,query.79,1,1.0,0.4,1.0,1.0,1.0,1.0,1.0,1.0,0.0,0.0,0.0,1,0.5,0.0,1.0,0,1,True,False,3,3,3,3,,3,1.0014355229702876,1.0010156127794068,1.0010156127794068,0.0004199101908808345,0.0004193082642358924,positive,0.0,1.0,False,[],0,0.0,0.0,False,,False,False,[],[314],fd_only
6,182,query.183,28,28,8,36,0.38461538461538464,query.196,0.14606741573033707,query.196,10,0.35714285714285715,0.25,1.0,1.0,1.0,1.0,1.0,1.0,0.0,0.0,0.0,3,0.08333333333333333,0.10714285714285714,0.0,2,0,True,False,4.583333333333333,8,3,3,3,3,1.0640834790447042,1.0640562855661542,1.0234304321067174,2.7193478550069372e-05,2.5555775543552933e-05,positive,0.04062585345943681,0.0006689161231026779,True,"[""mcv:623""]",1,0.0,0.0,False,mcv:133,False,False,"[623, 1000]",[],mcv_only
6,184,query.185,3,3,0,3,0.4,query.8,0.125,query.171,1,0.3333333333333333,0.4,1.0,1.0,1.0,1.0,1.0,1.0,0.0,0.0,0.0,0,0.0,0.0,0.0,0,0,False,False,2.3333333333333335,5,,,,,1.1158932276204858,1.1158932276204858,1.0091790273153443,0.0,0.0,neutral,0.10671420030514156,0.0,False,[],0,0.0,0.0,True,mcv:1536,True,False,[],[],no_extstat_consumption
6,185,query.186,15,15,5,20,0.375,query.217,0.125,query.66,6,0.4,0.3333333333333333,1.0,1.0,1.0,1.0,1.0,1.0,0.0,0.0,0.0,2,0.1,0.13333333333333333,0.0,2,0,True,False,4.75,8,5,6,6,4,1.3454710276859834,1.3933750792743824,1.1759309462990364,-0.047904051588399055,-0.03560392650801789,negative,0.21744413297534604,-0.28255295854828594,True,"[""mcv:273""]",1,0.047904051588399055,0.047904051588399055,False,mcv:1725,False,False,"[273, 544]",[],mcv_only
6,191,query.192,10,10,1,11,0.25,query.64,0.046511627906976744,query.283,3,0.3,0.25,1.0,1.0,0.9,0.9090909090909091,0.9,1.0,0.0,0.1,0.09090909090909091,0,0.0,0.0,0.0,0,0,False,False,2.3636363636363638,5,,,,,1.2563585799061403,1.2563585799061403,1.0189875790695526,0.0,0.0,neutral,0.2373710008365877,0.0,False,[],0,0.0,0.0,True,mcv:2043,True,False,[],[],no_extstat_consumption
6,194,query.195,78,78,31,109,0.26666666666666666,query.58,0.08196721311475409,query.58,6,0.07692307692307693,0.26666666666666666,1.0,1.0,0.9615384615384616,0.963302752293578,0.9615384615384616,0.967741935483871,0.0,0.038461538461538464,0.03669724770642202,12,0.11009174311926606,0.10256410256410256,0.12903225806451613,4,1,True,True,3.5137614678899083,10,5.2,8,4.5,5.666666666666667,5.411919835195818,2.549539355094818,2.254136654410619,2.862380480101,0.5289029710835381,positive,0.29540270068419927,0.906452506783336,True,"[""mcv:623"", ""fd:66""]",2,0.0,0.0,True,mcv:172,True,False,"[40, 198, 623, 838]",[66],mcv_fd_composed
6,209,query.210,6,6,2,8,0.375,query.211,0.09375,query.211,3,0.5,0.2857142857142857,1.0,1.0,1.0,1.0,1.0,1.0,0.0,0.0,0.0,1,0.125,0.0,0.5,0,1,True,False,2.875,5,3,3,,3,1.020344691596079,1.0199168526345235,1.0085312682597936,0.0004278389615555156,0.00041930826423594803,positive,0.011385584374729918,0.03621634046088825,False,[],0,0.0,0.0,True,mcv:719,True,False,[],[314],fd_only
6,211,query.212,3,3,1,4,0.5,query.268,0.16666666666666666,query.268,1,0.3333333333333333,0.25,1.0,1.0,1.0,1.0,1.0,1.0,0.0,0.0,0.0,0,0.0,0.0,0.0,0,0,False,False,2,3,,,,,1.0118430271892593,1.0118430271892593,1.0106366244355316,0.0,0.0,neutral,0.0012064027537277422,0.0,False,[],0,0.0,0.0,True,mcv:520,True,False,[],[],no_extstat_consumption
6,217,query.218,21,21,14,35,0.3333333333333333,query.191,0.13333333333333333,query.191,3,0.14285714285714285,0.2,0.6666666666666666,1.0,0.9523809523809523,0.9714285714285714,0.9523809523809523,1.0,0.0,0.047619047619047616,0.02857142857142857,4,0.11428571428571428,0.09523809523809523,0.14285714285714285,1,2,True,True,2.8285714285714287,6,3.6666666666666665,4,,3.6666666666666665,3.609366495889687,2.5907543649179594,1.0148884887230016,1.0186121309717278,0.2822135496995702,positive,1.5758658761949578,0.3926077338709488,False,[],0,0.0,0.0,True,fd:501,True,False,[591],"[151, 125]",mcv_fd_composed
6,220,query.221,3,3,0,3,0.42857142857142855,query.149,0.12,query.149,3,1.0,0.25,1.0,1.0,1.0,1.0,1.0,1.0,0.0,0.0,0.0,1,0.3333333333333333,0.3333333333333333,0.0,1,0,True,False,5.333333333333333,7,4,4,,4,115.30374160993239,1.256584980519854,1.256584980519854,114.04715662941254,0.9891019583321865,positive,0.0,1.0,False,[],0,0.0,0.0,False,,False,False,[826],[],mcv_only
6,227,query.228,10,10,1,11,0.2857142857142857,query.256,0.05555555555555555,query.256,3,0.3,0.2857142857142857,1.0,1.0,0.9,0.9090909090909091,0.9,1.0,0.0,0.1,0.09090909090909091,1,0.09090909090909091,0.1,0.0,1,0,True,False,2.6363636363636362,5,4,4,,4,1.0627836564920157,1.0192938895922194,1.0192938419565931,0.04348976689979622,0.04092062070595357,positive,4.763562633236518e-08,0.9999989046716606,False,[],0,0.0,0.0,True,mcv:1550,True,False,[484],[],mcv_only
6,240,query.241,6,6,2,8,0.2727272727272727,query.310,0.08,query.324,3,0.5,0.2727272727272727,1.0,1.0,1.0,1.0,1.0,1.0,0.0,0.0,0.0,1,0.125,0.0,0.5,0,1,True,False,4,6,3,3,3,,1.0003102938554616,1.000722362165989,1.0003102938554616,-0.0004120683105275358,-0.0004119404879253167,negative,0.0004120683105275358,,True,"[""fd:280""]",1,0.0004120683105275358,0.0004120683105275358,False,,False,False,[],[280],fd_only
6,248,query.249,10,10,2,12,0.3333333333333333,query.443,0.08333333333333333,query.443,3,0.3,0.3333333333333333,1.0,1.0,1.0,1.0,1.0,1.0,0.0,0.0,0.0,2,0.16666666666666666,0.2,0.0,2,0,True,False,2.8333333333333335,4,3.5,4,,3.5,1.0891813943392405,1.0891813550003833,1.0334552035898177,3.933885728280018e-08,3.611781975642851e-08,positive,0.05572615141056558,7.059312103296347e-07,False,[],0,0.0,0.0,False,mcv:2005,False,False,"[833, 1457]",[],mcv_only
6,249,query.250,10,10,1,11,0.42857142857142855,query.169,0.14285714285714285,query.169,3,0.3,0.2857142857142857,0.6666666666666666,1.0,0.9,0.9090909090909091,0.9,1.0,0.0,0.1,0.09090909090909091,0,0.0,0.0,0.0,0,0,False,False,2.8181818181818183,6,,,,,1.447648753420555,1.447648753420555,1.0647232608754336,0.0,0.0,neutral,0.38292549254512154,0.0,False,[],0,0.0,0.0,True,mcv:1518,True,False,[],[],no_extstat_consumption
6,250,query.251,21,21,6,27,0.4444444444444444,query.252,0.2,query.32,6,0.2857142857142857,0.2727272727272727,0.75,1.0,1.0,1.0,1.0,1.0,0.0,0.0,0.0,3,0.1111111111111111,0.14285714285714285,0.0,2,0,True,False,4.555555555555555,10,5.5,6,,5.5,1.6289605008102637,1.6185957439185297,1.2664244650194154,0.010364756891733995,0.0063628043077646424,positive,0.35217127889911426,0.028589590739921802,False,[],0,0.0,0.0,False,mcv:1314,False,False,"[263, 326]",[],mcv_only
6,256,query.257,10,10,5,15,0.3333333333333333,query.333,0.11764705882352941,query.333,3,0.3,0.25,1.0,1.0,0.9,0.9333333333333333,0.9,1.0,0.0,0.1,0.06666666666666667,5,0.3333333333333333,0.1,0.8,1,0,True,False,2.933333333333333,5,4,4,4,,1.089711304083632,1.089711304083632,1.1001910674124924,0.0,0.0,neutral,0.0,,True,"[""mcv:908""]",1,0.0,0.0,True,mcv:556,True,False,[908],[],mcv_only
6,257,query.258,28,28,5,33,0.4,query.181,0.15217391304347827,query.181,10,0.35714285714285715,0.3,0.75,1.0,1.0,1.0,1.0,1.0,0.0,0.0,0.0,2,0.06060606060606061,0.07142857142857142,0.0,1,0,True,False,4.090909090909091,8,6,6,6,,1.030104490994257,1.030104490994257,1.01038212060984,0.0,0.0,neutral,0.019722370384416932,0.0,True,"[""mcv:128""]",1,0.0,0.0,True,mcv:1798,True,False,[128],[],mcv_only
6,263,query.264,15,15,7,22,0.2727272727272727,query.235,0.10714285714285714,query.235,3,0.2,0.2,1.0,1.0,0.9333333333333333,0.9545454545454546,0.9333333333333333,1.0,0.0,0.06666666666666667,0.045454545454545456,1,0.045454545454545456,0.06666666666666667,0.0,1,0,True,False,2.590909090909091,5,3,3,,3,1.2523086867668098,1.2311641747634057,1.1757337683080622,0.02114451200340417,0.016884424924013524,positive,0.05543040645534347,0.276128429895686,False,[],0,0.0,0.0,True,mcv:1520,True,False,[1263],[],mcv_only
6,268,query.269,45,45,9,54,0.38461538461538464,query.123,0.15384615384615385,query.123,10,0.2222222222222222,0.3076923076923077,0.8,1.0,1.0,1.0,1.0,1.0,0.0,0.0,0.0,6,0.1111111111111111,0.1111111111111111,0.1111111111111111,2,0,True,False,4.148148148148148,9,4.5,6,6,,2.085116157899421,1.8883826542117905,1.25001925311669,0.19673350368763032,0.09435134006434576,positive,0.6383634010951005,0.23558164634655776,True,"[""mcv:86""]",1,0.0,0.0,True,mcv:714,False,True,"[86, 1111]",[],mcv_only
6,275,query.276,6,6,1,7,0.3333333333333333,query.31,0.08333333333333333,query.31,1,0.16666666666666666,0.25,1.0,1.0,1.0,1.0,1.0,1.0,0.0,0.0,0.0,0,0.0,0.0,0.0,0,0,False,False,3.2857142857142856,6,,,,,1.15607227832965,1.15607227832965,1.0417395098973912,0.0,0.0,neutral,0.11433276843225881,0.0,False,[],0,0.0,0.0,True,mcv:474,True,False,[],[],no_extstat_consumption
6,276,query.277,21,21,5,26,0.375,query.40,0.1095890410958904,query.381,6,0.2857142857142857,0.3,1.0,1.0,1.0,1.0,1.0,1.0,0.0,0.0,0.0,4,0.15384615384615385,0.19047619047619047,0.0,2,0,True,False,4.346153846153846,8,3.5,5,,3.5,1.1529924490834003,1.3503805023073465,1.079123423524943,-0.19738805322394626,-0.1711963104189145,negative,0.27125707878240357,-2.672135603951353,False,[],0,0.19738805322394626,0.0,True,mcv:350,True,False,"[59, 841]",[],mcv_only
6,283,query.284,15,15,7,22,0.25,query.8,0.078125,query.82,3,0.2,0.23076923076923078,1.0,1.0,0.9333333333333333,0.9545454545454546,0.9333333333333333,1.0,0.0,0.06666666666666667,0.045454545454545456,3,0.13636363636363635,0.06666666666666667,0.2857142857142857,1,1,True,True,3.272727272727273,7,3,3,,3,1.0073501000300729,1.0012183614775498,1.000635261038703,0.006131738552523025,0.006086998504631082,positive,0.0005831004388467953,0.9131624094641406,False,[],0,0.0,0.0,True,mcv:1503,True,False,[809],[280],mcv_fd_composed
6,288,query.289,21,21,15,36,0.3,query.394,0.09433962264150944,query.394,3,0.14285714285714285,0.2727272727272727,1.0,1.0,1.0,1.0,1.0,1.0,0.0,0.0,0.0,4,0.1111111111111111,0.14285714285714285,0.06666666666666667,2,0,True,False,3.6944444444444446,7,5,5,5,5,1.428938759415088,1.3571318864952275,1.0047610176034472,0.07180687291986043,0.05025188969557615,positive,0.3523708688917804,0.16928486773770132,True,"[""mcv:329""]",1,0.0,0.0,False,mcv:787,False,False,"[263, 329]",[],mcv_only
6,293,query.294,15,15,8,23,0.5,query.53,0.17391304347826086,query.53,3,0.2,0.25,1.0,1.0,1.0,1.0,1.0,1.0,0.0,0.0,0.0,2,0.08695652173913043,0.13333333333333333,0.0,2,0,True,False,3.0434782608695654,8,2,3,,2,4.425506359773974,3.1224655042971863,1.0057813656576953,1.3030408554767874,0.2944388166111094,positive,2.1166841386394912,0.38103673766712276,False,[],0,0.0,0.0,False,mcv:1399,False,False,"[1044, 1269]",[],mcv_only
6,294,query.295,15,15,6,21,0.3333333333333333,query.20,0.10638297872340426,query.382,3,0.2,0.2222222222222222,1.0,1.0,0.8666666666666667,0.9047619047619048,0.8666666666666667,1.0,0.0,0.13333333333333333,0.09523809523809523,2,0.09523809523809523,0.06666666666666667,0.16666666666666666,1,1,True,True,3.7142857142857144,9,3,4,2,4,286.4315423169095,5.786222935981644,5.61234703568287,280.64531938092784,0.9797989324458557,positive,0.17387590029877398,0.9993808261571129,True,"[""fd:446""]",1,0.0,0.0,True,mcv:2184,True,False,[937],[446],mcv_fd_composed
6,300,query.301,45,45,22,67,0.2857142857142857,query.236,0.09803921568627451,query.236,6,0.13333333333333333,0.21428571428571427,0.75,1.0,0.9111111111111111,0.9402985074626866,0.9111111111111111,1.0,0.0,0.08888888888888889,0.05970149253731343,9,0.13432835820895522,0.06666666666666667,0.2727272727272727,3,2,True,True,3.014925373134328,8,3.8,5,3.5,4,1.4858661906034623,1.499144628057032,1.0012234694470548,-0.013278437453569714,-0.008936496124309063,negative,0.4979211586099772,-0.02739840479164939,True,"[""mcv:944"", ""mcv:1000""]",2,0.013278437453569714,0.013278437453569714,False,mcv:2142,False,False,"[499, 944, 1000]","[219, 273]",mcv_fd_composed
6,301,query.302,3,3,0,3,0.2857142857142857,query.44,0.043478260869565216,query.44,1,0.3333333333333333,0.2222222222222222,1.0,1.0,0.3333333333333333,0.3333333333333333,0.3333333333333333,1.0,0.0,0.6666666666666666,0.6666666666666666,0,0.0,0.0,0.0,0,0,False,False,1.6666666666666667,5,,,,,1.11362438439246,1.11362438439246,1.1136243399953887,0.0,0.0,neutral,4.439707135261983e-08,0.0,False,[],0,0.0,0.0,True,mcv:2066,True,False,[],[],no_extstat_consumption
6,308,query.309,10,10,4,14,0.4,query.182,0.14285714285714285,query.182,3,0.3,0.4,1.0,1.0,0.9,0.8571428571428571,0.9,0.75,0.0,0.1,0.14285714285714285,1,0.07142857142857142,0.0,0.25,0,1,True,False,3.2857142857142856,7,4,4,4,,1.0143636002674254,1.0146265703996395,1.0057720403389474,-0.00026297013221410204,-0.0002592464202626878,negative,0.008854530060692145,-0.030607961115704636,True,"[""fd:352""]",1,0.00026297013221410204,0.00026297013221410204,True,mcv:44,True,False,[],[352],fd_only
6,311,query.312,6,6,4,10,0.4,query.45,0.08333333333333333,query.45,3,0.5,0.4,1.0,1.0,1.0,1.0,1.0,1.0,0.0,0.0,0.0,0,0.0,0.0,0.0,0,0,False,False,3.5,5,,,,,1.2290756226668749,1.2290756226668749,1.0038111173958566,0.0,0.0,neutral,0.22526450527101827,0.0,False,[],0,0.0,0.0,True,mcv:176,True,False,[],[],no_extstat_consumption
6,312,query.313,3,3,3,6,0.3333333333333333,query.272,0.1111111111111111,query.272,1,0.3333333333333333,0.3333333333333333,1.0,1.0,0.6666666666666666,0.6666666666666666,0.6666666666666666,0.6666666666666666,0.0,0.3333333333333333,0.3333333333333333,1,0.16666666666666666,0.3333333333333333,0.0,1,0,True,False,1.3333333333333333,3,3,3,,3,1.3109994827145597,1.0079521523827581,1.0079521523827581,0.30304733033180153,0.23115747513821347,positive,0.0,1.0,False,[],0,0.0,0.0,False,,False,False,[1377],[],mcv_only
6,324,query.325,10,10,5,15,0.42857142857142855,query.108,0.13043478260869565,query.108,3,0.3,0.2857142857142857,0.6666666666666666,1.0,0.9,0.8666666666666667,0.9,0.8,0.0,0.1,0.13333333333333333,0,0.0,0.0,0.0,0,0,False,False,2.3333333333333335,4,,,,,1.1933358271638466,1.1933358271638466,1.0214311078516864,0.0,0.0,neutral,0.17190471931216011,0.0,False,[],0,0.0,0.0,True,mcv:1306,True,False,[],[],no_extstat_consumption
6,325,query.326,28,28,7,35,0.375,query.261,0.1,query.273,6,0.21428571428571427,0.375,1.0,1.0,0.9642857142857143,0.9714285714285714,0.9642857142857143,1.0,0.0,0.03571428571428571,0.02857142857142857,3,0.08571428571428572,0.10714285714285714,0.0,2,0,True,False,3.4571428571428573,8,4,5,3,5,1.4213904178281649,1.421390428007783,1.3454336554206574,-1.0179618037398086e-08,-7.1617325611018175e-09,negative,0.07595677258712552,-1.3401858787482949e-07,True,"[""mcv:1266""]",1,1.0179618037398086e-08,4.432500810835904e-09,True,mcv:753,True,False,"[107, 1266]",[],mcv_only
6,330,query.331,21,21,8,29,0.36363636363636365,query.65,0.12962962962962962,query.65,6,0.2857142857142857,0.25,1.0,1.0,0.9523809523809523,0.9310344827586207,0.9523809523809523,0.875,0.0,0.047619047619047616,0.06896551724137931,6,0.20689655172413793,0.14285714285714285,0.375,2,0,True,False,3.4482758620689653,6,3.5,4,3.5,,2.3129179422086152,2.207491489644843,1.3837476404003977,0.10542645256377225,0.04558157928555826,positive,0.8237438492444453,0.1134630028086417,True,"[""mcv:484"", ""mcv:876""]",2,0.0,0.0,True,mcv:272,True,False,"[484, 876]",[],mcv_only
6,335,query.336,45,45,25,70,0.35714285714285715,query.121,0.1574074074074074,query.121,10,0.2222222222222222,0.2857142857142857,1.0,1.0,0.9777777777777777,0.9857142857142858,0.9777777777777777,1.0,0.0,0.022222222222222223,0.014285714285714285,5,0.07142857142857142,0.06666666666666667,0.08,2,0,True,False,4.4,8,7,8,8,6,1.6184349156079962,1.6139517274434134,1.1011526121131434,0.004483188164582819,0.0027700762763750823,positive,0.51279911533027,0.0086668113992951,True,"[""mcv:16""]",1,0.0,0.0,True,mcv:291,True,False,"[16, 109]",[],mcv_only
6,339,query.340,10,10,5,15,0.3333333333333333,query.14,0.1111111111111111,query.14,3,0.3,0.3333333333333333,1.0,1.0,1.0,1.0,1.0,1.0,0.0,0.0,0.0,0,0.0,0.0,0.0,0,0,False,False,3.533333333333333,6,,,,,1.6476955717554587,1.6476955717554587,1.0053035176575857,0.0,0.0,neutral,0.6423920540978729,0.0,False,[],0,0.0,0.0,True,mcv:1784,True,False,[],[],no_extstat_consumption
6,347,query.348,21,21,13,34,0.2727272727272727,query.73,0.09375,query.209,3,0.14285714285714285,0.2,1.0,1.0,1.0,1.0,1.0,1.0,0.0,0.0,0.0,3,0.08823529411764706,0.14285714285714285,0.0,1,0,True,False,3.5588235294117645,8,3,3,,3,2.2868073507265434,1.7859977503807438,1.2271367644462168,0.5008096003457996,0.2189994711127227,positive,0.558860985934527,0.4726087586367286,False,[],0,0.0,0.0,True,fd:211,True,False,[591],[],mcv_only
6,349,query.350,21,21,13,34,0.25,query.14,0.07142857142857142,query.393,3,0.14285714285714285,0.18181818181818182,1.0,1.0,0.9047619047619048,0.9117647058823529,0.9047619047619048,0.9230769230769231,0.0,0.09523809523809523,0.08823529411764706,3,0.08823529411764706,0.047619047619047616,0.15384615384615385,1,0,True,False,3.1176470588235294,8,4,4,4,,1.3289534268200156,1.3294736228258694,1.0048105243304848,-0.0005201960058538457,-0.0003914328338041131,negative,0.32466309849538466,-0.0016048354039485627,True,"[""mcv:940""]",1,0.0005201960058538457,0.0005201960058538457,True,mcv:193,True,False,[940],[],mcv_only
6,351,query.352,28,28,6,34,0.3333333333333333,query.147,0.1,query.147,6,0.21428571428571427,0.25,0.75,1.0,0.9642857142857143,0.9705882352941176,0.9642857142857143,1.0,0.0,0.03571428571428571,0.029411764705882353,5,0.14705882352941177,0.14285714285714285,0.16666666666666666,2,1,True,True,3.2941176470588234,7,3.3333333333333335,5,2,4,1.0764619517830893,1.061268025102603,1.0215287481501518,0.015193926680486358,0.014114689938941738,positive,0.039739276952451164,0.2765891241663575,True,"[""mcv:992""]",1,0.0,0.0,False,fd:29,False,False,"[107, 992]",[124],mcv_fd_composed
6,357,query.358,28,28,10,38,0.3333333333333333,query.123,0.08823529411764706,query.123,6,0.21428571428571427,0.2727272727272727,1.0,1.0,0.9642857142857143,0.9473684210526315,0.9642857142857143,0.9,0.0,0.03571428571428571,0.05263157894736842,4,0.10526315789473684,0.14285714285714285,0.0,2,0,True,False,3.5526315789473686,7,4.5,6,4.5,,4.141265864305466,4.348565224912893,1.5708641681946391,-0.20729936060742737,-0.05005700367952437,negative,2.7777010567182545,-0.08064862426798264,True,"[""mcv:253"", ""mcv:438""]",2,0.20729936060742737,0.20729936060742737,True,mcv:941,True,False,"[253, 438]",[],mcv_only
6,358,query.359,55,55,29,84,0.35714285714285715,query.370,0.1308411214953271,query.370,10,0.18181818181818182,0.23076923076923078,0.75,1.0,0.9454545454545454,0.9523809523809523,0.9454545454545454,0.9655172413793104,0.0,0.05454545454545454,0.047619047619047616,10,0.11904761904761904,0.10909090909090909,0.13793103448275862,2,1,True,True,3.892857142857143,9,5.666666666666667,8,,5.666666666666667,2.7532226374738324,1.430194186762087,1.3498840629101636,1.3230284507117454,0.4805381274671144,positive,0.08031012385192349,0.9427720969781695,False,[],0,0.0,0.0,True,mcv:1730,True,False,"[40, 221]",[467],mcv_fd_composed
6,368,query.369,6,6,1,7,0.5,query.107,0.14814814814814814,query.405,3,0.5,0.5,1.0,1.0,1.0,1.0,1.0,1.0,0.0,0.0,0.0,1,0.14285714285714285,0.16666666666666666,0.0,1,0,True,False,4.571428571428571,6,6,6,,6,1.279105677927858,1.00709711941029,1.1300698583358495,0.272008558517568,0.21265526626245604,positive,0.0,1.8251220361803107,False,[],0,0.0,0.0,False,mcv:359,False,False,[86],[],mcv_only
6,373,query.374,55,55,19,74,0.3333333333333333,query.343,0.1262135922330097,query.343,10,0.18181818181818182,0.21428571428571427,0.75,1.0,0.9636363636363636,0.9594594594594594,0.9636363636363636,0.9473684210526315,0.0,0.03636363636363636,0.04054054054054054,4,0.05405405405405406,0.05454545454545454,0.05263157894736842,2,1,True,True,3.3378378378378377,7,3.6666666666666665,5,3,4,64.04186277967081,12.085266442771841,3.832440429159231,51.95659633689897,0.8112911474116562,positive,8.25282601361261,0.8629313205237471,True,"[""fd:85""]",1,0.0,0.0,True,mcv:720,True,False,"[385, 1351]",[85],mcv_fd_composed
6,376,query.377,21,21,7,28,0.3076923076923077,query.91,0.0975609756097561,query.91,6,0.2857142857142857,0.2857142857142857,1.0,1.0,1.0,1.0,1.0,1.0,0.0,0.0,0.0,2,0.07142857142857142,0.0,0.2857142857142857,0,0,False,False,3.892857142857143,7,,,,,1.0508367292640048,1.0508367292640048,1.0277800202304934,0.0,0.0,neutral,0.023056709033511424,0.0,False,[],0,0.0,0.0,True,mcv:219,True,False,[],[],no_extstat_consumption
6,386,query.387,55,55,13,68,0.3333333333333333,query.13,0.12,query.144,10,0.18181818181818182,0.3076923076923077,1.0,1.0,1.0,1.0,1.0,1.0,0.0,0.0,0.0,9,0.1323529411764706,0.10909090909090909,0.23076923076923078,3,1,True,True,3.823529411764706,8,4.5,7,,4.5,1.4540460243497912,1.4526031960325432,1.1100756342620086,0.0014428283172480683,0.0009922851774195117,positive,0.34252756177053456,0.004194629418188736,False,[],0,0.0,0.0,True,mcv:678,True,False,"[65, 197, 399]",[381],mcv_fd_composed
6,388,query.389,15,15,5,20,0.4,query.209,0.14285714285714285,query.209,6,0.4,0.2222222222222222,1.0,1.0,0.9333333333333333,0.95,0.9333333333333333,1.0,0.0,0.06666666666666667,0.05,2,0.1,0.13333333333333333,0.0,1,0,True,False,3.05,7,3,3,3,,1.1830684326358198,1.5148113079019094,1.0734839379495165,-0.3317428752660896,-0.28040886403078336,negative,0.44132736995239297,-3.027279326475309,True,"[""mcv:591""]",1,0.3317428752660896,0.19464359034502188,False,mcv:1563,False,False,[591],[],mcv_only
6,390,query.391,6,6,4,10,0.3333333333333333,query.37,0.125,query.37,3,0.5,0.25,1.0,1.0,0.8333333333333334,0.8,0.8333333333333334,0.75,0.0,0.16666666666666666,0.2,1,0.1,0.0,0.25,0,0,False,False,2.6,5,,,,,1.0077420880978063,1.0077420880978063,1.007131956468327,0.0,0.0,neutral,0.0006101316294793158,0.0,False,[],0,0.0,0.0,True,fd:404,True,False,[],[],no_extstat_consumption
6,394,query.395,15,15,3,18,0.3333333333333333,query.161,0.13513513513513514,query.161,6,0.4,0.2857142857142857,1.0,1.0,0.9333333333333333,0.9444444444444444,0.9333333333333333,1.0,0.0,0.06666666666666667,0.05555555555555555,2,0.1111111111111111,0.13333333333333333,0.0,1,0,True,False,4.222222222222222,8,6,6,6,,5.736831310147254,5.736831446674404,1.0874290741895196,-1.3652714958567458e-07,-2.3798355260017254e-08,negative,4.649402372484884,-2.9364452171893282e-08,True,"[""mcv:72""]",1,1.3652714958567458e-07,1.3652714958567458e-07,True,mcv:173,True,False,[72],[],mcv_only
6,406,query.407,21,21,6,27,0.4,query.254,0.15217391304347827,query.254,6,0.2857142857142857,0.3333333333333333,1.0,1.0,1.0,1.0,1.0,1.0,0.0,0.0,0.0,3,0.1111111111111111,0.14285714285714285,0.0,1,0,True,False,3.1481481481481484,8,6,6,,6,1.184434158903129,1.2001109434753954,1.007964471271123,-0.01567678457226629,-0.013235674144001482,negative,0.19214647220427228,-0.08883556594125812,False,[],0,0.01567678457226629,0.0,True,mcv:133,True,False,[128],[],mcv_only
6,407,query.408,10,10,4,14,0.375,query.2,0.1724137931034483,query.2,3,0.3,0.3,1.0,1.0,1.0,1.0,1.0,1.0,0.0,0.0,0.0,1,0.07142857142857142,0.0,0.25,0,0,False,False,4.5,7,,,,,1.0106474319603411,1.0106474319603411,1.0102844667305986,0.0,0.0,neutral,0.0003629652297425512,0.0,False,[],0,0.0,0.0,True,fd:108,True,False,[],[],no_extstat_consumption
6,409,query.410,28,28,5,33,0.3333333333333333,query.128,0.11764705882352941,query.128,6,0.21428571428571427,0.3333333333333333,1.0,1.0,1.0,1.0,1.0,1.0,0.0,0.0,0.0,4,0.12121212121212122,0.14285714285714285,0.0,2,0,True,False,3.303030303030303,7,4.5,6,6,3,1.323665338889644,1.337529113741492,1.0327791515830862,-0.013863774851847976,-0.01047377644826569,negative,0.3047499621584058,-0.047660478416726215,True,"[""mcv:72""]",1,0.013863774851847976,0.004189483689376772,False,mcv:122,False,False,"[72, 623]",[],mcv_only
6,410,query.411,6,6,3,9,0.4,query.333,0.11764705882352941,query.417,1,0.16666666666666666,0.2222222222222222,1.0,1.0,0.6666666666666666,0.6666666666666666,0.6666666666666666,0.6666666666666666,0.0,0.3333333333333333,0.3333333333333333,1,0.1111111111111111,0.0,0.3333333333333333,0,0,False,False,2.4444444444444446,6,,,,,1.0180391478284125,1.0180391478284125,1.0135115168789912,0.0,0.0,neutral,0.004527630949421324,0.0,False,[],0,0.0,0.0,True,mcv:2130,True,False,[],[],no_extstat_consumption
6,411,query.412,21,21,9,30,0.36363636363636365,query.135,0.15789473684210525,query.135,6,0.2857142857142857,0.2727272727272727,0.75,1.0,0.9523809523809523,0.9666666666666667,0.9523809523809523,1.0,0.0,0.047619047619047616,0.03333333333333333,3,0.1,0.047619047619047616,0.2222222222222222,1,0,True,False,4.466666666666667,9,6,6,,6,1.377733380813387,1.370522083149557,1.0096886573881954,0.007211297663829885,0.005234175032888058,positive,0.3608334257613617,0.019593536341774635,False,[],0,0.0,0.0,True,mcv:69,True,False,[325],[],mcv_only
6,412,query.413,21,21,0,21,0.25,query.170,0.04838709677419355,query.170,3,0.14285714285714285,0.23076923076923078,1.0,1.0,0.7619047619047619,0.7619047619047619,0.7619047619047619,1.0,0.0,0.23809523809523808,0.23809523809523808,0,0.0,0.0,0.0,0,0,False,False,1.9047619047619047,5,,,,,1.5111225109242572,1.5111225109242572,1.156842886832207,0.0,0.0,neutral,0.35427962409205027,0.0,False,[],0,0.0,0.0,True,mcv:497,True,False,[],[],no_extstat_consumption
6,414,query.415,6,6,5,11,0.3333333333333333,query.316,0.10526315789473684,query.163,3,0.5,0.2857142857142857,1.0,1.0,1.0,1.0,1.0,1.0,0.0,0.0,0.0,1,0.09090909090909091,0.16666666666666666,0.0,1,0,True,False,4.545454545454546,9,9,9,9,,1.2477868812302484,1.2646458525492679,1.011712647182406,-0.016858971319019478,-0.013511098387568773,negative,0.2529332053668618,-0.07141385584503421,True,"[""mcv:32""]",1,0.016858971319019478,0.016858971319019478,False,mcv:513,False,False,[32],[],mcv_only
6,417,query.418,6,6,1,7,0.25,query.18,0.07407407407407407,query.18,1,0.16666666666666666,0.25,1.0,1.0,0.8333333333333334,0.8571428571428571,0.8333333333333334,1.0,0.0,0.16666666666666666,0.14285714285714285,1,0.14285714285714285,0.0,1.0,0,0,False,False,2.2857142857142856,5,,,,,1.0007574814559157,1.0007574814559157,1.0004111686728152,0.0,0.0,neutral,0.00034631278310048863,0.0,False,[],0,0.0,0.0,True,mcv:272,True,False,[],[],no_extstat_consumption
6,420,query.421,15,15,4,19,0.42857142857142855,query.222,0.13636363636363635,query.222,3,0.2,0.2857142857142857,0.6666666666666666,1.0,1.0,1.0,1.0,1.0,0.0,0.0,0.0,0,0.0,0.0,0.0,0,0,False,False,3.3157894736842106,6,,,,,1.3240943221173098,1.3240943221173098,1.0060326265756105,0.0,0.0,neutral,0.3180616955416993,0.0,False,[],0,0.0,0.0,True,mcv:217,True,False,[],[],no_extstat_consumption
6,423,query.424,10,10,1,11,0.2857142857142857,query.145,0.11764705882352941,query.396,3,0.3,0.2857142857142857,1.0,1.0,0.9,0.9090909090909091,0.9,1.0,0.0,0.1,0.09090909090909091,1,0.09090909090909091,0.0,1.0,0,1,True,False,3.5454545454545454,7,7,7,,7,1.2594802714542155,1.2285570130502343,1.1392542177589844,0.030923258403981135,0.024552396019888952,positive,0.08930279529124996,0.25720929410500765,False,[],0,0.0,0.0,True,mcv:239,True,False,[],[0],fd_only
6,427,query.428,15,15,5,20,0.375,query.108,0.10714285714285714,query.108,3,0.2,0.375,1.0,1.0,1.0,1.0,1.0,1.0,0.0,0.0,0.0,0,0.0,0.0,0.0,0,0,False,False,3.5,6,,,,,3.0544137635497837,3.0544137635497837,1.078038289910736,0.0,0.0,neutral,1.9763754736390478,0.0,False,[],0,0.0,0.0,True,mcv:192,True,False,[],[],no_extstat_consumption
6,430,query.431,45,45,16,61,0.2857142857142857,query.282,0.11956521739130435,query.282,6,0.13333333333333333,0.23076923076923078,1.0,1.0,0.9777777777777777,0.9672131147540983,0.9777777777777777,0.9375,0.0,0.022222222222222223,0.03278688524590164,6,0.09836065573770492,0.06666666666666667,0.1875,1,1,True,True,4.245901639344262,9,5,5,5,5,12.842204803330594,7.9644835227763275,1.0012146144785514,4.877721280554266,0.379819614719837,positive,6.963268908297776,0.41193525226855626,True,"[""fd:230""]",1,0.0,0.0,True,mcv:14,True,False,[59],[230],mcv_fd_composed
6,431,query.432,6,6,3,9,0.42857142857142855,query.114,0.18518518518518517,query.114,3,0.5,0.2857142857142857,1.0,1.0,0.8333333333333334,0.8888888888888888,0.8333333333333334,1.0,0.0,0.16666666666666666,0.1111111111111111,2,0.2222222222222222,0.0,0.6666666666666666,0,2,True,False,4.111111111111111,6,4.5,5,,4.5,1.0091367556178457,1.0039298841440552,1.000154658691716,0.005206871473790509,0.005159728297283744,positive,0.0037752254523391038,0.5796944206472898,False,[],0,0.0,0.0,True,mcv:155,True,False,[],"[180, 128]",fd_only
6,434,query.435,21,21,9,30,0.36363636363636365,query.128,0.140625,query.128,6,0.2857142857142857,0.36363636363636365,1.0,1.0,1.0,1.0,1.0,1.0,0.0,0.0,0.0,0,0.0,0.0,0.0,0,0,False,False,4.033333333333333,5,,,,,1.014040938202245,1.014040938202245,1.0090122320703585,0.0,0.0,neutral,0.005028706131886551,0.0,False,[],0,0.0,0.0,True,mcv:401,True,False,[],[],no_extstat_consumption
6,435,query.436,21,21,9,30,0.4,query.21,0.15217391304347827,query.21,6,0.2857142857142857,0.4,1.0,1.0,1.0,1.0,1.0,1.0,0.0,0.0,0.0,2,0.06666666666666667,0.047619047619047616,0.1111111111111111,1,0,True,False,4.1,8,2,2,,2,1.1773982059130355,1.1624477697175137,1.0291709177764212,0.014950436195521721,0.012697858821627918,positive,0.1332768519410925,0.10086156458413106,False,[],0,0.0,0.0,True,mcv:1926,True,False,[992],[],mcv_only
6,439,query.440,15,15,4,19,0.3333333333333333,query.154,0.11764705882352941,query.154,6,0.4,0.2,0.6666666666666666,1.0,1.0,1.0,1.0,1.0,0.0,0.0,0.0,2,0.10526315789473684,0.13333333333333333,0.0,2,0,True,False,3.8421052631578947,6,5,6,4,6,1.780297580545958,1.7745011668289998,1.3529912095563277,0.00579641371695816,0.003255867884278421,positive,0.42150995727267215,0.013565006539766347,True,"[""mcv:691""]",1,0.0,0.0,False,mcv:474,False,False,"[146, 691]",[],mcv_only
6,444,query.445,36,36,12,48,0.3333333333333333,query.355,0.1,query.355,10,0.2777777777777778,0.26666666666666666,1.0,1.0,1.0,1.0,1.0,1.0,0.0,0.0,0.0,6,0.125,0.08333333333333333,0.25,3,0,True,False,3.6041666666666665,7,3.6666666666666665,4,4,3,2.1596103328461016,1.4563940322392197,1.4411892778041848,0.7032163006068819,0.3256218447890685,positive,0.015204754435034884,0.9788358730185772,True,"[""mcv:544""]",1,0.0,0.0,True,mcv:423,True,False,"[399, 544, 1279]",[],mcv_only
6,445,query.446,1,1,0,1,0.2857142857142857,query.451,0.04,query.451,1,1.0,0.25,1.0,1.0,1.0,1.0,1.0,1.0,0.0,0.0,0.0,0,0.0,0.0,0.0,0,0,False,False,3,3,,,,,1.0029505773664513,1.0029505773664513,1.0029505773664513,0.0,0.0,neutral,0.0,,False,[],0,0.0,0.0,False,,False,False,[],[],no_extstat_consumption
6,457,query.458,21,21,14,35,0.375,query.145,0.15789473684210525,query.145,6,0.2857142857142857,0.375,1.0,1.0,1.0,1.0,1.0,1.0,0.0,0.0,0.0,4,0.11428571428571428,0.047619047619047616,0.21428571428571427,1,1,True,True,4,11,4.5,5,5,4,1.0584399257636827,1.2247101045837698,1.0004517222654488,-0.1662701788200871,-0.15708985911516923,negative,0.22425838231832107,-2.867310397452662,True,"[""mcv:142""]",1,0.1662701788200871,0.1662701788200871,True,mcv:150,True,False,[142],[180],mcv_fd_composed
7,19,query.20,15,15,1,16,0.36363636363636365,query.346,0.1111111111111111,query.346,6,0.4,0.25,1.0,1.0,1.0,1.0,1.0,1.0,0.0,0.0,0.0,4,0.25,0.26666666666666666,0.0,1,0,True,False,4,8,4,4,,4,1.6437911048218248,1.6406387691033475,1.0161660955413834,0.0031523357184772838,0.0019177228233139602,positive,0.6244726735619641,0.00502264197867349,False,[],0,0.0,0.0,False,mcv:1312,False,False,[523],[],mcv_only
7,23,query.24,36,36,10,46,0.35714285714285715,query.116,0.14736842105263157,query.116,10,0.2777777777777778,0.3,1.0,1.0,0.9444444444444444,0.9347826086956522,0.9444444444444444,0.9,0.0,0.05555555555555555,0.06521739130434782,3,0.06521739130434782,0.08333333333333333,0.0,3,0,True,False,3.3043478260869565,8,3.3333333333333335,4,2,4,1.0423420231092244,1.0560198392904856,1.0009904637161462,-0.013677816181261182,-0.013122195860876193,negative,0.0550293755743394,-0.3307690539851973,True,"[""mcv:1647""]",1,0.013677816181261182,0.013677816181261182,True,mcv:1894,True,False,"[158, 202, 1647]",[],mcv_only
7,24,query.25,15,15,1,16,0.3,query.23,0.07317073170731707,query.23,3,0.2,0.3,1.0,1.0,1.0,1.0,1.0,1.0,0.0,0.0,0.0,0,0.0,0.0,0.0,0,0,False,False,3,7,,,,,1.0646304654999474,1.0646304654999474,1.0286121178665746,0.0,0.0,neutral,0.03601834763337286,0.0,False,[],0,0.0,0.0,True,mcv:2113,True,False,[],[],no_extstat_consumption
7,25,query.26,1,1,1,2,0.3333333333333333,query.189,0.06666666666666667,query.81,1,1.0,0.3333333333333333,1.0,1.0,1.0,1.0,1.0,1.0,0.0,0.0,0.0,0,0.0,0.0,0.0,0,0,False,False,4,4,,,,,1.0168055682381467,1.0168055682381467,1.0121234759355011,0.0,0.0,neutral,0.004682092302645602,0.0,False,[],0,0.0,0.0,True,mcv:392,True,False,[],[],no_extstat_consumption
7,29,query.30,1,1,0,1,0.3333333333333333,query.107,0.043478260869565216,query.294,1,1.0,0.3333333333333333,1.0,1.0,1.0,1.0,1.0,1.0,0.0,0.0,0.0,0,0.0,0.0,0.0,0,0,False,False,2,2,,,,,1.0098547494763992,1.0098547494763992,1.0006831869337338,0.0,0.0,neutral,0.009171562542665379,0.0,False,[],0,0.0,0.0,True,mcv:1567,True,False,[],[],no_extstat_consumption
7,30,query.31,6,6,0,6,0.3333333333333333,query.276,0.08333333333333333,query.276,1,0.16666666666666666,0.2222222222222222,1.0,1.0,0.8333333333333334,0.8333333333333334,0.8333333333333334,1.0,0.0,0.16666666666666666,0.16666666666666666,1,0.16666666666666666,0.16666666666666666,0.0,1,0,True,False,2.6666666666666665,8,3,3,3,,1.007633962121432,1.0335451791844932,1.001285588850842,-0.0259112170630611,-0.025714910411027296,negative,0.03225959033365111,-4.081552227418557,True,"[""mcv:1415""]",1,0.0259112170630611,0.0259112170630611,False,mcv:1983,False,False,[1415],[],mcv_only
7,31,query.32,21,21,6,27,0.4,query.251,0.2,query.251,6,0.2857142857142857,0.21428571428571427,0.75,1.0,1.0,1.0,1.0,1.0,0.0,0.0,0.0,2,0.07407407407407407,0.09523809523809523,0.0,1,0,True,False,3.8518518518518516,7,5,5,5,,1.2699100896416324,1.5163807119600368,1.2398883458751195,-0.24647062231840433,-0.19408509651888672,negative,0.27649236608491723,-8.20973705709009,True,"[""mcv:263""]",1,0.24647062231840433,0.24647062231840433,False,mcv:267,False,False,[263],[],mcv_only
7,32,query.33,6,6,1,7,0.3333333333333333,query.209,0.08333333333333333,query.450,3,0.5,0.3333333333333333,1.0,1.0,1.0,1.0,1.0,1.0,0.0,0.0,0.0,1,0.14285714285714285,0.16666666666666666,0.0,1,0,True,False,3,6,6,6,6,,1.0132712793166891,1.020332647275634,1.0028701972340919,-0.007061367958944853,-0.006968881979667642,negative,0.01746245004154212,-0.6789070505231076,True,"[""mcv:112""]",1,0.007061367958944853,0.007061367958944853,False,mcv:1139,False,False,[112],[],mcv_only
7,35,query.36,21,21,5,26,0.3,query.384,0.12195121951219512,query.384,3,0.14285714285714285,0.2,1.0,1.0,0.9523809523809523,0.9615384615384616,0.9523809523809523,1.0,0.0,0.047619047619047616,0.038461538461538464,0,0.0,0.0,0.0,0,0,False,False,3.3846153846153846,6,,,,,1.1553371410467075,1.1553371410467075,1.0247908556771745,0.0,0.0,neutral,0.13054628536953294,0.0,False,[],0,0.0,0.0,True,mcv:345,True,False,[],[],no_extstat_consumption
7,37,query.38,15,15,5,20,0.375,query.164,0.13333333333333333,query.164,3,0.2,0.3333333333333333,1.0,1.0,0.9333333333333333,0.95,0.9333333333333333,1.0,0.0,0.06666666666666667,0.05,2,0.1,0.06666666666666667,0.2,1,1,True,True,4.5,9,7.5,9,9,6,2.295593288209963,2.322632656157842,1.4048354503658267,-0.02703936794787909,-0.011778814691065596,negative,0.9177972057920152,-0.030355464525938205,True,"[""fd:0""]",1,0.02703936794787909,0.02703936794787909,True,mcv:59,True,False,[128],[0],mcv_fd_composed
7,41,query.42,55,55,26,81,0.2727272727272727,query.212,0.08270676691729323,query.116,6,0.10909090909090909,0.2727272727272727,1.0,1.0,0.9272727272727272,0.9382716049382716,0.9272727272727272,0.9615384615384616,0.0,0.07272727272727272,0.06172839506172839,5,0.06172839506172839,0.05454545454545454,0.07692307692307693,3,0,True,False,3.1604938271604937,9,4.666666666666667,8,6,2,1.479871054306232,1.172091147684119,1.0323074757161503,0.30777990662211296,0.20797751650491003,positive,0.1397836719679686,0.6876786256640537,True,"[""mcv:16"", ""mcv:202""]",2,0.0,0.0,True,mcv:461,True,False,"[16, 202, 1713]",[],mcv_only
7,44,query.45,3,3,0,3,0.2857142857142857,query.55,0.05,query.55,1,0.3333333333333333,0.2857142857142857,1.0,1.0,1.0,1.0,1.0,1.0,0.0,0.0,0.0,0,0.0,0.0,0.0,0,0,False,False,3.3333333333333335,6,,,,,1.0167340553089397,1.0167340553089397,1.0026241834071825,0.0,0.0,neutral,0.014109871901757165,0.0,False,[],0,0.0,0.0,True,mcv:229,True,False,[],[],no_extstat_consumption
7,46,query.47,10,10,6,16,0.3333333333333333,query.414,0.09090909090909091,query.40,3,0.3,0.3333333333333333,1.0,1.0,1.0,1.0,1.0,1.0,0.0,0.0,0.0,3,0.1875,0.2,0.16666666666666666,1,0,True,False,4.125,8,8,8,8,,1.2777837763883686,1.271438246363919,1.0030797983224946,0.006345530024449708,0.004966043662242471,positive,0.2683584480414243,0.023099519960093372,True,"[""mcv:40""]",1,0.0,0.0,False,mcv:178,False,False,[40],[],mcv_only
7,48,query.49,15,15,3,18,0.3333333333333333,query.2,0.11764705882352941,query.2,3,0.2,0.2222222222222222,0.6666666666666666,1.0,1.0,1.0,1.0,1.0,0.0,0.0,0.0,3,0.16666666666666666,0.06666666666666667,0.6666666666666666,1,0,True,False,3.2777777777777777,5,5,5,,5,1.5569468757487683,1.389595524330407,1.0715936665659551,0.16735135141836133,0.1074868732036079,positive,0.3180018577644519,0.344803224233605,False,[],0,0.0,0.0,True,mcv:1262,True,False,[145],[],mcv_only
7,49,query.50,45,45,26,71,0.4166666666666667,query.120,0.19767441860465115,query.120,10,0.2222222222222222,0.3333333333333333,0.8,1.0,0.9777777777777777,0.971830985915493,0.9777777777777777,0.9615384615384616,0.0,0.022222222222222223,0.028169014084507043,8,0.11267605633802817,0.1111111111111111,0.11538461538461539,3,1,True,True,4.549295774647887,9,5.5,7,7,5,1.9110047155771868,1.1486807147545415,1.0387657841667324,0.7623240008226453,0.39891267384570434,positive,0.1099149305878091,0.8739852961962256,True,"[""mcv:172""]",1,0.0,0.0,False,mcv:946,False,False,"[96, 172, 444]",[216],mcv_fd_composed
7,52,query.53,3,3,1,4,0.5,query.294,0.17391304347826086,query.294,3,1.0,0.2857142857142857,1.0,1.0,1.0,1.0,1.0,1.0,0.0,0.0,0.0,1,0.25,0.3333333333333333,0.0,1,0,True,False,4,4,4,4,4,,1.0095864158805332,1.0095864346605208,1.0047072258455236,-1.8779987565054057e-08,-1.8601664275241535e-08,negative,0.004879208814997149,-3.848996950375426e-06,True,"[""mcv:753""]",1,1.8779987565054057e-08,1.8779987565054057e-08,True,mcv:655,True,False,[753],[],mcv_only
7,60,query.61,28,28,15,43,0.36363636363636365,query.360,0.1774193548387097,query.360,10,0.35714285714285715,0.2727272727272727,0.75,1.0,1.0,1.0,1.0,1.0,0.0,0.0,0.0,7,0.16279069767441862,0.14285714285714285,0.2,2,0,True,False,4.069767441860465,7,7,7,7,7,1033.2705344086473,55.654211510060335,55.509389573535714,977.616322898587,0.9461378122604532,positive,0.14482193652462172,0.9998518841362334,True,"[""mcv:107""]",1,0.0,0.0,True,mcv:2118,True,False,"[29, 107]",[],mcv_only
7,63,query.64,10,10,4,14,0.375,query.18,0.16129032258064516,query.18,3,0.3,0.375,1.0,1.0,0.9,0.9285714285714286,0.9,1.0,0.0,0.1,0.07142857142857142,1,0.07142857142857142,0.0,0.25,0,1,True,False,2.142857142857143,6,1,1,,1,1.7331344217907005,1.5911288711666607,1.3434905783662732,0.14200555062403986,0.08193568187129859,positive,0.24763829280038752,0.3644496198785245,False,[],0,0.0,0.0,True,mcv:1429,True,False,[],[687],fd_only
7,68,query.69,36,36,14,50,0.38461538461538464,query.318,0.15555555555555556,query.318,10,0.2777777777777778,0.2727272727272727,1.0,1.0,0.9444444444444444,0.96,0.9444444444444444,1.0,0.0,0.05555555555555555,0.04,3,0.06,0.08333333333333333,0.0,2,0,True,False,3.14,7,4,4,4,4,1.3094300552322364,1.3132498426951111,1.105787810411893,-0.003819787462874702,-0.0029171374580960236,negative,0.20746203228321813,-0.01875734313498941,True,"[""mcv:202""]",1,0.003819787462874702,0.003819787462874702,True,mcv:119,True,False,"[202, 444]",[],mcv_only
7,73,query.74,36,36,10,46,0.26666666666666666,query.7,0.09,query.7,6,0.16666666666666666,0.26666666666666666,1.0,1.0,0.9722222222222222,0.9782608695652174,0.9722222222222222,1.0,0.0,0.027777777777777776,0.021739130434782608,3,0.06521739130434782,0.027777777777777776,0.2,1,0,True,False,3.5869565217391304,9,6,6,,6,1.128273753163809,1.1282737380589798,1.0213861541284088,1.5104829165224487e-08,1.3387556985056875e-08,positive,0.10688758393057096,1.413150758510528e-07,False,[],0,0.0,0.0,True,mcv:500,True,False,[112],[],mcv_only
7,77,query.78,1,1,0,1,0.5,query.112,0.16666666666666666,query.112,1,1.0,0.25,0.5,1.0,1.0,1.0,1.0,1.0,0.0,0.0,0.0,0,0.0,0.0,0.0,0,0,False,False,3,3,,,,,1.001285336907925,1.001285336907925,1.001285336907925,0.0,0.0,neutral,0.0,,False,[],0,0.0,0.0,False,,False,False,[],[],no_extstat_consumption
7,92,query.93,6,6,3,9,0.4,query.402,0.1,query.133,3,0.5,0.2857142857142857,1.0,1.0,0.8333333333333334,0.8888888888888888,0.8333333333333334,1.0,0.0,0.16666666666666666,0.1111111111111111,2,0.2222222222222222,0.0,0.6666666666666666,0,2,True,False,4,7,5,7,,5,1.2868849267847515,1.1190296441535263,1.008472469878171,0.16785528263122518,0.13043534751052469,positive,0.11055717427535527,0.6029014811199628,False,[],0,0.0,0.0,True,mcv:48,True,False,[],"[523, 20]",fd_only
7,96,query.97,36,36,12,48,0.3333333333333333,query.452,0.1044776119402985,query.452,6,0.16666666666666666,0.3333333333333333,1.0,1.0,1.0,1.0,1.0,1.0,0.0,0.0,0.0,1,0.020833333333333332,0.0,0.08333333333333333,0,0,False,False,2.7083333333333335,6,,,,,1.2086580922051495,1.2086580922051495,1.1586325175332324,0.0,0.0,neutral,0.05002557467191715,0.0,False,[],0,0.0,0.0,True,mcv:50,True,False,[],[],no_extstat_consumption
7,105,query.106,6,6,4,10,0.2857142857142857,query.401,0.08695652173913043,query.401,1,0.16666666666666666,0.25,1.0,1.0,1.0,1.0,1.0,1.0,0.0,0.0,0.0,1,0.1,0.0,0.25,0,0,False,False,3.9,6,,,,,1.1450198483246483,1.1450198483246483,1.0126553659600583,0.0,0.0,neutral,0.13236448236458997,0.0,False,[],0,0.0,0.0,True,mcv:1311,True,False,[],[],no_extstat_consumption
7,109,query.110,21,21,2,23,0.25,query.308,0.06451612903225806,query.99,3,0.14285714285714285,0.23076923076923078,1.0,1.0,0.9523809523809523,0.9565217391304348,0.9523809523809523,1.0,0.0,0.047619047619047616,0.043478260869565216,4,0.17391304347826086,0.14285714285714285,0.5,2,0,True,False,3,7,2,3,,2,1.1693731407726453,1.0196975236046149,1.1166424506241213,0.14967561716803046,0.12799645549335484,positive,0.0,2.838491526404191,False,[],0,0.0,0.0,False,mcv:143,False,False,"[268, 1997]",[],mcv_only
7,113,query.114,15,15,8,23,0.42857142857142855,query.225,0.18518518518518517,query.432,3,0.2,0.3333333333333333,1.0,1.0,0.9333333333333333,0.9130434782608695,0.9333333333333333,0.875,0.0,0.06666666666666667,0.08695652173913043,1,0.043478260869565216,0.0,0.125,0,0,False,False,3.130434782608696,6,,,,,1.071909128836779,1.071909128836779,1.0298894809432948,0.0,0.0,neutral,0.042019647893484224,0.0,False,[],0,0.0,0.0,True,mcv:490,True,False,[],[],no_extstat_consumption
7,114,query.115,6,6,3,9,0.2857142857142857,query.208,0.06666666666666667,query.345,1,0.16666666666666666,0.25,1.0,1.0,1.0,1.0,1.0,1.0,0.0,0.0,0.0,1,0.1111111111111111,0.16666666666666666,0.0,1,0,True,False,1.8888888888888888,4,2,2,,2,1.448473432991522,1.4484734025098946,1.0037542022816317,3.048162744434535e-08,2.104396722098786e-08,positive,0.44471920022826295,6.854128479150441e-08,False,[],0,0.0,0.0,False,mcv:1876,False,False,[1095],[],mcv_only
7,123,query.124,15,15,7,22,0.3,query.66,0.09803921568627451,query.66,3,0.2,0.2222222222222222,1.0,1.0,1.0,1.0,1.0,1.0,0.0,0.0,0.0,4,0.18181818181818182,0.26666666666666666,0.0,2,0,True,False,4.318181818181818,8,7,8,6,8,1.199851763292983,1.286415776092543,1.0110125577952502,-0.08656401279955994,-0.07214558952014684,negative,0.27540321829729275,-0.45840064075359194,True,"[""mcv:226""]",1,0.08656401279955994,0.08656401279955994,False,mcv:554,False,False,"[40, 226]",[],mcv_only
7,124,query.125,10,10,3,13,0.3,query.308,0.09090909090909091,query.308,3,0.3,0.2222222222222222,1.0,1.0,0.9,0.8461538461538461,0.9,0.6666666666666666,0.0,0.1,0.15384615384615385,0,0.0,0.0,0.0,0,0,False,False,3.076923076923077,8,,,,,4.6204579103813055,4.6204579103813055,1.0014563150072442,0.0,0.0,neutral,3.619001595374061,0.0,False,[],0,0.0,0.0,True,mcv:83,True,False,[],[],no_extstat_consumption
7,127,query.128,28,28,15,43,0.3333333333333333,query.410,0.11764705882352941,query.410,6,0.21428571428571427,0.3333333333333333,1.0,1.0,1.0,1.0,1.0,1.0,0.0,0.0,0.0,6,0.13953488372093023,0.07142857142857142,0.26666666666666666,2,1,True,True,3.9302325581395348,7,4.666666666666667,7,3.5,7,1.0543237976249675,1.1201406478679077,1.0076173179361485,-0.06581685024294015,-0.06242565176960162,negative,0.11252332993175918,-1.4091588722045332,True,"[""mcv:123"", ""mcv:1406""]",2,0.06581685024294015,0.06581685024294015,False,fd:22,False,False,"[123, 1406]",[6],mcv_fd_composed
7,147,query.148,3,3,1,4,0.5,query.139,0.16666666666666666,query.139,1,0.3333333333333333,0.5,1.0,1.0,1.0,1.0,1.0,1.0,0.0,0.0,0.0,0,0.0,0.0,0.0,0,0,False,False,4,5,,,,,1.0311256287065527,1.0311256287065527,1.0179574498682071,0.0,0.0,neutral,0.013168178838345534,0.0,False,[],0,0.0,0.0,True,mcv:1671,True,False,[],[],no_extstat_consumption
7,148,query.149,21,21,4,25,0.42857142857142855,query.221,0.12,query.221,6,0.2857142857142857,0.2222222222222222,1.0,1.0,0.9523809523809523,0.96,0.9523809523809523,1.0,0.0,0.047619047619047616,0.04,6,0.24,0.23809523809523808,0.25,2,0,True,False,4.16,9,5.5,7,5.5,,1.0039055395218255,1.3447949312005987,1.0222631137624285,-0.3408893916787732,-0.3395632141258466,negative,0.32253181743817017,,True,"[""mcv:29"", ""mcv:826""]",2,0.3408893916787732,0.13465201804435867,True,mcv:1,True,False,"[29, 826]",[],mcv_only
7,153,query.154,15,15,4,19,0.36363636363636365,query.99,0.14814814814814814,query.99,6,0.4,0.36363636363636365,1.0,1.0,0.8666666666666667,0.8947368421052632,0.8666666666666667,1.0,0.0,0.13333333333333333,0.10526315789473684,2,0.10526315789473684,0.13333333333333333,0.0,1,0,True,False,3.8947368421052633,6,3,3,,3,1.0145220020878363,1.1130647105303049,1.0145894089582996,-0.0985427084424686,-0.09713215508354926,negative,0.09847530157200524,,False,[],0,0.0985427084424686,0.0,False,mcv:188,False,False,[268],[],mcv_only
7,157,query.158,45,45,10,55,0.36363636363636365,query.217,0.1016949152542373,query.217,6,0.13333333333333333,0.2727272727272727,0.75,1.0,0.9555555555555556,0.9636363636363636,0.9555555555555556,1.0,0.0,0.044444444444444446,0.03636363636363636,8,0.14545454545454545,0.17777777777777778,0.0,3,0,True,False,3.963636363636364,8,4,7,2.5,7,2.633856251377953,2.270881733513995,1.8155987488440215,0.36297451786395785,0.13781105847141836,positive,0.4552829846699735,0.44359448796976486,True,"[""mcv:551"", ""mcv:1875""]",2,0.0,0.0,False,mcv:705,False,False,"[52, 551, 1875]",[],mcv_only
7,160,query.161,15,15,9,24,0.375,query.449,0.13513513513513514,query.395,3,0.2,0.25,1.0,1.0,0.9333333333333333,0.9583333333333334,0.9333333333333333,1.0,0.0,0.06666666666666667,0.041666666666666664,5,0.20833333333333334,0.2,0.2222222222222222,2,0,True,False,3.875,8,4,4,,4,9.668606736760383,3.1452145173533843,1.0204386815480908,6.523392219406999,0.674698268014649,positive,2.1247758358052935,0.7543091412840109,False,[],0,0.0,0.0,False,mcv:1262,False,False,"[158, 833]",[],mcv_only
7,165,query.166,15,15,6,21,0.2727272727272727,query.141,0.10204081632653061,query.258,3,0.2,0.2727272727272727,1.0,1.0,1.0,1.0,1.0,1.0,0.0,0.0,0.0,1,0.047619047619047616,0.06666666666666667,0.0,1,0,True,False,3.857142857142857,7,4,4,,4,1.282540602993531,1.0025744009852582,1.0013143245992973,0.2799662020082727,0.21829032262589884,positive,0.0012600763859609287,0.9955193504918679,False,[],0,0.0,0.0,True,mcv:1210,True,False,[939],[],mcv_only
7,175,query.176,21,21,9,30,0.36363636363636365,query.245,0.140625,query.245,6,0.2857142857142857,0.3,1.0,1.0,0.9523809523809523,0.9333333333333333,0.9523809523809523,0.8888888888888888,0.0,0.047619047619047616,0.06666666666666667,2,0.06666666666666667,0.0,0.2222222222222222,0,1,True,False,3.466666666666667,8,2,2,2,,1.4041376459757167,1.5024755929264073,1.0013742145181397,-0.09833794695069065,-0.07003440669262657,negative,0.5011013784082676,-0.24415808206522485,True,"[""fd:624""]",1,0.09833794695069065,0.09833794695069065,True,mcv:1747,True,False,[],[624],fd_only
7,185,query.186,15,15,5,20,0.375,query.217,0.125,query.66,3,0.2,0.3333333333333333,1.0,1.0,0.9333333333333333,0.95,0.9333333333333333,1.0,0.0,0.06666666666666667,0.05,2,0.1,0.0,0.4,0,0,False,False,4.3,8,,,,,1.3454710276859834,1.3454710276859834,1.1759309462990364,0.0,0.0,neutral,0.16954008138694698,0.0,False,[],0,0.0,0.0,True,mcv:1725,True,False,[],[],no_extstat_consumption
7,187,query.188,10,10,6,16,0.375,query.1,0.14285714285714285,query.1,3,0.3,0.3333333333333333,1.0,1.0,0.9,0.875,0.9,0.8333333333333334,0.0,0.1,0.125,0,0.0,0.0,0.0,0,0,False,False,4.1875,9,,,,,1.0045545431326848,1.0045545431326848,1.0035655271132344,0.0,0.0,neutral,0.0009890160194503395,0.0,False,[],0,0.0,0.0,True,mcv:2030,True,False,[],[],no_extstat_consumption
7,190,query.191,10,10,6,16,0.3,query.143,0.09615384615384616,query.143,3,0.3,0.3,1.0,1.0,0.9,0.9375,0.9,1.0,0.0,0.1,0.0625,3,0.1875,0.2,0.16666666666666666,2,0,True,False,3.3125,6,2.5,3,3,2,1.1106433919979741,1.037294511119478,1.0267157537474199,0.07334888087849611,0.06604179289857055,positive,0.010578757372058156,0.8739538298399777,True,"[""mcv:1018""]",1,0.0,0.0,False,,False,False,"[1018, 1389]",[],mcv_only
7,202,query.203,55,55,23,78,0.35714285714285715,query.122,0.14150943396226415,query.122,10,0.18181818181818182,0.2857142857142857,1.0,1.0,0.9636363636363636,0.9615384615384616,0.9636363636363636,0.9565217391304348,0.0,0.03636363636363636,0.038461538461538464,8,0.10256410256410256,0.10909090909090909,0.08695652173913043,3,0,True,False,4.243589743589744,9,6.666666666666667,9,,7,1.7251866574728432,1.7336663445121872,1.122417495832203,-0.008479687039343986,-0.00491522873922845,negative,0.6112488486799841,-0.014067884654655607,False,[],0,0.008479687039343986,0.0,True,fd:81,True,False,"[32, 145, 339]",[],mcv_only
7,203,query.204,15,15,8,23,0.5,query.14,0.21739130434782608,query.14,6,0.4,0.3333333333333333,0.6666666666666666,1.0,1.0,1.0,1.0,1.0,0.0,0.0,0.0,4,0.17391304347826086,0.2,0.125,2,0,True,False,3.130434782608696,7,4,7,,4,1.3695755155515736,1.233564752337312,1.2335647725859886,0.13601076321426153,0.09930869942537303,positive,0.0,1.0000001488755672,False,[],0,0.0,0.0,False,mcv:721,False,False,"[85, 2088]",[],mcv_only
7,214,query.215,15,15,6,21,0.3333333333333333,query.305,0.1282051282051282,query.305,3,0.2,0.2222222222222222,0.6666666666666666,1.0,0.9333333333333333,0.9047619047619048,0.9333333333333333,0.8333333333333334,0.0,0.06666666666666667,0.09523809523809523,3,0.14285714285714285,0.2,0.0,3,0,True,False,4.095238095238095,9,3.6666666666666665,6,3.6666666666666665,,1.0360979308688956,1.2879289683537376,1.0218758643542312,-0.25183103748484204,-0.24305717633626653,negative,0.26605310399950644,-17.707063683409057,True,"[""mcv:69"", ""mcv:210"", ""mcv:1279""]",3,0.25183103748484204,0.19372367086058317,False,mcv:572,False,False,"[69, 210, 1279]",[],mcv_only
7,217,query.218,21,21,14,35,0.3,query.375,0.10344827586206896,query.16,3,0.14285714285714285,0.18181818181818182,0.6666666666666666,1.0,1.0,1.0,1.0,1.0,0.0,0.0,0.0,7,0.2,0.14285714285714285,0.2857142857142857,1,3,True,True,3.085714285714286,7,4,5,5,3.6666666666666665,3.609366495889687,2.563737577383547,1.0050048767445674,1.0456289185061403,0.2896987379078552,positive,1.5587327006389795,0.4014914483532311,True,"[""mcv:591""]",1,0.0,0.0,False,fd:154,False,False,[591],"[501, 151, 125]",mcv_fd_composed
7,218,query.219,10,10,5,15,0.375,query.44,0.14634146341463414,query.262,3,0.3,0.375,1.0,1.0,1.0,1.0,1.0,1.0,0.0,0.0,0.0,1,0.06666666666666667,0.1,0.0,1,0,True,False,3.7333333333333334,6,6,6,,6,1.2885933765867719,1.160355250246603,1.1595231270899453,0.12823812634016885,0.09951791517029693,positive,0.0008321231566577048,0.9935529437658818,False,[],0,0.0,0.0,True,mcv:1106,True,False,[197],[],mcv_only
7,222,query.223,28,28,11,39,0.4,query.457,0.14,query.457,6,0.21428571428571427,0.3333333333333333,1.0,1.0,0.9642857142857143,0.9487179487179487,0.9642857142857143,0.9090909090909091,0.0,0.03571428571428571,0.05128205128205128,6,0.15384615384615385,0.14285714285714285,0.18181818181818182,2,0,True,False,3.717948717948718,9,4.5,5,,4.5,1.53791771174424,1.0907423230138993,1.024499734371638,0.4471753887303407,0.29076678505976344,positive,0.06624258864226129,0.8709772708364141,False,[],0,0.0,0.0,True,mcv:11,True,False,"[413, 919]",[],mcv_only
7,229,query.230,6,6,2,8,0.3333333333333333,query.308,0.10256410256410256,query.308,3,0.5,0.2222222222222222,1.0,1.0,1.0,1.0,1.0,1.0,0.0,0.0,0.0,1,0.125,0.16666666666666666,0.0,1,0,True,False,5.25,7,6,6,,6,5.494561748237695,1.0935268752460912,1.0935268752460912,4.401034872991604,0.8009801463061499,positive,0.0,1.0,False,[],0,0.0,0.0,False,,False,False,[96],[],mcv_only
7,232,query.233,21,21,8,29,0.3,query.89,0.08620689655172414,query.348,3,0.14285714285714285,0.25,1.0,1.0,1.0,1.0,1.0,1.0,0.0,0.0,0.0,5,0.1724137931034483,0.047619047619047616,0.5,1,0,True,False,3.896551724137931,6,6,6,,6,1.328319146214329,1.0377407305116906,1.0326609184826392,0.2905784157026383,0.21875647620587144,positive,0.005079812029051389,0.9828186346511509,False,[],0,0.0,0.0,True,mcv:307,True,False,[270],[],mcv_only
7,238,query.239,3,3,2,5,0.3333333333333333,query.60,0.125,query.169,3,1.0,0.3333333333333333,1.0,1.0,1.0,1.0,1.0,1.0,0.0,0.0,0.0,0,0.0,0.0,0.0,0,0,False,False,3.6,4,,,,,1.0336973898952835,1.0336973898952835,1.033758149927215,0.0,0.0,neutral,0.0,,False,[],0,0.0,0.0,False,fd:81,False,False,[],[],no_extstat_consumption
7,253,query.254,21,21,5,26,0.4,query.407,0.15217391304347827,query.407,6,0.2857142857142857,0.2727272727272727,1.0,1.0,1.0,1.0,1.0,1.0,0.0,0.0,0.0,4,0.15384615384615385,0.14285714285714285,0.2,1,0,True,False,3.769230769230769,6,6,6,,6,2.1499260341027,2.1506775460515923,1.2199082809597532,-0.0007515119488923361,-0.0003495524669089323,negative,0.9307692650918391,-0.0008080619389819608,False,[],0,0.0007515119488923361,0.0,True,mcv:794,True,False,[128],[],mcv_only
7,254,query.255,15,15,6,21,0.2857142857142857,query.75,0.05714285714285714,query.291,1,0.06666666666666667,0.2857142857142857,1.0,1.0,0.9333333333333333,0.9047619047619048,0.9333333333333333,0.8333333333333334,0.0,0.06666666666666667,0.09523809523809523,5,0.23809523809523808,0.2,0.3333333333333333,1,0,True,False,2.5238095238095237,7,7,7,,7,1.856488292105951,1.9235596029018305,1.103812913140651,-0.06707131079587958,-0.03612805482322524,negative,0.8197466897611794,-0.08911054176912532,False,[],0,0.06707131079587958,0.0,False,mcv:1447,False,False,[85],[],mcv_only
7,259,query.260,3,3,1,4,0.375,query.173,0.11764705882352941,query.401,3,1.0,0.3333333333333333,1.0,1.0,1.0,1.0,1.0,1.0,0.0,0.0,0.0,0,0.0,0.0,0.0,0,0,False,False,5.25,6,,,,,1.0734970792740468,1.0734970792740468,1.0031150661180837,0.0,0.0,neutral,0.07038201315596315,0.0,False,[],0,0.0,0.0,True,mcv:1151,True,False,[],[],no_extstat_consumption
7,262,query.263,28,28,8,36,0.3333333333333333,query.140,0.10294117647058823,query.140,6,0.21428571428571427,0.25,0.75,1.0,1.0,1.0,1.0,1.0,0.0,0.0,0.0,3,0.08333333333333333,0.10714285714285714,0.0,2,0,True,False,3.5833333333333335,9,5,7,,5,1.1145310558262045,1.114530992676858,1.1113579688611162,6.314934641871162e-08,5.666001506965533e-08,positive,0.0031730238157419155,1.990154922115525e-05,False,[],0,0.0,0.0,True,mcv:799,True,False,"[52, 1326]",[],mcv_only
7,268,query.269,45,45,9,54,0.38461538461538464,query.123,0.15384615384615385,query.123,10,0.2222222222222222,0.3076923076923077,0.8,1.0,0.9777777777777777,0.9814814814814815,0.9777777777777777,1.0,0.0,0.022222222222222223,0.018518518518518517,6,0.1111111111111111,0.1111111111111111,0.1111111111111111,2,0,True,False,3.685185185185185,7,4.5,7,7,,2.085116157899421,1.8883826542117905,1.3162126350708225,0.19673350368763032,0.09435134006434576,positive,0.572170019140968,0.25586240386036774,True,"[""mcv:86""]",1,0.0,0.0,True,mcv:50,True,False,"[86, 1111]",[],mcv_only
7,272,query.273,45,45,8,53,0.3333333333333333,query.41,0.1076923076923077,query.41,6,0.13333333333333333,0.25,0.75,1.0,0.9777777777777777,0.9811320754716981,0.9777777777777777,1.0,0.0,0.022222222222222223,0.018867924528301886,5,0.09433962264150944,0.08888888888888889,0.125,2,0,True,False,3.4339622641509435,9,3.5,4,3,4,1.7178249880564123,1.711411387637321,1.0440229362809161,0.0064136004190913365,0.003733558694094813,positive,0.6673884513564048,0.00951852313627012,True,"[""mcv:706""]",1,0.0,0.0,True,mcv:1512,True,False,"[706, 824]",[],mcv_only
7,274,query.275,28,28,8,36,0.3333333333333333,query.40,0.11267605633802817,query.99,6,0.21428571428571427,0.23076923076923078,1.0,1.0,1.0,1.0,1.0,1.0,0.0,0.0,0.0,5,0.1388888888888889,0.17857142857142858,0.0,2,0,True,False,4.555555555555555,9,4,4,4,4,1.2985346416033243,1.736189565699646,1.0311404358126088,-0.4376549240963217,-0.337037542222163,negative,0.7050491298870372,-1.636740492570232,True,"[""mcv:530""]",1,0.4376549240963217,0.43177656051345004,True,mcv:148,True,False,"[353, 530]",[],mcv_only
7,276,query.277,21,21,5,26,0.375,query.40,0.1095890410958904,query.381,6,0.2857142857142857,0.3,1.0,1.0,1.0,1.0,1.0,1.0,0.0,0.0,0.0,4,0.15384615384615385,0.19047619047619047,0.0,2,0,True,False,4.615384615384615,8,3.5,4,3,4,1.1529924490834003,2.1343241966039925,1.0162791107530946,-0.9813317475205923,-0.8511172369782006,negative,1.118045085850898,-7.1780249060238015,True,"[""mcv:838""]",1,0.9813317475205923,0.9695149685819424,True,mcv:59,True,False,"[353, 838]",[],mcv_only
7,280,query.281,28,28,7,35,0.2727272727272727,query.136,0.10204081632653061,query.136,6,0.21428571428571427,0.2727272727272727,1.0,1.0,1.0,1.0,1.0,1.0,0.0,0.0,0.0,3,0.08571428571428572,0.07142857142857142,0.14285714285714285,2,0,True,False,4,7,3,3,,3,1.7507612612827994,1.692504991267451,1.3339865278466803,0.05825627001534839,0.03327482238935506,positive,0.35851846342077076,0.13977879497409018,False,[],0,0.0,0.0,True,mcv:644,True,False,"[210, 703]",[],mcv_only
7,282,query.283,21,21,13,34,0.3076923076923077,query.7,0.12790697674418605,query.7,6,0.2857142857142857,0.3076923076923077,1.0,1.0,0.9523809523809523,0.9411764705882353,0.9523809523809523,0.9230769230769231,0.0,0.047619047619047616,0.058823529411764705,3,0.08823529411764706,0.14285714285714285,0.0,1,0,True,False,3.6176470588235294,9,6,6,6,,1.4880103185476843,1.4880103102129378,1.2837817176355937,8.334746448568353e-09,5.6012692551105185e-09,positive,0.20422859257734416,4.081086787719812e-08,True,"[""mcv:295""]",1,0.0,0.0,True,mcv:1595,False,True,[295],[],mcv_only
7,285,query.286,10,10,5,15,0.375,query.136,0.13333333333333333,query.136,3,0.3,0.3,1.0,1.0,1.0,1.0,1.0,1.0,0.0,0.0,0.0,2,0.13333333333333333,0.2,0.0,1,0,True,False,4,6,5,5,5,,1.0381028401540753,1.0395840223073078,1.0025885052686898,-0.001481182153232563,-0.0014268163961604478,negative,0.03699551703861803,-0.04170659982828752,True,"[""mcv:123""]",1,0.001481182153232563,0.001481182153232563,False,,False,False,[123],[],mcv_only
7,286,query.287,10,10,4,14,0.4,query.85,0.08571428571428572,query.91,3,0.3,0.4,1.0,1.0,1.0,1.0,1.0,1.0,0.0,0.0,0.0,0,0.0,0.0,0.0,0,0,False,False,4.285714285714286,7,,,,,1.018822758625483,1.018822758625483,1.0103571597338217,0.0,0.0,neutral,0.008465598891661319,0.0,False,[],0,0.0,0.0,True,mcv:169,True,False,[],[],no_extstat_consumption
7,288,query.289,21,21,15,36,0.3,query.394,0.09433962264150944,query.394,3,0.14285714285714285,0.2222222222222222,1.0,1.0,0.9523809523809523,0.9722222222222222,0.9523809523809523,1.0,0.0,0.047619047619047616,0.027777777777777776,3,0.08333333333333333,0.14285714285714285,0.0,2,0,True,False,3.4722222222222223,7,5,5,5,5,1.428938759415088,1.3571318864952275,1.011331992161009,0.07180687291986043,0.05025188969557615,positive,0.3457998943342184,0.17194853759678647,True,"[""mcv:329""]",1,0.0,0.0,False,mcv:425,False,False,"[263, 329]",[],mcv_only
7,289,query.290,45,45,24,69,0.3333333333333333,query.51,0.12612612612612611,query.51,10,0.2222222222222222,0.23076923076923078,1.0,1.0,1.0,1.0,1.0,1.0,0.0,0.0,0.0,14,0.2028985507246377,0.24444444444444444,0.125,4,0,True,False,4.391304347826087,9,5.25,6,5.5,5,1.1323281818675377,1.422916002214517,1.132815800355647,-0.2905878203469794,-0.2566286214547056,negative,0.2901002018588701,,True,"[""mcv:69"", ""mcv:411""]",2,0.2905878203469794,0.26728934151012296,False,mcv:193,False,False,"[65, 69, 411, 628]",[],mcv_only
7,292,query.293,36,36,10,46,0.3333333333333333,query.404,0.09090909090909091,query.404,6,0.16666666666666666,0.25,0.75,1.0,0.9722222222222222,0.9565217391304348,0.9722222222222222,0.9,0.0,0.027777777777777776,0.043478260869565216,3,0.06521739130434782,0.08333333333333333,0.0,2,0,True,False,2.869565217391304,6,4,5,5,3,1.3244164545268373,1.3509803307006387,1.0495935991802472,-0.026563876173801404,-0.020057041788484612,negative,0.3013867315203915,-0.09665817692018604,True,"[""mcv:191""]",1,0.026563876173801404,0.021067361269257567,True,mcv:469,True,False,"[191, 1263]",[],mcv_only
7,294,query.295,15,15,6,21,0.3,query.205,0.10638297872340426,query.382,3,0.2,0.2222222222222222,1.0,1.0,0.9333333333333333,0.9523809523809523,0.9333333333333333,1.0,0.0,0.06666666666666667,0.047619047619047616,0,0.0,0.0,0.0,0,0,False,False,3.5238095238095237,8,,,,,286.4315423169095,286.4315423169095,5.61234703568287,0.0,0.0,neutral,280.8191952812266,0.0,False,[],0,0.0,0.0,True,mcv:937,False,True,[],[],no_extstat_consumption
7,295,query.296,6,6,3,9,0.2857142857142857,query.133,0.07692307692307693,query.397,1,0.16666666666666666,0.2222222222222222,1.0,1.0,1.0,1.0,1.0,1.0,0.0,0.0,0.0,1,0.1111111111111111,0.16666666666666666,0.0,1,0,True,False,3.888888888888889,6,6,6,,6,1.0012476911165726,1.0012476895349112,1.0012476746151577,1.5816614684638353e-09,1.5796905026567363e-09,positive,1.491975343270724e-08,0.09585005152204178,False,[],0,0.0,0.0,False,mcv:1177,False,False,[291],[],mcv_only
7,297,query.298,15,15,4,19,0.3076923076923077,query.246,0.09433962264150944,query.34,6,0.4,0.3076923076923077,1.0,1.0,1.0,1.0,1.0,1.0,0.0,0.0,0.0,1,0.05263157894736842,0.06666666666666667,0.0,1,0,True,False,4.421052631578948,7,3,3,3,,31.65254749978733,31.737687781453786,29.781392551560096,-0.0851402816664546,-0.0026898397883148785,negative,1.9562952298936906,-0.045501459805409455,True,"[""mcv:553""]",1,0.0851402816664546,0.0851402816664546,True,mcv:188,True,False,[553],[],mcv_only
7,298,query.299,15,15,3,18,0.3333333333333333,query.44,0.11428571428571428,query.44,3,0.2,0.3333333333333333,1.0,1.0,0.8666666666666667,0.8888888888888888,0.8666666666666667,1.0,0.0,0.13333333333333333,0.1111111111111111,2,0.1111111111111111,0.13333333333333333,0.0,1,0,True,False,2.888888888888889,7,5,5,,5,1.6852146193154014,1.5568282650987149,1.2196870779356102,0.12838635421668654,0.07618397843524642,positive,0.3371411871631047,0.275786807019319,False,[],0,0.0,0.0,True,mcv:2227,True,False,[565],[],mcv_only
7,299,query.300,21,21,8,29,0.3,query.375,0.1,query.404,3,0.14285714285714285,0.3,1.0,1.0,0.9523809523809523,0.9655172413793104,0.9523809523809523,1.0,0.0,0.047619047619047616,0.034482758620689655,0,0.0,0.0,0.0,0,0,False,False,3.5172413793103448,7,,,,,2.619309649350519,2.619309649350519,1.2605954255421465,0.0,0.0,neutral,1.3587142238083725,0.0,False,[],0,0.0,0.0,True,mcv:721,True,False,[],[],no_extstat_consumption
7,311,query.312,6,6,4,10,0.25,query.394,0.06666666666666667,query.394,3,0.5,0.25,1.0,1.0,1.0,1.0,1.0,1.0,0.0,0.0,0.0,0,0.0,0.0,0.0,0,0,False,False,3.7,6,,,,,1.2290756226668749,1.2290756226668749,1.0038111173958566,0.0,0.0,neutral,0.22526450527101827,0.0,False,[],0,0.0,0.0,True,mcv:176,True,False,[],[],no_extstat_consumption
7,316,query.317,6,6,2,8,0.2857142857142857,query.237,0.06666666666666667,query.1,3,0.5,0.25,1.0,1.0,1.0,1.0,1.0,1.0,0.0,0.0,0.0,1,0.125,0.16666666666666666,0.0,1,0,True,False,4.375,7,3,3,,3,1.2708821388678673,1.000865092176941,1.0007496438910035,0.2700170466909262,0.21246427062974066,positive,0.0001154482859375694,0.9995726234789063,False,[],0,0.0,0.0,True,mcv:1239,True,False,[960],[],mcv_only
7,321,query.322,10,10,6,16,0.3333333333333333,query.94,0.11363636363636363,query.94,3,0.3,0.3333333333333333,1.0,1.0,1.0,1.0,1.0,1.0,0.0,0.0,0.0,1,0.0625,0.1,0.0,1,0,True,False,4.6875,9,8,8,,8,1.0386305950872219,1.0382369694380151,1.012201230038985,0.00039362564920675247,0.00037898522445672483,positive,0.026035739399030033,0.014893496248901102,False,[],0,0.0,0.0,True,mcv:602,False,True,[16],[],mcv_only
7,322,query.323,0,0,0,0,0.25,query.153,0.0,query.1,0,1.0,0.25,1.0,1.0,1.0,1.0,1.0,1.0,0.0,0.0,0.0,0,0.0,0.0,0.0,0,0,False,False,0.0,0,,,,,1.0008026023682268,1.0008026023682268,1.0008026023682268,0.0,0.0,neutral,0.0,,False,[],0,0.0,0.0,False,,False,False,[],[],no_extstat_consumption
7,327,query.328,21,21,4,25,0.3,query.29,0.10416666666666667,query.231,6,0.2857142857142857,0.3,1.0,1.0,0.9523809523809523,0.96,0.9523809523809523,1.0,0.0,0.047619047619047616,0.04,1,0.04,0.0,0.25,0,1,True,False,3.92,8,5,5,5,,1.0464896401796873,1.0471291715878313,1.0339706433012215,-0.0006395314081439896,-0.0006111206299511756,negative,0.013158528286609794,-0.051084876396451644,True,"[""fd:188""]",1,0.0006395314081439896,0.0006395314081439896,True,mcv:138,True,False,[],[188],fd_only
7,333,query.334,15,15,3,18,0.3333333333333333,query.375,0.08888888888888889,query.382,3,0.2,0.3,1.0,1.0,1.0,1.0,1.0,1.0,0.0,0.0,0.0,4,0.2222222222222222,0.13333333333333333,0.6666666666666666,1,1,True,True,3,5,3,4,4,2,1.0370219129670444,1.0730049501756802,1.0185323436633404,-0.035983037208635826,-0.03469843477625659,negative,0.05447260651233976,-1.9461263060047322,True,"[""mcv:385""]",1,0.035983037208635826,0.035983037208635826,True,mcv:209,True,False,[385],[499],mcv_fd_composed
7,348,query.349,66,66,27,93,0.3125,query.60,0.12403100775193798,query.60,10,0.15151515151515152,0.2857142857142857,1.0,1.0,0.9242424242424242,0.9354838709677419,0.9242424242424242,0.9629629629629629,0.0,0.07575757575757576,0.06451612903225806,9,0.0967741935483871,0.07575757575757576,0.14814814814814814,2,1,True,True,3.860215053763441,9,4.666666666666667,6,6,4,11.037634859699823,10.859756673481087,6.3409367891029405,0.1778781862187362,0.016115607055293885,positive,4.518819884378146,0.03787302984884665,True,"[""fd:70""]",1,0.0,0.0,True,mcv:192,True,False,"[210, 303]",[70],mcv_fd_composed
7,349,query.350,21,21,13,34,0.25,query.14,0.06329113924050633,query.371,3,0.14285714285714285,0.18181818181818182,1.0,1.0,0.9523809523809523,0.9705882352941176,0.9523809523809523,1.0,0.0,0.047619047619047616,0.029411764705882353,1,0.029411764705882353,0.047619047619047616,0.0,1,0,True,False,3.1470588235294117,9,3,3,3,,1.3289534268200156,1.3294736228258694,1.0048105243304848,-0.0005201960058538457,-0.0003914328338041131,negative,0.32466309849538466,-0.0016048354039485627,True,"[""mcv:940""]",1,0.0005201960058538457,0.0005201960058538457,True,mcv:193,True,False,[940],[],mcv_only
7,357,query.358,28,28,10,38,0.3333333333333333,query.123,0.08823529411764706,query.123,6,0.21428571428571427,0.2727272727272727,1.0,1.0,0.9642857142857143,0.9473684210526315,0.9642857142857143,0.9,0.0,0.03571428571428571,0.05263157894736842,2,0.05263157894736842,0.03571428571428571,0.1,1,0,True,False,3.3157894736842106,7,3,3,,3,4.141265864305466,3.9789640220168025,1.5708641681946391,0.1623018422886635,0.03919136022818068,positive,2.408099853822163,0.06314259850288614,False,[],0,0.0,0.0,True,mcv:941,True,False,[751],[],mcv_only
7,364,query.365,10,10,1,11,0.3333333333333333,query.83,0.0784313725490196,query.297,3,0.3,0.2222222222222222,1.0,1.0,0.9,0.9090909090909091,0.9,1.0,0.0,0.1,0.09090909090909091,2,0.18181818181818182,0.2,0.0,2,0,True,False,3.909090909090909,7,4.5,6,4.5,,1.018068652513517,1.018068706536972,1.0069406394216458,-5.4023455042795376e-08,-5.3064648350989376e-08,negative,0.011128067115326212,-4.854726050085133e-06,True,"[""mcv:65"", ""mcv:225""]",2,5.4023455042795376e-08,3.6776854672737613e-08,False,mcv:120,False,False,"[65, 225]",[],mcv_only
7,373,query.374,55,55,19,74,0.3333333333333333,query.343,0.1262135922330097,query.343,10,0.18181818181818182,0.23076923076923078,1.0,1.0,0.9454545454545454,0.9459459459459459,0.9454545454545454,0.9473684210526315,0.0,0.05454545454545454,0.05405405405405406,5,0.06756756756756757,0.05454545454545454,0.10526315789473684,2,1,True,True,3.0405405405405403,8,3.6666666666666665,4,4,3.5,64.04186277967081,58.60232424459245,11.796396975038657,5.439538535078356,0.08493723166349029,positive,46.80592726955379,0.10411503565532532,True,"[""fd:85""]",1,0.0,0.0,True,mcv:138,True,False,"[158, 210]",[85],mcv_fd_composed
7,392,query.393,28,28,13,41,0.2727272727272727,query.363,0.08928571428571429,query.384,3,0.10714285714285714,0.23076923076923078,1.0,1.0,0.9285714285714286,0.9024390243902439,0.9285714285714286,0.8461538461538461,0.0,0.07142857142857142,0.0975609756097561,3,0.07317073170731707,0.07142857142857142,0.07692307692307693,2,0,True,False,3.1951219512195124,7,5.5,7,5.5,,1.1452765790677444,1.155842009425831,1.0838146746235606,-0.010565430358086658,-0.009225221707307526,negative,0.07202733480227042,-0.17190209860290917,True,"[""mcv:104"", ""mcv:523""]",2,0.010565430358086658,0.005376664558594646,True,mcv:969,False,True,"[104, 523]",[],mcv_only
7,397,query.398,28,28,15,43,0.4,query.394,0.19672131147540983,query.19,6,0.21428571428571427,0.4,1.0,1.0,1.0,1.0,1.0,1.0,0.0,0.0,0.0,2,0.046511627906976744,0.07142857142857142,0.0,2,0,True,False,4.046511627906977,7,4,5,3,5,1.1853629600601467,1.1525300087371428,1.0221180825200047,0.0328329513230039,0.027698647949433074,positive,0.13041192621713815,0.2011269928817843,True,"[""mcv:423""]",1,0.0,0.0,True,mcv:166,True,False,"[329, 423]",[],mcv_only
7,417,query.418,6,6,1,7,0.25,query.18,0.07407407407407407,query.18,1,0.16666666666666666,0.25,1.0,1.0,1.0,1.0,1.0,1.0,0.0,0.0,0.0,1,0.14285714285714285,0.0,1.0,0,0,False,False,2.5714285714285716,5,,,,,1.0007574814559157,1.0007574814559157,1.0007574814559157,0.0,0.0,neutral,0.0,,False,[],0,0.0,0.0,False,,False,False,[],[],no_extstat_consumption
7,419,query.420,55,55,13,68,0.35714285714285715,query.282,0.15789473684210525,query.282,10,0.18181818181818182,0.35714285714285715,1.0,1.0,0.9818181818181818,0.9852941176470589,0.9818181818181818,1.0,0.0,0.01818181818181818,0.014705882352941176,14,0.20588235294117646,0.2,0.23076923076923078,5,0,True,False,3.8823529411764706,9,6,9,5.75,7,2.6446009257713876,3.219887387673382,1.3913094483869592,-0.5752864619019942,-0.2175324285399289,negative,1.8285779392864225,-0.45902048508507787,True,"[""mcv:7"", ""mcv:29"", ""mcv:145"", ""mcv:1606""]",4,0.5752864619019942,0.5752864619019942,True,mcv:1254,True,False,"[7, 29, 145, 156, 1606]",[],mcv_only
7,420,query.421,15,15,4,19,0.42857142857142855,query.222,0.13636363636363635,query.222,3,0.2,0.2857142857142857,0.6666666666666666,1.0,1.0,1.0,1.0,1.0,0.0,0.0,0.0,2,0.10526315789473684,0.13333333333333333,0.0,1,0,True,False,2.9473684210526314,6,3,3,3,,1.3240943221173098,1.7702460034221854,1.0119494096986417,-0.4461516813048756,-0.33694856465470757,negative,0.7582965937235437,-1.4293094763193488,True,"[""mcv:225""]",1,0.4461516813048756,0.4461516813048756,True,mcv:217,True,False,[225],[],mcv_only
7,422,query.423,15,15,3,18,0.4,query.3,0.1590909090909091,query.3,6,0.4,0.3,0.75,1.0,0.9333333333333333,0.9444444444444444,0.9333333333333333,1.0,0.0,0.06666666666666667,0.05555555555555555,1,0.05555555555555555,0.06666666666666667,0.0,1,0,True,False,3.5,7,3,3,,3,1.2733289569652515,1.271599124324378,1.000314710812668,0.0017298326408734521,0.0013585119787083099,positive,0.27128441351171007,0.0063360526611738605,False,[],0,0.0,0.0,True,mcv:662,True,False,[940],[],mcv_only
7,423,query.424,10,10,1,11,0.3,query.160,0.11764705882352941,query.396,3,0.3,0.2857142857142857,1.0,1.0,1.0,1.0,1.0,1.0,0.0,0.0,0.0,2,0.18181818181818182,0.1,1.0,1,1,True,True,4,9,5,9,,5,1.2594802714542155,1.189089186556637,1.1329735950354105,0.0703910848975784,0.05588899365315485,positive,0.05611559152122658,0.5564218971696493,False,[],0,0.0,0.0,True,mcv:239,True,False,[1918],[0],mcv_fd_composed
7,426,query.427,10,10,0,10,0.3,query.123,0.07142857142857142,query.173,3,0.3,0.25,1.0,1.0,0.9,0.9,0.9,1.0,0.0,0.1,0.1,0,0.0,0.0,0.0,0,0,False,False,2.7,7,,,,,1.1140950712208577,1.1140950712208577,1.2025670110101225,0.0,0.0,neutral,0.0,,False,[],0,0.0,0.0,True,mcv:114,True,False,[],[],no_extstat_consumption
7,434,query.435,21,21,9,30,0.3,query.181,0.09090909090909091,query.406,3,0.14285714285714285,0.2727272727272727,1.0,1.0,1.0,1.0,1.0,1.0,0.0,0.0,0.0,0,0.0,0.0,0.0,0,0,False,False,3.8333333333333335,6,,,,,1.014040938202245,1.014040938202245,1.0046602714051445,0.0,0.0,neutral,0.00938066679710059,0.0,False,[],0,0.0,0.0,True,mcv:218,True,False,[],[],no_extstat_consumption
7,443,query.444,45,45,20,65,0.3333333333333333,query.196,0.11627906976744186,query.382,10,0.2222222222222222,0.23076923076923078,1.0,1.0,0.9777777777777777,0.9692307692307692,0.9777777777777777,0.95,0.0,0.022222222222222223,0.03076923076923077,5,0.07692307692307693,0.08888888888888889,0.05,2,0,True,False,3.4461538461538463,8,4.5,5,5,4,1.958852210890063,1.940569092543447,1.446528076629968,0.018283118346616112,0.009333587416637538,positive,0.49404101591347893,0.035686623221490084,True,"[""mcv:123""]",1,0.0,0.0,True,mcv:1373,True,False,"[123, 158]",[],mcv_only
7,444,query.445,36,36,12,48,0.3333333333333333,query.355,0.1,query.355,10,0.2777777777777778,0.26666666666666666,1.0,1.0,1.0,1.0,1.0,1.0,0.0,0.0,0.0,8,0.16666666666666666,0.1388888888888889,0.25,3,0,True,False,3.8333333333333335,9,3.3333333333333335,5,,2.5,2.1596103328461016,1.4563940211549762,1.4380628274040592,0.7032163116911254,0.32562184992158866,positive,0.018331193750916963,0.9745946128111319,False,[],0,0.0,0.0,False,mcv:402,False,False,"[399, 423, 1279]",[],mcv_only
7,450,query.451,21,21,4,25,0.2857142857142857,query.446,0.08,query.331,3,0.14285714285714285,0.23076923076923078,1.0,1.0,0.9047619047619048,0.92,0.9047619047619048,1.0,0.0,0.09523809523809523,0.08,4,0.16,0.09523809523809523,0.5,2,0,True,False,3.44,7,1.5,2,2,1,1.4718858601956764,1.35268359268392,1.116558018415334,0.11920226751175633,0.08098608101032323,positive,0.23612557426858594,0.3354712282451685,True,"[""mcv:1358""]",1,0.0,0.0,True,mcv:317,True,False,"[843, 1358]",[],mcv_only
7,457,query.458,21,21,14,35,0.375,query.145,0.15789473684210525,query.145,3,0.14285714285714285,0.375,1.0,1.0,0.9523809523809523,0.9428571428571428,0.9523809523809523,0.9285714285714286,0.0,0.047619047619047616,0.05714285714285714,6,0.17142857142857143,0.14285714285714285,0.21428571428571427,2,0,True,False,4.171428571428572,9,2.5,3,2,3,1.0584399257636827,1.0728219679310795,1.202280110614356,-0.014382042167396802,-0.013587962639466676,negative,0.0,,True,"[""mcv:1588""]",1,0.014382042167396802,0.007207221711646783,False,mcv:567,False,False,"[423, 1588]",[],mcv_only
7,462,query.463,28,28,14,42,0.4,query.252,0.1320754716981132,query.252,6,0.21428571428571427,0.3,0.75,1.0,1.0,1.0,1.0,1.0,0.0,0.0,0.0,3,0.07142857142857142,0.07142857142857142,0.07142857142857142,1,0,True,False,4,9,9,9,9,,1.4405734080797241,1.4279403557385486,1.0109657690062943,0.01263305234117551,0.008769461014843593,positive,0.4169745867322543,0.029406023525145538,True,"[""mcv:7""]",1,0.0,0.0,False,mcv:561,False,False,[7],[],mcv_only
8,10,query.11,45,45,30,75,0.25,query.90,0.07741935483870968,query.342,6,0.13333333333333333,0.25,1.0,1.0,1.0,1.0,1.0,1.0,0.0,0.0,0.0,6,0.08,0.06666666666666667,0.1,2,1,True,True,3.44,9,3.6666666666666665,5,5,1,7.155243436998079,6.806673614384472,3.2971628418284697,0.3485698226136069,0.048715298882947074,positive,3.5095107725560024,0.0903479888548785,True,"[""mcv:320"", ""fd:108""]",2,0.0,0.0,True,mcv:221,True,False,"[320, 1519]",[108],mcv_fd_composed
8,15,query.16,21,21,8,29,0.3,query.58,0.10638297872340426,query.58,3,0.14285714285714285,0.2222222222222222,1.0,1.0,1.0,1.0,1.0,1.0,0.0,0.0,0.0,5,0.1724137931034483,0.14285714285714285,0.25,1,1,True,True,2.8275862068965516,5,4.5,5,,4.5,2.6885879750756447,1.6840707339506726,1.2178918343893064,1.004517241124972,0.3736226042953679,positive,0.46617889956136627,0.6830216067992048,False,[],0,0.0,0.0,True,mcv:2110,True,False,[173],[283],mcv_fd_composed
8,19,query.20,15,15,1,16,0.36363636363636365,query.346,0.1111111111111111,query.346,6,0.4,0.21428571428571427,1.0,1.0,1.0,1.0,1.0,1.0,0.0,0.0,0.0,3,0.1875,0.2,0.0,2,0,True,False,3.8125,7,3.5,4,,3.5,1.6437911048218248,1.2640681792658301,1.0161660955413834,0.37972292555599463,0.23100436815975706,positive,0.24790208372444678,0.6050156063591838,False,[],0,0.0,0.0,False,mcv:1312,False,False,"[523, 1463]",[],mcv_only
8,22,query.23,21,21,7,28,0.4,query.467,0.14583333333333334,query.467,6,0.2857142857142857,0.3,1.0,1.0,1.0,1.0,1.0,1.0,0.0,0.0,0.0,4,0.14285714285714285,0.047619047619047616,0.42857142857142855,1,0,True,False,3.9642857142857144,7,2,2,,2,1.140252772406969,1.1048353496223258,1.0576991458857914,0.035417422784643326,0.03106102755609214,positive,0.04713620373653438,0.42902322135488014,False,[],0,0.0,0.0,True,mcv:778,True,False,[1075],[],mcv_only
8,29,query.30,1,1,0,1,0.25,query.53,0.02564102564102564,query.162,1,1.0,0.25,1.0,1.0,1.0,1.0,1.0,1.0,0.0,0.0,0.0,0,0.0,0.0,0.0,0,0,False,False,1,1,,,,,1.0098547494763992,1.0098547494763992,1.0006831869337338,0.0,0.0,neutral,0.009171562542665379,0.0,False,[],0,0.0,0.0,True,mcv:1567,True,False,[],[],no_extstat_consumption
8,32,query.33,6,6,1,7,0.3333333333333333,query.450,0.08333333333333333,query.450,1,0.16666666666666666,0.3333333333333333,1.0,1.0,1.0,1.0,1.0,1.0,0.0,0.0,0.0,0,0.0,0.0,0.0,0,0,False,False,2.5714285714285716,6,,,,,1.0132712793166891,1.0132712793166891,1.0028701972340919,0.0,0.0,neutral,0.010401082082597268,0.0,False,[],0,0.0,0.0,True,mcv:1139,True,False,[],[],no_extstat_consumption
8,43,query.44,15,15,6,21,0.3333333333333333,query.299,0.11428571428571428,query.299,3,0.2,0.3333333333333333,1.0,1.0,1.0,1.0,1.0,1.0,0.0,0.0,0.0,2,0.09523809523809523,0.13333333333333333,0.0,2,0,True,False,3.8095238095238093,8,4.5,5,,5,1.0443159589773674,1.0365317161005958,1.0296226602279859,0.0077842428767715965,0.007453915464812214,positive,0.006909055872609926,0.5297818420182366,False,[],0,0.0,0.0,True,mcv:109,True,False,"[413, 565]",[],mcv_only
8,44,query.45,3,3,0,3,0.4,query.312,0.08333333333333333,query.312,1,0.3333333333333333,0.4,1.0,1.0,1.0,1.0,1.0,1.0,0.0,0.0,0.0,0,0.0,0.0,0.0,0,0,False,False,3.6666666666666665,5,,,,,1.0167340553089397,1.0167340553089397,1.0026241834071825,0.0,0.0,neutral,0.014109871901757165,0.0,False,[],0,0.0,0.0,True,mcv:229,True,False,[],[],no_extstat_consumption
8,45,query.46,36,36,15,51,0.25,query.334,0.09375,query.397,3,0.08333333333333333,0.25,1.0,1.0,1.0,1.0,1.0,1.0,0.0,0.0,0.0,9,0.17647058823529413,0.1388888888888889,0.26666666666666666,2,1,True,True,3.235294117647059,7,4,6,,4,2.017570275758359,1.422348603416217,1.414137481637592,0.595221672342142,0.29501905311249277,positive,0.00821112177862493,0.9863926490926153,False,[],0,0.0,0.0,True,mcv:772,True,False,"[126, 1434]",[194],mcv_fd_composed
8,49,query.50,45,45,26,71,0.3333333333333333,query.91,0.11904761904761904,query.344,10,0.2222222222222222,0.26666666666666666,0.8,1.0,0.9555555555555556,0.9436619718309859,0.9555555555555556,0.9230769230769231,0.0,0.044444444444444446,0.056338028169014086,6,0.08450704225352113,0.06666666666666667,0.11538461538461539,2,2,True,True,3.4507042253521125,8,4.5,6,3,5,1.9110047155771868,1.1575125075049706,1.0587814057891545,0.7534922080722162,0.394291129650424,positive,0.09873110171581612,0.8841487898983039,True,"[""mcv:447""]",1,0.0,0.0,True,mcv:884,True,False,"[96, 447]","[125, 66]",mcv_fd_composed
8,55,query.56,21,21,8,29,0.3076923076923077,query.310,0.0963855421686747,query.364,6,0.2857142857142857,0.23076923076923078,1.0,1.0,0.9523809523809523,0.9655172413793104,0.9523809523809523,1.0,0.0,0.047619047619047616,0.034482758620689655,3,0.10344827586206896,0.047619047619047616,0.25,1,0,True,False,3.7586206896551726,8,2,2,2,,1.073772695168076,1.228152049821141,1.2164959887979305,-0.15437935465306496,-0.14377284442765625,negative,0.011656061023210373,,True,"[""mcv:385""]",1,0.15437935465306496,0.13868499797863665,True,mcv:1286,False,True,[385],[],mcv_only
8,58,query.59,36,36,10,46,0.3,query.256,0.09,query.134,6,0.16666666666666666,0.3,1.0,1.0,0.9722222222222222,0.9782608695652174,0.9722222222222222,1.0,0.0,0.027777777777777776,0.021739130434782608,6,0.13043478260869565,0.1388888888888889,0.1,2,0,True,False,3.6739130434782608,12,8,12,4,12,138.15243318709466,138.15243427519846,2.397283038229724,-1.0881038008392352e-06,-7.876110291634581e-09,negative,135.75515123696874,-8.015193527803946e-09,True,"[""mcv:749""]",1,1.0881038008392352e-06,1.0881038008392352e-06,True,mcv:2139,True,False,"[1, 749]",[],mcv_only
8,64,query.65,28,28,4,32,0.4166666666666667,query.338,0.2222222222222222,query.338,10,0.35714285714285715,0.2,1.0,1.0,0.9642857142857143,0.96875,0.9642857142857143,1.0,0.0,0.03571428571428571,0.03125,2,0.0625,0.07142857142857142,0.0,2,0,True,False,3.09375,8,2,2,2,2,1.6415009905361615,1.666170472422901,1.2359920956777373,-0.024669481886739453,-0.01502861224511457,negative,0.4301783767451637,-0.060835858841893804,True,"[""mcv:1057""]",1,0.024669481886739453,0.024669481886739453,True,mcv:1654,True,False,"[1057, 1316]",[],mcv_only
8,69,query.70,21,21,10,31,0.3,query.89,0.13333333333333333,query.89,6,0.2857142857142857,0.26666666666666666,1.0,1.0,0.9523809523809523,0.967741935483871,0.9523809523809523,1.0,0.0,0.047619047619047616,0.03225806451612903,4,0.12903225806451613,0.09523809523809523,0.2,2,1,True,True,3.4193548387096775,8,4,5,4,5,1.008512359480096,1.010287041899944,1.00395115405398,-0.001774682419847906,-0.0017597031936849865,negative,0.006335887845963839,-0.38908188824091755,True,"[""mcv:798""]",1,0.001774682419847906,0.001774682419847906,False,mcv:470,False,False,"[285, 798]",[66],mcv_fd_composed
8,70,query.71,28,28,12,40,0.3333333333333333,query.223,0.11267605633802817,query.223,6,0.21428571428571427,0.3333333333333333,1.0,1.0,1.0,1.0,1.0,1.0,0.0,0.0,0.0,8,0.2,0.14285714285714285,0.3333333333333333,2,0,True,False,4.125,9,6.5,9,4,9,2.1435886379542812,1.7189693337806997,1.5130736530433049,0.4246193041735815,0.1980880550751631,positive,0.20589568073739484,0.6734483943050685,True,"[""mcv:902""]",1,0.0,0.0,True,mcv:166,True,False,"[14, 902]",[],mcv_only
8,72,query.73,21,21,5,26,0.3333333333333333,query.144,0.11764705882352941,query.453,6,0.2857142857142857,0.3333333333333333,1.0,1.0,0.9523809523809523,0.9615384615384616,0.9523809523809523,1.0,0.0,0.047619047619047616,0.038461538461538464,2,0.07692307692307693,0.09523809523809523,0.0,2,0,True,False,3.576923076923077,8,3,3,,3,4.593953655574878,2.280346410901687,1.4331571362052362,2.313607244673191,0.503620066315987,positive,0.8471892746964509,0.7319696888095137,False,[],0,0.0,0.0,True,mcv:71,True,False,"[1025, 1453]",[],mcv_only
8,75,query.76,6,6,5,11,0.3333333333333333,query.8,0.14634146341463414,query.123,3,0.5,0.2222222222222222,1.0,1.0,1.0,1.0,1.0,1.0,0.0,0.0,0.0,2,0.18181818181818182,0.3333333333333333,0.0,1,0,True,False,3.4545454545454546,6,6,6,6,,1.1412350189642961,1.2831071702357246,1.1222383481325806,-0.1418721512714285,-0.12431457930565572,negative,0.16086882210314402,-7.468263914673333,True,"[""mcv:226""]",1,0.1418721512714285,0.1418721512714285,False,,False,False,[226],[],mcv_only
8,76,query.77,36,36,15,51,0.3,query.157,0.07407407407407407,query.157,3,0.08333333333333333,0.2222222222222222,1.0,1.0,0.9722222222222222,0.9607843137254902,0.9722222222222222,0.9333333333333333,0.0,0.027777777777777776,0.0392156862745098,5,0.09803921568627451,0.08333333333333333,0.13333333333333333,2,1,True,True,3.156862745098039,8,6,7,,6,2.635834702581996,1.4213764990278048,1.0004716655362145,1.2144582035541913,0.460749000066104,positive,0.42090483349159036,0.7426229993237843,False,[],0,0.0,0.0,True,mcv:1740,True,False,"[145, 399]",[20],mcv_fd_composed
8,81,query.82,36,36,11,47,0.3076923076923077,query.376,0.08974358974358974,query.376,6,0.16666666666666666,0.23076923076923078,1.0,1.0,1.0,1.0,1.0,1.0,0.0,0.0,0.0,5,0.10638297872340426,0.1388888888888889,0.0,3,0,True,False,3.106382978723404,7,3.3333333333333335,5,,3.3333333333333335,1.2801316903498279,1.1968411120187912,1.0251997799136903,0.0832905783310367,0.06506407032879209,positive,0.1716413321051009,0.32671695822050345,False,[],0,0.0,0.0,True,mcv:885,True,False,"[476, 691, 1713]",[],mcv_only
8,98,query.99,36,36,7,43,0.36363636363636365,query.154,0.14814814814814814,query.154,6,0.16666666666666666,0.36363636363636365,1.0,1.0,1.0,1.0,1.0,1.0,0.0,0.0,0.0,7,0.16279069767441862,0.19444444444444445,0.0,3,0,True,False,4.511627906976744,9,6.333333333333333,9,8,3,2.211074151188032,2.3211223528390423,1.1868531642503009,-0.11004820165101048,-0.04977137541582696,negative,1.1342691885887415,-0.10744575931805332,True,"[""mcv:4"", ""mcv:146""]",2,0.11004820165101048,0.11004820165101048,True,mcv:445,True,False,"[4, 146, 447]",[],mcv_only
8,99,query.100,10,10,4,14,0.3333333333333333,query.390,0.13043478260869565,query.390,3,0.3,0.2857142857142857,1.0,1.0,0.9,0.9285714285714286,0.9,1.0,0.0,0.1,0.07142857142857142,3,0.21428571428571427,0.1,0.5,1,0,True,False,3.9285714285714284,7,2,2,2,,1.6251199402898857,1.614949259283876,1.0884634344867343,0.010170681006009819,0.0062584186888972595,positive,0.5264858247971416,0.018951938336773805,True,"[""mcv:1195""]",1,0.0,0.0,True,mcv:1773,True,False,[1195],[],mcv_only
8,101,query.102,45,45,19,64,0.2727272727272727,query.256,0.09803921568627451,query.63,6,0.13333333333333333,0.2727272727272727,1.0,1.0,0.9777777777777777,0.984375,0.9777777777777777,1.0,0.0,0.022222222222222223,0.015625,8,0.125,0.15555555555555556,0.05263157894736842,3,0,True,False,3.296875,8,4,5,3.5,5,1.7348445448804588,1.8671898840381314,1.0284173118697169,-0.13234533915767255,-0.07628656962275081,negative,0.8387725721684145,-0.18734461664738808,True,"[""mcv:197"", ""mcv:1252""]",2,0.13234533915767255,0.13234533915767255,False,mcv:1021,False,False,"[197, 409, 1252]",[],mcv_only
8,106,query.107,1,1,0,1,0.5,query.369,0.14285714285714285,query.369,1,1.0,0.5,1.0,1.0,1.0,1.0,1.0,1.0,0.0,0.0,0.0,1,1.0,1.0,0.0,1,0,True,False,4,4,4,4,4,,1.0012811900891385,1.0025586677788867,1.0012811900891385,-0.0012774776897481743,-0.0012758430922231222,negative,0.0012774776897481743,,True,"[""mcv:435""]",1,0.0012774776897481743,0.0012774776897481743,False,,False,False,[435],[],mcv_only
8,107,query.108,10,10,1,11,0.42857142857142855,query.325,0.13043478260869565,query.325,3,0.3,0.2857142857142857,0.6666666666666666,1.0,1.0,1.0,1.0,1.0,0.0,0.0,0.0,0,0.0,0.0,0.0,0,0,False,False,2.727272727272727,5,,,,,1.1340459091158797,1.1340459091158797,1.130686470265383,0.0,0.0,neutral,0.003359438850496721,0.0,False,[],0,0.0,0.0,True,mcv:1014,True,False,[],[],no_extstat_consumption
8,116,query.117,45,45,18,63,0.3076923076923077,query.232,0.10526315789473684,query.105,6,0.13333333333333333,0.25,1.0,1.0,1.0,1.0,1.0,1.0,0.0,0.0,0.0,5,0.07936507936507936,0.044444444444444446,0.16666666666666666,1,2,True,True,4.0476190476190474,8,4.666666666666667,5,,4.666666666666667,1.1901289647939728,1.1875463924562328,1.0005602646963547,0.0025825723377399523,0.0021699936848331644,positive,0.1869861277598781,0.013623411124357878,False,[],0,0.0,0.0,True,mcv:212,False,True,[320],"[134, 56]",mcv_fd_composed
8,119,query.120,21,21,11,32,0.4444444444444444,query.344,0.2222222222222222,query.344,6,0.2857142857142857,0.2222222222222222,1.0,1.0,1.0,1.0,1.0,1.0,0.0,0.0,0.0,2,0.0625,0.047619047619047616,0.09090909090909091,1,0,True,False,3.375,8,4,4,,4,1.5308208192822845,1.087592504584822,1.083957829104012,0.4432283146974625,0.2895363775528394,positive,0.00363467548081009,0.9918662418667519,False,[],0,0.0,0.0,True,mcv:594,True,False,[96],[],mcv_only
8,120,query.121,36,36,19,55,0.35714285714285715,query.336,0.1574074074074074,query.336,10,0.2777777777777778,0.25,1.0,1.0,0.9722222222222222,0.9818181818181818,0.9722222222222222,1.0,0.0,0.027777777777777776,0.01818181818181818,2,0.03636363636363636,0.027777777777777776,0.05263157894736842,1,1,True,True,3.672727272727273,8,5,6,5,,1.3688708983828004,1.4092916624716254,1.3617212607386873,-0.040420764088825,-0.02952854366074883,negative,0.04757040173293814,-5.65354023530222,True,"[""mcv:96"", ""fd:58""]",2,0.040420764088825,0.0248062607499977,True,mcv:102,True,False,[96],[58],mcv_fd_composed
8,126,query.127,28,28,11,39,0.3333333333333333,query.409,0.1323529411764706,query.409,6,0.21428571428571427,0.25,0.75,1.0,0.8928571428571429,0.8717948717948718,0.8928571428571429,0.8181818181818182,0.0,0.10714285714285714,0.1282051282051282,3,0.07692307692307693,0.10714285714285714,0.0,2,0,True,False,2.7435897435897436,7,2.5,4,4,1,1.8209549659668733,1.4217385550599868,1.059631776256817,0.39921641090688653,0.2192346424640515,positive,0.36210677880316977,0.5243717993916944,True,"[""mcv:936""]",1,0.0,0.0,True,mcv:295,True,False,"[936, 1713]",[],mcv_only
8,132,query.133,10,10,3,13,0.3,query.141,0.1,query.93,3,0.3,0.18181818181818182,1.0,1.0,1.0,1.0,1.0,1.0,0.0,0.0,0.0,1,0.07692307692307693,0.0,0.3333333333333333,0,0,False,False,3,7,,,,,4.1061042659614255,4.1061042659614255,1.5739505959406157,0.0,0.0,neutral,2.5321536700208096,0.0,False,[],0,0.0,0.0,True,mcv:1213,True,False,[],[],no_extstat_consumption
8,136,query.137,10,10,1,11,0.4,query.346,0.12244897959183673,query.346,6,0.6,0.25,1.0,1.0,1.0,1.0,1.0,1.0,0.0,0.0,0.0,0,0.0,0.0,0.0,0,0,False,False,4.545454545454546,8,,,,,1.1127066512284944,1.1127066512284944,1.0241362458773111,0.0,0.0,neutral,0.08857040535118332,0.0,False,[],0,0.0,0.0,True,mcv:115,True,False,[],[],no_extstat_consumption
8,146,query.147,28,28,4,32,0.3333333333333333,query.352,0.1,query.352,6,0.21428571428571427,0.25,0.75,1.0,0.9642857142857143,0.96875,0.9642857142857143,1.0,0.0,0.03571428571428571,0.03125,4,0.125,0.10714285714285714,0.25,2,0,True,False,3.71875,8,3.5,4,,3,2.1840997138165044,2.184099690711964,2.0870561435166906,2.3104540503027238e-08,1.0578519083569803e-08,positive,0.0970435471952733,2.3808419694005805e-07,False,[],0,0.0,0.0,True,mcv:837,True,False,"[413, 488]",[],mcv_only
8,158,query.159,78,78,20,98,0.35714285714285715,query.181,0.12686567164179105,query.332,10,0.1282051282051282,0.21428571428571427,1.0,1.0,1.0,1.0,1.0,1.0,0.0,0.0,0.0,12,0.12244897959183673,0.10256410256410256,0.2,5,0,True,False,3.4285714285714284,8,4.4,7,4,6,3.691691133402734,5.050483076948583,1.1752250295876134,-1.3587919435458495,-0.3680676130382049,negative,3.87525804736097,-0.5399603600802871,True,"[""mcv:87"", ""mcv:324"", ""mcv:1076"", ""mcv:1195""]",4,1.3587919435458495,1.2434278662359652,True,mcv:1961,True,False,"[87, 120, 324, 1076, 1195]",[],mcv_only
8,160,query.161,15,15,9,24,0.375,query.449,0.13513513513513514,query.395,3,0.2,0.25,1.0,1.0,0.9333333333333333,0.9583333333333334,0.9333333333333333,1.0,0.0,0.06666666666666667,0.041666666666666664,4,0.16666666666666666,0.26666666666666666,0.0,3,0,True,False,3.625,8,3.3333333333333335,4,3.5,3,9.668606736760383,16.553841137034745,1.0343389104737755,-6.885234400274362,-0.7121227067904684,negative,15.51950222656097,-0.797431182214733,True,"[""mcv:529"", ""mcv:835""]",2,6.885234400274362,3.9788320455978052,False,mcv:1351,False,False,"[529, 835, 1396]",[],mcv_only
8,173,query.174,6,6,1,7,0.2857142857142857,query.119,0.07692307692307693,query.118,3,0.5,0.2857142857142857,1.0,1.0,0.8333333333333334,0.8571428571428571,0.8333333333333334,1.0,0.0,0.16666666666666666,0.14285714285714285,1,0.14285714285714285,0.16666666666666666,0.0,1,0,True,False,2.5714285714285716,4,1,1,1,,1.0428915109403865,1.0430352882970795,1.0360974574128583,-0.00014377735669302005,-0.00013786415478957582,negative,0.0069378308842211744,-0.021162234902987263,True,"[""mcv:1793""]",1,0.00014377735669302005,0.00014377735669302005,False,mcv:2138,False,False,[1793],[],mcv_only
8,182,query.183,28,28,8,36,0.38461538461538464,query.196,0.14606741573033707,query.196,10,0.35714285714285715,0.25,1.0,1.0,1.0,1.0,1.0,1.0,0.0,0.0,0.0,4,0.1111111111111111,0.10714285714285714,0.125,2,0,True,False,4.361111111111111,8,3.5,4,4,3,1.0640834790447042,1.0640562855661542,1.0234463564765481,2.7193478550069372e-05,2.5555775543552933e-05,positive,0.040609929089606034,0.0006691782496278074,True,"[""mcv:623""]",1,0.0,0.0,False,mcv:35,False,False,"[623, 1000]",[],mcv_only
8,189,query.190,6,6,2,8,0.3333333333333333,query.214,0.125,query.214,3,0.5,0.25,1.0,1.0,0.8333333333333334,0.75,0.8333333333333334,0.5,0.0,0.16666666666666666,0.25,1,0.125,0.16666666666666666,0.0,1,0,True,False,2.5,6,4,4,,4,1.0097481036947167,1.0097480832032184,1.0029649210194964,2.0491498275987396e-08,2.0293673442919105e-08,positive,0.006783162183721991,3.020926791614378e-06,False,[],0,0.0,0.0,True,mcv:2060,True,False,[420],[],mcv_only
8,192,query.193,15,15,2,17,0.375,query.79,0.17857142857142858,query.79,3,0.2,0.375,1.0,1.0,0.9333333333333333,0.9411764705882353,0.9333333333333333,1.0,0.0,0.06666666666666667,0.058823529411764705,4,0.23529411764705882,0.2,0.5,1,0,True,False,2.7058823529411766,5,4,4,4,,1.2053567626474995,1.2068946087467876,1.0058651111424164,-0.0015378460992880871,-0.0012758430922229973,negative,0.20102949760437117,-0.007708824342701392,True,"[""mcv:435""]",1,0.0015378460992880871,0.0015378460992880871,True,mcv:497,True,False,[435],[],mcv_only
8,193,query.194,28,28,19,47,0.2857142857142857,query.378,0.09523809523809523,query.378,6,0.21428571428571427,0.21428571428571427,0.75,1.0,0.9285714285714286,0.9574468085106383,0.9285714285714286,1.0,0.0,0.07142857142857142,0.0425531914893617,4,0.0851063829787234,0.10714285714285714,0.05263157894736842,2,0,True,False,2.978723404255319,6,2.5,3,2.5,,1.2076049551786012,1.4503442447081238,1.0019557335187954,-0.24273928952952262,-0.20100885516292222,negative,0.44838851118932843,-1.1803559846731289,True,"[""mcv:529"", ""mcv:1663""]",2,0.24273928952952262,0.24273928952952262,False,mcv:1812,False,False,"[529, 1663]",[],mcv_only
8,194,query.195,78,78,31,109,0.29411764705882354,query.138,0.10273972602739725,query.138,10,0.1282051282051282,0.26666666666666666,1.0,1.0,0.9743589743589743,0.981651376146789,0.9743589743589743,1.0,0.0,0.02564102564102564,0.01834862385321101,14,0.12844036697247707,0.08974358974358974,0.22580645161290322,5,0,True,False,3.697247706422018,10,4.6,8,4.333333333333333,5,5.411919835195818,3.451290801602393,1.602679537098402,1.9606290335934253,0.362279762690255,positive,1.8486112645039912,0.5147034264477071,True,"[""mcv:173"", ""mcv:420"", ""mcv:623""]",3,0.0,0.0,True,mcv:83,True,False,"[40, 173, 420, 623, 838]",[],mcv_only
8,197,query.198,6,6,2,8,0.4,query.221,0.14285714285714285,query.177,3,0.5,0.4,1.0,1.0,1.0,1.0,1.0,1.0,0.0,0.0,0.0,0,0.0,0.0,0.0,0,0,False,False,3.875,5,,,,,1.3452710620957011,1.3452710620957011,1.3015668061399928,0.0,0.0,neutral,0.04370425595570837,0.0,False,[],0,0.0,0.0,True,mcv:1987,True,False,[],[],no_extstat_consumption
8,199,query.200,6,6,0,6,0.3333333333333333,query.222,0.09090909090909091,query.222,3,0.5,0.25,1.0,1.0,1.0,1.0,1.0,1.0,0.0,0.0,0.0,1,0.16666666666666666,0.16666666666666666,0.0,1,0,True,False,2.5,5,1,1,1,,1.6627587960740096,1.6903917324761375,1.5101181739355558,-0.02763293640212794,-0.016618728144679136,negative,0.1802735585405817,-0.18103265051595038,True,"[""mcv:2040""]",1,0.02763293640212794,0.02763293640212794,True,mcv:1101,False,True,[2040],[],mcv_only
8,205,query.206,21,21,6,27,0.3076923076923077,query.196,0.09411764705882353,query.196,6,0.2857142857142857,0.25,1.0,1.0,0.9523809523809523,0.9629629629629629,0.9523809523809523,1.0,0.0,0.047619047619047616,0.037037037037037035,2,0.07407407407407407,0.047619047619047616,0.16666666666666666,1,1,True,True,3.4814814814814814,6,5,5,5,5,1.1796468996548306,1.0250969680946187,1.1216043262390964,0.1545499315602119,0.13101372250071935,positive,0.0,2.662699505985663,True,"[""fd:49""]",1,0.0,0.0,False,mcv:569,False,False,[324],[49],mcv_fd_composed
8,206,query.207,6,6,2,8,0.375,query.467,0.09375,query.467,3,0.5,0.25,1.0,1.0,1.0,1.0,1.0,1.0,0.0,0.0,0.0,2,0.25,0.16666666666666666,0.5,1,0,True,False,3.125,5,2,2,,2,1.473201619531143,1.4327254788814492,1.0935639386145946,0.04047614064969385,0.027474949873171922,positive,0.33916154026685463,0.10661781662972297,False,[],0,0.0,0.0,True,mcv:404,True,False,[1075],[],mcv_only
8,208,query.209,28,28,8,36,0.3333333333333333,query.165,0.10256410256410256,query.165,6,0.21428571428571427,0.3333333333333333,1.0,1.0,1.0,1.0,1.0,1.0,0.0,0.0,0.0,4,0.1111111111111111,0.07142857142857142,0.25,2,0,True,False,3.75,7,2,2,2,2,1.7992720011843986,1.7840837423303348,1.3981883816946608,0.015188258854063719,0.008441335631336347,positive,0.3858953606356741,0.037868060713589745,True,"[""mcv:1248""]",1,0.0,0.0,True,mcv:904,True,False,"[1248, 1725]",[],mcv_only
8,218,query.219,10,10,5,15,0.3333333333333333,query.262,0.14634146341463414,query.262,3,0.3,0.3333333333333333,1.0,1.0,1.0,1.0,1.0,1.0,0.0,0.0,0.0,1,0.06666666666666667,0.1,0.0,1,0,True,False,3.2666666666666666,5,5,5,,5,1.2885933765867719,1.160355250246603,1.149413378403578,0.12823812634016885,0.09951791517029693,positive,0.010941871843024975,0.9213833023002136,False,[],0,0.0,0.0,True,mcv:109,True,False,[197],[],mcv_only
8,227,query.228,10,10,1,11,0.2857142857142857,query.256,0.05555555555555555,query.256,3,0.3,0.2857142857142857,1.0,1.0,0.9,0.9090909090909091,0.9,1.0,0.0,0.1,0.09090909090909091,0,0.0,0.0,0.0,0,0,False,False,2.909090909090909,6,,,,,1.0627836564920157,1.0627836564920157,1.0192938419565931,0.0,0.0,neutral,0.043489814535422555,0.0,False,[],0,0.0,0.0,True,mcv:484,True,False,[],[],no_extstat_consumption
8,232,query.233,21,21,8,29,0.3,query.89,0.08620689655172414,query.348,3,0.14285714285714285,0.25,1.0,1.0,1.0,1.0,1.0,1.0,0.0,0.0,0.0,2,0.06896551724137931,0.047619047619047616,0.125,1,0,True,False,3.689655172413793,7,6,6,,6,1.328319146214329,1.0377407305116906,1.0330370957537938,0.2905784157026383,0.21875647620587144,positive,0.004703634757896813,0.9840707054473483,False,[],0,0.0,0.0,True,mcv:582,True,False,[270],[],mcv_only
8,233,query.234,3,3,3,6,0.3333333333333333,query.88,0.1,query.88,1,0.3333333333333333,0.3333333333333333,1.0,1.0,1.0,1.0,1.0,1.0,0.0,0.0,0.0,0,0.0,0.0,0.0,0,0,False,False,2.3333333333333335,3,,,,,1.0069645675409087,1.0069645675409087,1.0069645994865868,0.0,0.0,neutral,0.0,,False,[],0,0.0,0.0,False,mcv:1351,False,False,[],[],no_extstat_consumption
8,235,query.236,28,28,17,45,0.3333333333333333,query.153,0.1282051282051282,query.187,6,0.21428571428571427,0.3333333333333333,1.0,1.0,1.0,1.0,1.0,1.0,0.0,0.0,0.0,7,0.15555555555555556,0.07142857142857142,0.29411764705882354,1,1,True,True,3.7333333333333334,6,4.5,5,5,4,1.1124407663740459,1.1151456220136864,1.003624894137303,-0.0027048556396405132,-0.0024314603720042346,negative,0.11152072787638345,-0.024857179233519825,True,"[""mcv:605""]",1,0.0027048556396405132,0.0027048556396405132,True,mcv:1842,True,False,[605],[134],mcv_fd_composed
8,242,query.243,28,28,14,42,0.3333333333333333,query.9,0.14864864864864866,query.385,6,0.21428571428571427,0.25,0.75,1.0,0.8928571428571429,0.9285714285714286,0.8928571428571429,1.0,0.0,0.10714285714285714,0.07142857142857142,5,0.11904761904761904,0.07142857142857142,0.21428571428571427,2,2,True,True,3.119047619047619,7,3.5,5,3.6666666666666665,3,1.0160967445630333,1.0098495492823205,1.0067338596144464,0.006247195280712825,0.006148228812010805,positive,0.003115689667874122,0.6672297390192385,True,"[""mcv:1793"", ""fd:219"", ""fd:235""]",3,0.0,0.0,False,mcv:1320,False,False,"[1319, 1793]","[219, 235]",mcv_fd_composed
8,248,query.249,10,10,2,12,0.3333333333333333,query.443,0.09523809523809523,query.415,3,0.3,0.3333333333333333,1.0,1.0,1.0,1.0,1.0,1.0,0.0,0.0,0.0,0,0.0,0.0,0.0,0,0,False,False,2.1666666666666665,4,,,,,1.0891813943392405,1.0891813943392405,1.0736286514350766,0.0,0.0,neutral,0.015552742904163974,0.0,False,[],0,0.0,0.0,True,mcv:1255,True,False,[],[],no_extstat_consumption
8,249,query.250,10,10,1,11,0.42857142857142855,query.169,0.14285714285714285,query.169,3,0.3,0.2857142857142857,0.6666666666666666,1.0,1.0,1.0,1.0,1.0,0.0,0.0,0.0,1,0.09090909090909091,0.1,0.0,1,0,True,False,2.6363636363636362,6,6,6,,6,1.447648753420555,1.4476487296577403,1.0647232608754336,2.3762814826966405e-08,1.6414765509118698e-08,positive,0.3829254687823067,6.205597509067993e-08,False,[],0,0.0,0.0,True,mcv:1518,False,True,[85],[],mcv_only
8,250,query.251,21,21,6,27,0.4444444444444444,query.252,0.2,query.32,6,0.2857142857142857,0.2727272727272727,0.75,1.0,1.0,1.0,1.0,1.0,0.0,0.0,0.0,4,0.14814814814814814,0.14285714285714285,0.16666666666666666,1,0,True,False,4.296296296296297,8,6,6,,6,1.6289605008102637,1.6185957587879076,1.2664244650194154,0.010364742022356044,0.006362795179625597,positive,0.3521712937684922,0.0285895497250254,False,[],0,0.0,0.0,True,mcv:1314,True,False,[263],[],mcv_only
8,253,query.254,21,21,5,26,0.4,query.407,0.15217391304347827,query.407,6,0.2857142857142857,0.3,1.0,1.0,1.0,1.0,1.0,1.0,0.0,0.0,0.0,4,0.15384615384615385,0.09523809523809523,0.4,1,0,True,False,3.5,7,4,4,4,,2.1499260341027,2.1783817545237887,1.5796937044463737,-0.02845572042108868,-0.013235674144001447,negative,0.598688050077415,-0.049901976687710216,True,"[""mcv:558""]",1,0.02845572042108868,0.02845572042108868,True,mcv:801,True,False,[558],[],mcv_only
8,254,query.255,15,15,6,21,0.3333333333333333,query.204,0.1111111111111111,query.421,3,0.2,0.2857142857142857,1.0,1.0,0.9333333333333333,0.9047619047619048,0.9333333333333333,0.8333333333333334,0.0,0.06666666666666667,0.09523809523809523,4,0.19047619047619047,0.2,0.16666666666666666,1,0,True,False,2.6666666666666665,6,6,6,,6,1.856488292105951,1.9235596029018305,1.103812913140651,-0.06707131079587958,-0.03612805482322524,negative,0.8197466897611794,-0.08911054176912532,False,[],0,0.06707131079587958,0.0,False,mcv:1447,False,False,[85],[],mcv_only
8,257,query.258,28,28,5,33,0.4,query.181,0.15217391304347827,query.181,6,0.21428571428571427,0.3,0.75,1.0,1.0,1.0,1.0,1.0,0.0,0.0,0.0,1,0.030303030303030304,0.0,0.2,0,0,False,False,3.727272727272727,8,,,,,1.030104490994257,1.030104490994257,1.0103821168458733,0.0,0.0,neutral,0.019722374148383626,0.0,False,[],0,0.0,0.0,True,mcv:1798,True,False,[],[],no_extstat_consumption
8,259,query.260,3,3,1,4,0.4,query.106,0.16666666666666666,query.106,3,1.0,0.3333333333333333,1.0,1.0,1.0,1.0,1.0,1.0,0.0,0.0,0.0,0,0.0,0.0,0.0,0,0,False,False,5.25,6,,,,,1.0734970792740468,1.0734970792740468,1.0031150661180837,0.0,0.0,neutral,0.07038201315596315,0.0,False,[],0,0.0,0.0,True,mcv:1151,True,False,[],[],no_extstat_consumption
8,264,query.265,21,21,5,26,0.2727272727272727,query.149,0.0625,query.149,3,0.14285714285714285,0.25,1.0,1.0,0.9523809523809523,0.9615384615384616,0.9523809523809523,1.0,0.0,0.047619047619047616,0.038461538461538464,1,0.038461538461538464,0.0,0.2,0,0,False,False,3.1153846153846154,6,,,,,1.4739316022341287,1.4739316022341287,1.4004109452497358,0.0,0.0,neutral,0.07352065698439292,0.0,False,[],0,0.0,0.0,True,mcv:1489,True,False,[],[],no_extstat_consumption
8,266,query.267,36,36,14,50,0.3333333333333333,query.95,0.10144927536231885,query.95,6,0.16666666666666666,0.23076923076923078,1.0,1.0,0.9722222222222222,0.98,0.9722222222222222,1.0,0.0,0.027777777777777776,0.02,2,0.04,0.027777777777777776,0.07142857142857142,1,0,True,False,3.9,7,2,2,,2,1.3205672307151186,1.303145009667969,1.2273944022878729,0.017422221047149522,0.013192983016635188,positive,0.0757506073800962,0.1869882168571679,False,[],0,0.0,0.0,True,mcv:665,True,False,[1135],[],mcv_only
8,270,query.271,21,21,7,28,0.2727272727272727,query.32,0.0784313725490196,query.32,3,0.14285714285714285,0.2,1.0,1.0,1.0,1.0,1.0,1.0,0.0,0.0,0.0,0,0.0,0.0,0.0,0,0,False,False,3.0357142857142856,6,,,,,1.1977004608502833,1.1977004608502833,1.0020676361373737,0.0,0.0,neutral,0.19563282471290955,0.0,False,[],0,0.0,0.0,True,mcv:1203,True,False,[],[],no_extstat_consumption
8,272,query.273,45,45,8,53,0.3333333333333333,query.41,0.1076923076923077,query.41,6,0.13333333333333333,0.25,0.75,1.0,0.9555555555555556,0.9622641509433962,0.9555555555555556,1.0,0.0,0.044444444444444446,0.03773584905660377,5,0.09433962264150944,0.06666666666666667,0.25,2,0,True,False,3.3962264150943398,9,2.5,3,3,2,1.7178249880564123,1.391711317044897,1.0440229228582891,0.32611367101151534,0.18984103344572256,positive,0.3476883941866078,0.48399031088696004,True,"[""mcv:1074""]",1,0.0,0.0,True,mcv:824,True,False,"[838, 1074]",[],mcv_only
8,276,query.277,21,21,5,26,0.375,query.40,0.1095890410958904,query.381,6,0.2857142857142857,0.3,1.0,1.0,1.0,1.0,1.0,1.0,0.0,0.0,0.0,6,0.23076923076923078,0.23809523809523808,0.2,2,0,True,False,4.6923076923076925,9,6,9,,6,1.1529924490834003,1.2962588191461748,1.0162791107530946,-0.14326637006277454,-0.1242561216915754,negative,0.2799797083930802,-1.047932643679847,False,[],0,0.14326637006277454,0.0,False,mcv:1667,False,False,"[4, 841]",[],mcv_only
8,285,query.286,10,10,5,15,0.375,query.136,0.13333333333333333,query.136,3,0.3,0.3,1.0,1.0,1.0,1.0,1.0,1.0,0.0,0.0,0.0,2,0.13333333333333333,0.2,0.0,1,0,True,False,4.733333333333333,7,5,5,5,,1.0381028401540753,1.041162023502384,1.0024778565509558,-0.0030591833483086806,-0.0029468981588130867,negative,0.03868416695142818,-0.08587185280952112,True,"[""mcv:439""]",1,0.0030591833483086806,0.0030591833483086806,False,mcv:911,False,False,[439],[],mcv_only
8,293,query.294,15,15,8,23,0.5,query.53,0.17391304347826086,query.53,3,0.2,0.25,1.0,1.0,1.0,1.0,1.0,1.0,0.0,0.0,0.0,3,0.13043478260869565,0.13333333333333333,0.125,2,0,True,False,3.0869565217391304,9,2.5,3,,2.5,4.425506359773974,4.298928804344002,1.3021402824012676,0.1265775554299715,0.028601824320152208,positive,2.996788521942735,0.04052600697272259,False,[],0,0.0,0.0,True,mcv:879,True,False,"[753, 1044]",[],mcv_only
8,296,query.297,36,36,8,44,0.3076923076923077,query.199,0.11764705882352941,query.199,6,0.16666666666666666,0.2222222222222222,1.0,1.0,0.9444444444444444,0.9545454545454546,0.9444444444444444,1.0,0.0,0.05555555555555555,0.045454545454545456,2,0.045454545454545456,0.05555555555555555,0.0,2,0,True,False,3.75,9,5,8,8,2,24.09887927984396,22.6292674612163,10.534636414493887,1.4696118186276586,0.060982579378984894,positive,12.094631046722414,0.10834455215939766,True,"[""mcv:65""]",1,0.0,0.0,True,mcv:357,True,False,"[65, 1415]",[],mcv_only
8,297,query.298,15,15,4,19,0.3076923076923077,query.246,0.09433962264150944,query.34,6,0.4,0.3076923076923077,1.0,1.0,1.0,1.0,1.0,1.0,0.0,0.0,0.0,3,0.15789473684210525,0.2,0.0,2,0,True,False,5.157894736842105,8,4,5,3,5,31.65254749978733,31.787245975586078,29.781392551560096,-0.1346984757987464,-0.004255533485879814,negative,2.0058534240259824,-0.07198681003214726,True,"[""mcv:644""]",1,0.1346984757987464,0.04955819413229179,True,mcv:188,True,False,"[553, 644]",[],mcv_only
8,299,query.300,21,21,8,29,0.3,query.375,0.07462686567164178,query.122,3,0.14285714285714285,0.3,1.0,1.0,0.9523809523809523,0.9310344827586207,0.9523809523809523,0.875,0.0,0.047619047619047616,0.06896551724137931,0,0.0,0.0,0.0,0,0,False,False,3.1379310344827585,6,,,,,2.619309649350519,2.619309649350519,1.0603205343418454,0.0,0.0,neutral,1.5589891150086737,0.0,False,[],0,0.0,0.0,True,mcv:1885,True,False,[],[],no_extstat_consumption
8,307,query.308,28,28,7,35,0.4,query.379,0.1590909090909091,query.379,6,0.21428571428571427,0.3,0.75,1.0,1.0,1.0,1.0,1.0,0.0,0.0,0.0,4,0.11428571428571428,0.14285714285714285,0.0,2,0,True,False,3.9714285714285715,9,3,4,2,4,3.0568355340599473,1.9817058966689134,1.4067128874848307,1.075129637391034,0.35171327518660994,positive,0.5749930091840827,0.6515452894501512,True,"[""mcv:1552""]",1,0.0,0.0,True,mcv:295,True,False,"[96, 1552]",[],mcv_only
8,310,query.311,21,21,3,24,0.375,query.462,0.1346153846153846,query.104,6,0.2857142857142857,0.3,1.0,1.0,0.9523809523809523,0.9583333333333334,0.9523809523809523,1.0,0.0,0.047619047619047616,0.041666666666666664,1,0.041666666666666664,0.0,0.3333333333333333,0,1,True,False,3.4583333333333335,6,5,5,5,,1.415868020936828,1.4163767003023218,1.2090838624941869,-0.0005086793654938138,-0.0003592703260274494,negative,0.2072928378081349,-0.002459953263948476,True,"[""fd:108""]",1,0.0005086793654938138,0.0005086793654938138,True,mcv:2190,True,False,[],[108],fd_only
8,317,query.318,36,36,18,54,0.38461538461538464,query.69,0.1650485436893204,query.465,10,0.2777777777777778,0.23076923076923078,0.6,1.0,1.0,1.0,1.0,1.0,0.0,0.0,0.0,7,0.12962962962962962,0.1111111111111111,0.16666666666666666,2,1,True,True,4.425925925925926,7,4.666666666666667,6,4.666666666666667,,15.456247605823608,15.698926305526937,9.98543997229934,-0.24267869970332967,-0.01570101009587173,negative,5.713486333227598,-0.044358843512652846,True,"[""mcv:126"", ""mcv:447"", ""fd:56""]",3,0.24267869970332967,0.22180344302686272,True,mcv:170,True,False,"[126, 447]",[56],mcv_fd_composed
8,319,query.320,21,21,9,30,0.3,query.363,0.10416666666666667,query.363,3,0.14285714285714285,0.2222222222222222,1.0,1.0,0.9523809523809523,0.9666666666666667,0.9523809523809523,1.0,0.0,0.047619047619047616,0.03333333333333333,5,0.16666666666666666,0.14285714285714285,0.2222222222222222,2,0,True,False,3.8666666666666667,10,3.5,5,,3.5,1.0493789459810183,1.0194016964895571,1.0109790727807129,0.02997724949146119,0.02856665802784596,positive,0.008422623708844279,0.7806601166386852,False,[],0,0.0,0.0,True,fd:643,True,False,"[422, 1585]",[],mcv_only
8,328,query.329,45,45,20,65,0.3076923076923077,query.283,0.1,query.283,6,0.13333333333333333,0.3076923076923077,1.0,1.0,0.9555555555555556,0.9692307692307692,0.9555555555555556,1.0,0.0,0.044444444444444446,0.03076923076923077,7,0.1076923076923077,0.08888888888888889,0.15,3,0,True,False,2.8153846153846156,8,2,2,2,,1.59221085157195,1.597277520301269,1.2271399969417451,-0.005066668729319046,-0.003182159400758292,negative,0.3701375233595239,-0.013878590046448055,True,"[""mcv:1135"", ""mcv:1316"", ""mcv:1595""]",3,0.005066668729319046,0.005066668729319046,True,mcv:940,True,False,"[1135, 1316, 1595]",[],mcv_only
8,329,query.330,36,36,11,47,0.26666666666666666,query.392,0.08695652173913043,query.203,6,0.16666666666666666,0.26666666666666666,1.0,1.0,0.9166666666666666,0.9361702127659575,0.9166666666666666,1.0,0.0,0.08333333333333333,0.06382978723404255,3,0.06382978723404255,0.05555555555555555,0.09090909090909091,2,1,True,True,3.9148936170212765,8,4,5,,4,1.4029140445333756,1.003517466900653,1.0047072588417287,0.3993965776327226,0.28469069733033164,positive,0.0,1.0029878746014063,False,[],0,0.0,0.0,False,mcv:170,False,False,"[937, 1159]",[56],mcv_fd_composed
8,332,query.333,3,3,1,4,0.4,query.240,0.11764705882352941,query.257,1,0.3333333333333333,0.25,1.0,1.0,1.0,1.0,1.0,1.0,0.0,0.0,0.0,1,0.25,0.0,1.0,0,1,True,False,4,6,6,6,6,,1.0063127327468966,1.0110413789762138,1.0002132537485553,-0.004728646229317235,-0.004698982806676424,negative,0.010828125227658525,-0.7752541209836376,True,"[""fd:127""]",1,0.004728646229317235,0.004728646229317235,True,mcv:318,True,False,[],[127],fd_only
8,338,query.339,36,36,18,54,0.2777777777777778,query.335,0.10714285714285714,query.335,10,0.2777777777777778,0.17647058823529413,1.0,1.0,0.9166666666666666,0.9444444444444444,0.9166666666666666,1.0,0.0,0.08333333333333333,0.05555555555555555,6,0.1111111111111111,0.05555555555555555,0.2222222222222222,1,0,True,False,2.8518518518518516,7,4,4,,4,3.8700598582849843,3.940056318665141,1.8474546168052608,-0.06999646038015683,-0.018086660915672695,negative,2.0926017018598806,-0.034607079495625116,False,[],0,0.06999646038015683,0.0,True,mcv:1269,True,False,[373],[],mcv_only
8,339,query.340,10,10,5,15,0.3333333333333333,query.14,0.1111111111111111,query.14,1,0.1,0.3333333333333333,1.0,1.0,1.0,1.0,1.0,1.0,0.0,0.0,0.0,1,0.06666666666666667,0.0,0.2,0,0,False,False,3.533333333333333,6,,,,,1.6476955717554587,1.6476955717554587,1.005562962422504,0.0,0.0,neutral,0.6421326093329547,0.0,False,[],0,0.0,0.0,True,mcv:1784,True,False,[],[],no_extstat_consumption
8,353,query.354,28,28,14,42,0.2857142857142857,query.196,0.10204081632653061,query.196,6,0.21428571428571427,0.21428571428571427,1.0,1.0,0.9642857142857143,0.9761904761904762,0.9642857142857143,1.0,0.0,0.03571428571428571,0.023809523809523808,4,0.09523809523809523,0.14285714285714285,0.0,3,0,True,False,3.6904761904761907,8,4.666666666666667,6,4.5,5,1.3943704464733595,1.4029182472846586,1.0156478454065212,-0.008547800811299133,-0.006130222304207769,negative,0.38727040187813744,-0.022570083716209447,True,"[""mcv:120"", ""mcv:1384""]",2,0.008547800811299133,0.008547800811299133,True,mcv:35,True,False,"[120, 191, 1384]",[],mcv_only
8,358,query.359,55,55,29,84,0.35714285714285715,query.370,0.1308411214953271,query.370,10,0.18181818181818182,0.23076923076923078,0.75,1.0,0.9636363636363636,0.9642857142857143,0.9636363636363636,0.9655172413793104,0.0,0.03636363636363636,0.03571428571428571,8,0.09523809523809523,0.05454545454545454,0.1724137931034483,3,1,True,True,3.5595238095238093,10,5,8,3,5.666666666666667,2.7532226374738324,2.671024709581837,1.3047979782566077,0.08219792789199554,0.029855169274437862,positive,1.3662267313252292,0.05674988158266923,True,"[""mcv:1052""]",1,0.0,0.0,True,mcv:221,True,False,"[40, 85, 1052]",[467],mcv_fd_composed
8,359,query.360,21,21,9,30,0.36363636363636365,query.61,0.1774193548387097,query.61,6,0.2857142857142857,0.2727272727272727,0.75,1.0,0.9523809523809523,0.9666666666666667,0.9523809523809523,1.0,0.0,0.047619047619047616,0.03333333333333333,4,0.13333333333333333,0.09523809523809523,0.2222222222222222,2,0,True,False,3.8333333333333335,9,6,9,,6,1.6489575712892384,1.360119166869027,1.349283566604505,0.28883840442021147,0.17516424282183501,positive,0.010835600264521794,0.9638420413678483,False,[],0,0.0,0.0,False,mcv:1173,False,False,"[29, 1000]",[],mcv_only
8,360,query.361,36,36,11,47,0.2727272727272727,query.152,0.09090909090909091,query.152,6,0.16666666666666666,0.23076923076923078,1.0,1.0,0.9722222222222222,0.9787234042553191,0.9722222222222222,1.0,0.0,0.027777777777777776,0.02127659574468085,3,0.06382978723404255,0.08333333333333333,0.0,2,0,True,False,2.9148936170212765,8,3,3,3,3,4.409735916266321,4.2152067392094725,1.0601396704741486,0.19452917705684847,0.04411356615240451,positive,3.155067068735324,0.058075410521856115,True,"[""mcv:1258""]",1,0.0,0.0,True,mcv:479,True,False,"[285, 1258]",[],mcv_only
8,371,query.372,36,36,7,43,0.3076923076923077,query.160,0.07792207792207792,query.160,6,0.16666666666666666,0.23076923076923078,1.0,1.0,1.0,1.0,1.0,1.0,0.0,0.0,0.0,8,0.18604651162790697,0.1388888888888889,0.42857142857142855,2,0,True,False,3.4186046511627906,8,2.5,3,,2.5,3.6822074211072833,2.287024617177939,2.2619384223340417,1.3951828039293441,0.37889848245153884,positive,0.025086194843897403,0.9823370116044456,False,[],0,0.0,0.0,True,mcv:781,True,False,"[385, 1281]",[],mcv_only
8,373,query.374,55,55,19,74,0.3333333333333333,query.343,0.1262135922330097,query.343,10,0.18181818181818182,0.23076923076923078,1.0,1.0,0.9818181818181818,0.9864864864864865,0.9818181818181818,1.0,0.0,0.01818181818181818,0.013513513513513514,4,0.05405405405405406,0.03636363636363636,0.10526315789473684,1,1,True,True,3.2027027027027026,7,2.5,3,3,2,64.04186277967081,12.400904763246494,11.946492108345211,51.640958016424314,0.8063625224970348,positive,0.454412654901283,0.9912772929908069,True,"[""fd:355""]",1,0.0,0.0,True,mcv:1351,True,False,[385],[355],mcv_fd_composed
8,383,query.384,15,15,5,20,0.3,query.36,0.12195121951219512,query.36,3,0.2,0.2857142857142857,1.0,1.0,1.0,1.0,1.0,1.0,0.0,0.0,0.0,4,0.2,0.26666666666666666,0.0,2,0,True,False,2.6,5,4.5,5,5,4,1.187743529414538,1.2094349822742692,1.0607452421117054,-0.021691452859731175,-0.018262741343178117,negative,0.14868974016256375,-0.17080114480604786,True,"[""mcv:173""]",1,0.021691452859731175,0.021691452859731175,False,mcv:1234,False,False,"[173, 251]",[],mcv_only
8,388,query.389,15,15,5,20,0.3,query.218,0.10204081632653061,query.348,3,0.2,0.3,1.0,1.0,1.0,1.0,1.0,1.0,0.0,0.0,0.0,2,0.1,0.0,0.4,0,1,True,False,4.15,8,3,3,3,,1.1830684326358198,1.1862764775748305,1.0734839774427767,-0.0032080449390106125,-0.0027116309171255986,negative,0.11279250013205377,-0.029274635105493243,True,"[""fd:353""]",1,0.0032080449390106125,0.0032080449390106125,True,mcv:1563,True,False,[],[353],fd_only
8,393,query.394,15,15,7,22,0.4,query.398,0.14035087719298245,query.398,6,0.4,0.4,1.0,1.0,1.0,1.0,1.0,1.0,0.0,0.0,0.0,3,0.13636363636363635,0.13333333333333333,0.14285714285714285,1,0,True,False,3.727272727272727,6,5,5,,5,2.464829260813626,2.494534597919684,1.4631412735263063,-0.029705337106057605,-0.012051681460586054,negative,1.0313933243933775,-0.029655279371476634,False,[],0,0.029705337106057605,0.0,True,mcv:1827,True,False,[424],[],mcv_only
8,403,query.404,21,21,5,26,0.3333333333333333,query.293,0.09090909090909091,query.293,6,0.2857142857142857,0.25,0.75,1.0,1.0,1.0,1.0,1.0,0.0,0.0,0.0,2,0.07692307692307693,0.09523809523809523,0.0,1,0,True,False,2.923076923076923,7,3,3,,3,1.1797785926277689,1.2214868621334591,1.0021697373714564,-0.04170826950569029,-0.035352624438448034,negative,0.2193171247620027,-0.2348321509392079,False,[],0,0.04170826950569029,0.0,True,mcv:1263,False,True,[285],[],mcv_only
8,415,query.416,3,3,2,5,0.3333333333333333,query.84,0.125,query.84,1,0.3333333333333333,0.3333333333333333,1.0,1.0,1.0,1.0,1.0,1.0,0.0,0.0,0.0,0,0.0,0.0,0.0,0,0,False,False,3.2,4,,,,,1.0011403947650737,1.0011403947650737,1.0011283243419706,0.0,0.0,neutral,1.207042310302775e-05,0.0,False,[],0,0.0,0.0,True,fd:236,True,False,[],[],no_extstat_consumption
8,416,query.417,6,6,4,10,0.3333333333333333,query.143,0.11764705882352941,query.411,3,0.5,0.3333333333333333,1.0,1.0,0.8333333333333334,0.8,0.8333333333333334,0.75,0.0,0.16666666666666666,0.2,0,0.0,0.0,0.0,0,0,False,False,1.9,6,,,,,1.4141433095348512,1.4141433095348512,1.179052645729448,0.0,0.0,neutral,0.23509066380540333,0.0,False,[],0,0.0,0.0,True,mcv:648,False,True,[],[],no_extstat_consumption
8,425,query.426,6,6,2,8,0.375,query.95,0.13333333333333333,query.95,3,0.5,0.25,0.6666666666666666,1.0,1.0,1.0,1.0,1.0,0.0,0.0,0.0,2,0.25,0.16666666666666666,0.5,1,0,True,False,3.5,4,4,4,4,,1.0177774763094243,1.0207452176501508,1.0026938213124998,-0.0029677413407265263,-0.002915903927730736,negative,0.01805139633765096,-0.19675213609245573,True,"[""mcv:373""]",1,0.0029677413407265263,0.002613426272628061,True,mcv:417,False,True,[373],[],mcv_only
8,426,query.427,10,10,0,10,0.3,query.123,0.07142857142857142,query.173,3,0.3,0.25,1.0,1.0,0.9,0.9,0.9,1.0,0.0,0.1,0.1,1,0.1,0.1,0.0,1,0,True,False,3.1,7,4,4,4,,1.1140950712208577,1.211284790490652,1.0249610881316076,-0.09718971926979436,-0.08723646821567126,negative,0.1863237023590445,-1.090377832352426,True,"[""mcv:941""]",1,0.09718971926979436,0.09718971926979436,False,mcv:1156,False,False,[941],[],mcv_only
8,427,query.428,15,15,5,20,0.3,query.229,0.09090909090909091,query.229,3,0.2,0.25,1.0,1.0,1.0,1.0,1.0,1.0,0.0,0.0,0.0,1,0.05,0.06666666666666667,0.0,1,0,True,False,2.95,6,2,2,,2,3.0544137635497837,2.5372720584205806,1.8064311435490925,0.5171417051292031,0.16930964340868818,positive,0.7308409148714881,0.41438213709171423,False,[],0,0.0,0.0,True,mcv:1313,True,False,[1415],[],mcv_only
8,444,query.445,36,36,12,48,0.3333333333333333,query.355,0.1,query.355,10,0.2777777777777778,0.26666666666666666,1.0,1.0,1.0,1.0,1.0,1.0,0.0,0.0,0.0,6,0.125,0.1388888888888889,0.08333333333333333,2,1,True,True,4.208333333333333,10,6,10,,6,2.1596103328461016,2.106586726309319,1.4380628284989616,0.05302360653678262,0.02455239527720911,positive,0.6685238978103574,0.0734859537554061,False,[],0,0.0,0.0,True,mcv:1279,True,False,"[399, 544]",[0],mcv_fd_composed
8,447,query.448,28,28,6,34,0.3333333333333333,query.135,0.10638297872340426,query.49,6,0.21428571428571427,0.2,0.75,1.0,0.9642857142857143,0.9705882352941176,0.9642857142857143,1.0,0.0,0.03571428571428571,0.029411764705882353,6,0.17647058823529413,0.17857142857142858,0.16666666666666666,2,0,True,False,2.8529411764705883,5,2.5,3,3,2,2.790606669463446,1.8398359069144066,1.5612077565766722,0.9507707625490394,0.340703966973549,positive,0.27862815033773436,0.7733622932173556,True,"[""mcv:1003""]",1,0.0,0.0,True,mcv:1023,True,False,"[385, 1003]",[],mcv_only
8,463,query.464,15,15,4,19,0.3333333333333333,query.186,0.11428571428571428,query.186,6,0.4,0.3333333333333333,1.0,1.0,0.9333333333333333,0.9473684210526315,0.9333333333333333,1.0,0.0,0.06666666666666667,0.05263157894736842,0,0.0,0.0,0.0,0,0,False,False,3.263157894736842,7,,,,,1.6257160114104519,1.6257160114104519,1.200818054217418,0.0,0.0,neutral,0.4248979571930338,0.0,False,[],0,0.0,0.0,True,mcv:1325,True,False,[],[],no_extstat_consumption
9,1,query.2,15,15,5,20,0.375,query.12,0.1724137931034483,query.408,3,0.2,0.3333333333333333,1.0,1.0,0.9333333333333333,0.9,0.9333333333333333,0.8,0.0,0.06666666666666667,0.1,3,0.15,0.06666666666666667,0.4,1,0,True,False,3.05,6,6,6,,6,1.1079295631428598,1.1079295645106542,1.0609984436776159,-1.367794322248983e-09,-1.2345498917539178e-09,negative,0.0469311208330383,-2.914471970484185e-08,False,[],0,1.367794322248983e-09,0.0,True,mcv:144,True,False,[145],[],mcv_only
9,2,query.3,28,28,5,33,0.4,query.423,0.1590909090909091,query.423,6,0.21428571428571427,0.3,0.75,1.0,0.9285714285714286,0.9393939393939394,0.9285714285714286,1.0,0.0,0.07142857142857142,0.06060606060606061,2,0.06060606060606061,0.03571428571428571,0.2,1,0,True,False,3,6,4,4,,4,1.4888443444551684,1.1419054977617602,1.0673902379556242,0.34693884669340824,0.23302560001352454,positive,0.07451525980613605,0.8231948421975653,False,[],0,0.0,0.0,True,fd:227,True,False,[832],[],mcv_only
9,3,query.4,10,10,0,10,0.3,query.183,0.075,query.410,3,0.3,0.25,1.0,1.0,1.0,1.0,1.0,1.0,0.0,0.0,0.0,1,0.1,0.1,0.0,1,0,True,False,2.9,5,4,4,,4,1.4125998906119643,1.1081367534156272,1.0944795706550003,0.3044631371963371,0.2155338813345356,positive,0.013657182760626885,0.957069127924697,False,[],0,0.0,0.0,True,mcv:1538,True,False,[623],[],mcv_only
9,4,query.5,28,28,10,38,0.3076923076923077,query.430,0.10204081632653061,query.278,6,0.21428571428571427,0.3,1.0,1.0,0.9642857142857143,0.9736842105263158,0.9642857142857143,1.0,0.0,0.03571428571428571,0.02631578947368421,2,0.05263157894736842,0.07142857142857142,0.0,1,0,True,False,3.6315789473684212,8,3,3,,3,1.435978114586357,1.4365485823256094,1.08040907264989,-0.0005704677392524005,-0.0003972677114349528,negative,0.3561395096757194,-0.0016043796618107477,False,[],0,0.0005704677392524005,0.0,True,mcv:1018,False,True,[420],[],mcv_only
9,8,query.9,6,6,1,7,0.3333333333333333,query.243,0.08888888888888889,query.243,3,0.5,0.2857142857142857,1.0,1.0,1.0,1.0,1.0,1.0,0.0,0.0,0.0,0,0.0,0.0,0.0,0,0,False,False,3,4,,,,,1.0051890554009093,1.0051890554009093,1.0011953001753253,0.0,0.0,neutral,0.003993755225583984,0.0,False,[],0,0.0,0.0,True,mcv:785,True,False,[],[],no_extstat_consumption
9,12,query.13,36,36,17,53,0.3333333333333333,query.387,0.11009174311926606,query.387,10,0.2777777777777778,0.23076923076923078,1.0,1.0,0.9722222222222222,0.9622641509433962,0.9722222222222222,0.9411764705882353,0.0,0.027777777777777776,0.03773584905660377,2,0.03773584905660377,0.05555555555555555,0.0,2,0,True,False,2.849056603773585,8,3.5,6,,3.5,2.8819149052315103,1.6464032283107375,1.7778412384225517,1.2355116769207728,0.42871206040052096,positive,0.0,1.1190482248269737,False,[],0,0.0,0.0,True,mcv:1298,False,True,"[182, 841]",[],mcv_only
9,20,query.21,21,21,2,23,0.4,query.436,0.15217391304347827,query.436,6,0.2857142857142857,0.4,1.0,1.0,1.0,1.0,1.0,1.0,0.0,0.0,0.0,3,0.13043478260869565,0.09523809523809523,0.5,1,0,True,False,3.6956521739130435,6,6,6,6,,1.2914954919730355,1.3419825715589988,1.1375012027198763,-0.050487079585963324,-0.039091951849428076,negative,0.2044813688391225,-0.3278503367288186,True,"[""mcv:50""]",1,0.050487079585963324,0.050487079585963324,False,mcv:705,False,False,[50],[],mcv_only
9,22,query.23,21,21,7,28,0.4,query.467,0.14583333333333334,query.467,6,0.2857142857142857,0.3,1.0,1.0,0.9523809523809523,0.9642857142857143,0.9523809523809523,1.0,0.0,0.047619047619047616,0.03571428571428571,4,0.14285714285714285,0.09523809523809523,0.2857142857142857,2,0,True,False,3.8214285714285716,7,4,4,4,4,1.140252772406969,1.1381830083312992,1.0283450524208344,0.0020697640756699442,0.0018151800423171628,positive,0.10983795591046475,0.018495275177855354,True,"[""mcv:404""]",1,0.0,0.0,False,mcv:1086,False,False,"[404, 969]",[],mcv_only
9,26,query.27,36,36,10,46,0.23076923076923078,query.94,0.07142857142857142,query.300,6,0.16666666666666666,0.23076923076923078,1.0,1.0,0.9166666666666666,0.8695652173913043,0.9166666666666666,0.7,0.0,0.08333333333333333,0.13043478260869565,1,0.021739130434782608,0.027777777777777776,0.0,1,0,True,False,3.0434782608695654,8,2,2,,2,9.792400727718997,8.957549713013334,1.9488556885826764,0.8348510147056629,0.0852549888346052,positive,7.008694024430658,0.10643797039987307,False,[],0,0.0,0.0,True,mcv:360,True,False,[482],[],mcv_only
9,28,query.29,15,15,6,21,0.2727272727272727,query.410,0.08,query.410,3,0.2,0.25,1.0,1.0,0.9333333333333333,0.9047619047619048,0.9333333333333333,0.8333333333333334,0.0,0.06666666666666667,0.09523809523809523,2,0.09523809523809523,0.0,0.3333333333333333,0,2,True,False,3.5238095238095237,7,5.5,7,5.5,,1.0072189013134303,1.0302952935369794,1.0052166619309144,-0.02307639222354907,-0.022910999975732253,negative,0.02507863160606494,-11.52529134381172,True,"[""fd:195"", ""fd:22""]",2,0.02307639222354907,0.015671468483985818,True,mcv:1594,True,False,[],"[195, 22]",fd_only
9,32,query.33,6,6,1,7,0.3333333333333333,query.209,0.08333333333333333,query.450,3,0.5,0.3333333333333333,1.0,1.0,0.8333333333333334,0.7142857142857143,0.8333333333333334,0.0,0.0,0.16666666666666666,0.2857142857142857,1,0.14285714285714285,0.16666666666666666,0.0,1,0,True,False,3.5714285714285716,7,7,7,7,,1.0132712793166891,1.020332647275634,1.0028702062240058,-0.007061367958944853,-0.006968881979667642,negative,0.017462441051628197,-0.6789076373198634,True,"[""mcv:112""]",1,0.007061367958944853,0.007061367958944853,False,mcv:1139,False,False,[112],[],mcv_only
9,35,query.36,21,21,5,26,0.3,query.25,0.12195121951219512,query.384,3,0.14285714285714285,0.25,1.0,1.0,0.9523809523809523,0.9615384615384616,0.9523809523809523,1.0,0.0,0.047619047619047616,0.038461538461538464,0,0.0,0.0,0.0,0,0,False,False,3.8076923076923075,8,,,,,1.1553371410467075,1.1553371410467075,1.108922869390759,0.0,0.0,neutral,0.04641427165594858,0.0,False,[],0,0.0,0.0,True,mcv:825,True,False,[],[],no_extstat_consumption
9,41,query.42,55,55,26,81,0.2727272727272727,query.212,0.08270676691729323,query.116,6,0.10909090909090909,0.2727272727272727,1.0,1.0,0.9636363636363636,0.9506172839506173,0.9636363636363636,0.9230769230769231,0.0,0.03636363636363636,0.04938271604938271,2,0.024691358024691357,0.01818181818181818,0.038461538461538464,1,0,True,False,3.1728395061728394,7,2,2,,2,1.479871054306232,1.1342717612539508,1.032857806252845,0.3455992930522811,0.2335333825515623,positive,0.10141395500110573,0.773129867083953,False,[],0,0.0,0.0,True,mcv:1292,False,True,[1713],[],mcv_only
9,42,query.43,15,15,6,21,0.2727272727272727,query.128,0.06666666666666667,query.128,3,0.2,0.2727272727272727,1.0,1.0,0.8666666666666667,0.9047619047619048,0.8666666666666667,1.0,0.0,0.13333333333333333,0.09523809523809523,1,0.047619047619047616,0.0,0.16666666666666666,0,1,True,False,3.142857142857143,8,3,3,3,,1.0247449359575773,1.0249530261646715,1.008712082524676,-0.00020809020709422477,-0.0002030653675782979,negative,0.01624094363999551,-0.012978987674595677,True,"[""fd:426""]",1,0.00020809020709422477,0.00020809020709422477,True,mcv:309,True,False,[],[426],fd_only
9,43,query.44,15,15,6,21,0.375,query.219,0.125,query.219,3,0.2,0.375,1.0,1.0,1.0,1.0,1.0,1.0,0.0,0.0,0.0,2,0.09523809523809523,0.13333333333333333,0.0,2,0,True,False,3.7142857142857144,7,3.5,5,2,,1.0443159589773674,1.1071857692943863,1.0297625015848202,-0.06286981031701888,-0.06020190515769127,negative,0.07742326770956609,-4.3199226562627215,True,"[""mcv:1652""]",1,0.06286981031701888,0.06286981031701888,True,mcv:565,True,False,"[413, 1652]",[],mcv_only
9,44,query.45,3,3,0,3,0.4,query.312,0.08333333333333333,query.312,1,0.3333333333333333,0.4,1.0,1.0,1.0,1.0,1.0,1.0,0.0,0.0,0.0,0,0.0,0.0,0.0,0,0,False,False,4,6,,,,,1.0167340553089397,1.0167340553089397,1.0026241834071825,0.0,0.0,neutral,0.014109871901757165,0.0,False,[],0,0.0,0.0,True,mcv:229,True,False,[],[],no_extstat_consumption
9,47,query.48,15,15,3,18,0.375,query.90,0.13333333333333333,query.90,3,0.2,0.2857142857142857,1.0,1.0,1.0,1.0,1.0,1.0,0.0,0.0,0.0,1,0.05555555555555555,0.0,0.3333333333333333,0,0,False,False,4.611111111111111,6,,,,,2.418887934006248,2.418887934006248,1.503451237800211,0.0,0.0,neutral,0.9154366962060372,0.0,False,[],0,0.0,0.0,True,mcv:464,True,False,[],[],no_extstat_consumption
9,52,query.53,3,3,1,4,0.3333333333333333,query.12,0.07142857142857142,query.12,1,0.3333333333333333,0.2857142857142857,1.0,1.0,1.0,1.0,1.0,1.0,0.0,0.0,0.0,1,0.25,0.3333333333333333,0.0,1,0,True,False,3.5,4,3,3,3,,1.0095864158805332,1.0095864346605208,1.0047072258455236,-1.8779987565054057e-08,-1.8601664275241535e-08,negative,0.004879208814997149,-3.848996950375426e-06,True,"[""mcv:753""]",1,1.8779987565054057e-08,1.8779987565054057e-08,True,mcv:655,True,False,[753],[],mcv_only
9,56,query.57,15,15,3,18,0.25,query.165,0.05,query.101,3,0.2,0.25,1.0,1.0,0.9333333333333333,0.9444444444444444,0.9333333333333333,1.0,0.0,0.06666666666666667,0.05555555555555555,0,0.0,0.0,0.0,0,0,False,False,2.7222222222222223,7,,,,,1.032075631264293,1.032075631264293,1.000909285376557,0.0,0.0,neutral,0.031166345887735813,0.0,False,[],0,0.0,0.0,True,mcv:1308,True,False,[],[],no_extstat_consumption
9,57,query.58,15,15,8,23,0.3,query.16,0.13043478260869565,query.442,6,0.4,0.3,1.0,1.0,1.0,1.0,1.0,1.0,0.0,0.0,0.0,4,0.17391304347826086,0.06666666666666667,0.375,1,0,True,False,3.782608695652174,8,5,5,,5,1.1722560903616939,1.0847041862112394,1.1687227706397307,0.08755190415045444,0.07468667031914565,positive,0.0,24.77893625256478,False,[],0,0.0,0.0,False,fd:185,False,False,[173],[],mcv_only
9,62,query.63,36,36,12,48,0.25,query.98,0.06451612903225806,query.423,3,0.08333333333333333,0.25,1.0,1.0,0.9166666666666666,0.9166666666666666,0.9166666666666666,0.9166666666666666,0.0,0.08333333333333333,0.08333333333333333,3,0.0625,0.027777777777777776,0.16666666666666666,1,0,True,False,2.6458333333333335,6,4,4,4,,2.3904459668649087,3.0615342670420214,1.2343611124226619,-0.6710883001771126,-0.28073769893960454,negative,1.8271731546193595,-0.5804836016997033,True,"[""mcv:404""]",1,0.6710883001771126,0.6710883001771126,False,mcv:661,False,False,[404],[],mcv_only
9,67,query.68,15,15,8,23,0.3,query.28,0.08163265306122448,query.28,3,0.2,0.2222222222222222,1.0,1.0,1.0,1.0,1.0,1.0,0.0,0.0,0.0,2,0.08695652173913043,0.06666666666666667,0.125,1,0,True,False,4.695652173913044,8,4,4,4,,2.3169397304707293,3.029958972209651,1.3364422597211834,-0.7130192417389218,-0.3077418166566028,negative,1.6935167124884678,-0.7272015104677944,True,"[""mcv:79""]",1,0.7130192417389218,0.7030148093851856,False,mcv:1473,False,False,[79],[],mcv_only
9,68,query.69,36,36,14,50,0.38461538461538464,query.318,0.15555555555555556,query.318,10,0.2777777777777778,0.2727272727272727,1.0,1.0,0.9444444444444444,0.94,0.9444444444444444,0.9285714285714286,0.0,0.05555555555555555,0.06,0,0.0,0.0,0.0,0,0,False,False,3.46,7,,,,,1.3094300552322364,1.3094300552322364,1.1058369537529396,0.0,0.0,neutral,0.20359310147929688,0.0,False,[],0,0.0,0.0,True,mcv:1730,True,False,[],[],no_extstat_consumption
9,70,query.71,28,28,12,40,0.3333333333333333,query.223,0.11267605633802817,query.223,6,0.21428571428571427,0.3333333333333333,1.0,1.0,1.0,1.0,1.0,1.0,0.0,0.0,0.0,6,0.15,0.07142857142857142,0.3333333333333333,1,1,True,True,4.2,9,7,9,,7,2.1435886379542812,1.6979902404570655,1.3266035981242765,0.44559839749721575,0.20787495772624986,positive,0.37138664233278895,0.5454180624775384,False,[],0,0.0,0.0,False,mcv:98,False,False,[14],[57],mcv_fd_composed
9,71,query.72,21,21,6,27,0.375,query.225,0.125,query.225,3,0.14285714285714285,0.25,0.6666666666666666,1.0,0.9523809523809523,0.9629629629629629,0.9523809523809523,1.0,0.0,0.047619047619047616,0.037037037037037035,1,0.037037037037037035,0.047619047619047616,0.0,1,0,True,False,3.4814814814814814,9,4,4,,4,7.511368534404937,1.592532803376538,1.5877110629608078,5.918835731028399,0.7879836682114412,positive,0.004821740415730247,0.9991860197118125,False,[],0,0.0,0.0,True,fd:554,True,False,[973],[],mcv_only
9,80,query.81,21,21,9,30,0.2857142857142857,query.26,0.08064516129032258,query.22,3,0.14285714285714285,0.2857142857142857,1.0,1.0,0.9523809523809523,0.9666666666666667,0.9523809523809523,1.0,0.0,0.047619047619047616,0.03333333333333333,2,0.06666666666666667,0.09523809523809523,0.0,2,0,True,False,3.1333333333333333,7,5.5,7,4,7,7.137764392885996,3.2535357661950157,1.6544311021162226,3.8842286266909807,0.5441799999117761,positive,1.5991046640787931,0.7083699678130811,True,"[""mcv:633""]",1,0.0,0.0,True,mcv:1072,True,False,"[126, 633]",[],mcv_only
9,86,query.87,21,21,7,28,0.2857142857142857,query.355,0.09433962264150944,query.412,6,0.2857142857142857,0.2857142857142857,1.0,1.0,1.0,1.0,1.0,1.0,0.0,0.0,0.0,3,0.10714285714285714,0.047619047619047616,0.2857142857142857,1,0,True,False,3.857142857142857,9,4,4,4,,1.0680078316747157,1.3774057311344845,1.0330760244260069,-0.3093978994597688,-0.2896962833826882,negative,0.3443297067084776,-8.857197031258814,True,"[""mcv:789""]",1,0.3093978994597688,0.3002137143676673,True,mcv:266,True,False,[789],[],mcv_only
9,95,query.96,28,28,12,40,0.36363636363636365,query.400,0.13793103448275862,query.400,6,0.21428571428571427,0.2727272727272727,1.0,1.0,1.0,1.0,1.0,1.0,0.0,0.0,0.0,8,0.2,0.14285714285714285,0.3333333333333333,2,0,True,False,3.55,8,2.5,3,,2.5,1.7361492145166297,1.310074176986538,1.310074176986538,0.4260750375300917,0.24541383538206848,positive,0.0,1.0,False,[],0,0.0,0.0,False,,False,False,"[919, 1834]",[],mcv_only
9,98,query.99,36,36,7,43,0.36363636363636365,query.154,0.14814814814814814,query.154,6,0.16666666666666666,0.36363636363636365,1.0,1.0,1.0,1.0,1.0,1.0,0.0,0.0,0.0,3,0.06976744186046512,0.08333333333333333,0.0,2,0,True,False,4.372093023255814,9,6.5,7,6,7,2.211074151188032,2.321122380056284,1.5126832568753434,-0.11004822886825227,-0.04977138772533806,negative,0.8084391231809407,-0.15757397435222104,True,"[""mcv:146""]",1,0.11004822886825227,0.11004822886825227,True,mcv:2066,False,True,"[4, 146]",[],mcv_only
9,101,query.102,45,45,19,64,0.2727272727272727,query.256,0.06796116504854369,query.59,6,0.13333333333333333,0.2727272727272727,1.0,1.0,0.9333333333333333,0.921875,0.9333333333333333,0.8947368421052632,0.0,0.06666666666666667,0.078125,5,0.078125,0.06666666666666667,0.10526315789473684,2,1,True,True,3.015625,7,4.666666666666667,6,4.5,5,1.7348445448804588,1.8684304594699526,1.0285799677064082,-0.13358591458949376,-0.07700166276206531,negative,0.8398504917635443,-0.18914429366400615,True,"[""mcv:197"", ""mcv:1252""]",2,0.13358591458949376,0.13358591458949376,False,mcv:640,False,False,"[197, 1252]",[122],mcv_fd_composed
9,102,query.103,66,66,33,99,0.3333333333333333,query.180,0.1286549707602339,query.180,15,0.22727272727272727,0.2777777777777778,0.8333333333333334,1.0,1.0,1.0,1.0,1.0,0.0,0.0,0.0,13,0.13131313131313133,0.09090909090909091,0.21212121212121213,2,1,True,True,4.101010101010101,9,5.333333333333333,7,,5.333333333333333,1.0531188985850513,1.1214799945715257,1.0006858845048605,-0.06836109598647444,-0.0649129894813615,negative,0.12079411006666518,-1.303779635515963,False,[],0,0.06836109598647444,0.0,True,mcv:1977,True,False,"[79, 173]",[6],mcv_fd_composed
9,103,query.104,28,28,7,35,0.36363636363636365,query.311,0.1346153846153846,query.311,6,0.21428571428571427,0.18181818181818182,0.6666666666666666,1.0,0.9642857142857143,0.9428571428571428,0.9642857142857143,0.8571428571428571,0.0,0.03571428571428571,0.05714285714285714,1,0.02857142857142857,0.03571428571428571,0.0,1,0,True,False,3.2,7,3,3,3,,19.88045001925563,19.899394943336176,1.3683666243829655,-0.0189449240805466,-0.000952942416403909,negative,18.53102831895321,-0.0010233815220275974,True,"[""mcv:422""]",1,0.0189449240805466,0.0189449240805466,True,mcv:1649,True,False,[422],[],mcv_only
9,104,query.105,28,28,14,42,0.4,query.179,0.16363636363636364,query.179,6,0.21428571428571427,0.25,1.0,1.0,0.9642857142857143,0.9761904761904762,0.9642857142857143,1.0,0.0,0.03571428571428571,0.023809523809523808,3,0.07142857142857142,0.07142857142857142,0.07142857142857142,1,0,True,False,3.9523809523809526,10,6,6,,6,1.0178365946733003,1.0425982403948082,1.000447597754939,-0.024761645721507852,-0.024327722004783794,negative,0.04215064263986923,-1.4239835591299435,False,[],0,0.024761645721507852,0.0,True,fd:155,True,False,[270],[],mcv_only
9,107,query.108,10,10,1,11,0.42857142857142855,query.325,0.13043478260869565,query.325,3,0.3,0.375,1.0,1.0,1.0,1.0,1.0,1.0,0.0,0.0,0.0,0,0.0,0.0,0.0,0,0,False,False,3.1818181818181817,6,,,,,1.1340459091158797,1.1340459091158797,1.1267478357612648,0.0,0.0,neutral,0.0072980733546148535,0.0,False,[],0,0.0,0.0,True,mcv:189,True,False,[],[],no_extstat_consumption
9,114,query.115,6,6,3,9,0.4,query.239,0.08695652173913043,query.47,1,0.16666666666666666,0.2857142857142857,1.0,1.0,1.0,1.0,1.0,1.0,0.0,0.0,0.0,0,0.0,0.0,0.0,0,0,False,False,2.4444444444444446,3,,,,,1.448473432991522,1.448473432991522,1.0037542022816317,0.0,0.0,neutral,0.4447192307098904,0.0,False,[],0,0.0,0.0,True,mcv:1876,True,False,[],[],no_extstat_consumption
9,121,query.122,28,28,15,43,0.36363636363636365,query.380,0.16666666666666666,query.380,10,0.35714285714285715,0.25,1.0,1.0,1.0,1.0,1.0,1.0,0.0,0.0,0.0,9,0.20930232558139536,0.03571428571428571,0.5333333333333333,1,1,True,True,4.3023255813953485,10,5.5,7,,5.5,1.7517912127262232,1.7032447357491705,1.021270222177846,0.04854647697705272,0.027712478875551796,positive,0.6819745135713244,0.06645459556283323,False,[],0,0.0,0.0,True,mcv:124,True,False,[846],[58],mcv_fd_composed
9,136,query.137,10,10,1,11,0.3333333333333333,query.206,0.11764705882352941,query.206,3,0.3,0.25,1.0,1.0,1.0,1.0,1.0,1.0,0.0,0.0,0.0,2,0.18181818181818182,0.2,0.0,1,0,True,False,3.8181818181818183,6,6,6,6,,1.1127066512284944,1.156204526060857,1.0384714170718172,-0.04349787483236267,-0.03909195184942808,negative,0.11773310898903988,-0.5859464892446922,True,"[""mcv:50""]",1,0.04349787483236267,0.04349787483236267,False,mcv:113,False,False,[50],[],mcv_only
9,143,query.144,36,36,8,44,0.3333333333333333,query.73,0.12,query.387,10,0.2777777777777778,0.3333333333333333,1.0,1.0,0.9444444444444444,0.9545454545454546,0.9444444444444444,1.0,0.0,0.05555555555555555,0.045454545454545456,3,0.06818181818181818,0.05555555555555555,0.125,2,0,True,False,3.090909090909091,7,3,3,,3,1.3745974657893933,1.3033436998786478,1.0878789192953604,0.0712537659107455,0.05183609579101503,positive,0.21546478058328744,0.24851467329905846,False,[],0,0.0,0.0,True,mcv:2168,True,False,"[1025, 1377]",[],mcv_only
9,149,query.150,36,36,12,48,0.3076923076923077,query.352,0.1388888888888889,query.352,6,0.16666666666666666,0.2727272727272727,1.0,1.0,1.0,1.0,1.0,1.0,0.0,0.0,0.0,4,0.08333333333333333,0.1111111111111111,0.0,1,0,True,False,3.7916666666666665,7,7,7,,7,6.538092856752774,4.392281694214286,3.650516212293459,2.1458111625384886,0.3282013898475331,positive,0.7417654819208268,0.7431183399602129,False,[],0,0.0,0.0,True,mcv:2004,True,False,[107],[],mcv_only
9,169,query.170,28,28,16,44,0.3333333333333333,query.142,0.1232876712328767,query.142,6,0.21428571428571427,0.25,0.75,1.0,0.9642857142857143,0.9545454545454546,0.9642857142857143,0.9375,0.0,0.03571428571428571,0.045454545454545456,6,0.13636363636363635,0.21428571428571427,0.0,2,0,True,False,3.159090909090909,6,3.5,4,4,3,6.751731561651183,8.803641350653699,2.6902814710724265,-2.051909789002516,-0.3039086744290982,negative,6.113359879581273,-0.5052160541778612,True,"[""mcv:79""]",1,2.051909789002516,2.051909789002516,False,mcv:447,False,False,"[79, 422]",[],mcv_only
9,171,query.172,1,1,1,2,0.5,query.210,0.25,query.210,1,1.0,0.5,1.0,1.0,1.0,1.0,1.0,1.0,0.0,0.0,0.0,1,0.5,0.0,1.0,0,1,True,False,4,4,4,4,,4,1.0014355229702876,1.0010156127794068,1.0010156127794068,0.0004199101908808345,0.0004193082642358924,positive,0.0,1.0,False,[],0,0.0,0.0,False,,False,False,[],[314],fd_only
9,173,query.174,6,6,1,7,0.2857142857142857,query.119,0.07692307692307693,query.118,3,0.5,0.2857142857142857,1.0,1.0,0.8333333333333334,0.8571428571428571,0.8333333333333334,1.0,0.0,0.16666666666666666,0.14285714285714285,1,0.14285714285714285,0.16666666666666666,0.0,1,0,True,False,2.5714285714285716,4,2,2,2,,1.0428915109403865,1.0430352882970795,1.0360974574128583,-0.00014377735669302005,-0.00013786415478957582,negative,0.0069378308842211744,-0.021162234902987263,True,"[""mcv:1793""]",1,0.00014377735669302005,0.00014377735669302005,False,mcv:2138,False,False,[1793],[],mcv_only
9,174,query.175,21,21,6,27,0.2857142857142857,query.111,0.10416666666666667,query.111,6,0.2857142857142857,0.2727272727272727,1.0,1.0,1.0,1.0,1.0,1.0,0.0,0.0,0.0,4,0.14814814814814814,0.09523809523809523,0.3333333333333333,1,0,True,False,3.6666666666666665,9,4,4,,4,1.0497975906384582,1.0343792279819966,1.0036709538929904,0.015418362656461682,0.014686986133283708,positive,0.030708274089006116,0.33426158385537663,False,[],0,0.0,0.0,False,mcv:557,False,False,[368],[],mcv_only
9,191,query.192,10,10,1,11,0.25,query.64,0.046511627906976744,query.283,3,0.3,0.25,1.0,1.0,0.8,0.8181818181818182,0.8,1.0,0.0,0.2,0.18181818181818182,2,0.18181818181818182,0.2,0.0,1,0,True,False,2.090909090909091,5,4,4,,4,1.2563585799061403,1.2404865748373453,1.229608176179872,0.015872005068795048,0.01263333997367281,positive,0.010878398657473198,0.5933370288990862,False,[],0,0.0,0.0,True,mcv:2214,True,False,[362],[],mcv_only
9,193,query.194,28,28,19,47,0.2857142857142857,query.378,0.09523809523809523,query.378,6,0.21428571428571427,0.21428571428571427,1.0,1.0,1.0,1.0,1.0,1.0,0.0,0.0,0.0,4,0.0851063829787234,0.10714285714285714,0.05263157894736842,3,0,True,False,3.595744680851064,7,3.6666666666666665,5,,3.6666666666666665,1.2076049551786012,1.0598029071298996,1.0019557335187954,0.14780204804870167,0.12239271411969503,positive,0.05784717361110414,0.7187094940393329,False,[],0,0.0,0.0,False,mcv:999,False,False,"[451, 530, 1663]",[],mcv_only
9,194,query.195,78,78,31,109,0.29411764705882354,query.138,0.10273972602739725,query.138,10,0.1282051282051282,0.26666666666666666,1.0,1.0,0.9358974358974359,0.9357798165137615,0.9358974358974359,0.9354838709677419,0.0,0.0641025641025641,0.06422018348623854,13,0.11926605504587157,0.11538461538461539,0.12903225806451613,5,0,True,False,3.293577981651376,10,4.4,8,4,5,5.411919835195818,3.451290801602393,1.6247877021522124,1.9606290335934253,0.362279762690255,positive,1.8265030994501807,0.5177081138750038,True,"[""mcv:173"", ""mcv:420"", ""mcv:623""]",3,0.0,0.0,True,mcv:172,True,False,"[40, 173, 420, 623, 838]",[],mcv_only
9,196,query.197,10,10,3,13,0.3333333333333333,query.402,0.1,query.93,3,0.3,0.3333333333333333,1.0,1.0,1.0,1.0,1.0,1.0,0.0,0.0,0.0,0,0.0,0.0,0.0,0,0,False,False,2.8461538461538463,4,,,,,1.0285209727103974,1.0285209727103974,1.0021259726323692,0.0,0.0,neutral,0.026395000078028197,0.0,False,[],0,0.0,0.0,True,mcv:1077,True,False,[],[],no_extstat_consumption
9,203,query.204,15,15,8,23,0.5,query.14,0.21739130434782608,query.14,3,0.2,0.3333333333333333,0.6666666666666666,1.0,1.0,1.0,1.0,1.0,0.0,0.0,0.0,3,0.13043478260869565,0.2,0.0,1,0,True,False,3.0434782608695654,5,5,5,5,,1.3695755155515736,1.3695754930703128,1.2117312622023373,2.2481260852913465e-08,1.6414765449322093e-08,positive,0.1578442308679755,1.4242685670141458e-07,True,"[""mcv:85""]",1,0.0,0.0,True,mcv:1104,True,False,[85],[],mcv_only
9,210,query.211,21,21,6,27,0.375,query.210,0.09375,query.210,6,0.2857142857142857,0.3333333333333333,1.0,1.0,1.0,1.0,1.0,1.0,0.0,0.0,0.0,4,0.14814814814814814,0.09523809523809523,0.3333333333333333,1,0,True,False,4,7,6,6,6,,1.0604896501787224,1.3844744147240018,1.0138975686410725,-0.32398476454527936,-0.30550488115624586,negative,0.3705768460829293,-6.95364435013437,True,"[""mcv:226""]",1,0.32398476454527936,0.0008661139418515429,True,mcv:2111,True,False,[226],[],mcv_only
9,215,query.216,10,10,3,13,0.2857142857142857,query.369,0.1111111111111111,query.369,3,0.3,0.2857142857142857,1.0,1.0,1.0,1.0,1.0,1.0,0.0,0.0,0.0,0,0.0,0.0,0.0,0,0,False,False,3.230769230769231,6,,,,,1.1020150765754246,1.1020150765754246,1.0336248286177196,0.0,0.0,neutral,0.06839024795770499,0.0,False,[],0,0.0,0.0,True,mcv:86,True,False,[],[],no_extstat_consumption
9,216,query.217,10,10,0,10,0.375,query.186,0.1111111111111111,query.186,6,0.6,0.2727272727272727,0.75,1.0,1.0,1.0,1.0,1.0,0.0,0.0,0.0,3,0.3,0.3,0.0,2,0,True,False,4,7,6,7,5,7,1.0443104657763111,1.0413068653802557,1.022520067915401,0.003003600396055406,0.002876156559268621,positive,0.018786797464854788,0.13784054863190756,True,"[""mcv:244""]",1,0.0,0.0,False,mcv:812,False,False,"[68, 244]",[],mcv_only
9,217,query.218,21,21,14,35,0.3333333333333333,query.191,0.13333333333333333,query.191,3,0.14285714285714285,0.21428571428571427,1.0,1.0,1.0,1.0,1.0,1.0,0.0,0.0,0.0,5,0.14285714285714285,0.09523809523809523,0.21428571428571427,1,1,True,True,3.5142857142857142,10,5,6,,5,3.609366495889687,2.003207169010813,1.0050048767445674,1.606159326878874,0.4449975719306846,positive,0.9982022922662457,0.6167190128558625,False,[],0,0.0,0.0,True,mcv:1389,True,False,[389],[125],mcv_fd_composed
9,231,query.232,21,21,5,26,0.3076923076923077,query.117,0.1,query.364,6,0.2857142857142857,0.23076923076923078,0.75,1.0,1.0,1.0,1.0,1.0,0.0,0.0,0.0,3,0.11538461538461539,0.14285714285714285,0.0,1,0,True,False,3.769230769230769,6,6,6,,6,1.7814080041562683,1.3403389963054377,1.3287951485089482,0.4410690078508306,0.24759572586502154,positive,0.011543847796489537,0.974495095195695,False,[],0,0.0,0.0,True,mcv:212,True,False,[263],[],mcv_only
9,237,query.238,21,21,15,36,0.36363636363636365,query.62,0.1267605633802817,query.62,6,0.2857142857142857,0.2727272727272727,0.75,1.0,0.9523809523809523,0.9722222222222222,0.9523809523809523,1.0,0.0,0.047619047619047616,0.027777777777777776,3,0.08333333333333333,0.09523809523809523,0.06666666666666667,1,1,True,True,4.027777777777778,7,6,7,,6,1.0579457983422795,1.0568447589492733,1.0223152161988753,0.001101039393006209,0.0010407332726605218,positive,0.03452954275039799,0.030901526912324933,False,[],0,0.0,0.0,True,mcv:320,True,False,[291],[6],mcv_fd_composed
9,251,query.252,15,15,3,18,0.4444444444444444,query.251,0.18421052631578946,query.251,6,0.4,0.3,0.75,1.0,1.0,1.0,1.0,1.0,0.0,0.0,0.0,0,0.0,0.0,0.0,0,0,False,False,4,8,,,,,2.4699035391923276,2.4699035391923276,1.0924185396635464,0.0,0.0,neutral,1.3774849995287812,0.0,False,[],0,0.0,0.0,True,mcv:324,True,False,[],[],no_extstat_consumption
9,254,query.255,15,15,6,21,0.2857142857142857,query.75,0.05714285714285714,query.291,3,0.2,0.2857142857142857,1.0,1.0,0.9333333333333333,0.9047619047619048,0.9333333333333333,0.8333333333333334,0.0,0.06666666666666667,0.09523809523809523,3,0.14285714285714285,0.2,0.0,1,0,True,False,2.857142857142857,5,5,5,,5,1.856488292105951,1.9235596029018305,1.103812913140651,-0.06707131079587958,-0.03612805482322524,negative,0.8197466897611794,-0.08911054176912532,False,[],0,0.06707131079587958,0.0,False,mcv:1447,False,False,[85],[],mcv_only
9,256,query.257,10,10,5,15,0.3333333333333333,query.333,0.11764705882352941,query.333,3,0.3,0.2857142857142857,1.0,1.0,0.8,0.8,0.8,0.8,0.0,0.2,0.2,1,0.06666666666666667,0.0,0.2,0,1,True,False,2.8,6,2,2,,2,1.089711304083632,1.0008369670582518,1.0008369502804146,0.08887433702538017,0.08155769027294531,positive,1.677783711961922e-08,0.9999998112184629,False,[],0,0.0,0.0,True,mcv:318,True,False,[],[581],fd_only
9,257,query.258,28,28,5,33,0.4,query.181,0.15217391304347827,query.181,10,0.35714285714285715,0.3,0.75,1.0,0.9642857142857143,0.9696969696969697,0.9642857142857143,1.0,0.0,0.03571428571428571,0.030303030303030304,0,0.0,0.0,0.0,0,0,False,False,3.909090909090909,8,,,,,1.030104490994257,1.030104490994257,1.023732180137861,0.0,0.0,neutral,0.006372310856396002,0.0,False,[],0,0.0,0.0,True,mcv:174,True,False,[],[],no_extstat_consumption
9,259,query.260,3,3,1,4,0.4,query.106,0.16666666666666666,query.106,3,1.0,0.3333333333333333,1.0,1.0,1.0,1.0,1.0,1.0,0.0,0.0,0.0,0,0.0,0.0,0.0,0,0,False,False,5.25,6,,,,,1.0734970792740468,1.0734970792740468,1.0031150661180837,0.0,0.0,neutral,0.07038201315596315,0.0,False,[],0,0.0,0.0,True,mcv:1151,True,False,[],[],no_extstat_consumption
9,275,query.276,6,6,1,7,0.3333333333333333,query.31,0.08333333333333333,query.31,1,0.16666666666666666,0.2,1.0,1.0,1.0,1.0,1.0,1.0,0.0,0.0,0.0,0,0.0,0.0,0.0,0,0,False,False,2.5714285714285716,4,,,,,1.15607227832965,1.15607227832965,1.0417395098973912,0.0,0.0,neutral,0.11433276843225881,0.0,False,[],0,0.0,0.0,True,mcv:474,True,False,[],[],no_extstat_consumption
9,276,query.277,21,21,5,26,0.375,query.40,0.1095890410958904,query.381,6,0.2857142857142857,0.3,1.0,1.0,0.9523809523809523,0.9615384615384616,0.9523809523809523,1.0,0.0,0.047619047619047616,0.038461538461538464,6,0.23076923076923078,0.2857142857142857,0.0,2,0,True,False,3.923076923076923,7,4,7,1,7,1.1529924490834003,1.2962588191461748,1.0177943369786122,-0.14326637006277454,-0.1242561216915754,negative,0.2784644821675626,-1.0596772975034816,True,"[""mcv:841""]",1,0.14326637006277454,0.14326637006277454,False,mcv:1667,False,False,"[4, 841]",[],mcv_only
9,283,query.284,15,15,7,22,0.3333333333333333,query.101,0.1,query.101,6,0.4,0.25,1.0,1.0,0.9333333333333333,0.9545454545454546,0.9333333333333333,1.0,0.0,0.06666666666666667,0.045454545454545456,3,0.13636363636363635,0.06666666666666667,0.2857142857142857,1,0,True,False,3.6363636363636362,7,4,4,,4,1.0073501000300729,1.0016308038578967,1.000368264196516,0.005719296172176147,0.005677565497839735,positive,0.0012625396613807904,0.8191679536043198,False,[],0,0.0,0.0,True,fd:94,True,False,[809],[],mcv_only
9,293,query.294,15,15,8,23,0.3333333333333333,query.30,0.06944444444444445,query.339,3,0.2,0.2222222222222222,1.0,1.0,1.0,1.0,1.0,1.0,0.0,0.0,0.0,3,0.13043478260869565,0.2,0.0,2,0,True,False,2.782608695652174,7,3,3,3,3,4.425506359773974,4.298928804344002,1.0057813656576953,0.1265775554299715,0.028601824320152208,positive,3.293147438686307,0.03701395745206159,True,"[""mcv:753""]",1,0.0,0.0,False,mcv:1399,False,False,"[753, 1044]",[],mcv_only
9,296,query.297,36,36,8,44,0.3076923076923077,query.199,0.11764705882352941,query.199,6,0.16666666666666666,0.2222222222222222,1.0,1.0,0.9444444444444444,0.9545454545454546,0.9444444444444444,1.0,0.0,0.05555555555555555,0.045454545454545456,7,0.1590909090909091,0.19444444444444445,0.0,3,0,True,False,4.0227272727272725,9,4.666666666666667,8,,4.666666666666667,24.09887927984396,14.447449576444672,9.001499228183551,9.651429703399288,0.4004928856368702,positive,5.445950348261121,0.639278449000681,False,[],0,0.0,0.0,True,mcv:357,True,False,"[65, 1004, 1415]",[],mcv_only
9,302,query.303,28,28,12,40,0.3333333333333333,query.259,0.1506849315068493,query.259,6,0.21428571428571427,0.3333333333333333,1.0,1.0,0.9285714285714286,0.95,0.9285714285714286,1.0,0.0,0.07142857142857142,0.05,4,0.1,0.07142857142857142,0.16666666666666666,1,1,True,True,3.075,8,5.5,6,,5.5,1.4929615219483394,1.2029012626774722,1.1684466490255883,0.2900602592708672,0.194285154042238,positive,0.03445461365188396,0.8938273203272084,False,[],0,0.0,0.0,True,mcv:1935,True,False,[361],[93],mcv_fd_composed
9,305,query.306,3,3,1,4,0.3333333333333333,query.250,0.07142857142857142,query.250,1,0.3333333333333333,0.25,1.0,1.0,1.0,1.0,1.0,1.0,0.0,0.0,0.0,3,0.75,1.0,0.0,1,0,True,False,3.25,6,5,5,5,,1.0030837080629098,1.003083737957135,1.0030837080629098,-2.989422509536155e-08,-2.980232343030607e-08,negative,2.989422509536155e-08,,True,"[""mcv:85""]",1,2.989422509536155e-08,2.865586834488454e-08,False,,False,False,[85],[],mcv_only
9,309,query.310,45,45,8,53,0.3333333333333333,query.279,0.109375,query.279,6,0.13333333333333333,0.2727272727272727,1.0,1.0,0.9333333333333333,0.9433962264150944,0.9333333333333333,1.0,0.0,0.06666666666666667,0.05660377358490566,5,0.09433962264150944,0.08888888888888889,0.125,2,0,True,False,2.981132075471698,6,3,4,3,,2.0921691105953713,2.2827197821805694,1.640845163980963,-0.19055067158519812,-0.09107804460939244,negative,0.6418746181996065,-0.42220376963067807,True,"[""mcv:838"", ""mcv:941""]",2,0.19055067158519812,0.19055067158519812,True,mcv:124,True,False,"[838, 941]",[],mcv_only
9,313,query.314,15,15,8,23,0.3333333333333333,query.118,0.1282051282051282,query.118,3,0.2,0.3,1.0,1.0,0.9333333333333333,0.9565217391304348,0.9333333333333333,1.0,0.0,0.06666666666666667,0.043478260869565216,3,0.13043478260869565,0.06666666666666667,0.25,1,1,True,True,3.608695652173913,6,2.5,3,,2.5,1.182296157953929,1.143653778165173,1.0788065773909554,0.038642379788756065,0.03268417944927624,positive,0.06484720077421757,0.3733939163589719,False,[],0,0.0,0.0,True,fd:107,True,False,[670],[313],mcv_fd_composed
9,315,query.316,6,6,4,10,0.4,query.319,0.16666666666666666,query.319,3,0.5,0.4,1.0,1.0,1.0,1.0,1.0,1.0,0.0,0.0,0.0,3,0.3,0.16666666666666666,0.5,1,0,True,False,2.9,5,1,1,,1,1.060380454974687,1.024787060697982,1.0116978517641193,0.035593394276704826,0.033566626119636,positive,0.013089208933862784,0.7311316965272414,False,[],0,0.0,0.0,False,fd:599,False,False,[1684],[],mcv_only
9,327,query.328,21,21,4,25,0.3,query.324,0.10416666666666667,query.231,6,0.2857142857142857,0.2727272727272727,1.0,1.0,1.0,1.0,1.0,1.0,0.0,0.0,0.0,2,0.08,0.047619047619047616,0.25,1,0,True,False,3.88,7,2,2,,2,1.0464896401796873,1.04463606907805,1.046489697825488,0.001853571101637197,0.0017712273781505662,positive,0.0,,False,[],0,0.0,0.0,True,mcv:493,True,False,[482],[],mcv_only
9,345,query.346,36,36,8,44,0.36363636363636365,query.20,0.1111111111111111,query.20,6,0.16666666666666666,0.25,1.0,1.0,1.0,1.0,1.0,1.0,0.0,0.0,0.0,4,0.09090909090909091,0.08333333333333333,0.125,1,1,True,True,4.136363636363637,9,5,6,,5,1.1553969654942662,1.14696461240637,1.0048280796571811,0.00843235308789625,0.0072982302530879345,positive,0.1421365327491888,0.05600329072647866,False,[],0,0.0,0.0,True,mcv:324,True,False,[50],[195],mcv_fd_composed
9,346,query.347,10,10,4,14,0.375,query.181,0.0967741935483871,query.181,3,0.3,0.2857142857142857,1.0,1.0,1.0,1.0,1.0,1.0,0.0,0.0,0.0,1,0.07142857142857142,0.1,0.0,1,0,True,False,2.642857142857143,4,1,1,1,,1.3539449350824526,1.3565146708722433,1.175628880412408,-0.0025697357897906947,-0.0018979618175049362,negative,0.18088579045983533,-0.014411129690737743,True,"[""mcv:1870""]",1,0.0025697357897906947,0.0025697357897906947,True,mcv:405,True,False,[1870],[],mcv_only
9,352,query.353,45,45,6,51,0.25,query.228,0.06779661016949153,query.453,3,0.06666666666666667,0.25,1.0,1.0,0.9333333333333333,0.9411764705882353,0.9333333333333333,1.0,0.0,0.06666666666666667,0.058823529411764705,3,0.058823529411764705,0.044444444444444446,0.16666666666666666,2,0,True,False,3.156862745098039,8,3,4,,3,2.731544988922082,1.6058427522400487,1.4763024993611638,1.1257022366820333,0.41211191514230056,positive,0.12954025287888493,0.8968006150555038,False,[],0,0.0,0.0,True,mcv:1662,True,False,"[482, 904]",[],mcv_only
9,358,query.359,55,55,29,84,0.35714285714285715,query.370,0.1308411214953271,query.370,10,0.18181818181818182,0.21428571428571427,1.0,1.0,0.9090909090909091,0.9047619047619048,0.9090909090909091,0.896551724137931,0.0,0.09090909090909091,0.09523809523809523,7,0.08333333333333333,0.10909090909090909,0.034482758620689655,3,0,True,False,3.5833333333333335,9,6,8,5,6.5,2.7532226374738324,1.4436937025019851,1.4407972761567711,1.3095289349718473,0.4756349585202383,positive,0.0028964263452140315,0.9977930734725308,True,"[""mcv:85""]",1,0.0,0.0,True,mcv:1730,True,False,"[40, 85, 221]",[],mcv_only
9,360,query.361,36,36,11,47,0.2727272727272727,query.152,0.09090909090909091,query.152,6,0.16666666666666666,0.23076923076923078,1.0,1.0,0.9444444444444444,0.9361702127659575,0.9444444444444444,0.9090909090909091,0.0,0.05555555555555555,0.06382978723404255,4,0.0851063829787234,0.05555555555555555,0.18181818181818182,1,2,True,True,3.25531914893617,8,2.3333333333333335,3,2,3,4.409735916266321,3.7711312391860075,1.0317949730508165,0.6386046770803135,0.14481698886427052,positive,2.739336266135191,0.18905146295198924,True,"[""fd:593"", ""fd:313""]",2,0.0,0.0,True,mcv:1111,False,True,[1411],"[593, 313]",mcv_fd_composed
9,362,query.363,15,15,8,23,0.3,query.120,0.10416666666666667,query.320,3,0.2,0.2727272727272727,1.0,1.0,1.0,1.0,1.0,1.0,0.0,0.0,0.0,1,0.043478260869565216,0.06666666666666667,0.0,1,0,True,False,4.3478260869565215,11,5,5,,,1.4317574448468198,1.4317574448468198,1.3868527882531432,0.0,0.0,neutral,0.044904656593676595,0.0,False,[],0,0.0,0.0,True,mcv:1480,False,True,[523],[],mcv_only
9,371,query.372,36,36,7,43,0.3076923076923077,query.160,0.09302325581395349,query.46,6,0.16666666666666666,0.23076923076923078,1.0,1.0,0.9722222222222222,0.9767441860465116,0.9722222222222222,1.0,0.0,0.027777777777777776,0.023255813953488372,4,0.09302325581395349,0.08333333333333333,0.14285714285714285,1,0,True,False,3.9069767441860463,9,4,4,,4,3.6822074211072833,2.6711958859031584,1.9439698116525939,1.011011535204125,0.27456669860822286,positive,0.7272260742505645,0.5816302269062594,False,[],0,0.0,0.0,True,mcv:12,True,False,[389],[],mcv_only
9,372,query.373,10,10,5,15,0.3333333333333333,query.28,0.0975609756097561,query.28,3,0.3,0.25,1.0,1.0,1.0,1.0,1.0,1.0,0.0,0.0,0.0,3,0.2,0.3,0.0,1,0,True,False,4.8,9,6,6,6,,1.3257876018108206,1.695735121013975,1.0068293716593877,-0.3699475192031545,-0.27903980901455366,negative,0.6889057493545874,-1.1598619638299137,True,"[""mcv:182""]",1,0.3699475192031545,0.3699475192031545,False,,False,False,[182],[],mcv_only
9,376,query.377,21,21,7,28,0.3076923076923077,query.91,0.0975609756097561,query.91,6,0.2857142857142857,0.2857142857142857,1.0,1.0,1.0,1.0,1.0,1.0,0.0,0.0,0.0,1,0.03571428571428571,0.0,0.14285714285714285,0,0,False,False,3.5714285714285716,6,,,,,1.0508367292640048,1.0508367292640048,1.0387429646589157,0.0,0.0,neutral,0.012093764605089152,0.0,False,[],0,0.0,0.0,True,mcv:1387,True,False,[],[],no_extstat_consumption
9,382,query.383,45,45,16,61,0.2727272727272727,query.145,0.09375,query.145,6,0.13333333333333333,0.26666666666666666,1.0,1.0,0.9555555555555556,0.9508196721311475,0.9555555555555556,0.9375,0.0,0.044444444444444446,0.04918032786885246,6,0.09836065573770492,0.06666666666666667,0.1875,2,2,True,True,4.245901639344262,11,4,5,4.333333333333333,3,1.970848693418865,1.2156647997740273,1.0003776565654305,0.7551838936448376,0.38317700195178717,positive,0.21528714320859677,0.7781622170748919,True,"[""mcv:422"", ""fd:205"", ""fd:122""]",3,0.0,0.0,True,mcv:1,True,False,"[422, 1279]","[205, 122]",mcv_fd_composed
9,391,query.392,45,45,15,60,0.42857142857142855,query.381,0.18556701030927836,query.381,15,0.3333333333333333,0.2857142857142857,0.8,1.0,0.9777777777777777,0.9666666666666667,0.9777777777777777,0.9333333333333333,0.0,0.022222222222222223,0.03333333333333333,6,0.1,0.13333333333333333,0.0,2,0,True,False,4.4,8,5.5,7,,5.5,1.5345061502088913,1.2669678275304288,1.1865289148595783,0.26753832267846245,0.17434815927068303,positive,0.08043891267085046,0.7688385776440152,False,[],0,0.0,0.0,True,mcv:1436,True,False,"[4, 79]",[],mcv_only
9,393,query.394,15,15,7,22,0.4,query.398,0.14035087719298245,query.398,6,0.4,0.4,1.0,1.0,1.0,1.0,1.0,1.0,0.0,0.0,0.0,2,0.09090909090909091,0.06666666666666667,0.14285714285714285,1,0,True,False,3.6818181818181817,6,4,4,4,,2.464829260813626,2.494534597919684,1.4631412735263063,-0.029705337106057605,-0.012051681460586054,negative,1.0313933243933775,-0.029655279371476634,True,"[""mcv:424""]",1,0.029705337106057605,0.029705337106057605,True,mcv:1827,True,False,[424],[],mcv_only
9,395,query.396,6,6,2,8,0.3333333333333333,query.145,0.13333333333333333,query.145,3,0.5,0.3333333333333333,1.0,1.0,1.0,1.0,1.0,1.0,0.0,0.0,0.0,3,0.375,0.16666666666666666,1.0,1,0,True,False,5.25,9,2,2,2,,1.0336168263611483,1.274544015223106,1.0046699382463598,-0.24092718886195774,-0.23309139588036967,negative,0.26987407697674626,-8.323077351408692,True,"[""mcv:1512""]",1,0.24092718886195774,0.24092718886195774,False,mcv:1865,False,False,[1512],[],mcv_only
9,396,query.397,15,15,4,19,0.3333333333333333,query.1,0.10526315789473684,query.113,3,0.2,0.2222222222222222,0.6666666666666666,1.0,1.0,1.0,1.0,1.0,0.0,0.0,0.0,4,0.21052631578947367,0.26666666666666666,0.0,2,0,True,False,4.526315789473684,7,5.5,6,5.5,,1.0667549100201137,1.1606122425365404,1.0572675309456783,-0.0938573325164267,-0.0879839704835828,negative,0.10334471159086212,-9.892862062330106,True,"[""mcv:291"", ""mcv:295""]",2,0.0938573325164267,0.0938573325164267,False,fd:330,False,False,"[291, 295]",[],mcv_only
9,404,query.405,15,15,9,24,0.4444444444444444,query.406,0.17391304347826086,query.406,6,0.4,0.4444444444444444,1.0,1.0,1.0,1.0,1.0,1.0,0.0,0.0,0.0,2,0.08333333333333333,0.0,0.2222222222222222,0,1,True,False,3.875,6,6,6,6,,4.8636018684471765,4.8764713430575535,1.069527717488554,-0.012869474610377019,-0.002646078967496966,negative,3.8069436255689997,-0.0033919934345841333,True,"[""fd:43""]",1,0.012869474610377019,0.011333835084535338,True,mcv:86,True,False,[],[43],fd_only
9,406,query.407,21,21,6,27,0.4,query.254,0.15217391304347827,query.254,6,0.2857142857142857,0.3333333333333333,1.0,1.0,0.9047619047619048,0.9259259259259259,0.9047619047619048,1.0,0.0,0.09523809523809523,0.07407407407407407,3,0.1111111111111111,0.09523809523809523,0.16666666666666666,2,0,True,False,2.7777777777777777,7,1.5,2,1.5,,1.184434158903129,1.7826803649791316,1.007964471271123,-0.5982462060760025,-0.5050903012034214,negative,0.7747158937080085,-3.3900791354237074,True,"[""mcv:482"", ""mcv:1269""]",2,0.5982462060760025,0.48785596643538054,True,mcv:133,False,True,"[482, 1269]",[],mcv_only
9,415,query.416,3,3,2,5,0.3333333333333333,query.84,0.125,query.84,1,0.3333333333333333,0.3333333333333333,1.0,1.0,1.0,1.0,1.0,1.0,0.0,0.0,0.0,0,0.0,0.0,0.0,0,0,False,False,3.6,5,,,,,1.0011403947650737,1.0011403947650737,1.0011283243419706,0.0,0.0,neutral,1.207042310302775e-05,0.0,False,[],0,0.0,0.0,True,fd:236,True,False,[],[],no_extstat_consumption
9,420,query.421,15,15,4,19,0.42857142857142855,query.222,0.13636363636363635,query.222,3,0.2,0.2857142857142857,0.6666666666666666,1.0,1.0,1.0,1.0,1.0,0.0,0.0,0.0,2,0.10526315789473684,0.13333333333333333,0.0,1,0,True,False,3.0526315789473686,6,4,4,4,,1.3240943221173098,1.7702460034221854,1.0060326265756105,-0.4461516813048756,-0.33694856465470757,negative,0.7642133768465749,-1.402720565093583,True,"[""mcv:225""]",1,0.4461516813048756,0.4461516813048756,True,mcv:217,True,False,[225],[],mcv_only
9,439,query.440,15,15,4,19,0.3333333333333333,query.154,0.11764705882352941,query.154,6,0.4,0.2,0.6666666666666666,1.0,1.0,1.0,1.0,1.0,0.0,0.0,0.0,2,0.10526315789473684,0.13333333333333333,0.0,2,0,True,False,3.789473684210526,6,5,6,4,6,1.780297580545958,1.7745011668289998,1.353286831127455,0.00579641371695816,0.003255867884278421,positive,0.42121433570154476,0.0135743976582595,True,"[""mcv:691""]",1,0.0,0.0,False,mcv:474,False,False,"[146, 691]",[],mcv_only
9,443,query.444,45,45,20,65,0.3333333333333333,query.196,0.11627906976744186,query.382,10,0.2222222222222222,0.21428571428571427,1.0,1.0,1.0,1.0,1.0,1.0,0.0,0.0,0.0,1,0.015384615384615385,0.022222222222222223,0.0,1,0,True,False,3.6,7,2,2,2,,1.958852210890063,2.124102373898587,1.484825303802549,-0.1652501630085239,-0.08436070985336742,negative,0.639277070096038,-0.34860924672787763,True,"[""mcv:1808""]",1,0.1652501630085239,0.1652501630085239,True,mcv:175,True,False,[1808],[],mcv_only
9,446,query.447,55,55,18,73,0.25,query.74,0.07207207207207207,query.74,6,0.10909090909090909,0.25,1.0,1.0,0.9454545454545454,0.958904109589041,0.9454545454545454,1.0,0.0,0.05454545454545454,0.0410958904109589,6,0.0821917808219178,0.03636363636363636,0.2222222222222222,1,2,True,True,2.863013698630137,6,3.3333333333333335,5,,3.3333333333333335,1.2502593162469327,1.2250947746459646,1.001095079824679,0.025164541600968038,0.020127457779325127,positive,0.22399969482128568,0.10099580085129949,False,[],0,0.0,0.0,True,mcv:1292,False,True,[420],"[219, 618]",mcv_fd_composed
9,461,query.462,6,6,2,8,0.375,query.311,0.10344827586206896,query.311,3,0.5,0.25,0.6666666666666666,1.0,1.0,1.0,1.0,1.0,0.0,0.0,0.0,1,0.125,0.16666666666666666,0.0,1,0,True,False,3.875,6,6,6,,6,1.760931110451628,1.7569849462957279,1.726582696899619,0.003946164155900211,0.002240953171011973,positive,0.030402249396108916,0.11488635857737861,False,[],0,0.0,0.0,False,mcv:773,False,False,[253],[],mcv_only
9,464,query.465,45,45,21,66,0.35714285714285715,query.318,0.1650485436893204,query.318,10,0.2222222222222222,0.25,1.0,1.0,0.9555555555555556,0.9696969696969697,0.9555555555555556,1.0,0.0,0.044444444444444446,0.030303030303030304,10,0.15151515151515152,0.13333333333333333,0.19047619047619047,3,0,True,False,3.727272727272727,8,5,7,5.5,4,2350.4016739302833,277.5237521612366,31.6275426047027,2072.8779217690467,0.8819249682982193,positive,245.89620955653388,0.8939542207951227,True,"[""mcv:79"", ""mcv:188""]",2,0.0,0.0,False,mcv:901,False,False,"[79, 188, 880]",[],mcv_only
9,467,query.468,21,21,4,25,0.2857142857142857,query.146,0.08333333333333333,query.251,6,0.2857142857142857,0.25,1.0,1.0,1.0,1.0,1.0,1.0,0.0,0.0,0.0,4,0.16,0.14285714285714285,0.25,2,0,True,False,4.76,9,7,7,,7,5.296479051153819,1.2587674740360724,1.1963671654992345,4.037711577117746,0.7623388175656327,positive,0.06240030853683787,0.9847808278707799,False,[],0,0.0,0.0,False,mcv:707,False,False,"[4, 68]",[],mcv_only
