seed,candidate,mechanism,cost,train_support,test_relevant_queries,selected,consumed,positive,negative,positive_magnitude,negative_magnitude
0,mcv:1704,mcv,958,2,1,False,0,0,0,0.0,0.0
0,fd:194,fd,27,2,4,False,0,0,0,0.0,0.0
0,mcv:913,mcv,226,4,1,False,0,0,0,0.0,0.0
0,mcv:63,mcv,196,7,2,False,0,0,0,0.0,0.0
0,mcv:1285,mcv,174,1,3,False,0,0,0,0.0,0.0
0,mcv:514,mcv,174,2,4,False,0,0,0,0.0,0.0
0,mcv:35,mcv,148,6,4,True,4,2,2,0.006344300722907148,0.01387673920561494
0,mcv:1307,mcv,378,3,1,False,0,0,0,0.0,0.0
0,fd:111,fd,27,6,1,False,0,0,0,0.0,0.0
0,mcv:77,mcv,148,6,3,True,1,0,1,0.0,0.011863303733448793
0,fd:359,fd,27,4,1,False,0,0,0,0.0,0.0
0,mcv:1408,mcv,248,3,1,False,0,0,0,0.0,0.0
0,fd:15,fd,41,6,4,False,0,0,0,0.0,0.0
0,fd:490,fd,27,3,1,False,0,0,0,0.0,0.0
0,fd:28,fd,41,6,3,False,0,0,0,0.0,0.0
0,mcv:291,mcv,378,6,1,True,0,0,0,0.0,0.0
0,mcv:286,mcv,492,5,2,False,0,0,0,0.0,0.0
0,fd:709,fd,27,1,1,False,0,0,0,0.0,0.0
0,mcv:76,mcv,148,6,3,False,0,0,0,0.0,0.0
0,fd:486,fd,27,1,3,False,0,0,0,0.0,0.0
0,mcv:327,mcv,226,5,2,False,0,0,0,0.0,0.0
0,mcv:1286,mcv,362,1,3,False,0,0,0,0.0,0.0
0,fd:532,fd,27,3,1,False,0,0,0,0.0,0.0
0,mcv:2036,mcv,466,1,1,False,0,0,0,0.0,0.0
0,mcv:1890,mcv,318,1,1,False,0,0,0,0.0,0.0
0,mcv:226,mcv,252,3,4,False,0,0,0,0.0,0.0
0,fd:112,fd,41,4,3,False,0,0,0,0.0,0.0
0,mcv:1621,mcv,458,2,1,False,0,0,0,0.0,0.0
0,mcv:108,mcv,572,5,3,False,0,0,0,0.0,0.0
0,fd:89,fd,41,3,4,False,0,0,0,0.0,0.0
0,mcv:295,mcv,200,4,3,False,0,0,0,0.0,0.0
0,mcv:810,mcv,454,2,3,False,0,0,0,0.0,0.0
0,mcv:408,mcv,634,4,2,False,0,0,0,0.0,0.0
0,mcv:759,mcv,170,4,1,False,0,0,0,0.0,0.0
0,mcv:1244,mcv,266,2,2,False,0,0,0,0.0,0.0
0,mcv:1514,mcv,362,2,1,False,0,0,0,0.0,0.0
0,mcv:334,mcv,314,4,3,False,0,0,0,0.0,0.0
0,mcv:351,mcv,266,6,1,False,0,0,0,0.0,0.0
0,mcv:1555,mcv,196,2,1,False,0,0,0,0.0,0.0
0,mcv:114,mcv,266,7,1,False,0,0,0,0.0,0.0
0,mcv:822,mcv,384,3,2,False,0,0,0,0.0,0.0
0,mcv:705,mcv,362,4,1,False,0,0,0,0.0,0.0
0,mcv:1519,mcv,388,2,1,False,0,0,0,0.0,0.0
0,mcv:50,mcv,170,7,2,True,2,1,1,0.04561006714840099,0.050487079585963324
0,fd:175,fd,27,5,1,False,0,0,0,0.0,0.0
0,mcv:1561,mcv,170,2,1,False,0,0,0,0.0,0.0
0,mcv:595,mcv,218,5,1,False,0,0,0,0.0,0.0
0,mcv:117,mcv,200,6,2,False,0,0,0,0.0,0.0
0,mcv:712,mcv,370,3,2,False,0,0,0,0.0,0.0
0,mcv:437,mcv,196,5,1,False,0,0,0,0.0,0.0
0,mcv:1240,mcv,358,3,1,False,0,0,0,0.0,0.0
0,mcv:1138,mcv,266,2,2,False,0,0,0,0.0,0.0
0,fd:563,fd,27,2,1,False,0,0,0,0.0,0.0
0,mcv:243,mcv,200,6,1,False,0,0,0,0.0,0.0
0,mcv:412,mcv,362,5,1,False,0,0,0,0.0,0.0
0,fd:102,fd,27,4,3,False,0,0,0,0.0,0.0
0,mcv:1062,mcv,770,3,1,False,0,0,0,0.0,0.0
0,mcv:97,mcv,362,7,1,False,0,0,0,0.0,0.0
0,mcv:267,mcv,610,4,3,False,0,0,0,0.0,0.0
0,mcv:263,mcv,548,3,4,False,0,0,0,0.0,0.0
0,mcv:44,mcv,340,6,3,False,0,0,0,0.0,0.0
0,fd:152,fd,27,3,3,False,0,0,0,0.0,0.0
0,mcv:1456,mcv,170,2,2,False,0,0,0,0.0,0.0
0,mcv:383,mcv,278,3,3,False,0,0,0,0.0,0.0
0,mcv:378,mcv,362,4,2,False,0,0,0,0.0,0.0
0,mcv:773,mcv,196,3,2,True,2,2,0,0.01690116550706766,0.0
0,mcv:205,mcv,1484,5,2,False,0,0,0,0.0,0.0
0,mcv:929,mcv,340,1,4,False,0,0,0,0.0,0.0
0,fd:83,fd,27,5,2,False,0,0,0,0.0,0.0
0,mcv:1772,mcv,196,1,2,False,0,0,0,0.0,0.0
0,mcv:1583,mcv,632,2,1,False,0,0,0,0.0,0.0
0,mcv:596,mcv,218,4,2,False,0,0,0,0.0,0.0
0,mcv:1611,mcv,632,2,1,False,0,0,0,0.0,0.0
0,mcv:451,mcv,170,4,2,False,0,0,0,0.0,0.0
0,mcv:1179,mcv,292,3,1,False,0,0,0,0.0,0.0
0,mcv:326,mcv,292,4,3,False,0,0,0,0.0,0.0
0,fd:100,fd,27,3,4,False,0,0,0,0.0,0.0
0,fd:633,fd,27,1,2,False,0,0,0,0.0,0.0
0,mcv:1381,mcv,314,3,1,False,0,0,0,0.0,0.0
0,mcv:56,mcv,1128,6,3,False,0,0,0,0.0,0.0
0,mcv:777,mcv,170,3,2,False,0,0,0,0.0,0.0
0,fd:302,fd,27,3,2,False,0,0,0,0.0,0.0
0,mcv:240,mcv,218,6,1,False,0,0,0,0.0,0.0
0,mcv:112,mcv,170,6,2,True,2,1,1,0.03285608754694347,0.007061367958944853
0,mcv:1139,mcv,362,3,1,False,0,0,0,0.0,0.0
0,mcv:494,mcv,300,5,1,False,0,0,0,0.0,0.0
0,fd:611,fd,27,1,2,False,0,0,0,0.0,0.0
0,mcv:831,mcv,340,3,2,False,0,0,0,0.0,0.0
0,mcv:1715,mcv,196,1,2,False,0,0,0,0.0,0.0
0,mcv:1217,mcv,476,1,3,False,0,0,0,0.0,0.0
0,mcv:435,mcv,322,4,2,False,0,0,0,0.0,0.0
0,fd:0,fd,27,10,3,True,0,0,0,0.0,0.0
0,mcv:19,mcv,196,8,2,False,0,0,0,0.0,0.0
0,fd:7,fd,27,8,2,False,0,0,0,0.0,0.0
0,mcv:59,mcv,244,4,5,False,0,0,0,0.0,0.0
0,mcv:2150,mcv,170,0,1,False,0,0,0,0.0,0.0
0,mcv:151,mcv,384,4,4,False,0,0,0,0.0,0.0
0,fd:442,fd,27,2,2,False,0,0,0,0.0,0.0
0,mcv:244,mcv,292,5,2,False,0,0,0,0.0,0.0
0,mcv:476,mcv,572,3,3,False,0,0,0,0.0,0.0
0,fd:23,fd,27,4,5,False,0,0,0,0.0,0.0
0,mcv:1537,mcv,344,2,1,False,0,0,0,0.0,0.0
0,mcv:842,mcv,428,3,2,False,0,0,0,0.0,0.0
0,mcv:0,mcv,196,10,3,False,0,0,0,0.0,0.0
0,mcv:128,mcv,414,4,4,False,0,0,0,0.0,0.0
0,fd:567,fd,27,2,1,False,0,0,0,0.0,0.0
0,mcv:1117,mcv,174,2,2,True,1,1,0,0.1006689256194111,0.0
0,mcv:727,mcv,270,3,2,False,0,0,0,0.0,0.0
0,mcv:754,mcv,218,4,1,False,0,0,0,0.0,0.0
0,mcv:1292,mcv,588,3,1,False,0,0,0,0.0,0.0
0,fd:155,fd,27,3,3,False,0,0,0,0.0,0.0
0,mcv:883,mcv,196,4,1,True,1,0,1,0.0,0.00938923328962371
0,mcv:20,mcv,382,6,4,False,0,0,0,0.0,0.0
0,mcv:1290,mcv,362,2,2,False,0,0,0,0.0,0.0
0,fd:35,fd,27,6,2,False,0,0,0,0.0,0.0
0,mcv:1767,mcv,270,1,2,False,0,0,0,0.0,0.0
0,mcv:397,mcv,304,4,2,False,0,0,0,0.0,0.0
0,mcv:162,mcv,382,6,2,False,0,0,0,0.0,0.0
0,fd:63,fd,27,6,2,False,0,0,0,0.0,0.0
0,mcv:1599,mcv,266,1,2,False,0,0,0,0.0,0.0
0,mcv:1497,mcv,444,2,1,False,0,0,0,0.0,0.0
0,mcv:1978,mcv,476,1,1,False,0,0,0,0.0,0.0
0,mcv:1699,mcv,248,2,1,False,0,0,0,0.0,0.0
0,mcv:1713,mcv,252,2,1,False,0,0,0,0.0,0.0
0,fd:610,fd,41,2,1,False,0,0,0,0.0,0.0
0,mcv:1186,mcv,270,3,1,False,0,0,0,0.0,0.0
0,fd:147,fd,27,5,1,False,0,0,0,0.0,0.0
0,mcv:370,mcv,408,4,2,False,0,0,0,0.0,0.0
0,mcv:1484,mcv,432,1,2,False,0,0,0,0.0,0.0
0,mcv:157,mcv,148,4,4,False,0,0,0,0.0,0.0
0,mcv:330,mcv,248,6,1,False,0,0,0,0.0,0.0
0,fd:605,fd,27,2,1,False,0,0,0,0.0,0.0
0,mcv:1858,mcv,296,1,1,False,0,0,0,0.0,0.0
0,fd:557,fd,27,1,2,False,0,0,0,0.0,0.0
0,mcv:453,mcv,170,2,4,False,0,0,0,0.0,0.0
0,mcv:1640,mcv,244,1,2,False,0,0,0,0.0,0.0
0,fd:145,fd,41,4,2,False,0,0,0,0.0,0.0
0,mcv:99,mcv,492,4,4,False,0,0,0,0.0,0.0
0,mcv:783,mcv,218,4,1,False,0,0,0,0.0,0.0
0,mcv:1641,mcv,676,2,1,False,0,0,0,0.0,0.0
0,fd:661,fd,27,1,1,False,0,0,0,0.0,0.0
0,mcv:823,mcv,244,3,2,False,0,0,0,0.0,0.0
0,fd:184,fd,27,4,2,False,0,0,0,0.0,0.0
0,fd:56,fd,27,7,1,False,0,0,0,0.0,0.0
0,fd:358,fd,27,3,2,False,0,0,0,0.0,0.0
0,mcv:216,mcv,304,4,3,False,0,0,0,0.0,0.0
0,mcv:520,mcv,226,5,1,False,0,0,0,0.0,0.0
0,mcv:889,mcv,218,4,1,False,0,0,0,0.0,0.0
0,mcv:373,mcv,480,5,1,False,0,0,0,0.0,0.0
0,fd:346,fd,27,4,1,False,0,0,0,0.0,0.0
0,mcv:16,mcv,304,8,2,False,0,0,0,0.0,0.0
0,mcv:91,mcv,274,6,2,False,0,0,0,0.0,0.0
0,mcv:213,mcv,556,5,2,False,0,0,0,0.0,0.0
0,mcv:214,mcv,470,6,1,False,0,0,0,0.0,0.0
0,fd:85,fd,27,4,3,True,2,1,1,0.0004551613016972045,0.014967082682396438
0,mcv:1189,mcv,292,3,1,False,0,0,0,0.0,0.0
0,mcv:911,mcv,382,3,2,False,0,0,0,0.0,0.0
0,mcv:2056,mcv,614,1,1,False,0,0,0,0.0,0.0
0,mcv:15,mcv,418,6,4,False,0,0,0,0.0,0.0
0,fd:82,fd,27,4,3,False,0,0,0,0.0,0.0
0,fd:133,fd,27,6,1,True,1,1,0,0.04341389480557711,0.0
0,fd:632,fd,27,1,2,False,0,0,0,0.0,0.0
0,fd:488,fd,41,3,1,False,0,0,0,0.0,0.0
0,mcv:461,mcv,170,2,4,False,0,0,0,0.0,0.0
0,fd:757,fd,27,0,1,False,0,0,0,0.0,0.0
0,mcv:2252,mcv,148,0,1,False,0,0,0,0.0,0.0
0,fd:339,fd,27,4,1,False,0,0,0,0.0,0.0
0,mcv:1236,mcv,358,3,1,False,0,0,0,0.0,0.0
0,mcv:202,mcv,486,4,3,False,0,0,0,0.0,0.0
0,fd:159,fd,41,4,2,False,0,0,0,0.0,0.0
0,mcv:816,mcv,476,3,2,False,0,0,0,0.0,0.0
0,mcv:28,mcv,540,7,3,False,0,0,0,0.0,0.0
0,mcv:460,mcv,170,4,2,False,0,0,0,0.0,0.0
0,mcv:1852,mcv,352,1,1,False,0,0,0,0.0,0.0
0,mcv:1042,mcv,550,2,2,False,0,0,0,0.0,0.0
0,mcv:1700,mcv,226,1,2,False,0,0,0,0.0,0.0
0,fd:664,fd,27,1,1,False,0,0,0,0.0,0.0
0,fd:59,fd,27,4,4,False,0,0,0,0.0,0.0
0,fd:5,fd,27,8,2,True,1,1,0,0.00034759364719372243,0.0
0,mcv:895,mcv,226,4,1,False,0,0,0,0.0,0.0
0,mcv:1483,mcv,318,1,2,False,0,0,0,0.0,0.0
0,mcv:1982,mcv,266,1,1,False,0,0,0,0.0,0.0
0,mcv:376,mcv,274,4,2,False,0,0,0,0.0,0.0
0,mcv:391,mcv,304,3,3,False,0,0,0,0.0,0.0
0,mcv:1693,mcv,392,2,1,False,0,0,0,0.0,0.0
0,fd:150,fd,41,4,2,False,0,0,0,0.0,0.0
0,mcv:307,mcv,170,6,1,False,0,0,0,0.0,0.0
0,mcv:154,mcv,382,7,1,False,0,0,0,0.0,0.0
0,mcv:530,mcv,414,4,2,False,0,0,0,0.0,0.0
0,mcv:178,mcv,512,7,1,False,0,0,0,0.0,0.0
0,fd:714,fd,27,1,1,False,0,0,0,0.0,0.0
0,fd:70,fd,27,7,1,True,0,0,0,0.0,0.0
0,mcv:40,mcv,840,9,1,True,1,1,0,0.005259253206494563,0.0
0,fd:18,fd,27,9,1,False,0,0,0,0.0,0.0
0,fd:204,fd,27,4,2,False,0,0,0,0.0,0.0
0,mcv:179,mcv,674,7,1,False,0,0,0,0.0,0.0
0,mcv:879,mcv,714,3,2,True,1,0,1,0.0,2.654890529640852e-08
0,mcv:183,mcv,506,5,3,False,0,0,0,0.0,0.0
0,mcv:988,mcv,344,2,3,False,0,0,0,0.0,0.0
0,fd:496,fd,27,2,2,False,0,0,0,0.0,0.0
0,mcv:2044,mcv,174,1,1,False,0,0,0,0.0,0.0
0,mcv:621,mcv,222,5,1,False,0,0,0,0.0,0.0
0,mcv:1321,mcv,270,2,2,False,0,0,0,0.0,0.0
0,fd:73,fd,27,5,3,False,0,0,0,0.0,0.0
0,mcv:125,mcv,996,7,1,False,0,0,0,0.0,0.0
0,mcv:1198,mcv,1414,3,1,False,0,0,0,0.0,0.0
0,mcv:1199,mcv,812,3,1,False,0,0,0,0.0,0.0
0,mcv:322,mcv,196,4,3,False,0,0,0,0.0,0.0
0,mcv:533,mcv,384,5,1,False,0,0,0,0.0,0.0
0,mcv:1256,mcv,572,1,3,False,0,0,0,0.0,0.0
0,mcv:1336,mcv,248,3,1,False,0,0,0,0.0,0.0
0,mcv:300,mcv,196,5,2,False,0,0,0,0.0,0.0
0,fd:115,fd,27,5,2,False,0,0,0,0.0,0.0
0,fd:105,fd,27,5,2,False,0,0,0,0.0,0.0
0,mcv:277,mcv,318,5,2,False,0,0,0,0.0,0.0
0,mcv:301,mcv,384,4,3,False,0,0,0,0.0,0.0
0,mcv:464,mcv,592,4,2,False,0,0,0,0.0,0.0
0,mcv:297,mcv,222,5,2,False,0,0,0,0.0,0.0
0,mcv:1999,mcv,366,1,1,False,0,0,0,0.0,0.0
0,mcv:139,mcv,432,5,3,False,0,0,0,0.0,0.0
0,mcv:804,mcv,664,3,2,False,0,0,0,0.0,0.0
0,fd:313,fd,27,2,3,False,0,0,0,0.0,0.0
0,mcv:1626,mcv,554,1,2,False,0,0,0,0.0,0.0
0,mcv:1717,mcv,528,2,1,False,0,0,0,0.0,0.0
0,mcv:805,mcv,348,2,3,False,0,0,0,0.0,0.0
0,mcv:850,mcv,318,4,1,False,0,0,0,0.0,0.0
0,mcv:1262,mcv,620,3,1,False,0,0,0,0.0,0.0
0,mcv:498,mcv,432,3,3,False,0,0,0,0.0,0.0
0,mcv:346,mcv,340,6,1,False,0,0,0,0.0,0.0
0,mcv:1680,mcv,388,2,1,False,0,0,0,0.0,0.0
0,fd:140,fd,27,6,1,False,0,0,0,0.0,0.0
0,fd:584,fd,27,1,2,False,0,0,0,0.0,0.0
0,mcv:145,mcv,218,7,1,False,0,0,0,0.0,0.0
0,mcv:501,mcv,314,4,2,False,0,0,0,0.0,0.0
0,mcv:1720,mcv,314,2,1,False,0,0,0,0.0,0.0
0,mcv:480,mcv,362,5,1,False,0,0,0,0.0,0.0
0,mcv:53,mcv,404,8,1,False,0,0,0,0.0,0.0
0,mcv:433,mcv,200,5,1,False,0,0,0,0.0,0.0
0,mcv:974,mcv,148,3,2,False,0,0,0,0.0,0.0
0,mcv:74,mcv,434,7,2,False,0,0,0,0.0,0.0
0,mcv:1,mcv,244,9,4,False,0,0,0,0.0,0.0
0,mcv:736,mcv,196,4,1,False,0,0,0,0.0,0.0
0,mcv:163,mcv,218,5,3,False,0,0,0,0.0,0.0
0,mcv:430,mcv,382,3,3,False,0,0,0,0.0,0.0
0,mcv:348,mcv,200,6,1,False,0,0,0,0.0,0.0
0,mcv:1171,mcv,222,3,1,False,0,0,0,0.0,0.0
0,mcv:7,mcv,738,9,2,False,0,0,0,0.0,0.0
0,mcv:164,mcv,292,6,2,False,0,0,0,0.0,0.0
0,mcv:919,mcv,266,3,2,True,0,0,0,0.0,0.0
0,mcv:65,mcv,196,7,2,True,2,2,0,5.783689771554634e-08,0.0
0,mcv:18,mcv,174,9,1,False,0,0,0,0.0,0.0
0,mcv:846,mcv,314,4,1,True,0,0,0,0.0,0.0
0,mcv:1352,mcv,650,3,1,False,0,0,0,0.0,0.0
0,mcv:762,mcv,196,3,2,False,0,0,0,0.0,0.0
0,mcv:250,mcv,218,5,2,False,0,0,0,0.0,0.0
0,mcv:233,mcv,174,5,2,False,0,0,0,0.0,0.0
0,mcv:446,mcv,148,5,1,False,0,0,0,0.0,0.0
0,fd:297,fd,27,3,2,False,0,0,0,0.0,0.0
0,mcv:1551,mcv,148,2,1,False,0,0,0,0.0,0.0
0,fd:255,fd,27,5,1,True,0,0,0,0.0,0.0
0,mcv:890,mcv,266,4,1,False,0,0,0,0.0,0.0
0,mcv:120,mcv,170,5,3,True,1,1,0,0.041141334834344345,0.0
0,mcv:908,mcv,492,4,1,False,0,0,0,0.0,0.0
0,mcv:60,mcv,218,6,3,True,1,1,0,4.303683223554426,0.0
0,mcv:1460,mcv,292,3,1,False,0,0,0,0.0,0.0
0,mcv:739,mcv,148,4,1,False,0,0,0,0.0,0.0
0,mcv:611,mcv,200,5,1,False,0,0,0,0.0,0.0
0,mcv:741,mcv,196,3,2,False,0,0,0,0.0,0.0
0,fd:174,fd,41,5,1,True,1,1,0,0.0004206437323439616,0.0
0,mcv:296,mcv,244,4,3,False,0,0,0,0.0,0.0
0,fd:356,fd,27,4,1,False,0,0,0,0.0,0.0
0,fd:113,fd,27,4,3,False,0,0,0,0.0,0.0
0,mcv:141,mcv,848,5,3,False,0,0,0,0.0,0.0
0,mcv:4,mcv,288,8,3,True,3,2,1,0.250253603588775,0.05120375602930216
0,mcv:121,mcv,218,6,2,False,0,0,0,0.0,0.0
0,mcv:2,mcv,218,9,3,False,0,0,0,0.0,0.0
0,mcv:613,mcv,218,4,2,False,0,0,0,0.0,0.0
0,mcv:299,mcv,226,6,1,False,0,0,0,0.0,0.0
0,mcv:843,mcv,244,3,2,True,1,0,1,0.0,0.05719863234591949
0,mcv:909,mcv,492,3,2,False,0,0,0,0.0,0.0
0,mcv:916,mcv,218,4,1,False,0,0,0,0.0,0.0
0,fd:142,fd,27,6,1,False,0,0,0,0.0,0.0
0,fd:90,fd,27,5,2,False,0,0,0,0.0,0.0
0,mcv:350,mcv,218,5,2,False,0,0,0,0.0,0.0
0,mcv:118,mcv,196,6,2,False,0,0,0,0.0,0.0
0,mcv:1545,mcv,148,2,1,False,0,0,0,0.0,0.0
0,fd:6,fd,27,9,1,False,0,0,0,0.0,0.0
0,fd:171,fd,27,3,3,False,0,0,0,0.0,0.0
0,fd:357,fd,27,3,2,False,0,0,0,0.0,0.0
0,fd:1,fd,27,9,4,False,0,0,0,0.0,0.0
0,mcv:1326,mcv,196,2,2,False,0,0,0,0.0,0.0
0,mcv:168,mcv,314,7,1,False,0,0,0,0.0,0.0
0,fd:205,fd,27,5,1,False,0,0,0,0.0,0.0
0,mcv:535,mcv,340,5,1,False,0,0,0,0.0,0.0
0,fd:238,fd,41,5,1,False,0,0,0,0.0,0.0
0,mcv:160,mcv,810,6,2,False,0,0,0,0.0,0.0
0,fd:24,fd,27,8,1,False,0,0,0,0.0,0.0
0,mcv:928,mcv,650,3,2,False,0,0,0,0.0,0.0
0,mcv:709,mcv,318,4,1,False,0,0,0,0.0,0.0
0,mcv:569,mcv,270,4,2,False,0,0,0,0.0,0.0
0,mcv:1548,mcv,196,2,1,False,0,0,0,0.0,0.0
0,mcv:921,mcv,382,4,1,False,0,0,0,0.0,0.0
0,mcv:2073,mcv,432,1,1,False,0,0,0,0.0,0.0
0,mcv:1728,mcv,460,1,2,False,0,0,0,0.0,0.0
0,mcv:1904,mcv,304,1,1,False,0,0,0,0.0,0.0
0,mcv:933,mcv,222,3,2,False,0,0,0,0.0,0.0
0,fd:226,fd,27,4,2,False,0,0,0,0.0,0.0
0,fd:62,fd,27,6,2,False,0,0,0,0.0,0.0
0,mcv:312,mcv,382,4,3,False,0,0,0,0.0,0.0
0,mcv:1369,mcv,196,2,2,False,0,0,0,0.0,0.0
0,mcv:1518,mcv,748,2,1,True,0,0,0,0.0,0.0
0,mcv:1520,mcv,330,2,1,False,0,0,0,0.0,0.0
0,fd:537,fd,27,3,1,False,0,0,0,0.0,0.0
0,mcv:1422,mcv,278,3,1,False,0,0,0,0.0,0.0
0,mcv:1133,mcv,148,2,2,False,0,0,0,0.0,0.0
0,fd:365,fd,27,2,3,False,0,0,0,0.0,0.0
0,mcv:713,mcv,362,3,2,True,0,0,0,0.0,0.0
0,mcv:738,mcv,248,4,1,False,0,0,0,0.0,0.0
0,fd:91,fd,27,5,2,False,0,0,0,0.0,0.0
0,mcv:1371,mcv,300,1,3,False,0,0,0,0.0,0.0
0,mcv:1909,mcv,148,1,1,False,0,0,0,0.0,0.0
0,fd:677,fd,41,1,1,False,0,0,0,0.0,0.0
0,mcv:161,mcv,654,6,2,False,0,0,0,0.0,0.0
0,mcv:1878,mcv,672,1,1,False,0,0,0,0.0,0.0
0,fd:435,fd,41,2,2,False,0,0,0,0.0,0.0
0,fd:447,fd,41,2,2,False,0,0,0,0.0,0.0
0,mcv:1750,mcv,326,2,1,False,0,0,0,0.0,0.0
0,mcv:1385,mcv,148,3,1,False,0,0,0,0.0,0.0
0,mcv:234,mcv,400,5,2,False,0,0,0,0.0,0.0
0,fd:218,fd,27,4,2,False,0,0,0,0.0,0.0
0,fd:517,fd,27,1,3,False,0,0,0,0.0,0.0
0,fd:370,fd,27,3,2,False,0,0,0,0.0,0.0
0,fd:87,fd,41,6,1,False,0,0,0,0.0,0.0
0,mcv:354,mcv,222,5,2,False,0,0,0,0.0,0.0
0,mcv:886,mcv,300,2,3,False,0,0,0,0.0,0.0
0,mcv:930,mcv,378,2,3,False,0,0,0,0.0,0.0
0,mcv:585,mcv,460,5,1,False,0,0,0,0.0,0.0
0,mcv:2159,mcv,222,0,1,False,0,0,0,0.0,0.0
0,mcv:561,mcv,404,4,2,False,0,0,0,0.0,0.0
0,mcv:73,mcv,658,7,2,False,0,0,0,0.0,0.0
0,mcv:536,mcv,174,5,1,True,0,0,0,0.0,0.0
0,mcv:1095,mcv,304,2,2,False,0,0,0,0.0,0.0
0,fd:42,fd,41,6,2,False,0,0,0,0.0,0.0
0,mcv:938,mcv,400,3,2,False,0,0,0,0.0,0.0
0,mcv:66,mcv,248,8,1,False,0,0,0,0.0,0.0
0,mcv:107,mcv,278,6,2,False,0,0,0,0.0,0.0
0,mcv:577,mcv,304,2,4,False,0,0,0,0.0,0.0
0,mcv:704,mcv,318,4,1,False,0,0,0,0.0,0.0
0,mcv:1804,mcv,326,1,2,False,0,0,0,0.0,0.0
0,fd:648,fd,27,1,2,False,0,0,0,0.0,0.0
0,fd:362,fd,41,4,1,False,0,0,0,0.0,0.0
0,mcv:2224,mcv,406,0,1,False,0,0,0,0.0,0.0
0,mcv:2230,mcv,408,0,1,False,0,0,0,0.0,0.0
0,fd:564,fd,27,2,1,False,0,0,0,0.0,0.0
0,fd:121,fd,27,4,3,True,3,2,1,0.0014457454836682704,0.04662970519176213
0,mcv:708,mcv,816,4,1,False,0,0,0,0.0,0.0
0,fd:232,fd,27,2,4,False,0,0,0,0.0,0.0
0,mcv:1353,mcv,650,2,2,False,0,0,0,0.0,0.0
0,mcv:221,mcv,278,6,1,True,1,0,1,0.0,0.7587222049929316
0,mcv:64,mcv,382,8,1,False,0,0,0,0.0,0.0
0,mcv:377,mcv,452,4,2,False,0,0,0,0.0,0.0
0,mcv:45,mcv,652,6,3,False,0,0,0,0.0,0.0
0,mcv:180,mcv,370,6,2,False,0,0,0,0.0,0.0
0,fd:196,fd,27,5,1,True,0,0,0,0.0,0.0
0,mcv:963,mcv,410,3,2,False,0,0,0,0.0,0.0
0,mcv:264,mcv,1124,5,2,False,0,0,0,0.0,0.0
0,mcv:681,mcv,330,3,2,False,0,0,0,0.0,0.0
0,fd:282,fd,27,2,3,False,0,0,0,0.0,0.0
0,fd:431,fd,27,1,3,False,0,0,0,0.0,0.0
0,fd:10,fd,27,7,3,False,0,0,0,0.0,0.0
0,mcv:27,mcv,248,7,3,False,0,0,0,0.0,0.0
0,fd:71,fd,27,6,2,False,0,0,0,0.0,0.0
0,mcv:1947,mcv,912,0,2,False,0,0,0,0.0,0.0
0,fd:101,fd,27,5,2,False,0,0,0,0.0,0.0
0,mcv:265,mcv,618,5,2,False,0,0,0,0.0,0.0
0,mcv:670,mcv,278,3,2,False,0,0,0,0.0,0.0
0,mcv:1071,mcv,356,1,3,False,0,0,0,0.0,0.0
0,mcv:2140,mcv,748,0,1,False,0,0,0,0.0,0.0
0,mcv:210,mcv,392,2,5,False,0,0,0,0.0,0.0
0,mcv:516,mcv,300,5,1,False,0,0,0,0.0,0.0
0,mcv:1407,mcv,550,3,1,False,0,0,0,0.0,0.0
0,mcv:396,mcv,492,5,1,False,0,0,0,0.0,0.0
0,fd:276,fd,41,3,2,False,0,0,0,0.0,0.0
0,mcv:686,mcv,536,2,3,False,0,0,0,0.0,0.0
0,mcv:261,mcv,614,4,3,False,0,0,0,0.0,0.0
0,mcv:385,mcv,400,4,2,True,1,0,1,0.0,0.15437935465306496
0,fd:541,fd,27,3,1,False,0,0,0,0.0,0.0
0,mcv:290,mcv,388,4,3,False,0,0,0,0.0,0.0
0,mcv:1962,mcv,396,1,1,False,0,0,0,0.0,0.0
0,mcv:1433,mcv,300,3,1,False,0,0,0,0.0,0.0
0,mcv:1222,mcv,462,3,1,False,0,0,0,0.0,0.0
0,mcv:1429,mcv,414,3,1,True,1,1,0,0.24195936787679928,0.0
0,mcv:1451,mcv,314,2,2,False,0,0,0,0.0,0.0
0,mcv:2213,mcv,406,0,1,False,0,0,0,0.0,0.0
0,fd:489,fd,27,2,2,False,0,0,0,0.0,0.0
0,fd:687,fd,41,1,1,True,1,1,0,0.120411087795397,0.0
0,mcv:1300,mcv,528,2,2,False,0,0,0,0.0,0.0
0,fd:554,fd,27,3,1,False,0,0,0,0.0,0.0
0,fd:387,fd,41,3,2,False,0,0,0,0.0,0.0
0,fd:262,fd,27,5,1,False,0,0,0,0.0,0.0
0,mcv:490,mcv,288,4,2,False,0,0,0,0.0,0.0
0,mcv:1013,mcv,690,2,2,False,0,0,0,0.0,0.0
0,fd:400,fd,27,2,3,False,0,0,0,0.0,0.0
0,mcv:973,mcv,296,3,2,True,2,2,0,5.93806876026202,0.0
0,mcv:2126,mcv,2058,0,1,False,0,0,0,0.0,0.0
0,mcv:1014,mcv,458,3,1,False,0,0,0,0.0,0.0
0,mcv:345,mcv,1192,5,2,False,0,0,0,0.0,0.0
0,mcv:814,mcv,340,4,1,False,0,0,0,0.0,0.0
0,mcv:1234,mcv,1052,3,1,False,0,0,0,0.0,0.0
0,mcv:992,mcv,170,4,1,False,0,0,0,0.0,0.0
0,mcv:1455,mcv,608,3,1,False,0,0,0,0.0,0.0
0,mcv:275,mcv,218,6,1,False,0,0,0,0.0,0.0
0,mcv:21,mcv,218,8,2,False,0,0,0,0.0,0.0
0,mcv:636,mcv,440,3,2,False,0,0,0,0.0,0.0
0,mcv:1809,mcv,296,0,3,False,0,0,0,0.0,0.0
0,mcv:352,mcv,938,6,1,False,0,0,0,0.0,0.0
0,mcv:1810,mcv,314,2,1,False,0,0,0,0.0,0.0
0,mcv:994,mcv,174,2,3,False,0,0,0,0.0,0.0
0,fd:139,fd,27,5,2,False,0,0,0,0.0,0.0
0,fd:650,fd,27,0,3,False,0,0,0,0.0,0.0
0,mcv:363,mcv,370,5,1,False,0,0,0,0.0,0.0
0,mcv:1466,mcv,572,2,1,False,0,0,0,0.0,0.0
0,mcv:626,mcv,964,5,1,False,0,0,0,0.0,0.0
0,mcv:1828,mcv,218,1,2,False,0,0,0,0.0,0.0
0,mcv:1823,mcv,222,1,2,False,0,0,0,0.0,0.0
0,mcv:2035,mcv,690,1,1,False,0,0,0,0.0,0.0
0,fd:401,fd,27,3,2,False,0,0,0,0.0,0.0
0,mcv:1301,mcv,226,3,1,False,0,0,0,0.0,0.0
0,mcv:1661,mcv,620,2,1,False,0,0,0,0.0,0.0
0,fd:591,fd,27,2,1,False,0,0,0,0.0,0.0
0,mcv:2201,mcv,434,0,1,False,0,0,0,0.0,0.0
0,mcv:555,mcv,1366,4,2,False,0,0,0,0.0,0.0
0,mcv:1025,mcv,856,1,3,False,0,0,0,0.0,0.0
0,mcv:1271,mcv,388,1,3,False,0,0,0,0.0,0.0
0,mcv:995,mcv,304,3,2,False,0,0,0,0.0,0.0
0,mcv:1291,mcv,702,2,2,False,0,0,0,0.0,0.0
0,mcv:88,mcv,1272,5,3,False,0,0,0,0.0,0.0
0,mcv:1024,mcv,1146,3,1,False,0,0,0,0.0,0.0
0,mcv:839,mcv,1286,4,1,False,0,0,0,0.0,0.0
0,fd:26,fd,41,7,2,False,0,0,0,0.0,0.0
0,mcv:1453,mcv,576,2,2,False,0,0,0,0.0,0.0
0,mcv:369,mcv,786,4,2,False,0,0,0,0.0,0.0
0,mcv:1031,mcv,448,3,1,False,0,0,0,0.0,0.0
0,mcv:90,mcv,1194,5,3,False,0,0,0,0.0,0.0
0,fd:656,fd,27,1,2,False,0,0,0,0.0,0.0
0,mcv:71,mcv,456,8,1,False,0,0,0,0.0,0.0
0,fd:27,fd,27,8,1,False,0,0,0,0.0,0.0
0,mcv:70,mcv,662,7,2,False,0,0,0,0.0,0.0
0,mcv:1668,mcv,572,2,1,False,0,0,0,0.0,0.0
0,mcv:954,mcv,222,2,3,False,0,0,0,0.0,0.0
0,fd:438,fd,27,1,3,False,0,0,0,0.0,0.0
0,fd:378,fd,27,2,3,False,0,0,0,0.0,0.0
0,fd:526,fd,41,3,1,False,0,0,0,0.0,0.0
0,mcv:1406,mcv,222,2,2,False,0,0,0,0.0,0.0
0,mcv:721,mcv,318,4,1,True,1,0,1,0.0,0.129455026075733
0,mcv:1105,mcv,296,1,3,False,0,0,0,0.0,0.0
0,mcv:1397,mcv,200,3,1,False,0,0,0,0.0,0.0
0,fd:286,fd,27,4,1,False,0,0,0,0.0,0.0
0,mcv:47,mcv,434,7,2,False,0,0,0,0.0,0.0
0,mcv:211,mcv,550,5,2,False,0,0,0,0.0,0.0
0,mcv:406,mcv,378,3,3,False,0,0,0,0.0,0.0
0,fd:272,fd,41,3,2,False,0,0,0,0.0,0.0
0,fd:41,fd,41,4,4,False,0,0,0,0.0,0.0
0,mcv:1673,mcv,274,2,1,False,0,0,0,0.0,0.0
0,mcv:676,mcv,518,2,3,False,0,0,0,0.0,0.0
0,mcv:105,mcv,344,4,4,False,0,0,0,0.0,0.0
0,mcv:663,mcv,356,3,2,False,0,0,0,0.0,0.0
0,mcv:656,mcv,432,2,3,False,0,0,0,0.0,0.0
0,mcv:1035,mcv,708,3,1,False,0,0,0,0.0,0.0
0,mcv:1078,mcv,322,2,2,False,0,0,0,0.0,0.0
0,mcv:270,mcv,488,6,1,True,1,1,0,0.09688891549526346,0.0
0,fd:614,fd,41,2,1,False,0,0,0,0.0,0.0
0,fd:332,fd,27,4,1,False,0,0,0,0.0,0.0
0,mcv:861,mcv,222,4,1,False,0,0,0,0.0,0.0
0,fd:193,fd,27,4,2,False,0,0,0,0.0,0.0
0,fd:182,fd,27,4,2,False,0,0,0,0.0,0.0
0,fd:328,fd,27,4,1,False,0,0,0,0.0,0.0
0,mcv:1305,mcv,466,3,1,False,0,0,0,0.0,0.0
0,fd:57,fd,27,6,2,True,0,0,0,0.0,0.0
0,fd:466,fd,27,3,1,False,0,0,0,0.0,0.0
0,mcv:271,mcv,804,6,1,True,0,0,0,0.0,0.0
0,mcv:452,mcv,488,5,1,False,0,0,0,0.0,0.0
0,mcv:796,mcv,440,4,1,False,0,0,0,0.0,0.0
0,fd:200,fd,41,5,1,False,0,0,0,0.0,0.0
0,mcv:392,mcv,592,5,1,False,0,0,0,0.0,0.0
0,mcv:456,mcv,534,4,2,False,0,0,0,0.0,0.0
0,mcv:513,mcv,174,4,2,False,0,0,0,0.0,0.0
0,mcv:1723,mcv,512,2,1,False,0,0,0,0.0,0.0
0,fd:53,fd,27,5,3,False,0,0,0,0.0,0.0
0,mcv:257,mcv,462,5,2,False,0,0,0,0.0,0.0
0,mcv:394,mcv,418,4,2,False,0,0,0,0.0,0.0
0,fd:156,fd,27,5,1,False,0,0,0,0.0,0.0
0,fd:157,fd,27,3,3,False,0,0,0,0.0,0.0
0,mcv:685,mcv,668,4,1,False,0,0,0,0.0,0.0
0,mcv:868,mcv,536,4,1,False,0,0,0,0.0,0.0
0,mcv:524,mcv,808,5,1,False,0,0,0,0.0,0.0
0,mcv:393,mcv,644,3,3,False,0,0,0,0.0,0.0
0,fd:104,fd,41,6,1,False,0,0,0,0.0,0.0
0,mcv:794,mcv,1044,3,2,True,1,1,0,0.6063984858670928,0.0
0,mcv:1601,mcv,196,2,1,False,0,0,0,0.0,0.0
0,mcv:147,mcv,538,5,3,False,0,0,0,0.0,0.0
0,mcv:1210,mcv,510,3,1,False,0,0,0,0.0,0.0
0,mcv:8,mcv,952,9,2,False,0,0,0,0.0,0.0
0,mcv:1188,mcv,196,3,1,False,0,0,0,0.0,0.0
0,mcv:155,mcv,196,6,2,False,0,0,0,0.0,0.0
0,mcv:953,mcv,196,2,3,False,0,0,0,0.0,0.0
0,mcv:1864,mcv,458,1,1,False,0,0,0,0.0,0.0
0,mcv:615,mcv,170,5,1,False,0,0,0,0.0,0.0
0,mcv:100,mcv,396,7,1,False,0,0,0,0.0,0.0
0,mcv:17,mcv,392,7,3,False,0,0,0,0.0,0.0
0,fd:128,fd,27,5,2,False,0,0,0,0.0,0.0
0,mcv:1342,mcv,196,3,1,False,0,0,0,0.0,0.0
0,mcv:2091,mcv,330,1,1,False,0,0,0,0.0,0.0
0,fd:693,fd,27,1,1,False,0,0,0,0.0,0.0
0,mcv:918,mcv,244,3,2,False,0,0,0,0.0,0.0
0,fd:503,fd,27,3,1,False,0,0,0,0.0,0.0
0,mcv:899,mcv,418,4,1,False,0,0,0,0.0,0.0
0,fd:516,fd,27,2,2,False,0,0,0,0.0,0.0
0,mcv:130,mcv,288,7,1,False,0,0,0,0.0,0.0
0,mcv:1973,mcv,620,1,1,False,0,0,0,0.0,0.0
0,mcv:983,mcv,686,3,2,False,0,0,0,0.0,0.0
0,mcv:958,mcv,174,4,1,False,0,0,0,0.0,0.0
0,mcv:1367,mcv,620,2,2,False,0,0,0,0.0,0.0
0,fd:350,fd,27,4,1,False,0,0,0,0.0,0.0
0,mcv:1635,mcv,174,2,1,False,0,0,0,0.0,0.0
0,mcv:485,mcv,174,4,2,False,0,0,0,0.0,0.0
0,mcv:548,mcv,148,5,1,False,0,0,0,0.0,0.0
0,fd:360,fd,27,3,2,False,0,0,0,0.0,0.0
0,mcv:319,mcv,174,5,2,False,0,0,0,0.0,0.0
0,fd:732,fd,27,1,1,False,0,0,0,0.0,0.0
0,mcv:2098,mcv,362,1,1,False,0,0,0,0.0,0.0
0,mcv:247,mcv,270,4,3,False,0,0,0,0.0,0.0
0,mcv:5,mcv,414,8,3,False,0,0,0,0.0,0.0
0,mcv:152,mcv,568,5,3,False,0,0,0,0.0,0.0
0,fd:34,fd,27,5,3,False,0,0,0,0.0,0.0
0,mcv:715,mcv,292,3,2,False,0,0,0,0.0,0.0
0,mcv:1398,mcv,318,2,2,False,0,0,0,0.0,0.0
0,mcv:1156,mcv,270,3,1,False,0,0,0,0.0,0.0
0,mcv:86,mcv,414,5,3,True,3,3,0,1.5790213857350532,0.0
0,mcv:87,mcv,418,5,3,False,0,0,0,0.0,0.0
0,mcv:718,mcv,546,4,1,False,0,0,0,0.0,0.0
0,mcv:48,mcv,524,6,3,False,0,0,0,0.0,0.0
0,mcv:1392,mcv,274,2,2,True,0,0,0,0.0,0.0
0,mcv:1107,mcv,590,2,2,False,0,0,0,0.0,0.0
0,mcv:440,mcv,196,4,2,False,0,0,0,0.0,0.0
0,fd:371,fd,41,3,2,False,0,0,0,0.0,0.0
0,mcv:1471,mcv,712,2,1,False,0,0,0,0.0,0.0
0,mcv:1010,mcv,866,3,1,False,0,0,0,0.0,0.0
0,mcv:939,mcv,274,3,2,True,2,1,0,2.8658796402680764e-07,0.0
0,fd:20,fd,27,6,3,True,0,0,0,0.0,0.0
0,fd:33,fd,27,5,3,False,0,0,0,0.0,0.0
0,mcv:357,mcv,756,5,1,True,0,0,0,0.0,0.0
0,mcv:546,mcv,406,4,2,False,0,0,0,0.0,0.0
0,mcv:941,mcv,348,3,2,True,0,0,0,0.0,0.0
0,mcv:361,mcv,580,5,1,True,0,0,0,0.0,0.0
0,mcv:1856,mcv,506,1,1,False,0,0,0,0.0,0.0
0,mcv:144,mcv,174,6,2,False,0,0,0,0.0,0.0
0,mcv:2022,mcv,362,1,1,False,0,0,0,0.0,0.0
0,mcv:146,mcv,942,6,2,False,0,0,0,0.0,0.0
0,mcv:1427,mcv,296,2,2,False,0,0,0,0.0,0.0
0,fd:52,fd,27,6,2,True,1,0,1,0.0,0.01277592282389417
0,mcv:1851,mcv,366,1,1,False,0,0,0,0.0,0.0
0,fd:660,fd,27,1,1,False,0,0,0,0.0,0.0
0,mcv:83,mcv,740,7,2,False,0,0,0,0.0,0.0
0,mcv:1045,mcv,362,3,1,False,0,0,0,0.0,0.0
0,mcv:203,mcv,1320,4,3,False,0,0,0,0.0,0.0
0,fd:134,fd,27,6,1,False,0,0,0,0.0,0.0
0,mcv:801,mcv,492,4,1,False,0,0,0,0.0,0.0
0,fd:685,fd,27,1,1,False,0,0,0,0.0,0.0
0,fd:700,fd,27,1,1,False,0,0,0,0.0,0.0
0,mcv:186,mcv,200,6,2,False,0,0,0,0.0,0.0
0,fd:309,fd,27,4,1,False,0,0,0,0.0,0.0
0,mcv:1957,mcv,418,1,1,False,0,0,0,0.0,0.0
0,mcv:1272,mcv,374,3,1,False,0,0,0,0.0,0.0
0,fd:75,fd,27,6,2,False,0,0,0,0.0,0.0
0,mcv:1209,mcv,1072,3,1,True,1,0,1,0.0,0.23180963582965863
0,mcv:333,mcv,196,6,1,False,0,0,0,0.0,0.0
0,fd:312,fd,27,4,1,False,0,0,0,0.0,0.0
0,mcv:797,mcv,488,4,1,False,0,0,0,0.0,0.0
0,mcv:2008,mcv,436,1,1,False,0,0,0,0.0,0.0
0,mcv:127,mcv,694,7,1,False,0,0,0,0.0,0.0
0,mcv:2037,mcv,632,1,1,False,0,0,0,0.0,0.0
0,mcv:2083,mcv,374,1,1,False,0,0,0,0.0,0.0
0,mcv:1108,mcv,572,2,2,False,0,0,0,0.0,0.0
0,mcv:1706,mcv,702,2,1,False,0,0,0,0.0,0.0
0,fd:471,fd,41,3,1,False,0,0,0,0.0,0.0
0,mcv:1886,mcv,760,1,1,False,0,0,0,0.0,0.0
0,mcv:1101,mcv,896,2,2,True,1,1,0,0.07580971062428432,0.0
0,mcv:1213,mcv,808,3,1,False,0,0,0,0.0,0.0
0,fd:46,fd,27,7,1,False,0,0,0,0.0,0.0
0,mcv:336,mcv,174,4,3,False,0,0,0,0.0,0.0
0,mcv:508,mcv,314,3,3,False,0,0,0,0.0,0.0
0,mcv:987,mcv,484,3,2,False,0,0,0,0.0,0.0
0,mcv:2110,mcv,408,1,1,True,0,0,0,0.0,0.0
0,mcv:703,mcv,496,3,2,False,0,0,0,0.0,0.0
0,mcv:698,mcv,616,4,1,False,0,0,0,0.0,0.0
0,mcv:209,mcv,362,4,3,False,0,0,0,0.0,0.0
0,mcv:504,mcv,558,5,1,False,0,0,0,0.0,0.0
0,mcv:1761,mcv,512,2,1,False,0,0,0,0.0,0.0
0,fd:30,fd,41,6,3,False,0,0,0,0.0,0.0
0,mcv:25,mcv,524,7,3,False,0,0,0,0.0,0.0
0,mcv:586,mcv,438,5,1,False,0,0,0,0.0,0.0
0,fd:240,fd,41,5,1,False,0,0,0,0.0,0.0
0,fd:67,fd,27,7,1,False,0,0,0,0.0,0.0
0,mcv:12,mcv,476,8,2,False,0,0,0,0.0,0.0
0,mcv:675,mcv,502,4,1,False,0,0,0,0.0,0.0
0,mcv:1508,mcv,910,2,1,False,0,0,0,0.0,0.0
0,fd:386,fd,27,3,2,False,0,0,0,0.0,0.0
0,mcv:218,mcv,804,4,3,False,0,0,0,0.0,0.0
0,fd:190,fd,27,3,3,False,0,0,0,0.0,0.0
0,fd:279,fd,27,4,1,False,0,0,0,0.0,0.0
0,mcv:387,mcv,932,3,3,False,0,0,0,0.0,0.0
0,mcv:96,mcv,594,5,3,True,3,2,1,4.4311880325572615,0.07873047834634184
0,mcv:507,mcv,384,4,2,False,0,0,0,0.0,0.0
0,fd:64,fd,41,7,1,False,0,0,0,0.0,0.0
0,mcv:934,mcv,404,4,1,False,0,0,0,0.0,0.0
0,mcv:79,mcv,392,6,3,False,0,0,0,0.0,0.0
0,fd:39,fd,27,5,3,False,0,0,0,0.0,0.0
0,fd:283,fd,27,3,2,True,0,0,0,0.0,0.0
0,mcv:1388,mcv,374,3,1,False,0,0,0,0.0,0.0
0,mcv:403,mcv,322,3,3,False,0,0,0,0.0,0.0
0,fd:135,fd,27,4,3,False,0,0,0,0.0,0.0
0,mcv:588,mcv,540,5,1,True,0,0,0,0.0,0.0
0,mcv:175,mcv,292,7,1,False,0,0,0,0.0,0.0
0,mcv:1444,mcv,940,2,2,False,0,0,0,0.0,0.0
0,mcv:343,mcv,576,5,2,False,0,0,0,0.0,0.0
0,mcv:170,mcv,724,7,1,True,1,0,1,0.0,0.03323244294183425
0,mcv:1773,mcv,462,2,1,False,0,0,0,0.0,0.0
0,fd:9,fd,27,7,3,False,0,0,0,0.0,0.0
0,mcv:949,mcv,300,3,2,False,0,0,0,0.0,0.0
0,mcv:1051,mcv,884,2,2,False,0,0,0,0.0,0.0
0,mcv:1281,mcv,352,3,1,False,0,0,0,0.0,0.0
0,mcv:208,mcv,654,6,1,False,0,0,0,0.0,0.0
0,mcv:143,mcv,196,5,3,False,0,0,0,0.0,0.0
0,mcv:700,mcv,524,2,3,False,0,0,0,0.0,0.0
0,fd:154,fd,41,4,2,True,0,0,0,0.0,0.0
0,mcv:972,mcv,366,3,2,False,0,0,0,0.0,0.0
0,mcv:1509,mcv,318,2,1,False,0,0,0,0.0,0.0
0,mcv:389,mcv,408,4,2,False,0,0,0,0.0,0.0
0,fd:441,fd,27,2,2,False,0,0,0,0.0,0.0
0,mcv:1115,mcv,174,2,2,False,0,0,0,0.0,0.0
0,mcv:1543,mcv,148,2,1,False,0,0,0,0.0,0.0
0,mcv:1122,mcv,174,3,1,False,0,0,0,0.0,0.0
0,mcv:1121,mcv,148,3,1,False,0,0,0,0.0,0.0
0,mcv:925,mcv,292,4,1,False,0,0,0,0.0,0.0
0,fd:424,fd,27,3,1,False,0,0,0,0.0,0.0
0,mcv:1860,mcv,278,0,2,False,0,0,0,0.0,0.0
0,fd:423,fd,27,3,1,False,0,0,0,0.0,0.0
0,mcv:426,mcv,200,5,1,False,0,0,0,0.0,0.0
0,fd:168,fd,27,5,1,False,0,0,0,0.0,0.0
0,mcv:1657,mcv,392,1,2,False,0,0,0,0.0,0.0
0,mcv:106,mcv,362,5,3,False,0,0,0,0.0,0.0
0,mcv:411,mcv,388,5,1,True,1,1,0,1.8850319946010634,0.0
0,mcv:78,mcv,196,7,2,False,0,0,0,0.0,0.0
0,mcv:563,mcv,244,4,2,False,0,0,0,0.0,0.0
0,mcv:1539,mcv,318,1,2,False,0,0,0,0.0,0.0
0,mcv:1064,mcv,366,3,1,False,0,0,0,0.0,0.0
0,mcv:423,mcv,196,4,2,False,0,0,0,0.0,0.0
0,mcv:499,mcv,366,4,2,False,0,0,0,0.0,0.0
0,mcv:2004,mcv,388,1,1,False,0,0,0,0.0,0.0
0,fd:162,fd,27,5,1,False,0,0,0,0.0,0.0
0,mcv:1061,mcv,388,3,1,False,0,0,0,0.0,0.0
0,mcv:1459,mcv,270,3,1,False,0,0,0,0.0,0.0
0,mcv:1525,mcv,366,0,3,False,0,0,0,0.0,0.0
0,mcv:2068,mcv,244,0,2,False,0,0,0,0.0,0.0
0,mcv:409,mcv,748,4,2,False,0,0,0,0.0,0.0
0,mcv:1052,mcv,796,3,1,True,0,0,0,0.0,0.0
0,fd:589,fd,27,1,2,False,0,0,0,0.0,0.0
0,mcv:379,mcv,748,3,3,False,0,0,0,0.0,0.0
0,fd:29,fd,27,7,2,False,0,0,0,0.0,0.0
0,mcv:424,mcv,218,5,1,False,0,0,0,0.0,0.0
0,mcv:837,mcv,296,4,1,False,0,0,0,0.0,0.0
0,mcv:1054,mcv,362,3,1,False,0,0,0,0.0,0.0
0,fd:166,fd,27,4,2,False,0,0,0,0.0,0.0
0,mcv:1093,mcv,340,3,1,False,0,0,0,0.0,0.0
0,mcv:167,mcv,196,7,1,False,0,0,0,0.0,0.0
0,fd:220,fd,27,4,2,False,0,0,0,0.0,0.0
0,mcv:1037,mcv,274,3,1,False,0,0,0,0.0,0.0
0,fd:418,fd,27,3,1,False,0,0,0,0.0,0.0
0,mcv:93,mcv,454,6,2,False,0,0,0,0.0,0.0
0,mcv:1597,mcv,610,1,2,False,0,0,0,0.0,0.0
0,mcv:129,mcv,196,6,2,False,0,0,0,0.0,0.0
0,mcv:196,mcv,448,4,3,True,3,2,1,0.03262658352991288,0.0011209570215489073
0,mcv:1432,mcv,318,2,2,False,0,0,0,0.0,0.0
0,fd:79,fd,27,5,2,False,0,0,0,0.0,0.0
0,mcv:784,mcv,378,2,3,False,0,0,0,0.0,0.0
0,mcv:1757,mcv,434,2,1,True,1,0,1,0.0,0.6513142188629744
0,fd:80,fd,27,4,3,False,0,0,0,0.0,0.0
0,mcv:1362,mcv,170,2,2,False,0,0,0,0.0,0.0
0,mcv:266,mcv,654,4,3,False,0,0,0,0.0,0.0
0,mcv:258,mcv,218,5,2,False,0,0,0,0.0,0.0
0,fd:509,fd,27,2,2,False,0,0,0,0.0,0.0
0,mcv:651,mcv,470,1,4,False,0,0,0,0.0,0.0
0,mcv:454,mcv,170,4,2,False,0,0,0,0.0,0.0
0,fd:544,fd,27,2,2,False,0,0,0,0.0,0.0
0,mcv:1069,mcv,304,3,1,False,0,0,0,0.0,0.0
0,mcv:638,mcv,1518,2,3,False,0,0,0,0.0,0.0
0,mcv:466,mcv,610,3,3,False,0,0,0,0.0,0.0
0,fd:306,fd,27,2,3,False,0,0,0,0.0,0.0
0,fd:158,fd,27,4,2,False,0,0,0,0.0,0.0
0,mcv:467,mcv,1074,4,2,False,0,0,0,0.0,0.0
0,fd:186,fd,27,3,3,False,0,0,0,0.0,0.0
0,mcv:2081,mcv,378,1,1,False,0,0,0,0.0,0.0
0,mcv:274,mcv,432,6,1,False,0,0,0,0.0,0.0
0,fd:725,fd,27,1,1,False,0,0,0,0.0,0.0
0,mcv:1358,mcv,274,3,1,False,0,0,0,0.0,0.0
0,mcv:1233,mcv,196,3,1,False,0,0,0,0.0,0.0
0,mcv:645,mcv,956,3,2,False,0,0,0,0.0,0.0
0,mcv:457,mcv,318,5,1,False,0,0,0,0.0,0.0
0,mcv:395,mcv,644,4,2,False,0,0,0,0.0,0.0
0,mcv:1029,mcv,830,3,1,False,0,0,0,0.0,0.0
0,fd:691,fd,27,1,1,False,0,0,0,0.0,0.0
0,fd:429,fd,27,3,1,False,0,0,0,0.0,0.0
0,mcv:679,mcv,374,4,1,False,0,0,0,0.0,0.0
0,mcv:1971,mcv,514,1,1,False,0,0,0,0.0,0.0
0,mcv:2127,mcv,606,0,1,False,0,0,0,0.0,0.0
0,mcv:1355,mcv,378,2,2,False,0,0,0,0.0,0.0
0,mcv:195,mcv,470,5,2,False,0,0,0,0.0,0.0
0,mcv:637,mcv,560,2,3,False,0,0,0,0.0,0.0
0,mcv:463,mcv,790,4,2,False,0,0,0,0.0,0.0
0,fd:314,fd,27,4,1,True,0,0,0,0.0,0.0
0,mcv:405,mcv,1356,4,2,False,0,0,0,0.0,0.0
0,mcv:1165,mcv,196,2,2,False,0,0,0,0.0,0.0
0,mcv:1464,mcv,414,2,1,False,0,0,0,0.0,0.0
0,fd:408,fd,27,3,1,False,0,0,0,0.0,0.0
0,fd:460,fd,27,2,2,False,0,0,0,0.0,0.0
0,mcv:181,mcv,408,7,1,False,0,0,0,0.0,0.0
0,mcv:601,mcv,548,5,1,False,0,0,0,0.0,0.0
0,mcv:2071,mcv,662,1,1,False,0,0,0,0.0,0.0
0,fd:17,fd,41,9,1,False,0,0,0,0.0,0.0
0,mcv:398,mcv,362,3,3,False,0,0,0,0.0,0.0
0,mcv:1627,mcv,344,1,2,False,0,0,0,0.0,0.0
0,mcv:1008,mcv,756,3,1,False,0,0,0,0.0,0.0
0,mcv:900,mcv,148,4,1,False,0,0,0,0.0,0.0
0,mcv:1507,mcv,318,1,2,False,0,0,0,0.0,0.0
0,mcv:477,mcv,850,4,2,False,0,0,0,0.0,0.0
0,fd:247,fd,27,5,1,False,0,0,0,0.0,0.0
0,mcv:1162,mcv,274,3,1,False,0,0,0,0.0,0.0
0,mcv:1575,mcv,266,2,1,False,0,0,0,0.0,0.0
0,mcv:830,mcv,322,4,1,False,0,0,0,0.0,0.0
0,mcv:401,mcv,318,3,3,False,0,0,0,0.0,0.0
0,mcv:194,mcv,692,6,1,False,0,0,0,0.0,0.0
0,mcv:359,mcv,822,4,2,False,0,0,0,0.0,0.0
0,mcv:1574,mcv,366,2,1,False,0,0,0,0.0,0.0
0,fd:228,fd,27,4,2,False,0,0,0,0.0,0.0
0,mcv:1504,mcv,318,1,2,False,0,0,0,0.0,0.0
0,mcv:1470,mcv,734,0,3,False,0,0,0,0.0,0.0
0,mcv:803,mcv,620,4,1,False,0,0,0,0.0,0.0
0,mcv:1936,mcv,314,1,1,False,0,0,0,0.0,0.0
0,mcv:1975,mcv,546,0,2,False,0,0,0,0.0,0.0
0,fd:12,fd,27,7,3,False,0,0,0,0.0,0.0
0,mcv:156,mcv,430,6,2,False,0,0,0,0.0,0.0
0,fd:77,fd,27,6,1,False,0,0,0,0.0,0.0
0,mcv:1994,mcv,900,1,1,False,0,0,0,0.0,0.0
0,mcv:808,mcv,550,4,1,False,0,0,0,0.0,0.0
0,fd:463,fd,27,3,1,False,0,0,0,0.0,0.0
0,mcv:1195,mcv,496,2,2,False,0,0,0,0.0,0.0
0,mcv:23,mcv,1106,9,1,False,0,0,0,0.0,0.0
0,mcv:1006,mcv,414,3,1,False,0,0,0,0.0,0.0
0,mcv:137,mcv,1136,6,2,False,0,0,0,0.0,0.0
0,mcv:1578,mcv,314,2,1,False,0,0,0,0.0,0.0
0,mcv:455,mcv,196,5,1,False,0,0,0,0.0,0.0
0,mcv:693,mcv,634,3,2,False,0,0,0,0.0,0.0
0,mcv:324,mcv,846,6,1,True,0,0,0,0.0,0.0
0,mcv:1604,mcv,170,2,1,False,0,0,0,0.0,0.0
0,fd:2,fd,27,9,2,False,0,0,0,0.0,0.0
0,fd:585,fd,41,2,1,True,0,0,0,0.0,0.0
0,fd:181,fd,27,5,1,False,0,0,0,0.0,0.0
0,mcv:119,mcv,148,7,1,False,0,0,0,0.0,0.0
0,mcv:1243,mcv,650,3,1,False,0,0,0,0.0,0.0
0,mcv:1249,mcv,638,2,2,False,0,0,0,0.0,0.0
0,fd:351,fd,41,4,1,False,0,0,0,0.0,0.0
0,mcv:192,mcv,1408,6,1,False,0,0,0,0.0,0.0
0,mcv:493,mcv,542,4,2,False,0,0,0,0.0,0.0
0,fd:317,fd,41,4,1,False,0,0,0,0.0,0.0
0,mcv:1167,mcv,548,3,1,False,0,0,0,0.0,0.0
0,mcv:1722,mcv,270,2,1,False,0,0,0,0.0,0.0
0,mcv:191,mcv,348,6,1,False,0,0,0,0.0,0.0
0,mcv:1248,mcv,340,3,1,False,0,0,0,0.0,0.0
0,mcv:692,mcv,708,3,2,False,0,0,0,0.0,0.0
0,mcv:37,mcv,456,9,1,False,0,0,0,0.0,0.0
0,mcv:819,mcv,358,4,1,False,0,0,0,0.0,0.0
0,mcv:807,mcv,278,4,1,False,0,0,0,0.0,0.0
0,mcv:220,mcv,852,5,2,False,0,0,0,0.0,0.0
0,fd:58,fd,27,6,2,True,0,0,0,0.0,0.0
0,mcv:1007,mcv,796,3,1,False,0,0,0,0.0,0.0
0,mcv:1169,mcv,430,3,1,False,0,0,0,0.0,0.0
0,mcv:1076,mcv,594,2,2,False,0,0,0,0.0,0.0
0,mcv:190,mcv,936,6,1,True,1,0,0,0.0,0.0
0,mcv:1081,mcv,748,3,1,False,0,0,0,0.0,0.0
0,mcv:1961,mcv,480,1,1,False,0,0,0,0.0,0.0
0,mcv:1251,mcv,274,3,1,False,0,0,0,0.0,0.0
0,fd:347,fd,27,4,1,True,0,0,0,0.0,0.0
0,mcv:1183,mcv,318,3,1,False,0,0,0,0.0,0.0
0,fd:72,fd,27,7,1,False,0,0,0,0.0,0.0
0,mcv:896,mcv,174,4,1,False,0,0,0,0.0,0.0
0,mcv:1628,mcv,538,2,1,False,0,0,0,0.0,0.0
0,mcv:174,mcv,728,6,2,False,0,0,0,0.0,0.0
0,mcv:1598,mcv,300,2,1,False,0,0,0,0.0,0.0
0,fd:573,fd,27,2,1,False,0,0,0,0.0,0.0
0,mcv:1192,mcv,526,3,1,False,0,0,0,0.0,0.0
0,fd:555,fd,27,2,1,False,0,0,0,0.0,0.0
0,mcv:821,mcv,266,3,2,False,0,0,0,0.0,0.0
0,mcv:1412,mcv,874,2,2,True,0,0,0,0.0,0.0
0,mcv:571,mcv,226,4,2,True,0,0,0,0.0,0.0
0,mcv:3,mcv,326,9,2,False,0,0,0,0.0,0.0
0,mcv:31,mcv,482,7,3,True,3,3,0,0.2088694413091332,0.0
0,mcv:1572,mcv,170,2,1,False,0,0,0,0.0,0.0
0,fd:31,fd,27,6,3,False,0,0,0,0.0,0.0
0,mcv:1386,mcv,630,3,1,False,0,0,0,0.0,0.0
0,mcv:52,mcv,170,6,3,False,0,0,0,0.0,0.0
0,mcv:532,mcv,964,5,1,True,0,0,0,0.0,0.0
0,mcv:877,mcv,174,3,2,False,0,0,0,0.0,0.0
0,mcv:81,mcv,322,6,3,False,0,0,0,0.0,0.0
0,mcv:1567,mcv,196,2,1,False,0,0,0,0.0,0.0
0,fd:45,fd,41,6,2,False,0,0,0,0.0,0.0
0,fd:454,fd,27,3,1,False,0,0,0,0.0,0.0
0,fd:472,fd,27,3,1,False,0,0,0,0.0,0.0
0,mcv:474,mcv,1926,4,2,False,0,0,0,0.0,0.0
0,mcv:1317,mcv,300,2,2,False,0,0,0,0.0,0.0
0,mcv:798,mcv,382,3,2,True,0,0,0,0.0,0.0
0,mcv:604,mcv,538,4,2,False,0,0,0,0.0,0.0
0,mcv:1215,mcv,418,3,1,False,0,0,0,0.0,0.0
0,mcv:760,mcv,222,4,1,False,0,0,0,0.0,0.0
0,mcv:41,mcv,968,8,2,False,0,0,0,0.0,0.0
0,mcv:1441,mcv,696,3,1,False,0,0,0,0.0,0.0
0,fd:310,fd,27,3,2,False,0,0,0,0.0,0.0
0,fd:337,fd,27,3,2,False,0,0,0,0.0,0.0
0,mcv:1149,mcv,462,3,1,False,0,0,0,0.0,0.0
0,mcv:84,mcv,222,6,3,False,0,0,0,0.0,0.0
0,mcv:758,mcv,278,3,2,False,0,0,0,0.0,0.0
0,mcv:1613,mcv,418,2,1,False,0,0,0,0.0,0.0
0,fd:250,fd,27,4,2,False,0,0,0,0.0,0.0
0,mcv:126,mcv,488,6,2,True,2,0,2,0.0,1.477129062786491
0,mcv:441,mcv,850,4,2,False,0,0,0,0.0,0.0
0,mcv:1959,mcv,690,1,1,False,0,0,0,0.0,0.0
0,mcv:294,mcv,196,6,1,True,0,0,0,0.0,0.0
0,mcv:757,mcv,148,3,2,False,0,0,0,0.0,0.0
0,fd:148,fd,27,4,2,False,0,0,0,0.0,0.0
0,mcv:660,mcv,410,4,1,False,0,0,0,0.0,0.0
0,mcv:558,mcv,540,4,2,False,0,0,0,0.0,0.0
0,fd:270,fd,27,4,1,False,0,0,0,0.0,0.0
0,mcv:543,mcv,1098,4,2,False,0,0,0,0.0,0.0
0,mcv:374,mcv,374,4,2,False,0,0,0,0.0,0.0
0,mcv:1439,mcv,1388,3,1,False,0,0,0,0.0,0.0
0,mcv:1563,mcv,458,1,2,False,0,0,0,0.0,0.0
0,fd:514,fd,27,3,1,True,0,0,0,0.0,0.0
0,fd:169,fd,27,5,1,False,0,0,0,0.0,0.0
0,mcv:914,mcv,696,4,1,False,0,0,0,0.0,0.0
0,fd:548,fd,27,3,1,False,0,0,0,0.0,0.0
0,mcv:1364,mcv,392,3,1,False,0,0,0,0.0,0.0
0,mcv:1553,mcv,170,2,1,False,0,0,0,0.0,0.0
0,mcv:642,mcv,518,2,3,False,0,0,0,0.0,0.0
0,mcv:1020,mcv,492,3,1,False,0,0,0,0.0,0.0
0,fd:444,fd,27,3,1,False,0,0,0,0.0,0.0
0,mcv:747,mcv,484,3,2,False,0,0,0,0.0,0.0
0,mcv:1477,mcv,514,2,1,False,0,0,0,0.0,0.0
0,fd:674,fd,27,0,2,False,0,0,0,0.0,0.0
0,mcv:743,mcv,196,4,1,False,0,0,0,0.0,0.0
0,mcv:1003,mcv,1974,4,1,False,0,0,0,0.0,0.0
0,mcv:1359,mcv,418,3,1,False,0,0,0,0.0,0.0
0,mcv:228,mcv,170,4,3,False,0,0,0,0.0,0.0
0,mcv:1900,mcv,326,0,2,False,0,0,0,0.0,0.0
0,fd:110,fd,27,4,3,False,0,0,0,0.0,0.0
0,mcv:1289,mcv,766,2,2,False,0,0,0,0.0,0.0
0,mcv:434,mcv,850,4,2,False,0,0,0,0.0,0.0
0,mcv:198,mcv,2208,6,1,True,0,0,0,0.0,0.0
0,mcv:2116,mcv,2370,0,2,False,0,0,0,0.0,0.0
0,mcv:1288,mcv,466,3,1,False,0,0,0,0.0,0.0
0,mcv:428,mcv,828,5,1,False,0,0,0,0.0,0.0
0,mcv:648,mcv,1242,4,1,False,0,0,0,0.0,0.0
0,fd:511,fd,27,3,1,False,0,0,0,0.0,0.0
0,fd:412,fd,27,3,1,False,0,0,0,0.0,0.0
0,mcv:726,mcv,196,3,2,False,0,0,0,0.0,0.0
0,fd:487,fd,27,3,1,False,0,0,0,0.0,0.0
0,fd:294,fd,27,3,2,False,0,0,0,0.0,0.0
0,mcv:1120,mcv,462,3,1,False,0,0,0,0.0,0.0
0,mcv:227,mcv,170,5,2,False,0,0,0,0.0,0.0
0,mcv:289,mcv,462,4,3,False,0,0,0,0.0,0.0
0,fd:333,fd,27,4,1,False,0,0,0,0.0,0.0
0,mcv:597,mcv,248,4,2,False,0,0,0,0.0,0.0
0,mcv:1582,mcv,222,2,1,False,0,0,0,0.0,0.0
0,mcv:869,mcv,448,4,1,True,0,0,0,0.0,0.0
0,mcv:1094,mcv,318,2,2,False,0,0,0,0.0,0.0
0,mcv:711,mcv,888,3,2,False,0,0,0,0.0,0.0
0,mcv:422,mcv,466,5,1,True,1,1,0,2.240913238033543,0.0
0,fd:743,fd,27,0,1,False,0,0,0,0.0,0.0
0,mcv:732,mcv,148,4,1,False,0,0,0,0.0,0.0
0,mcv:1163,mcv,444,3,1,False,0,0,0,0.0,0.0
0,fd:289,fd,27,4,1,True,0,0,0,0.0,0.0
0,mcv:2147,mcv,1120,0,1,False,0,0,0,0.0,0.0
0,fd:260,fd,27,3,3,False,0,0,0,0.0,0.0
0,fd:178,fd,27,5,1,False,0,0,0,0.0,0.0
0,mcv:148,mcv,992,6,2,False,0,0,0,0.0,0.0
0,mcv:447,mcv,388,5,1,False,0,0,0,0.0,0.0
0,mcv:624,mcv,222,3,3,False,0,0,0,0.0,0.0
0,mcv:731,mcv,344,4,1,False,0,0,0,0.0,0.0
0,mcv:766,mcv,170,4,1,False,0,0,0,0.0,0.0
0,mcv:617,mcv,366,3,3,False,0,0,0,0.0,0.0
0,fd:165,fd,27,5,1,False,0,0,0,0.0,0.0
0,fd:299,fd,27,4,1,False,0,0,0,0.0,0.0
0,mcv:427,mcv,222,5,1,False,0,0,0,0.0,0.0
0,fd:667,fd,41,1,1,False,0,0,0,0.0,0.0
0,mcv:526,mcv,378,5,1,False,0,0,0,0.0,0.0
0,mcv:407,mcv,318,4,2,False,0,0,0,0.0,0.0
0,fd:245,fd,27,4,2,False,0,0,0,0.0,0.0
0,mcv:38,mcv,196,8,2,False,0,0,0,0.0,0.0
0,mcv:1880,mcv,300,1,1,False,0,0,0,0.0,0.0
0,fd:285,fd,27,3,2,False,0,0,0,0.0,0.0
0,mcv:1311,mcv,584,3,1,True,0,0,0,0.0,0.0
0,fd:290,fd,27,4,1,False,0,0,0,0.0,0.0
0,mcv:724,mcv,148,3,2,False,0,0,0,0.0,0.0
0,mcv:1536,mcv,476,1,2,True,1,0,1,0.0,0.3197883053639843
0,mcv:1889,mcv,340,1,1,False,0,0,0,0.0,0.0
0,mcv:518,mcv,292,5,1,False,0,0,0,0.0,0.0
0,mcv:418,mcv,1522,4,2,False,0,0,0,0.0,0.0
0,fd:352,fd,27,3,2,False,0,0,0,0.0,0.0
0,mcv:901,mcv,200,3,2,False,0,0,0,0.0,0.0
0,mcv:2006,mcv,388,1,1,False,0,0,0,0.0,0.0
0,fd:202,fd,27,4,2,False,0,0,0,0.0,0.0
0,mcv:1268,mcv,304,3,1,True,1,1,0,6.677652136157164,0.0
0,mcv:321,mcv,502,6,1,False,0,0,0,0.0,0.0
0,mcv:1333,mcv,774,3,1,False,0,0,0,0.0,0.0
0,fd:344,fd,27,4,1,False,0,0,0,0.0,0.0
0,mcv:292,mcv,406,4,3,False,0,0,0,0.0,0.0
0,mcv:1487,mcv,800,1,2,False,0,0,0,0.0,0.0
0,fd:234,fd,27,4,2,False,0,0,0,0.0,0.0
0,fd:278,fd,27,4,1,False,0,0,0,0.0,0.0
0,mcv:6,mcv,842,9,2,False,0,0,0,0.0,0.0
0,mcv:140,mcv,1002,7,1,False,0,0,0,0.0,0.0
0,mcv:497,mcv,862,4,2,False,0,0,0,0.0,0.0
0,mcv:1258,mcv,296,2,2,False,0,0,0,0.0,0.0
0,fd:478,fd,27,3,1,False,0,0,0,0.0,0.0
0,mcv:833,mcv,388,3,2,True,2,2,0,3811.8599954539472,0.0
0,fd:51,fd,27,7,1,False,0,0,0,0.0,0.0
0,fd:480,fd,27,3,1,False,0,0,0,0.0,0.0
0,mcv:1267,mcv,436,3,1,False,0,0,0,0.0,0.0
0,mcv:2195,mcv,752,0,1,False,0,0,0,0.0,0.0
0,mcv:673,mcv,330,4,1,False,0,0,0,0.0,0.0
0,fd:130,fd,27,6,1,False,0,0,0,0.0,0.0
0,mcv:1664,mcv,996,2,1,False,0,0,0,0.0,0.0
0,mcv:500,mcv,752,4,2,False,0,0,0,0.0,0.0
0,mcv:836,mcv,1014,4,1,False,0,0,0,0.0,0.0
0,fd:277,fd,27,4,1,False,0,0,0,0.0,0.0
0,mcv:672,mcv,340,4,1,False,0,0,0,0.0,0.0
0,mcv:840,mcv,356,4,1,False,0,0,0,0.0,0.0
0,mcv:206,mcv,704,6,1,False,0,0,0,0.0,0.0
0,mcv:579,mcv,322,4,2,False,0,0,0,0.0,0.0
0,mcv:1419,mcv,352,3,1,False,0,0,0,0.0,0.0
0,mcv:207,mcv,1036,5,2,False,0,0,0,0.0,0.0
0,mcv:293,mcv,540,5,2,False,0,0,0,0.0,0.0
0,mcv:528,mcv,244,4,2,False,0,0,0,0.0,0.0
0,mcv:1260,mcv,326,3,1,False,0,0,0,0.0,0.0
0,fd:477,fd,27,2,2,False,0,0,0,0.0,0.0
0,mcv:892,mcv,226,4,1,False,0,0,0,0.0,0.0
0,mcv:671,mcv,388,4,1,False,0,0,0,0.0,0.0
0,mcv:1331,mcv,304,3,1,False,0,0,0,0.0,0.0
0,fd:189,fd,27,4,2,False,0,0,0,0.0,0.0
0,mcv:1395,mcv,838,3,1,False,0,0,0,0.0,0.0
0,fd:137,fd,27,4,3,False,0,0,0,0.0,0.0
0,mcv:496,mcv,296,4,2,False,0,0,0,0.0,0.0
0,mcv:342,mcv,548,4,3,False,0,0,0,0.0,0.0
0,mcv:335,mcv,218,5,2,False,0,0,0,0.0,0.0
0,mcv:1987,mcv,366,1,1,False,0,0,0,0.0,0.0
0,mcv:400,mcv,616,5,1,False,0,0,0,0.0,0.0
0,mcv:1130,mcv,226,3,1,False,0,0,0,0.0,0.0
0,mcv:1631,mcv,476,1,2,False,0,0,0,0.0,0.0
0,fd:86,fd,27,6,1,True,0,0,0,0.0,0.0
0,mcv:690,mcv,318,3,2,False,0,0,0,0.0,0.0
0,mcv:893,mcv,766,4,1,False,0,0,0,0.0,0.0
0,mcv:1806,mcv,846,2,1,False,0,0,0,0.0,0.0
0,fd:172,fd,27,5,1,False,0,0,0,0.0,0.0
0,mcv:80,mcv,288,5,4,False,0,0,0,0.0,0.0
0,mcv:1399,mcv,736,3,1,False,0,0,0,0.0,0.0
0,fd:173,fd,27,4,2,False,0,0,0,0.0,0.0
0,mcv:153,mcv,428,7,1,False,0,0,0,0.0,0.0
0,mcv:1872,mcv,498,1,1,False,0,0,0,0.0,0.0
0,mcv:735,mcv,278,4,1,False,0,0,0,0.0,0.0
0,fd:291,fd,27,4,1,False,0,0,0,0.0,0.0
0,mcv:219,mcv,704,6,1,False,0,0,0,0.0,0.0
0,mcv:1221,mcv,664,2,2,False,0,0,0,0.0,0.0
0,fd:446,fd,27,3,1,False,0,0,0,0.0,0.0
0,mcv:431,mcv,174,5,1,False,0,0,0,0.0,0.0
0,mcv:432,mcv,512,4,2,False,0,0,0,0.0,0.0
0,mcv:1049,mcv,454,3,1,False,0,0,0,0.0,0.0
0,mcv:1038,mcv,956,2,2,False,0,0,0,0.0,0.0
0,mcv:199,mcv,686,6,1,False,0,0,0,0.0,0.0
0,mcv:1205,mcv,636,3,1,True,0,0,0,0.0,0.0
0,fd:398,fd,27,3,2,False,0,0,0,0.0,0.0
0,mcv:791,mcv,1290,4,1,False,0,0,0,0.0,0.0
0,mcv:990,mcv,414,3,2,True,2,0,2,0.0,0.6316581303684365
0,mcv:665,mcv,664,3,2,False,0,0,0,0.0,0.0
0,mcv:1515,mcv,1506,2,1,False,0,0,0,0.0,0.0
0,mcv:360,mcv,348,4,2,False,0,0,0,0.0,0.0
0,fd:144,fd,27,5,1,False,0,0,0,0.0,0.0
0,mcv:1468,mcv,734,2,1,False,0,0,0,0.0,0.0
0,mcv:1924,mcv,270,1,1,False,0,0,0,0.0,0.0
0,mcv:231,mcv,170,5,2,False,0,0,0,0.0,0.0
0,mcv:1547,mcv,226,2,1,False,0,0,0,0.0,0.0
0,mcv:358,mcv,392,5,1,False,0,0,0,0.0,0.0
0,mcv:1294,mcv,226,3,1,False,0,0,0,0.0,0.0
0,mcv:920,mcv,196,4,1,False,0,0,0,0.0,0.0
0,mcv:371,mcv,594,3,3,False,0,0,0,0.0,0.0
0,mcv:413,mcv,384,5,1,False,0,0,0,0.0,0.0
0,fd:422,fd,27,3,1,True,1,1,0,0.000495345501223543,0.0
0,mcv:1097,mcv,292,3,1,False,0,0,0,0.0,0.0
0,mcv:1854,mcv,366,1,1,False,0,0,0,0.0,0.0
0,fd:361,fd,27,4,1,False,0,0,0,0.0,0.0
0,fd:662,fd,27,1,1,False,0,0,0,0.0,0.0
0,mcv:1002,mcv,740,4,1,False,0,0,0,0.0,0.0
0,fd:88,fd,27,5,2,False,0,0,0,0.0,0.0
0,mcv:2136,mcv,296,0,1,False,0,0,0,0.0,0.0
0,mcv:1596,mcv,218,1,2,False,0,0,0,0.0,0.0
0,mcv:1111,mcv,384,2,2,False,0,0,0,0.0,0.0
0,mcv:780,mcv,850,2,3,False,0,0,0,0.0,0.0
0,mcv:11,mcv,1162,9,2,False,0,0,0,0.0,0.0
0,fd:407,fd,27,4,1,False,0,0,0,0.0,0.0
0,fd:305,fd,27,2,3,False,0,0,0,0.0,0.0
0,mcv:166,mcv,942,6,2,True,2,1,1,0.0031293204521469775,0.174978707060772
0,fd:742,fd,27,0,1,False,0,0,0,0.0,0.0
0,fd:131,fd,27,5,2,False,0,0,0,0.0,0.0
0,mcv:356,mcv,218,5,2,False,0,0,0,0.0,0.0
0,mcv:254,mcv,218,6,1,False,0,0,0,0.0,0.0
0,fd:36,fd,27,6,2,False,0,0,0,0.0,0.0
0,mcv:417,mcv,314,4,2,False,0,0,0,0.0,0.0
0,mcv:323,mcv,1052,5,2,False,0,0,0,0.0,0.0
0,fd:180,fd,27,3,3,True,0,0,0,0.0,0.0
0,mcv:1050,mcv,274,3,1,False,0,0,0,0.0,0.0
0,mcv:92,mcv,410,6,2,False,0,0,0,0.0,0.0
0,mcv:223,mcv,340,5,2,False,0,0,0,0.0,0.0
0,mcv:927,mcv,244,4,1,False,0,0,0,0.0,0.0
0,mcv:450,mcv,196,3,3,False,0,0,0,0.0,0.0
0,mcv:1123,mcv,170,3,1,False,0,0,0,0.0,0.0
0,mcv:237,mcv,174,6,1,False,0,0,0,0.0,0.0
0,mcv:737,mcv,434,3,2,False,0,0,0,0.0,0.0
0,mcv:51,mcv,562,7,2,False,0,0,0,0.0,0.0
0,mcv:750,mcv,218,3,2,False,0,0,0,0.0,0.0
0,fd:94,fd,27,6,1,True,0,0,0,0.0,0.0
0,fd:292,fd,27,3,2,False,0,0,0,0.0,0.0
0,mcv:245,mcv,532,5,2,False,0,0,0,0.0,0.0
0,mcv:72,mcv,606,7,2,False,0,0,0,0.0,0.0
0,mcv:386,mcv,296,4,2,False,0,0,0,0.0,0.0
0,mcv:82,mcv,300,8,1,False,0,0,0,0.0,0.0
0,fd:32,fd,27,8,1,True,0,0,0,0.0,0.0
0,mcv:782,mcv,218,3,2,False,0,0,0,0.0,0.0
0,mcv:1187,mcv,248,2,2,False,0,0,0,0.0,0.0
0,mcv:1556,mcv,314,2,1,False,0,0,0,0.0,0.0
0,mcv:878,mcv,362,4,1,False,0,0,0,0.0,0.0
0,mcv:241,mcv,292,5,2,False,0,0,0,0.0,0.0
0,mcv:1937,mcv,314,1,1,False,0,0,0,0.0,0.0
0,mcv:1137,mcv,170,3,1,False,0,0,0,0.0,0.0
0,mcv:1552,mcv,218,2,1,False,0,0,0,0.0,0.0
0,mcv:368,mcv,668,4,2,False,0,0,0,0.0,0.0
0,fd:211,fd,27,5,1,True,0,0,0,0.0,0.0
0,mcv:1261,mcv,704,3,1,False,0,0,0,0.0,0.0
0,mcv:835,mcv,922,4,1,True,1,1,0,0.6141518635738406,0.0
0,mcv:1264,mcv,318,3,1,False,0,0,0,0.0,0.0
0,mcv:907,mcv,434,3,2,False,0,0,0,0.0,0.0
0,fd:266,fd,27,4,1,False,0,0,0,0.0,0.0
0,mcv:1257,mcv,318,2,2,False,0,0,0,0.0,0.0
0,mcv:519,mcv,196,4,2,False,0,0,0,0.0,0.0
0,fd:621,fd,41,1,2,False,0,0,0,0.0,0.0
0,fd:25,fd,27,8,1,False,0,0,0,0.0,0.0
0,fd:355,fd,27,3,2,False,0,0,0,0.0,0.0
0,mcv:2027,mcv,570,1,1,False,0,0,0,0.0,0.0
0,mcv:550,mcv,606,5,1,False,0,0,0,0.0,0.0
0,fd:8,fd,27,9,1,False,0,0,0,0.0,0.0
0,mcv:316,mcv,196,6,1,False,0,0,0,0.0,0.0
0,mcv:331,mcv,992,5,2,False,0,0,0,0.0,0.0
0,mcv:1255,mcv,366,2,2,False,0,0,0,0.0,0.0
0,mcv:24,mcv,340,9,1,False,0,0,0,0.0,0.0
0,fd:119,fd,27,6,1,False,0,0,0,0.0,0.0
0,mcv:309,mcv,434,6,1,False,0,0,0,0.0,0.0
0,fd:706,fd,27,1,1,False,0,0,0,0.0,0.0
0,fd:3,fd,41,9,2,False,0,0,0,0.0,0.0
0,mcv:69,mcv,908,8,1,False,0,0,0,0.0,0.0
0,mcv:863,mcv,244,2,3,True,3,1,2,0.00529159193602502,3.475948793363693
0,mcv:647,mcv,1350,4,1,False,0,0,0,0.0,0.0
0,fd:329,fd,27,2,3,False,0,0,0,0.0,0.0
0,mcv:1735,mcv,512,1,2,False,0,0,0,0.0,0.0
0,mcv:9,mcv,512,9,2,False,0,0,0,0.0,0.0
0,fd:375,fd,27,3,2,False,0,0,0,0.0,0.0
0,fd:125,fd,27,6,1,True,0,0,0,0.0,0.0
0,mcv:947,mcv,196,3,2,False,0,0,0,0.0,0.0
0,mcv:640,mcv,918,4,1,False,0,0,0,0.0,0.0
0,mcv:2029,mcv,218,1,1,False,0,0,0,0.0,0.0
0,mcv:860,mcv,222,4,1,False,0,0,0,0.0,0.0
0,fd:327,fd,27,4,1,False,0,0,0,0.0,0.0
0,mcv:1457,mcv,458,3,1,True,1,1,0,3.109501345299748e-08,0.0
0,mcv:1323,mcv,440,3,1,False,0,0,0,0.0,0.0
0,mcv:2005,mcv,782,1,1,False,0,0,0,0.0,0.0
0,mcv:1712,mcv,218,2,1,False,0,0,0,0.0,0.0
0,mcv:465,mcv,1306,4,2,False,0,0,0,0.0,0.0
0,mcv:1314,mcv,340,3,1,False,0,0,0,0.0,0.0
0,mcv:1709,mcv,222,2,1,False,0,0,0,0.0,0.0
0,mcv:469,mcv,856,5,1,True,1,1,0,0.007627782492666935,0.0
0,mcv:882,mcv,196,4,1,False,0,0,0,0.0,0.0
0,fd:608,fd,27,2,1,False,0,0,0,0.0,0.0
0,mcv:574,mcv,406,5,1,False,0,0,0,0.0,0.0
0,fd:338,fd,27,4,1,True,0,0,0,0.0,0.0
0,mcv:1609,mcv,658,2,1,False,0,0,0,0.0,0.0
0,mcv:531,mcv,288,5,1,False,0,0,0,0.0,0.0
0,mcv:57,mcv,544,7,2,False,0,0,0,0.0,0.0
0,mcv:425,mcv,422,5,1,True,1,0,1,0.0,0.008107994492877912
0,mcv:229,mcv,148,6,1,False,0,0,0,0.0,0.0
0,mcv:110,mcv,148,7,1,False,0,0,0,0.0,0.0
0,mcv:629,mcv,440,4,1,True,1,1,0,0.005966402053655173,0.0
0,fd:164,fd,27,4,2,False,0,0,0,0.0,0.0
0,mcv:633,mcv,948,4,1,False,0,0,0,0.0,0.0
0,mcv:862,mcv,382,4,1,False,0,0,0,0.0,0.0
0,fd:167,fd,27,5,1,False,0,0,0,0.0,0.0
0,mcv:1116,mcv,292,3,1,False,0,0,0,0.0,0.0
0,mcv:421,mcv,610,4,2,False,0,0,0,0.0,0.0
0,mcv:1759,mcv,400,2,1,False,0,0,0,0.0,0.0
0,mcv:62,mcv,340,7,2,False,0,0,0,0.0,0.0
0,mcv:631,mcv,326,4,1,False,0,0,0,0.0,0.0
0,mcv:468,mcv,522,4,2,True,0,0,0,0.0,0.0
0,mcv:1005,mcv,414,3,1,False,0,0,0,0.0,0.0
0,mcv:1465,mcv,1620,2,1,False,0,0,0,0.0,0.0
0,fd:187,fd,27,4,2,False,0,0,0,0.0,0.0
0,mcv:912,mcv,270,4,1,False,0,0,0,0.0,0.0
0,mcv:171,mcv,804,6,2,False,0,0,0,0.0,0.0
0,mcv:448,mcv,340,5,1,False,0,0,0,0.0,0.0
0,fd:458,fd,27,3,1,False,0,0,0,0.0,0.0
0,mcv:1646,mcv,366,2,1,False,0,0,0,0.0,0.0
0,mcv:255,mcv,270,6,1,False,0,0,0,0.0,0.0
0,fd:176,fd,27,5,1,False,0,0,0,0.0,0.0
0,mcv:123,mcv,148,7,1,False,0,0,0,0.0,0.0
0,fd:304,fd,27,4,1,False,0,0,0,0.0,0.0
0,mcv:1569,mcv,196,1,2,False,0,0,0,0.0,0.0
0,fd:623,fd,27,2,1,True,0,0,0,0.0,0.0
0,fd:97,fd,27,6,1,False,0,0,0,0.0,0.0
0,mcv:1565,mcv,318,2,1,True,0,0,0,0.0,0.0
0,mcv:1741,mcv,296,2,1,False,0,0,0,0.0,0.0
0,mcv:1993,mcv,1006,1,1,False,0,0,0,0.0,0.0
0,mcv:1158,mcv,462,3,1,False,0,0,0,0.0,0.0
0,mcv:2115,mcv,396,1,1,False,0,0,0,0.0,0.0
0,mcv:751,mcv,170,4,1,True,1,0,1,0.0,9.860908134484703e-08
0,fd:316,fd,27,4,1,False,0,0,0,0.0,0.0
0,mcv:165,mcv,218,7,1,False,0,0,0,0.0,0.0
0,mcv:776,mcv,462,4,1,False,0,0,0,0.0,0.0
0,mcv:625,mcv,806,5,1,False,0,0,0,0.0,0.0
0,fd:65,fd,27,6,2,False,0,0,0,0.0,0.0
0,mcv:829,mcv,550,4,1,True,1,0,1,0.0,0.00021576214057361653
0,fd:44,fd,27,7,1,False,0,0,0,0.0,0.0
0,fd:572,fd,27,1,2,False,0,0,0,0.0,0.0
0,fd:588,fd,27,2,1,False,0,0,0,0.0,0.0
0,mcv:1768,mcv,1038,1,2,False,0,0,0,0.0,0.0
0,fd:261,fd,27,5,1,False,0,0,0,0.0,0.0
0,mcv:439,mcv,170,5,1,False,0,0,0,0.0,0.0
0,mcv:832,mcv,1500,4,1,False,0,0,0,0.0,0.0
0,mcv:1925,mcv,218,1,1,False,0,0,0,0.0,0.0
0,mcv:115,mcv,592,7,1,False,0,0,0,0.0,0.0
0,mcv:922,mcv,904,4,1,False,0,0,0,0.0,0.0
0,mcv:372,mcv,318,5,1,False,0,0,0,0.0,0.0
0,mcv:955,mcv,148,3,2,False,0,0,0,0.0,0.0
0,mcv:552,mcv,434,4,2,False,0,0,0,0.0,0.0
0,fd:14,fd,27,9,1,False,0,0,0,0.0,0.0
0,mcv:722,mcv,248,4,1,False,0,0,0,0.0,0.0
0,mcv:1857,mcv,362,1,1,False,0,0,0,0.0,0.0
0,fd:214,fd,27,5,1,False,0,0,0,0.0,0.0
0,mcv:553,mcv,456,5,1,False,0,0,0,0.0,0.0
0,mcv:720,mcv,900,3,2,False,0,0,0,0.0,0.0
0,fd:379,fd,41,3,2,False,0,0,0,0.0,0.0
0,mcv:1154,mcv,148,3,1,False,0,0,0,0.0,0.0
0,fd:439,fd,27,3,1,False,0,0,0,0.0,0.0
0,mcv:1106,mcv,226,3,1,False,0,0,0,0.0,0.0
0,fd:213,fd,27,4,2,False,0,0,0,0.0,0.0
0,mcv:375,mcv,252,5,1,False,0,0,0,0.0,0.0
0,mcv:201,mcv,868,6,1,False,0,0,0,0.0,0.0
0,fd:149,fd,27,5,1,False,0,0,0,0.0,0.0
0,fd:146,fd,27,5,1,False,0,0,0,0.0,0.0
0,mcv:34,mcv,536,9,1,False,0,0,0,0.0,0.0
0,mcv:235,mcv,300,6,1,False,0,0,0,0.0,0.0
0,mcv:273,mcv,750,6,1,False,0,0,0,0.0,0.0
0,mcv:236,mcv,148,5,2,False,0,0,0,0.0,0.0
0,mcv:1047,mcv,362,3,1,False,0,0,0,0.0,0.0
0,mcv:1411,mcv,1052,2,2,False,0,0,0,0.0,0.0
0,fd:93,fd,41,5,2,True,1,1,0,0.0003200734497170732,0.0
0,fd:420,fd,27,3,1,False,0,0,0,0.0,0.0
0,mcv:1528,mcv,292,2,1,False,0,0,0,0.0,0.0
0,mcv:1125,mcv,174,2,2,False,0,0,0,0.0,0.0
0,mcv:622,mcv,170,5,1,False,0,0,0,0.0,0.0
0,mcv:32,mcv,322,8,2,False,0,0,0,0.0,0.0
0,mcv:1043,mcv,916,3,1,False,0,0,0,0.0,0.0
0,mcv:1529,mcv,318,2,1,False,0,0,0,0.0,0.0
0,fd:163,fd,27,3,3,False,0,0,0,0.0,0.0
0,mcv:225,mcv,314,6,1,False,0,0,0,0.0,0.0
0,fd:267,fd,27,3,2,False,0,0,0,0.0,0.0
0,fd:13,fd,27,8,2,True,0,0,0,0.0,0.0
0,mcv:1797,mcv,746,2,1,False,0,0,0,0.0,0.0
0,mcv:719,mcv,314,4,1,False,0,0,0,0.0,0.0
0,mcv:653,mcv,366,3,2,False,0,0,0,0.0,0.0
0,mcv:1908,mcv,170,1,1,False,0,0,0,0.0,0.0
0,mcv:1231,mcv,524,3,1,False,0,0,0,0.0,0.0
0,fd:49,fd,27,6,2,True,1,1,0,0.0006172066271683541,0.0
0,mcv:415,mcv,730,3,3,False,0,0,0,0.0,0.0
0,fd:268,fd,27,3,2,False,0,0,0,0.0,0.0
0,mcv:989,mcv,410,4,1,False,0,0,0,0.0,0.0
0,fd:92,fd,27,6,1,False,0,0,0,0.0,0.0
0,mcv:1341,mcv,148,3,1,False,0,0,0,0.0,0.0
0,mcv:1135,mcv,504,3,1,False,0,0,0,0.0,0.0
0,mcv:1131,mcv,148,2,2,False,0,0,0,0.0,0.0
0,mcv:109,mcv,270,7,1,True,1,1,0,0.013118088565616581,0.0
0,mcv:133,mcv,196,6,2,False,0,0,0,0.0,0.0
0,mcv:414,mcv,1110,4,2,False,0,0,0,0.0,0.0
0,fd:449,fd,27,3,1,False,0,0,0,0.0,0.0
0,mcv:652,mcv,274,3,2,False,0,0,0,0.0,0.0
0,mcv:702,mcv,362,4,1,False,0,0,0,0.0,0.0
0,mcv:1869,mcv,1020,1,1,False,0,0,0,0.0,0.0
0,mcv:58,mcv,288,8,1,False,0,0,0,0.0,0.0
0,mcv:2183,mcv,336,0,1,False,0,0,0,0.0,0.0
0,mcv:1512,mcv,256,2,1,False,0,0,0,0.0,0.0
0,mcv:1685,mcv,244,2,1,False,0,0,0,0.0,0.0
0,mcv:2025,mcv,196,1,1,False,0,0,0,0.0,0.0
0,mcv:1266,mcv,304,3,1,False,0,0,0,0.0,0.0
0,mcv:347,mcv,148,6,1,False,0,0,0,0.0,0.0
0,fd:704,fd,27,1,1,False,0,0,0,0.0,0.0
0,mcv:838,mcv,546,2,3,True,1,1,0,0.161232194153744,0.0
0,mcv:1666,mcv,366,2,1,False,0,0,0,0.0,0.0
0,mcv:864,mcv,244,4,1,False,0,0,0,0.0,0.0
0,mcv:1833,mcv,196,2,1,False,0,0,0,0.0,0.0
0,mcv:1274,mcv,266,3,1,False,0,0,0,0.0,0.0
0,mcv:706,mcv,476,3,2,True,2,0,1,0.0,0.31970011735397974
0,fd:330,fd,27,4,1,True,0,0,0,0.0,0.0
0,mcv:2016,mcv,388,1,1,False,0,0,0,0.0,0.0
0,fd:479,fd,41,3,1,False,0,0,0,0.0,0.0
0,mcv:1235,mcv,704,3,1,False,0,0,0,0.0,0.0
0,fd:141,fd,41,6,1,True,0,0,0,0.0,0.0
0,mcv:288,mcv,174,6,1,False,0,0,0,0.0,0.0
0,mcv:694,mcv,410,4,1,False,0,0,0,0.0,0.0
0,mcv:848,mcv,218,4,1,False,0,0,0,0.0,0.0
0,mcv:1077,mcv,498,2,2,False,0,0,0,0.0,0.0
0,mcv:1088,mcv,910,2,2,False,0,0,0,0.0,0.0
0,mcv:1091,mcv,274,3,1,False,0,0,0,0.0,0.0
0,fd:702,fd,27,1,1,False,0,0,0,0.0,0.0
0,mcv:612,mcv,218,5,1,False,0,0,0,0.0,0.0
0,mcv:2015,mcv,414,1,1,False,0,0,0,0.0,0.0
0,fd:161,fd,41,5,1,False,0,0,0,0.0,0.0
0,mcv:1516,mcv,476,1,2,False,0,0,0,0.0,0.0
0,mcv:820,mcv,266,4,1,False,0,0,0,0.0,0.0
0,mcv:1074,mcv,884,2,2,True,0,0,0,0.0,0.0
0,mcv:1246,mcv,358,2,2,False,0,0,0,0.0,0.0
0,mcv:281,mcv,178,5,2,False,0,0,0,0.0,0.0
0,mcv:1637,mcv,358,2,1,False,0,0,0,0.0,0.0
0,mcv:1660,mcv,568,1,2,False,0,0,0,0.0,0.0
0,mcv:1287,mcv,196,3,1,False,0,0,0,0.0,0.0
0,mcv:824,mcv,244,4,1,True,1,1,0,0.0064136004190913365,0.0
0,mcv:849,mcv,222,3,2,False,0,0,0,0.0,0.0
0,mcv:22,mcv,314,8,2,False,0,0,0,0.0,0.0
0,mcv:699,mcv,318,4,1,False,0,0,0,0.0,0.0
0,mcv:410,mcv,278,5,1,False,0,0,0,0.0,0.0
0,mcv:1829,mcv,218,2,1,False,0,0,0,0.0,0.0
0,mcv:841,mcv,330,4,1,True,1,0,1,0.0,0.2605031535462776
0,mcv:502,mcv,458,5,1,False,0,0,0,0.0,0.0
0,mcv:847,mcv,218,2,3,False,0,0,0,0.0,0.0
0,mcv:1269,mcv,304,3,1,True,0,0,0,0.0,0.0
0,fd:481,fd,27,3,1,False,0,0,0,0.0,0.0
0,mcv:61,mcv,358,7,2,False,0,0,0,0.0,0.0
0,mcv:353,mcv,270,6,1,False,0,0,0,0.0,0.0
0,mcv:349,mcv,170,5,2,False,0,0,0,0.0,0.0
0,mcv:1667,mcv,388,2,1,False,0,0,0,0.0,0.0
0,mcv:1670,mcv,388,2,1,False,0,0,0,0.0,0.0
0,fd:318,fd,41,4,1,False,0,0,0,0.0,0.0
0,mcv:344,mcv,296,5,2,False,0,0,0,0.0,0.0
0,mcv:993,mcv,170,3,2,False,0,0,0,0.0,0.0
0,mcv:509,mcv,218,5,1,False,0,0,0,0.0,0.0
0,mcv:388,mcv,362,3,3,False,0,0,0,0.0,0.0
0,fd:138,fd,27,5,2,False,0,0,0,0.0,0.0
0,mcv:1273,mcv,410,3,1,False,0,0,0,0.0,0.0
0,mcv:2012,mcv,664,1,1,False,0,0,0,0.0,0.0
0,mcv:998,mcv,200,2,3,False,0,0,0,0.0,0.0
0,mcv:644,mcv,986,4,1,False,0,0,0,0.0,0.0
0,fd:183,fd,27,5,1,False,0,0,0,0.0,0.0
0,mcv:355,mcv,348,6,1,False,0,0,0,0.0,0.0
0,mcv:1511,mcv,362,2,1,False,0,0,0,0.0,0.0
0,mcv:204,mcv,362,6,1,False,0,0,0,0.0,0.0
0,mcv:365,mcv,988,5,1,True,1,1,0,0.01800488283682289,0.0
0,mcv:650,mcv,610,2,3,False,0,0,0,0.0,0.0
0,fd:143,fd,27,6,1,False,0,0,0,0.0,0.0
0,mcv:1461,mcv,400,3,1,False,0,0,0,0.0,0.0
0,mcv:2058,mcv,824,1,1,False,0,0,0,0.0,0.0
0,mcv:701,mcv,392,3,2,False,0,0,0,0.0,0.0
0,fd:403,fd,27,2,3,False,0,0,0,0.0,0.0
0,mcv:1080,mcv,838,3,1,False,0,0,0,0.0,0.0
0,mcv:459,mcv,200,5,1,False,0,0,0,0.0,0.0
0,mcv:785,mcv,458,4,1,False,0,0,0,0.0,0.0
0,mcv:1019,mcv,1054,1,3,False,0,0,0,0.0,0.0
0,fd:406,fd,27,3,2,False,0,0,0,0.0,0.0
0,fd:577,fd,27,1,2,False,0,0,0,0.0,0.0
0,mcv:449,mcv,196,5,1,False,0,0,0,0.0,0.0
0,mcv:1322,mcv,196,2,2,False,0,0,0,0.0,0.0
0,mcv:2043,mcv,292,1,1,False,0,0,0,0.0,0.0
0,mcv:1425,mcv,714,3,1,False,0,0,0,0.0,0.0
0,fd:384,fd,41,4,1,False,0,0,0,0.0,0.0
0,fd:179,fd,27,5,1,True,0,0,0,0.0,0.0
0,fd:303,fd,27,3,2,False,0,0,0,0.0,0.0
0,mcv:969,mcv,660,4,1,False,0,0,0,0.0,0.0
0,fd:259,fd,27,5,1,False,0,0,0,0.0,0.0
0,mcv:774,mcv,512,3,2,False,0,0,0,0.0,0.0
0,mcv:1595,mcv,170,2,1,False,0,0,0,0.0,0.0
0,mcv:1593,mcv,222,1,2,False,0,0,0,0.0,0.0
0,fd:713,fd,27,1,1,False,0,0,0,0.0,0.0
0,mcv:775,mcv,296,4,1,False,0,0,0,0.0,0.0
0,fd:497,fd,27,2,2,False,0,0,0,0.0,0.0
0,mcv:620,mcv,222,5,1,False,0,0,0,0.0,0.0
0,mcv:1318,mcv,322,3,1,True,0,0,0,0.0,0.0
0,mcv:606,mcv,1000,4,2,False,0,0,0,0.0,0.0
0,mcv:1001,mcv,196,3,2,False,0,0,0,0.0,0.0
0,mcv:779,mcv,196,3,2,False,0,0,0,0.0,0.0
0,mcv:328,mcv,510,5,2,False,0,0,0,0.0,0.0
0,mcv:169,mcv,170,7,1,False,0,0,0,0.0,0.0
0,mcv:1603,mcv,170,2,1,False,0,0,0,0.0,0.0
0,mcv:458,mcv,170,5,1,False,0,0,0,0.0,0.0
0,mcv:910,mcv,602,4,1,False,0,0,0,0.0,0.0
0,fd:258,fd,27,5,1,False,0,0,0,0.0,0.0
0,mcv:1760,mcv,696,2,1,False,0,0,0,0.0,0.0
0,mcv:584,mcv,356,5,1,True,1,1,0,0.0005408229971159972,0.0
0,fd:636,fd,27,2,1,False,0,0,0,0.0,0.0
0,mcv:1781,mcv,148,2,1,False,0,0,0,0.0,0.0
0,fd:237,fd,27,5,1,False,0,0,0,0.0,0.0
0,mcv:1776,mcv,386,2,1,False,0,0,0,0.0,0.0
0,fd:655,fd,27,2,1,True,1,0,1,0.0,0.04391867240058378
0,fd:630,fd,27,2,1,False,0,0,0,0.0,0.0
0,mcv:619,mcv,474,5,1,False,0,0,0,0.0,0.0
0,mcv:957,mcv,148,4,1,False,0,0,0,0.0,0.0
0,mcv:1821,mcv,386,2,1,False,0,0,0,0.0,0.0
0,mcv:1467,mcv,756,2,1,False,0,0,0,0.0,0.0
0,fd:263,fd,27,4,1,False,0,0,0,0.0,0.0
0,mcv:2227,mcv,502,0,1,False,0,0,0,0.0,0.0
0,mcv:1650,mcv,660,2,1,False,0,0,0,0.0,0.0
0,mcv:1365,mcv,340,3,1,True,0,0,0,0.0,0.0
0,mcv:1652,mcv,344,2,1,True,0,0,0,0.0,0.0
0,mcv:2223,mcv,318,0,1,False,0,0,0,0.0,0.0
0,fd:222,fd,27,4,2,False,0,0,0,0.0,0.0
0,mcv:1655,mcv,546,2,1,False,0,0,0,0.0,0.0
0,mcv:632,mcv,462,4,1,False,0,0,0,0.0,0.0
0,mcv:565,mcv,244,4,2,True,2,0,2,0.0,0.23784461393853595
0,mcv:999,mcv,200,3,2,False,0,0,0,0.0,0.0
0,mcv:381,mcv,362,5,1,False,0,0,0,0.0,0.0
0,mcv:308,mcv,170,6,1,False,0,0,0,0.0,0.0
0,fd:404,fd,27,3,2,True,2,0,2,0.0,0.034166151000695866
0,mcv:834,mcv,318,4,1,False,0,0,0,0.0,0.0
0,fd:519,fd,27,3,1,False,0,0,0,0.0,0.0
0,mcv:2064,mcv,174,1,1,False,0,0,0,0.0,0.0
0,fd:720,fd,27,1,1,False,0,0,0,0.0,0.0
0,mcv:1377,mcv,572,3,1,False,0,0,0,0.0,0.0
0,fd:735,fd,27,1,1,False,0,0,0,0.0,0.0
0,mcv:2094,mcv,278,1,1,False,0,0,0,0.0,0.0
0,mcv:1859,mcv,642,1,1,False,0,0,0,0.0,0.0
0,fd:38,fd,27,7,1,False,0,0,0,0.0,0.0
0,fd:107,fd,27,6,1,False,0,0,0,0.0,0.0
0,mcv:382,mcv,388,5,1,False,0,0,0,0.0,0.0
0,fd:151,fd,27,5,1,False,0,0,0,0.0,0.0
0,mcv:857,mcv,538,4,1,False,0,0,0,0.0,0.0
0,mcv:95,mcv,682,7,1,False,0,0,0,0.0,0.0
0,mcv:283,mcv,244,6,1,False,0,0,0,0.0,0.0
0,mcv:2179,mcv,410,0,1,False,0,0,0,0.0,0.0
0,fd:325,fd,41,4,1,False,0,0,0,0.0,0.0
0,mcv:806,mcv,326,4,1,False,0,0,0,0.0,0.0
0,mcv:380,mcv,498,5,1,False,0,0,0,0.0,0.0
0,fd:626,fd,27,2,1,False,0,0,0,0.0,0.0
0,mcv:1239,mcv,244,3,1,False,0,0,0,0.0,0.0
0,mcv:134,mcv,358,6,2,False,0,0,0,0.0,0.0
0,mcv:1752,mcv,174,2,1,False,0,0,0,0.0,0.0
0,mcv:960,mcv,218,4,1,False,0,0,0,0.0,0.0
0,mcv:2177,mcv,1106,0,1,False,0,0,0,0.0,0.0
0,mcv:1447,mcv,386,3,1,False,0,0,0,0.0,0.0
0,mcv:1320,mcv,496,3,1,False,0,0,0,0.0,0.0
0,mcv:1448,mcv,518,3,1,False,0,0,0,0.0,0.0
0,mcv:1375,mcv,562,3,1,False,0,0,0,0.0,0.0
0,fd:552,fd,27,3,1,False,0,0,0,0.0,0.0
0,fd:553,fd,27,3,1,False,0,0,0,0.0,0.0
0,mcv:802,mcv,462,4,1,False,0,0,0,0.0,0.0
0,mcv:1721,mcv,248,2,1,False,0,0,0,0.0,0.0
0,mcv:795,mcv,804,4,1,False,0,0,0,0.0,0.0
0,mcv:1718,mcv,552,2,1,False,0,0,0,0.0,0.0
0,fd:495,fd,27,3,1,False,0,0,0,0.0,0.0
0,fd:613,fd,27,2,1,True,1,0,1,0.0,0.0003279234981445889
0,mcv:472,mcv,620,4,2,False,0,0,0,0.0,0.0
0,mcv:1602,mcv,218,2,1,False,0,0,0,0.0,0.0
0,mcv:1617,mcv,466,2,1,False,0,0,0,0.0,0.0
0,mcv:1197,mcv,218,3,1,False,0,0,0,0.0,0.0
0,mcv:1376,mcv,218,2,2,False,0,0,0,0.0,0.0
0,mcv:272,mcv,358,6,1,False,0,0,0,0.0,0.0
0,mcv:489,mcv,270,5,1,False,0,0,0,0.0,0.0
0,mcv:1247,mcv,550,1,3,False,0,0,0,0.0,0.0
0,mcv:138,mcv,392,5,3,False,0,0,0,0.0,0.0
0,fd:229,fd,27,5,1,False,0,0,0,0.0,0.0
0,mcv:572,mcv,322,5,1,False,0,0,0,0.0,0.0
0,mcv:1969,mcv,340,1,1,False,0,0,0,0.0,0.0
0,mcv:859,mcv,274,4,1,False,0,0,0,0.0,0.0
0,mcv:521,mcv,300,3,3,False,0,0,0,0.0,0.0
0,mcv:482,mcv,344,5,1,False,0,0,0,0.0,0.0
0,mcv:483,mcv,222,5,1,False,0,0,0,0.0,0.0
0,mcv:1633,mcv,406,2,1,False,0,0,0,0.0,0.0
0,fd:188,fd,27,5,1,True,1,0,1,0.0,0.0006395314081439896
0,mcv:1293,mcv,480,3,1,False,0,0,0,0.0,0.0
0,fd:50,fd,27,5,3,False,0,0,0,0.0,0.0
0,mcv:1985,mcv,366,1,1,False,0,0,0,0.0,0.0
0,mcv:589,mcv,452,5,1,False,0,0,0,0.0,0.0
0,mcv:276,mcv,966,6,1,False,0,0,0,0.0,0.0
0,mcv:639,mcv,900,4,1,False,0,0,0,0.0,0.0
0,mcv:390,mcv,536,4,2,False,0,0,0,0.0,0.0
0,fd:241,fd,27,5,1,False,0,0,0,0.0,0.0
0,fd:427,fd,27,2,2,False,0,0,0,0.0,0.0
0,mcv:695,mcv,594,3,2,False,0,0,0,0.0,0.0
0,mcv:1100,mcv,524,2,2,False,0,0,0,0.0,0.0
0,mcv:1476,mcv,874,2,1,False,0,0,0,0.0,0.0
0,mcv:495,mcv,716,5,1,False,0,0,0,0.0,0.0
0,mcv:716,mcv,396,3,2,False,0,0,0,0.0,0.0
0,mcv:416,mcv,344,4,2,False,0,0,0,0.0,0.0
0,mcv:1505,mcv,1142,2,1,False,0,0,0,0.0,0.0
0,mcv:1295,mcv,566,3,1,False,0,0,0,0.0,0.0
0,mcv:1067,mcv,562,2,2,False,0,0,0,0.0,0.0
0,mcv:1533,mcv,694,2,1,False,0,0,0,0.0,0.0
0,mcv:525,mcv,452,5,1,False,0,0,0,0.0,0.0
0,mcv:1308,mcv,912,3,1,False,0,0,0,0.0,0.0
0,mcv:367,mcv,1242,5,1,False,0,0,0,0.0,0.0
0,mcv:1692,mcv,698,2,1,False,0,0,0,0.0,0.0
0,mcv:217,mcv,660,6,1,False,0,0,0,0.0,0.0
0,mcv:1485,mcv,502,2,1,False,0,0,0,0.0,0.0
0,mcv:966,mcv,352,2,3,False,0,0,0,0.0,0.0
0,fd:673,fd,27,1,1,False,0,0,0,0.0,0.0
0,fd:19,fd,27,7,2,False,0,0,0,0.0,0.0
0,mcv:1544,mcv,222,1,2,False,0,0,0,0.0,0.0
0,fd:381,fd,27,2,3,False,0,0,0,0.0,0.0
0,mcv:1898,mcv,304,1,1,False,0,0,0,0.0,0.0
0,fd:568,fd,27,1,2,True,1,1,0,0.0022905116869542663,0.0
0,mcv:42,mcv,318,7,2,False,0,0,0,0.0,0.0
0,mcv:1965,mcv,278,1,1,False,0,0,0,0.0,0.0
0,fd:689,fd,27,1,1,False,0,0,0,0.0,0.0
0,mcv:39,mcv,1014,8,2,False,0,0,0,0.0,0.0
0,fd:436,fd,27,3,1,False,0,0,0,0.0,0.0
0,fd:322,fd,27,4,1,False,0,0,0,0.0,0.0
0,mcv:1654,mcv,1088,2,1,False,0,0,0,0.0,0.0
0,mcv:1265,mcv,432,3,1,False,0,0,0,0.0,0.0
0,mcv:1532,mcv,292,2,1,False,0,0,0,0.0,0.0
0,mcv:583,mcv,196,5,1,False,0,0,0,0.0,0.0
0,mcv:1677,mcv,196,2,1,False,0,0,0,0.0,0.0
0,fd:192,fd,27,5,1,False,0,0,0,0.0,0.0
0,fd:593,fd,27,2,1,True,0,0,0,0.0,0.0
0,mcv:1357,mcv,482,3,1,False,0,0,0,0.0,0.0
0,mcv:2205,mcv,662,0,1,False,0,0,0,0.0,0.0
0,mcv:576,mcv,482,5,1,False,0,0,0,0.0,0.0
0,fd:231,fd,27,5,1,False,0,0,0,0.0,0.0
0,mcv:512,mcv,480,5,1,True,1,1,0,0.477753064655948,0.0
0,mcv:853,mcv,196,4,1,False,0,0,0,0.0,0.0
0,mcv:1099,mcv,418,3,1,True,1,0,1,0.0,4.197236599235161
0,mcv:1738,mcv,196,2,1,False,0,0,0,0.0,0.0
0,fd:688,fd,27,1,1,False,0,0,0,0.0,0.0
0,mcv:285,mcv,266,6,1,False,0,0,0,0.0,0.0
0,mcv:1736,mcv,322,2,1,False,0,0,0,0.0,0.0
0,mcv:1964,mcv,278,1,1,False,0,0,0,0.0,0.0
0,mcv:717,mcv,406,4,1,False,0,0,0,0.0,0.0
0,mcv:1531,mcv,314,2,1,False,0,0,0,0.0,0.0
0,mcv:10,mcv,546,10,1,False,0,0,0,0.0,0.0
0,mcv:479,mcv,690,3,3,False,0,0,0,0.0,0.0
0,mcv:1085,mcv,340,2,2,False,0,0,0,0.0,0.0
0,mcv:1276,mcv,218,3,1,False,0,0,0,0.0,0.0
0,mcv:222,mcv,1202,6,1,False,0,0,0,0.0,0.0
0,mcv:1089,mcv,362,3,1,False,0,0,0,0.0,0.0
0,mcv:2117,mcv,266,1,1,False,0,0,0,0.0,0.0
0,mcv:1522,mcv,874,2,1,False,0,0,0,0.0,0.0
0,mcv:1280,mcv,602,3,1,False,0,0,0,0.0,0.0
0,mcv:1446,mcv,408,3,1,False,0,0,0,0.0,0.0
0,mcv:1796,mcv,886,2,1,False,0,0,0,0.0,0.0
0,fd:615,fd,27,2,1,False,0,0,0,0.0,0.0
0,fd:551,fd,41,3,1,False,0,0,0,0.0,0.0
0,mcv:1523,mcv,502,2,1,False,0,0,0,0.0,0.0
0,mcv:618,mcv,504,5,1,False,0,0,0,0.0,0.0
0,mcv:1724,mcv,200,2,1,False,0,0,0,0.0,0.0
0,fd:257,fd,41,5,1,False,0,0,0,0.0,0.0
0,mcv:506,mcv,992,5,1,False,0,0,0,0.0,0.0
0,mcv:2095,mcv,348,1,1,False,0,0,0,0.0,0.0
0,mcv:964,mcv,226,4,1,False,0,0,0,0.0,0.0
0,mcv:1028,mcv,408,2,2,False,0,0,0,0.0,0.0
0,mcv:1400,mcv,174,2,2,False,0,0,0,0.0,0.0
0,mcv:2235,mcv,300,0,1,False,0,0,0,0.0,0.0
0,mcv:582,mcv,170,5,1,False,0,0,0,0.0,0.0
0,fd:524,fd,27,3,1,False,0,0,0,0.0,0.0
0,fd:249,fd,27,5,1,False,0,0,0,0.0,0.0
0,mcv:603,mcv,304,5,1,False,0,0,0,0.0,0.0
0,mcv:89,mcv,426,7,1,False,0,0,0,0.0,0.0
0,mcv:1027,mcv,896,3,1,False,0,0,0,0.0,0.0
0,mcv:931,mcv,174,4,1,False,0,0,0,0.0,0.0
0,mcv:944,mcv,362,4,1,False,0,0,0,0.0,0.0
0,mcv:2132,mcv,606,0,1,False,0,0,0,0.0,0.0
0,mcv:592,mcv,300,5,1,False,0,0,0,0.0,0.0
0,fd:520,fd,27,3,1,True,0,0,0,0.0,0.0
0,mcv:1383,mcv,196,3,1,False,0,0,0,0.0,0.0
0,fd:109,fd,27,6,1,False,0,0,0,0.0,0.0
0,fd:527,fd,27,2,2,False,0,0,0,0.0,0.0
0,mcv:788,mcv,486,3,2,False,0,0,0,0.0,0.0
0,mcv:1688,mcv,304,2,1,False,0,0,0,0.0,0.0
0,mcv:1394,mcv,244,3,1,True,0,0,0,0.0,0.0
0,mcv:1200,mcv,680,3,1,False,0,0,0,0.0,0.0
0,fd:601,fd,41,2,1,False,0,0,0,0.0,0.0
0,mcv:2078,mcv,200,1,1,False,0,0,0,0.0,0.0
0,mcv:1421,mcv,330,3,1,False,0,0,0,0.0,0.0
0,mcv:337,mcv,248,6,1,False,0,0,0,0.0,0.0
0,fd:724,fd,27,1,1,False,0,0,0,0.0,0.0
0,mcv:287,mcv,200,6,1,False,0,0,0,0.0,0.0
0,fd:415,fd,27,2,2,False,0,0,0,0.0,0.0
0,fd:366,fd,27,4,1,False,0,0,0,0.0,0.0
0,mcv:364,mcv,510,5,1,False,0,0,0,0.0,0.0
0,mcv:481,mcv,330,5,1,False,0,0,0,0.0,0.0
0,mcv:1991,mcv,576,1,1,False,0,0,0,0.0,0.0
0,mcv:1072,mcv,304,3,1,False,0,0,0,0.0,0.0
0,mcv:1431,mcv,304,3,1,False,0,0,0,0.0,0.0
0,fd:432,fd,27,3,1,False,0,0,0,0.0,0.0
0,mcv:1349,mcv,694,2,2,False,0,0,0,0.0,0.0
0,fd:543,fd,27,3,1,False,0,0,0,0.0,0.0
0,mcv:1458,mcv,296,3,1,False,0,0,0,0.0,0.0
0,fd:697,fd,27,1,1,False,0,0,0,0.0,0.0
0,mcv:158,mcv,838,7,1,True,1,0,1,0.0,46.70665913064899
0,fd:508,fd,27,3,1,False,0,0,0,0.0,0.0
0,mcv:159,mcv,574,7,1,False,0,0,0,0.0,0.0
0,mcv:2192,mcv,340,0,1,False,0,0,0,0.0,0.0
0,mcv:609,mcv,274,5,1,False,0,0,0,0.0,0.0
0,mcv:1254,mcv,502,3,1,False,0,0,0,0.0,0.0
0,mcv:2034,mcv,366,1,1,False,0,0,0,0.0,0.0
0,mcv:669,mcv,774,4,1,False,0,0,0,0.0,0.0
0,mcv:689,mcv,444,3,2,False,0,0,0,0.0,0.0
0,fd:254,fd,27,5,1,False,0,0,0,0.0,0.0
0,mcv:1493,mcv,304,2,1,True,1,1,0,9.356319878861541e-07,0.0
0,fd:60,fd,27,7,1,False,0,0,0,0.0,0.0
0,mcv:1053,mcv,770,3,1,False,0,0,0,0.0,0.0
0,mcv:46,mcv,634,7,2,False,0,0,0,0.0,0.0
0,mcv:1110,mcv,314,3,1,False,0,0,0,0.0,0.0
0,mcv:1059,mcv,1128,3,1,False,0,0,0,0.0,0.0
0,fd:559,fd,41,2,1,False,0,0,0,0.0,0.0
0,mcv:1832,mcv,170,2,1,False,0,0,0,0.0,0.0
0,mcv:1302,mcv,248,3,1,False,0,0,0,0.0,0.0
0,mcv:1351,mcv,434,3,1,False,0,0,0,0.0,0.0
0,mcv:1488,mcv,572,2,1,False,0,0,0,0.0,0.0
0,mcv:1831,mcv,222,2,1,False,0,0,0,0.0,0.0
0,fd:61,fd,27,7,1,False,0,0,0,0.0,0.0
0,mcv:136,mcv,926,7,1,False,0,0,0,0.0,0.0
0,mcv:1203,mcv,772,3,1,True,0,0,0,0.0,0.0
0,mcv:1608,mcv,886,2,1,False,0,0,0,0.0,0.0
0,mcv:678,mcv,326,4,1,False,0,0,0,0.0,0.0
0,mcv:915,mcv,274,4,1,False,0,0,0,0.0,0.0
0,fd:95,fd,27,6,1,False,0,0,0,0.0,0.0
0,mcv:643,mcv,628,4,1,False,0,0,0,0.0,0.0
0,mcv:399,mcv,1484,5,1,True,1,1,0,0.015042919559013379,0.0
0,mcv:567,mcv,314,4,2,False,0,0,0,0.0,0.0
0,mcv:262,mcv,658,5,2,False,0,0,0,0.0,0.0
0,fd:55,fd,27,5,3,False,0,0,0,0.0,0.0
0,mcv:150,mcv,292,5,3,False,0,0,0,0.0,0.0
0,mcv:1481,mcv,514,2,1,False,0,0,0,0.0,0.0
0,fd:413,fd,27,3,1,False,0,0,0,0.0,0.0
0,mcv:182,mcv,244,6,2,False,0,0,0,0.0,0.0
0,mcv:688,mcv,444,3,2,False,0,0,0,0.0,0.0
0,mcv:1697,mcv,292,2,1,False,0,0,0,0.0,0.0
0,mcv:197,mcv,646,6,1,True,1,1,0,0.0005025870006636346,0.0
0,mcv:761,mcv,292,4,1,False,0,0,0,0.0,0.0
0,mcv:1930,mcv,278,1,1,False,0,0,0,0.0,0.0
0,fd:160,fd,27,5,1,False,0,0,0,0.0,0.0
0,mcv:2033,mcv,340,1,1,False,0,0,0,0.0,0.0
0,mcv:249,mcv,544,6,1,False,0,0,0,0.0,0.0
0,mcv:1170,mcv,222,3,1,False,0,0,0,0.0,0.0
0,fd:464,fd,27,3,1,True,0,0,0,0.0,0.0
0,mcv:1298,mcv,304,3,1,False,0,0,0,0.0,0.0
0,mcv:402,mcv,388,5,1,False,0,0,0,0.0,0.0
0,mcv:1022,mcv,492,3,1,False,0,0,0,0.0,0.0
0,fd:224,fd,27,4,2,False,0,0,0,0.0,0.0
0,fd:682,fd,27,1,1,False,0,0,0,0.0,0.0
0,mcv:591,mcv,470,5,1,False,0,0,0,0.0,0.0
0,fd:353,fd,27,4,1,False,0,0,0,0.0,0.0
0,fd:21,fd,27,8,1,False,0,0,0,0.0,0.0
0,mcv:2048,mcv,800,1,1,False,0,0,0,0.0,0.0
0,mcv:729,mcv,270,4,1,False,0,0,0,0.0,0.0
0,mcv:542,mcv,808,5,1,False,0,0,0,0.0,0.0
0,mcv:745,mcv,314,3,2,False,0,0,0,0.0,0.0
0,fd:243,fd,41,5,1,False,0,0,0,0.0,0.0
0,mcv:49,mcv,544,8,1,False,0,0,0,0.0,0.0
0,fd:287,fd,27,4,1,False,0,0,0,0.0,0.0
0,mcv:904,mcv,600,4,1,False,0,0,0,0.0,0.0
0,mcv:224,mcv,292,5,2,False,0,0,0,0.0,0.0
0,mcv:962,mcv,248,4,1,False,0,0,0,0.0,0.0
0,mcv:2093,mcv,148,1,1,False,0,0,0,0.0,0.0
0,fd:281,fd,41,3,2,False,0,0,0,0.0,0.0
0,mcv:505,mcv,174,5,1,False,0,0,0,0.0,0.0
0,mcv:984,mcv,300,4,1,False,0,0,0,0.0,0.0
0,fd:122,fd,27,6,1,False,0,0,0,0.0,0.0
0,fd:586,fd,27,2,1,False,0,0,0,0.0,0.0
0,mcv:1966,mcv,392,1,1,False,0,0,0,0.0,0.0
0,mcv:1629,mcv,300,2,1,False,0,0,0,0.0,0.0
0,mcv:313,mcv,382,6,1,False,0,0,0,0.0,0.0
0,mcv:1496,mcv,500,2,1,False,0,0,0,0.0,0.0
0,fd:395,fd,27,4,1,False,0,0,0,0.0,0.0
0,fd:581,fd,41,2,1,True,1,0,1,0.0,2.0748291060889557
0,fd:380,fd,27,3,2,False,0,0,0,0.0,0.0
0,mcv:1624,mcv,278,2,1,False,0,0,0,0.0,0.0
0,fd:562,fd,27,2,1,False,0,0,0,0.0,0.0
0,fd:639,fd,27,2,1,False,0,0,0,0.0,0.0
0,mcv:1779,mcv,200,2,1,False,0,0,0,0.0,0.0
0,fd:583,fd,27,2,1,False,0,0,0,0.0,0.0
0,mcv:683,mcv,304,3,2,False,0,0,0,0.0,0.0
0,mcv:956,mcv,278,3,2,False,0,0,0,0.0,0.0
0,mcv:101,mcv,562,6,2,False,0,0,0,0.0,0.0
0,fd:734,fd,27,1,1,False,0,0,0,0.0,0.0
0,mcv:1622,mcv,720,2,1,False,0,0,0,0.0,0.0
0,mcv:1348,mcv,434,3,1,False,0,0,0,0.0,0.0
0,mcv:1032,mcv,532,3,1,False,0,0,0,0.0,0.0
0,fd:531,fd,27,3,1,False,0,0,0,0.0,0.0
0,mcv:2120,mcv,292,1,1,False,0,0,0,0.0,0.0
0,fd:506,fd,27,3,1,False,0,0,0,0.0,0.0
0,mcv:623,mcv,266,5,1,True,1,1,0,3.939474657599362e-08,0.0
0,mcv:1033,mcv,654,3,1,False,0,0,0,0.0,0.0
0,mcv:1245,mcv,406,3,1,False,0,0,0,0.0,0.0
0,mcv:778,mcv,222,4,1,False,0,0,0,0.0,0.0
0,fd:414,fd,27,3,1,False,0,0,0,0.0,0.0
0,mcv:1034,mcv,620,3,1,False,0,0,0,0.0,0.0
0,mcv:817,mcv,848,4,1,False,0,0,0,0.0,0.0
0,mcv:961,mcv,218,4,1,False,0,0,0,0.0,0.0
0,mcv:1026,mcv,628,3,1,False,0,0,0,0.0,0.0
0,mcv:1847,mcv,492,1,1,False,0,0,0,0.0,0.0
0,fd:659,fd,27,1,1,False,0,0,0,0.0,0.0
0,mcv:1405,mcv,248,3,1,True,0,0,0,0.0,0.0
0,mcv:54,mcv,196,8,1,False,0,0,0,0.0,0.0
0,mcv:122,mcv,540,7,1,True,1,1,0,0.0017969868155043311,0.0
0,fd:22,fd,27,8,1,False,0,0,0,0.0,0.0
0,mcv:1346,mcv,540,3,1,False,0,0,0,0.0,0.0
0,mcv:1584,mcv,266,2,1,False,0,0,0,0.0,0.0
0,mcv:366,mcv,760,5,1,False,0,0,0,0.0,0.0
0,mcv:856,mcv,274,4,1,False,0,0,0,0.0,0.0
0,mcv:2167,mcv,322,0,1,False,0,0,0,0.0,0.0
0,mcv:1896,mcv,314,1,1,False,0,0,0,0.0,0.0
0,mcv:2010,mcv,840,1,1,False,0,0,0,0.0,0.0
0,mcv:1653,mcv,590,2,1,False,0,0,0,0.0,0.0
0,mcv:725,mcv,410,4,1,False,0,0,0,0.0,0.0
0,mcv:1540,mcv,218,2,1,False,0,0,0,0.0,0.0
0,mcv:1882,mcv,770,1,1,False,0,0,0,0.0,0.0
0,mcv:445,mcv,314,5,1,False,0,0,0,0.0,0.0
0,mcv:2166,mcv,274,0,1,False,0,0,0,0.0,0.0
0,mcv:1576,mcv,196,2,1,False,0,0,0,0.0,0.0
0,fd:504,fd,27,3,1,False,0,0,0,0.0,0.0
0,mcv:517,mcv,414,5,1,False,0,0,0,0.0,0.0
0,mcv:1343,mcv,326,3,1,False,0,0,0,0.0,0.0
0,fd:197,fd,27,5,1,True,0,0,0,0.0,0.0
0,mcv:534,mcv,606,5,1,False,0,0,0,0.0,0.0
0,fd:11,fd,27,9,1,False,0,0,0,0.0,0.0
0,mcv:298,mcv,174,6,1,False,0,0,0,0.0,0.0
0,mcv:540,mcv,414,5,1,False,0,0,0,0.0,0.0
0,mcv:870,mcv,356,4,1,False,0,0,0,0.0,0.0
0,mcv:311,mcv,1956,6,1,False,0,0,0,0.0,0.0
0,mcv:104,mcv,734,7,1,False,0,0,0,0.0,0.0
0,mcv:2040,mcv,606,1,1,False,0,0,0,0.0,0.0
0,mcv:2042,mcv,2000,1,1,False,0,0,0,0.0,0.0
0,fd:334,fd,27,4,1,False,0,0,0,0.0,0.0
0,mcv:598,mcv,538,5,1,False,0,0,0,0.0,0.0
0,fd:637,fd,27,2,1,False,0,0,0,0.0,0.0
0,mcv:554,mcv,1102,5,1,False,0,0,0,0.0,0.0
0,fd:208,fd,27,5,1,False,0,0,0,0.0,0.0
0,mcv:1827,mcv,1166,2,1,False,0,0,0,0.0,0.0
0,fd:215,fd,27,5,1,False,0,0,0,0.0,0.0
0,mcv:867,mcv,1356,4,1,False,0,0,0,0.0,0.0
0,fd:246,fd,27,5,1,False,0,0,0,0.0,0.0
0,fd:114,fd,27,6,1,False,0,0,0,0.0,0.0
0,mcv:185,mcv,1750,7,1,False,0,0,0,0.0,0.0
0,mcv:1777,mcv,200,2,1,False,0,0,0,0.0,0.0
0,fd:198,fd,41,5,1,False,0,0,0,0.0,0.0
0,mcv:29,mcv,876,9,1,True,1,0,1,0.0,0.0018874920800175943
0,mcv:522,mcv,470,5,1,False,0,0,0,0.0,0.0
0,mcv:661,mcv,388,4,1,False,0,0,0,0.0,0.0
0,mcv:662,mcv,572,4,1,False,0,0,0,0.0,0.0
0,mcv:940,mcv,274,4,1,True,1,1,0,0.001729773936556711,0.0
0,mcv:959,mcv,340,4,1,False,0,0,0,0.0,0.0
0,mcv:67,mcv,384,8,1,False,0,0,0,0.0,0.0
0,mcv:965,mcv,1632,4,1,False,0,0,0,0.0,0.0
0,fd:69,fd,27,7,1,False,0,0,0,0.0,0.0
0,fd:271,fd,27,4,1,True,0,0,0,0.0,0.0
0,mcv:177,mcv,854,7,1,False,0,0,0,0.0,0.0
0,mcv:1337,mcv,1346,3,1,False,0,0,0,0.0,0.0
0,mcv:488,mcv,288,5,1,False,0,0,0,0.0,0.0
0,mcv:1418,mcv,304,3,1,False,0,0,0,0.0,0.0
0,mcv:942,mcv,248,4,1,False,0,0,0,0.0,0.0
0,fd:127,fd,41,6,1,True,0,0,0,0.0,0.0
0,mcv:976,mcv,266,4,1,True,1,1,0,1.3275123889044949e-08,0.0
0,mcv:318,mcv,148,6,1,False,0,0,0,0.0,0.0
0,fd:535,fd,41,3,1,False,0,0,0,0.0,0.0
0,mcv:1360,mcv,200,3,1,False,0,0,0,0.0,0.0
0,mcv:756,mcv,170,4,1,False,0,0,0,0.0,0.0
0,fd:372,fd,27,4,1,False,0,0,0,0.0,0.0
0,mcv:1160,mcv,222,3,1,False,0,0,0,0.0,0.0
0,fd:620,fd,27,2,1,False,0,0,0,0.0,0.0
0,mcv:438,mcv,170,5,1,False,0,0,0,0.0,0.0
0,mcv:1764,mcv,248,2,1,False,0,0,0,0.0,0.0
0,fd:510,fd,41,3,1,False,0,0,0,0.0,0.0
0,mcv:1356,mcv,226,3,1,False,0,0,0,0.0,0.0
0,fd:631,fd,41,2,1,False,0,0,0,0.0,0.0
0,fd:459,fd,27,3,1,False,0,0,0,0.0,0.0
0,mcv:1762,mcv,378,2,1,False,0,0,0,0.0,0.0
0,mcv:1734,mcv,304,2,1,False,0,0,0,0.0,0.0
0,fd:512,fd,27,3,1,False,0,0,0,0.0,0.0
0,mcv:1765,mcv,366,2,1,False,0,0,0,0.0,0.0
0,mcv:232,mcv,148,5,2,False,0,0,0,0.0,0.0
0,fd:210,fd,27,5,1,False,0,0,0,0.0,0.0
0,fd:242,fd,27,5,1,False,0,0,0,0.0,0.0
0,mcv:259,mcv,544,6,1,False,0,0,0,0.0,0.0
0,mcv:304,mcv,378,6,1,False,0,0,0,0.0,0.0
0,fd:116,fd,27,6,1,False,0,0,0,0.0,0.0
0,mcv:906,mcv,522,4,1,False,0,0,0,0.0,0.0
0,mcv:549,mcv,1052,5,1,False,0,0,0,0.0,0.0
0,mcv:547,mcv,434,5,1,False,0,0,0,0.0,0.0
0,mcv:590,mcv,378,5,1,False,0,0,0,0.0,0.0
0,mcv:1079,mcv,1168,3,1,False,0,0,0,0.0,0.0
0,fd:295,fd,27,4,1,False,0,0,0,0.0,0.0
0,fd:319,fd,27,4,1,False,0,0,0,0.0,0.0
0,mcv:714,mcv,314,4,1,False,0,0,0,0.0,0.0
0,mcv:1223,mcv,278,3,1,False,0,0,0,0.0,0.0
0,fd:440,fd,27,3,1,False,0,0,0,0.0,0.0
0,mcv:1888,mcv,340,1,1,False,0,0,0,0.0,0.0
0,mcv:952,mcv,620,4,1,False,0,0,0,0.0,0.0
0,mcv:1436,mcv,418,3,1,False,0,0,0,0.0,0.0
0,mcv:239,mcv,218,6,1,False,0,0,0,0.0,0.0
0,fd:390,fd,27,4,1,False,0,0,0,0.0,0.0
0,mcv:1914,mcv,344,1,1,False,0,0,0,0.0,0.0
0,mcv:809,mcv,500,4,1,False,0,0,0,0.0,0.0
0,fd:523,fd,27,3,1,True,0,0,0,0.0,0.0
0,mcv:1391,mcv,226,3,1,False,0,0,0,0.0,0.0
0,mcv:242,mcv,170,6,1,False,0,0,0,0.0,0.0
0,fd:473,fd,27,3,1,False,0,0,0,0.0,0.0
0,mcv:1144,mcv,196,2,2,False,0,0,0,0.0,0.0
0,mcv:1674,mcv,708,2,1,False,0,0,0,0.0,0.0
0,fd:726,fd,27,1,1,True,0,0,0,0.0,0.0
0,mcv:844,mcv,362,4,1,False,0,0,0,0.0,0.0
0,mcv:748,mcv,388,4,1,False,0,0,0,0.0,0.0
0,fd:546,fd,27,3,1,False,0,0,0,0.0,0.0
0,fd:315,fd,27,4,1,False,0,0,0,0.0,0.0
0,mcv:1109,mcv,958,3,1,True,1,0,1,0.0,0.03964968305492533
0,mcv:978,mcv,1208,4,1,False,0,0,0,0.0,0.0
0,mcv:1220,mcv,466,3,1,False,0,0,0,0.0,0.0
0,mcv:2084,mcv,532,1,1,False,0,0,0,0.0,0.0
0,mcv:470,mcv,620,5,1,False,0,0,0,0.0,0.0
0,mcv:697,mcv,498,4,1,False,0,0,0,0.0,0.0
0,mcv:1873,mcv,1900,1,1,False,0,0,0,0.0,0.0
0,mcv:511,mcv,266,5,1,False,0,0,0,0.0,0.0
0,mcv:2021,mcv,304,1,1,False,0,0,0,0.0,0.0
0,mcv:691,mcv,958,4,1,True,1,0,1,0.0,0.0016424309817417715
0,mcv:792,mcv,544,4,1,False,0,0,0,0.0,0.0
0,fd:225,fd,27,5,1,True,0,0,0,0.0,0.0
0,mcv:568,mcv,196,5,1,False,0,0,0,0.0,0.0
0,mcv:1238,mcv,358,3,1,False,0,0,0,0.0,0.0
0,mcv:1143,mcv,218,3,1,False,0,0,0,0.0,0.0
0,mcv:2101,mcv,482,1,1,False,0,0,0,0.0,0.0
0,mcv:113,mcv,218,7,1,False,0,0,0,0.0,0.0
0,fd:37,fd,27,7,1,False,0,0,0,0.0,0.0
0,mcv:951,mcv,196,4,1,False,0,0,0,0.0,0.0
0,mcv:1486,mcv,362,2,1,False,0,0,0,0.0,0.0
0,mcv:1912,mcv,170,1,1,False,0,0,0,0.0,0.0
0,mcv:14,mcv,410,9,1,True,1,1,0,0.0015956735104576403,0.0
0,mcv:1180,mcv,526,3,1,False,0,0,0,0.0,0.0
0,mcv:1559,mcv,170,2,1,False,0,0,0,0.0,0.0
0,mcv:1181,mcv,148,3,1,False,0,0,0,0.0,0.0
0,fd:738,fd,27,1,1,False,0,0,0,0.0,0.0
0,mcv:94,mcv,1224,7,1,False,0,0,0,0.0,0.0
0,mcv:98,mcv,1878,7,1,False,0,0,0,0.0,0.0
0,mcv:176,mcv,854,7,1,False,0,0,0,0.0,0.0
0,mcv:746,mcv,636,4,1,False,0,0,0,0.0,0.0
0,mcv:1800,mcv,2170,2,1,True,1,1,0,0.3002168706870647,0.0
0,fd:68,fd,27,7,1,False,0,0,0,0.0,0.0
0,mcv:420,mcv,170,5,1,True,1,0,1,0.0,0.008722156791233449
0,mcv:1044,mcv,968,3,1,True,1,0,1,0.0,0.07479023573205179
0,mcv:730,mcv,512,3,2,False,0,0,0,0.0,0.0
0,fd:692,fd,27,1,1,False,0,0,0,0.0,0.0
0,mcv:789,mcv,886,4,1,False,0,0,0,0.0,0.0
0,mcv:728,mcv,382,4,1,False,0,0,0,0.0,0.0
0,mcv:1112,mcv,170,3,1,False,0,0,0,0.0,0.0
0,fd:123,fd,27,6,1,False,0,0,0,0.0,0.0
0,fd:308,fd,41,4,1,False,0,0,0,0.0,0.0
0,fd:269,fd,27,4,1,False,0,0,0,0.0,0.0
0,mcv:314,mcv,768,6,1,False,0,0,0,0.0,0.0
0,mcv:1972,mcv,754,1,1,False,0,0,0,0.0,0.0
0,mcv:1970,mcv,562,1,1,False,0,0,0,0.0,0.0
0,mcv:1113,mcv,196,3,1,True,0,0,0,0.0,0.0
0,mcv:429,mcv,478,5,1,False,0,0,0,0.0,0.0
0,mcv:657,mcv,274,4,1,False,0,0,0,0.0,0.0
0,fd:288,fd,27,3,2,False,0,0,0,0.0,0.0
0,mcv:556,mcv,382,5,1,False,0,0,0,0.0,0.0
0,fd:170,fd,27,5,1,False,0,0,0,0.0,0.0
0,fd:216,fd,27,5,1,True,1,0,1,0.0,0.0026019035855830985
0,mcv:1132,mcv,148,3,1,False,0,0,0,0.0,0.0
0,mcv:419,mcv,170,5,1,False,0,0,0,0.0,0.0
0,mcv:142,mcv,626,7,1,False,0,0,0,0.0,0.0
0,fd:575,fd,27,2,1,False,0,0,0,0.0,0.0
0,mcv:537,mcv,714,5,1,False,0,0,0,0.0,0.0
0,mcv:1585,mcv,218,2,1,False,0,0,0,0.0,0.0
0,mcv:1588,mcv,196,2,1,False,0,0,0,0.0,0.0
1,mcv:435,mcv,322,5,1,False,0,0,0,0.0,0.0
1,mcv:1923,mcv,218,1,1,False,0,0,0,0.0,0.0
1,mcv:144,mcv,174,5,3,False,0,0,0,0.0,0.0
1,mcv:2090,mcv,148,0,2,False,0,0,0,0.0,0.0
1,mcv:759,mcv,170,3,2,False,0,0,0,0.0,0.0
1,fd:313,fd,27,3,2,True,0,0,0,0.0,0.0
1,fd:52,fd,27,5,3,False,0,0,0,0.0,0.0
1,mcv:1624,mcv,278,2,1,False,0,0,0,0.0,0.0
1,fd:731,fd,41,0,2,False,0,0,0,0.0,0.0
1,mcv:1679,mcv,174,2,1,False,0,0,0,0.0,0.0
1,mcv:478,mcv,344,4,2,False,0,0,0,0.0,0.0
1,mcv:957,mcv,148,2,3,False,0,0,0,0.0,0.0
1,mcv:480,mcv,362,2,4,False,0,0,0,0.0,0.0
1,mcv:1154,mcv,148,3,1,False,0,0,0,0.0,0.0
1,mcv:438,mcv,170,4,2,False,0,0,0,0.0,0.0
1,fd:583,fd,27,2,1,False,0,0,0,0.0,0.0
1,mcv:610,mcv,170,3,3,False,0,0,0,0.0,0.0
1,mcv:805,mcv,348,3,2,False,0,0,0,0.0,0.0
1,mcv:145,mcv,218,6,2,True,2,2,0,0.2456598903039393,0.0
1,fd:595,fd,27,2,1,False,0,0,0,0.0,0.0
1,mcv:552,mcv,434,4,2,False,0,0,0,0.0,0.0
1,mcv:420,mcv,170,4,2,True,2,0,2,0.0,0.0017794805418405168
1,mcv:1122,mcv,174,3,1,False,0,0,0,0.0,0.0
1,fd:21,fd,27,7,2,False,0,0,0,0.0,0.0
1,mcv:1921,mcv,170,1,1,False,0,0,0,0.0,0.0
1,mcv:259,mcv,544,6,1,False,0,0,0,0.0,0.0
1,fd:79,fd,27,4,3,False,0,0,0,0.0,0.0
1,mcv:1190,mcv,148,2,2,False,0,0,0,0.0,0.0
1,mcv:72,mcv,606,8,1,False,0,0,0,0.0,0.0
1,mcv:42,mcv,318,6,3,False,0,0,0,0.0,0.0
1,mcv:1034,mcv,620,3,1,False,0,0,0,0.0,0.0
1,mcv:375,mcv,252,5,1,False,0,0,0,0.0,0.0
1,mcv:51,mcv,562,8,1,False,0,0,0,0.0,0.0
1,fd:417,fd,27,3,1,False,0,0,0,0.0,0.0
1,fd:149,fd,27,5,1,False,0,0,0,0.0,0.0
1,mcv:1020,mcv,492,2,2,False,0,0,0,0.0,0.0
1,mcv:1542,mcv,148,1,2,False,0,0,0,0.0,0.0
1,mcv:49,mcv,544,7,2,False,0,0,0,0.0,0.0
1,mcv:1197,mcv,218,3,1,False,0,0,0,0.0,0.0
1,mcv:1477,mcv,514,2,1,False,0,0,0,0.0,0.0
1,fd:265,fd,27,2,3,False,0,0,0,0.0,0.0
1,mcv:1049,mcv,454,3,1,False,0,0,0,0.0,0.0
1,mcv:750,mcv,218,3,2,False,0,0,0,0.0,0.0
1,fd:557,fd,27,2,1,True,0,0,0,0.0,0.0
1,mcv:1137,mcv,170,2,2,False,0,0,0,0.0,0.0
1,fd:411,fd,27,3,1,False,0,0,0,0.0,0.0
1,mcv:958,mcv,174,3,2,False,0,0,0,0.0,0.0
1,mcv:88,mcv,1272,6,2,False,0,0,0,0.0,0.0
1,mcv:1483,mcv,318,2,1,False,0,0,0,0.0,0.0
1,mcv:1036,mcv,318,3,1,False,0,0,0,0.0,0.0
1,fd:213,fd,27,4,2,False,0,0,0,0.0,0.0
1,mcv:201,mcv,868,5,2,False,0,0,0,0.0,0.0
1,fd:19,fd,27,6,3,False,0,0,0,0.0,0.0
1,mcv:1018,mcv,614,3,1,False,0,0,0,0.0,0.0
1,fd:412,fd,27,2,2,False,0,0,0,0.0,0.0
1,mcv:195,mcv,470,4,3,False,0,0,0,0.0,0.0
1,mcv:227,mcv,170,4,3,False,0,0,0,0.0,0.0
1,mcv:646,mcv,382,2,3,False,0,0,0,0.0,0.0
1,fd:47,fd,27,6,2,False,0,0,0,0.0,0.0
1,mcv:21,mcv,218,6,4,False,0,0,0,0.0,0.0
1,mcv:1150,mcv,218,2,2,False,0,0,0,0.0,0.0
1,mcv:1666,mcv,366,1,2,False,0,0,0,0.0,0.0
1,mcv:1225,mcv,480,3,1,False,0,0,0,0.0,0.0
1,mcv:131,mcv,196,6,2,False,0,0,0,0.0,0.0
1,mcv:753,mcv,410,3,2,True,2,1,1,0.11664939063342561,1.8779987565054057e-08
1,mcv:1669,mcv,410,1,2,False,0,0,0,0.0,0.0
1,fd:375,fd,27,4,1,False,0,0,0,0.0,0.0
1,fd:136,fd,27,5,2,True,1,0,1,0.0,0.007650521715727665
1,mcv:341,mcv,196,5,2,False,0,0,0,0.0,0.0
1,mcv:947,mcv,196,4,1,False,0,0,0,0.0,0.0
1,mcv:943,mcv,244,4,1,False,0,0,0,0.0,0.0
1,mcv:394,mcv,418,5,1,False,0,0,0,0.0,0.0
1,fd:14,fd,27,8,2,False,0,0,0,0.0,0.0
1,mcv:856,mcv,274,4,1,False,0,0,0,0.0,0.0
1,mcv:1647,mcv,616,2,1,False,0,0,0,0.0,0.0
1,mcv:1676,mcv,526,2,1,False,0,0,0,0.0,0.0
1,mcv:1742,mcv,362,1,2,False,0,0,0,0.0,0.0
1,mcv:1646,mcv,366,1,2,False,0,0,0,0.0,0.0
1,mcv:46,mcv,634,8,1,False,0,0,0,0.0,0.0
1,mcv:2053,mcv,772,1,1,False,0,0,0,0.0,0.0
1,fd:427,fd,27,3,1,False,0,0,0,0.0,0.0
1,fd:321,fd,27,3,2,False,0,0,0,0.0,0.0
1,mcv:852,mcv,244,3,2,False,0,0,0,0.0,0.0
1,mcv:827,mcv,432,4,1,False,0,0,0,0.0,0.0
1,fd:588,fd,27,1,2,False,0,0,0,0.0,0.0
1,fd:592,fd,27,2,1,False,0,0,0,0.0,0.0
1,mcv:1068,mcv,330,2,2,False,0,0,0,0.0,0.0
1,mcv:396,mcv,492,5,1,False,0,0,0,0.0,0.0
1,mcv:1067,mcv,562,3,1,False,0,0,0,0.0,0.0
1,fd:428,fd,27,2,2,False,0,0,0,0.0,0.0
1,mcv:34,mcv,536,8,2,False,0,0,0,0.0,0.0
1,mcv:136,mcv,926,7,1,False,0,0,0,0.0,0.0
1,mcv:2110,mcv,408,1,1,False,0,0,0,0.0,0.0
1,mcv:1003,mcv,1974,3,2,False,0,0,0,0.0,0.0
1,mcv:173,mcv,964,6,2,True,2,1,1,0.13766229125819573,0.37839720655847087
1,fd:373,fd,27,2,3,False,0,0,0,0.0,0.0
1,mcv:462,mcv,784,4,2,False,0,0,0,0.0,0.0
1,mcv:703,mcv,496,4,1,False,0,0,0,0.0,0.0
1,fd:283,fd,27,4,1,True,1,1,0,0.8013496113040708,0.0
1,mcv:1083,mcv,388,1,3,False,0,0,0,0.0,0.0
1,fd:434,fd,27,1,3,False,0,0,0,0.0,0.0
1,mcv:698,mcv,616,4,1,False,0,0,0,0.0,0.0
1,mcv:492,mcv,594,3,3,False,0,0,0,0.0,0.0
1,fd:185,fd,27,4,2,False,0,0,0,0.0,0.0
1,mcv:345,mcv,1192,4,3,False,0,0,0,0.0,0.0
1,mcv:814,mcv,340,2,3,False,0,0,0,0.0,0.0
1,mcv:1234,mcv,1052,3,1,False,0,0,0,0.0,0.0
1,mcv:260,mcv,196,4,3,False,0,0,0,0.0,0.0
1,mcv:1868,mcv,476,1,1,False,0,0,0,0.0,0.0
1,mcv:398,mcv,362,5,1,False,0,0,0,0.0,0.0
1,mcv:258,mcv,218,3,4,False,0,0,0,0.0,0.0
1,fd:376,fd,27,3,2,False,0,0,0,0.0,0.0
1,fd:468,fd,27,2,2,False,0,0,0,0.0,0.0
1,mcv:1873,mcv,1900,1,1,False,0,0,0,0.0,0.0
1,mcv:785,mcv,458,3,2,False,0,0,0,0.0,0.0
1,mcv:945,mcv,340,2,3,False,0,0,0,0.0,0.0
1,mcv:488,mcv,288,4,2,False,0,0,0,0.0,0.0
1,fd:99,fd,27,4,3,False,0,0,0,0.0,0.0
1,fd:139,fd,27,4,3,False,0,0,0,0.0,0.0
1,mcv:948,mcv,484,3,2,False,0,0,0,0.0,0.0
1,mcv:1193,mcv,296,2,2,False,0,0,0,0.0,0.0
1,mcv:508,mcv,314,5,1,False,0,0,0,0.0,0.0
1,mcv:279,mcv,716,5,2,False,0,0,0,0.0,0.0
1,mcv:290,mcv,388,6,1,False,0,0,0,0.0,0.0
1,fd:541,fd,27,3,1,False,0,0,0,0.0,0.0
1,mcv:765,mcv,296,4,1,False,0,0,0,0.0,0.0
1,fd:60,fd,27,7,1,False,0,0,0,0.0,0.0
1,mcv:1164,mcv,514,3,1,False,0,0,0,0.0,0.0
1,mcv:845,mcv,410,3,2,False,0,0,0,0.0,0.0
1,mcv:1291,mcv,702,3,1,False,0,0,0,0.0,0.0
1,mcv:1170,mcv,222,2,2,False,0,0,0,0.0,0.0
1,mcv:158,mcv,838,7,1,False,0,0,0,0.0,0.0
1,fd:26,fd,41,7,2,False,0,0,0,0.0,0.0
1,fd:464,fd,27,2,2,False,0,0,0,0.0,0.0
1,fd:190,fd,27,5,1,False,0,0,0,0.0,0.0
1,fd:298,fd,27,4,1,False,0,0,0,0.0,0.0
1,mcv:250,mcv,218,6,1,False,0,0,0,0.0,0.0
1,mcv:1429,mcv,414,3,1,True,1,1,0,0.05942767753625833,0.0
1,fd:489,fd,27,3,1,False,0,0,0,0.0,0.0
1,mcv:1300,mcv,528,3,1,False,0,0,0,0.0,0.0
1,mcv:2017,mcv,428,0,2,False,0,0,0,0.0,0.0
1,mcv:70,mcv,662,7,2,False,0,0,0,0.0,0.0
1,mcv:761,mcv,292,4,1,False,0,0,0,0.0,0.0
1,mcv:240,mcv,218,5,2,False,0,0,0,0.0,0.0
1,mcv:112,mcv,170,5,3,False,0,0,0,0.0,0.0
1,mcv:1139,mcv,362,3,1,False,0,0,0,0.0,0.0
1,mcv:494,mcv,300,4,2,False,0,0,0,0.0,0.0
1,fd:611,fd,27,2,1,False,0,0,0,0.0,0.0
1,mcv:831,mcv,340,3,2,False,0,0,0,0.0,0.0
1,mcv:1715,mcv,196,2,1,False,0,0,0,0.0,0.0
1,mcv:804,mcv,664,4,1,False,0,0,0,0.0,0.0
1,mcv:476,mcv,572,5,1,False,0,0,0,0.0,0.0
1,mcv:1256,mcv,572,3,1,False,0,0,0,0.0,0.0
1,mcv:1626,mcv,554,2,1,False,0,0,0,0.0,0.0
1,mcv:1717,mcv,528,1,2,False,0,0,0,0.0,0.0
1,mcv:850,mcv,318,4,1,False,0,0,0,0.0,0.0
1,mcv:1262,mcv,620,2,2,False,0,0,0,0.0,0.0
1,mcv:498,mcv,432,2,4,True,3,1,2,0.16130828459920887,0.35567611867704807
1,mcv:346,mcv,340,5,2,False,0,0,0,0.0,0.0
1,mcv:1680,mcv,388,1,2,False,0,0,0,0.0,0.0
1,fd:140,fd,27,5,2,False,0,0,0,0.0,0.0
1,fd:584,fd,27,2,1,False,0,0,0,0.0,0.0
1,mcv:501,mcv,314,5,1,False,0,0,0,0.0,0.0
1,mcv:1720,mcv,314,2,1,False,0,0,0,0.0,0.0
1,mcv:168,mcv,314,4,4,False,0,0,0,0.0,0.0
1,fd:205,fd,27,4,2,False,0,0,0,0.0,0.0
1,mcv:535,mcv,340,4,2,False,0,0,0,0.0,0.0
1,fd:238,fd,41,3,3,False,0,0,0,0.0,0.0
1,mcv:160,mcv,810,6,2,False,0,0,0,0.0,0.0
1,fd:24,fd,27,4,5,False,0,0,0,0.0,0.0
1,mcv:928,mcv,650,3,2,True,2,1,1,0.013990539397099155,0.020542299404626485
1,mcv:709,mcv,318,3,2,False,0,0,0,0.0,0.0
1,mcv:569,mcv,270,5,1,False,0,0,0,0.0,0.0
1,mcv:1548,mcv,196,2,1,False,0,0,0,0.0,0.0
1,mcv:921,mcv,382,4,1,False,0,0,0,0.0,0.0
1,mcv:2073,mcv,432,1,1,False,0,0,0,0.0,0.0
1,mcv:1728,mcv,460,2,1,False,0,0,0,0.0,0.0
1,mcv:1904,mcv,304,0,2,False,0,0,0,0.0,0.0
1,fd:115,fd,27,4,3,False,0,0,0,0.0,0.0
1,mcv:933,mcv,222,3,2,False,0,0,0,0.0,0.0
1,fd:226,fd,27,5,1,False,0,0,0,0.0,0.0
1,fd:62,fd,27,6,2,False,0,0,0,0.0,0.0
1,mcv:312,mcv,382,6,1,False,0,0,0,0.0,0.0
1,mcv:1369,mcv,196,3,1,False,0,0,0,0.0,0.0
1,mcv:1518,mcv,748,1,2,False,0,0,0,0.0,0.0
1,mcv:300,mcv,196,4,3,False,0,0,0,0.0,0.0
1,mcv:1520,mcv,330,2,1,False,0,0,0,0.0,0.0
1,fd:537,fd,27,3,1,False,0,0,0,0.0,0.0
1,mcv:1422,mcv,278,3,1,False,0,0,0,0.0,0.0
1,mcv:1133,mcv,148,3,1,False,0,0,0,0.0,0.0
1,fd:365,fd,27,4,1,False,0,0,0,0.0,0.0
1,mcv:713,mcv,362,2,3,False,0,0,0,0.0,0.0
1,mcv:738,mcv,248,4,1,False,0,0,0,0.0,0.0
1,fd:91,fd,27,6,1,False,0,0,0,0.0,0.0
1,mcv:326,mcv,292,6,1,False,0,0,0,0.0,0.0
1,mcv:1371,mcv,300,3,1,False,0,0,0,0.0,0.0
1,mcv:1909,mcv,148,1,1,False,0,0,0,0.0,0.0
1,fd:677,fd,41,0,2,False,0,0,0,0.0,0.0
1,fd:171,fd,27,5,1,False,0,0,0,0.0,0.0
1,mcv:161,mcv,654,5,3,False,0,0,0,0.0,0.0
1,mcv:1878,mcv,672,0,2,False,0,0,0,0.0,0.0
1,fd:435,fd,41,2,2,False,0,0,0,0.0,0.0
1,fd:447,fd,41,3,1,False,0,0,0,0.0,0.0
1,mcv:1750,mcv,326,2,1,False,0,0,0,0.0,0.0
1,mcv:1385,mcv,148,3,1,False,0,0,0,0.0,0.0
1,mcv:234,mcv,400,6,1,False,0,0,0,0.0,0.0
1,fd:218,fd,27,5,1,False,0,0,0,0.0,0.0
1,mcv:297,mcv,222,4,3,False,0,0,0,0.0,0.0
1,fd:517,fd,27,3,1,False,0,0,0,0.0,0.0
1,fd:370,fd,27,4,1,False,0,0,0,0.0,0.0
1,fd:87,fd,41,5,2,False,0,0,0,0.0,0.0
1,mcv:354,mcv,222,4,3,False,0,0,0,0.0,0.0
1,mcv:322,mcv,196,4,3,False,0,0,0,0.0,0.0
1,mcv:886,mcv,300,3,2,False,0,0,0,0.0,0.0
1,mcv:430,mcv,382,5,1,False,0,0,0,0.0,0.0
1,mcv:930,mcv,378,4,1,False,0,0,0,0.0,0.0
1,mcv:585,mcv,460,3,3,False,0,0,0,0.0,0.0
1,mcv:2159,mcv,222,0,1,False,0,0,0,0.0,0.0
1,mcv:561,mcv,404,5,1,False,0,0,0,0.0,0.0
1,mcv:73,mcv,658,8,1,False,0,0,0,0.0,0.0
1,mcv:536,mcv,174,4,2,False,0,0,0,0.0,0.0
1,mcv:233,mcv,174,5,2,False,0,0,0,0.0,0.0
1,mcv:1095,mcv,304,2,2,False,0,0,0,0.0,0.0
1,fd:42,fd,41,5,3,False,0,0,0,0.0,0.0
1,mcv:938,mcv,400,4,1,False,0,0,0,0.0,0.0
1,mcv:66,mcv,248,4,5,False,0,0,0,0.0,0.0
1,mcv:107,mcv,278,5,3,True,3,3,0,102.07879138607125,0.0
1,mcv:577,mcv,304,5,1,False,0,0,0,0.0,0.0
1,mcv:704,mcv,318,4,1,False,0,0,0,0.0,0.0
1,mcv:1804,mcv,326,2,1,False,0,0,0,0.0,0.0
1,fd:648,fd,27,2,1,False,0,0,0,0.0,0.0
1,fd:362,fd,41,4,1,False,0,0,0,0.0,0.0
1,mcv:2224,mcv,406,0,1,False,0,0,0,0.0,0.0
1,mcv:28,mcv,540,8,2,False,0,0,0,0.0,0.0
1,mcv:2230,mcv,408,0,1,False,0,0,0,0.0,0.0
1,fd:564,fd,27,2,1,False,0,0,0,0.0,0.0
1,fd:121,fd,27,6,1,False,0,0,0,0.0,0.0
1,mcv:708,mcv,816,3,2,False,0,0,0,0.0,0.0
1,fd:90,fd,27,5,2,False,0,0,0,0.0,0.0
1,fd:232,fd,27,5,1,False,0,0,0,0.0,0.0
1,mcv:1353,mcv,650,3,1,False,0,0,0,0.0,0.0
1,mcv:221,mcv,278,5,2,True,0,0,0,0.0,0.0
1,mcv:64,mcv,382,7,2,False,0,0,0,0.0,0.0
1,fd:146,fd,27,5,1,False,0,0,0,0.0,0.0
1,mcv:372,mcv,318,5,1,False,0,0,0,0.0,0.0
1,mcv:655,mcv,756,4,1,False,0,0,0,0.0,0.0
1,mcv:1526,mcv,1922,2,1,False,0,0,0,0.0,0.0
1,mcv:889,mcv,218,3,2,False,0,0,0,0.0,0.0
1,fd:11,fd,27,7,3,False,0,0,0,0.0,0.0
1,mcv:187,mcv,148,6,2,True,2,1,1,3.4176755370021965,0.001493415900251982
1,mcv:1094,mcv,318,3,1,False,0,0,0,0.0,0.0
1,mcv:1000,mcv,148,3,2,False,0,0,0,0.0,0.0
1,fd:364,fd,27,3,2,False,0,0,0,0.0,0.0
1,fd:498,fd,27,2,2,False,0,0,0,0.0,0.0
1,mcv:1002,mcv,740,4,1,False,0,0,0,0.0,0.0
1,fd:260,fd,27,4,2,False,0,0,0,0.0,0.0
1,fd:76,fd,27,6,2,False,0,0,0,0.0,0.0
1,mcv:624,mcv,222,4,2,False,0,0,0,0.0,0.0
1,fd:407,fd,27,4,1,False,0,0,0,0.0,0.0
1,mcv:2118,mcv,148,1,1,False,0,0,0,0.0,0.0
1,fd:554,fd,27,3,1,True,0,0,0,0.0,0.0
1,fd:131,fd,27,6,1,False,0,0,0,0.0,0.0
1,mcv:625,mcv,806,3,3,False,0,0,0,0.0,0.0
1,mcv:41,mcv,968,5,5,False,0,0,0,0.0,0.0
1,mcv:926,mcv,218,3,2,True,1,0,1,0.0,0.3065345674602016
1,mcv:1455,mcv,608,3,1,False,0,0,0,0.0,0.0
1,mcv:323,mcv,1052,6,1,False,0,0,0,0.0,0.0
1,fd:261,fd,27,3,3,True,0,0,0,0.0,0.0
1,mcv:29,mcv,876,7,3,False,0,0,0,0.0,0.0
1,fd:405,fd,27,3,2,False,0,0,0,0.0,0.0
1,mcv:1093,mcv,340,2,2,False,0,0,0,0.0,0.0
1,mcv:167,mcv,196,5,3,True,1,0,1,0.0,0.0036356084931314925
1,mcv:1327,mcv,174,2,2,False,0,0,0,0.0,0.0
1,mcv:621,mcv,222,4,2,False,0,0,0,0.0,0.0
1,mcv:235,mcv,300,6,1,False,0,0,0,0.0,0.0
1,mcv:872,mcv,510,3,2,False,0,0,0,0.0,0.0
1,fd:406,fd,27,3,2,False,0,0,0,0.0,0.0
1,mcv:2155,mcv,388,0,1,False,0,0,0,0.0,0.0
1,mcv:237,mcv,174,5,2,False,0,0,0,0.0,0.0
1,mcv:1447,mcv,386,3,1,False,0,0,0,0.0,0.0
1,fd:553,fd,27,3,1,False,0,0,0,0.0,0.0
1,mcv:140,mcv,1002,6,2,False,0,0,0,0.0,0.0
1,mcv:1273,mcv,410,3,1,False,0,0,0,0.0,0.0
1,fd:249,fd,27,5,1,False,0,0,0,0.0,0.0
1,mcv:1129,mcv,378,3,1,False,0,0,0,0.0,0.0
1,fd:74,fd,27,6,2,False,0,0,0,0.0,0.0
1,mcv:603,mcv,304,5,1,False,0,0,0,0.0,0.0
1,fd:536,fd,41,2,2,False,0,0,0,0.0,0.0
1,mcv:990,mcv,414,3,2,False,0,0,0,0.0,0.0
1,fd:256,fd,27,4,2,False,0,0,0,0.0,0.0
1,mcv:2105,mcv,348,1,1,False,0,0,0,0.0,0.0
1,fd:606,fd,27,2,1,False,0,0,0,0.0,0.0
1,mcv:148,mcv,992,6,2,False,0,0,0,0.0,0.0
1,fd:445,fd,27,3,1,False,0,0,0,0.0,0.0
1,fd:552,fd,27,3,1,False,0,0,0,0.0,0.0
1,mcv:1448,mcv,518,3,1,False,0,0,0,0.0,0.0
1,fd:702,fd,27,1,1,False,0,0,0,0.0,0.0
1,mcv:1420,mcv,538,2,2,False,0,0,0,0.0,0.0
1,mcv:2015,mcv,414,1,1,False,0,0,0,0.0,0.0
1,mcv:840,mcv,356,4,1,False,0,0,0,0.0,0.0
1,mcv:1705,mcv,482,2,1,False,0,0,0,0.0,0.0
1,fd:92,fd,27,6,1,False,0,0,0,0.0,0.0
1,mcv:1906,mcv,430,1,1,False,0,0,0,0.0,0.0
1,mcv:1136,mcv,170,2,2,False,0,0,0,0.0,0.0
1,mcv:1419,mcv,352,2,2,False,0,0,0,0.0,0.0
1,mcv:184,mcv,344,6,2,False,0,0,0,0.0,0.0
1,mcv:873,mcv,536,4,1,False,0,0,0,0.0,0.0
1,fd:398,fd,27,3,2,False,0,0,0,0.0,0.0
1,mcv:2014,mcv,1054,1,1,False,0,0,0,0.0,0.0
1,fd:678,fd,27,1,1,False,0,0,0,0.0,0.0
1,mcv:1310,mcv,982,3,1,False,0,0,0,0.0,0.0
1,mcv:1662,mcv,1256,2,1,False,0,0,0,0.0,0.0
1,fd:94,fd,27,5,2,False,0,0,0,0.0,0.0
1,mcv:616,mcv,714,4,2,False,0,0,0,0.0,0.0
1,fd:51,fd,27,6,2,False,0,0,0,0.0,0.0
1,mcv:1001,mcv,196,3,2,False,0,0,0,0.0,0.0
1,mcv:53,mcv,404,8,1,False,0,0,0,0.0,0.0
1,mcv:119,mcv,148,6,2,False,0,0,0,0.0,0.0
1,mcv:1730,mcv,692,1,2,True,2,1,1,0.11234909814929894,0.1189081598309234
1,mcv:1089,mcv,362,2,2,False,0,0,0,0.0,0.0
1,mcv:269,mcv,1312,4,3,False,0,0,0,0.0,0.0
1,fd:35,fd,27,6,2,False,0,0,0,0.0,0.0
1,mcv:91,mcv,274,6,2,False,0,0,0,0.0,0.0
1,mcv:442,mcv,314,5,1,False,0,0,0,0.0,0.0
1,mcv:1046,mcv,698,3,1,False,0,0,0,0.0,0.0
1,mcv:658,mcv,588,4,1,False,0,0,0,0.0,0.0
1,mcv:304,mcv,378,6,1,False,0,0,0,0.0,0.0
1,mcv:473,mcv,926,5,1,False,0,0,0,0.0,0.0
1,fd:284,fd,27,4,1,False,0,0,0,0.0,0.0
1,fd:116,fd,27,6,1,False,0,0,0,0.0,0.0
1,fd:500,fd,27,3,1,False,0,0,0,0.0,0.0
1,mcv:1573,mcv,440,2,1,False,0,0,0,0.0,0.0
1,fd:82,fd,27,6,1,False,0,0,0,0.0,0.0
1,fd:177,fd,27,5,1,False,0,0,0,0.0,0.0
1,mcv:796,mcv,440,4,1,False,0,0,0,0.0,0.0
1,fd:419,fd,41,3,1,True,0,0,0,0.0,0.0
1,mcv:1931,mcv,462,1,1,False,0,0,0,0.0,0.0
1,mcv:543,mcv,1098,4,2,False,0,0,0,0.0,0.0
1,mcv:891,mcv,248,4,1,False,0,0,0,0.0,0.0
1,mcv:199,mcv,686,6,1,False,0,0,0,0.0,0.0
1,mcv:202,mcv,486,6,1,False,0,0,0,0.0,0.0
1,mcv:710,mcv,1138,4,1,False,0,0,0,0.0,0.0
1,mcv:1850,mcv,786,1,1,False,0,0,0,0.0,0.0
1,fd:148,fd,27,5,1,False,0,0,0,0.0,0.0
1,fd:345,fd,27,4,1,False,0,0,0,0.0,0.0
1,mcv:899,mcv,418,2,3,False,0,0,0,0.0,0.0
1,mcv:1037,mcv,274,3,1,False,0,0,0,0.0,0.0
1,mcv:1877,mcv,638,1,1,False,0,0,0,0.0,0.0
1,mcv:2146,mcv,958,0,1,False,0,0,0,0.0,0.0
1,mcv:407,mcv,318,5,1,False,0,0,0,0.0,0.0
1,mcv:1214,mcv,1282,3,1,False,0,0,0,0.0,0.0
1,mcv:1329,mcv,610,3,1,False,0,0,0,0.0,0.0
1,mcv:894,mcv,694,4,1,False,0,0,0,0.0,0.0
1,mcv:795,mcv,804,4,1,False,0,0,0,0.0,0.0
1,mcv:444,mcv,378,5,1,False,0,0,0,0.0,0.0
1,fd:617,fd,27,1,2,False,0,0,0,0.0,0.0
1,fd:56,fd,27,6,2,False,0,0,0,0.0,0.0
1,fd:350,fd,27,2,3,False,0,0,0,0.0,0.0
1,mcv:1758,mcv,930,2,1,False,0,0,0,0.0,0.0
1,fd:418,fd,27,3,1,False,0,0,0,0.0,0.0
1,mcv:374,mcv,374,5,1,False,0,0,0,0.0,0.0
1,mcv:154,mcv,382,6,2,False,0,0,0,0.0,0.0
1,mcv:798,mcv,382,4,1,False,0,0,0,0.0,0.0
1,mcv:270,mcv,488,4,3,True,3,3,0,0.1732919939742119,0.0
1,mcv:1230,mcv,304,2,2,False,0,0,0,0.0,0.0
1,fd:128,fd,27,4,3,False,0,0,0,0.0,0.0
1,mcv:1802,mcv,296,2,1,False,0,0,0,0.0,0.0
1,mcv:915,mcv,274,4,1,False,0,0,0,0.0,0.0
1,mcv:917,mcv,218,3,2,False,0,0,0,0.0,0.0
1,mcv:130,mcv,288,4,4,False,0,0,0,0.0,0.0
1,fd:474,fd,41,2,2,True,2,2,0,0.000778262970710486,0.0
1,mcv:793,mcv,620,3,2,False,0,0,0,0.0,0.0
1,fd:634,fd,27,2,1,False,0,0,0,0.0,0.0
1,mcv:1615,mcv,330,2,1,False,0,0,0,0.0,0.0
1,fd:579,fd,27,2,1,False,0,0,0,0.0,0.0
1,mcv:1635,mcv,174,1,2,False,0,0,0,0.0,0.0
1,mcv:319,mcv,174,4,3,False,0,0,0,0.0,0.0
1,fd:310,fd,27,4,1,False,0,0,0,0.0,0.0
1,mcv:1616,mcv,462,2,1,False,0,0,0,0.0,0.0
1,mcv:1774,mcv,304,2,1,False,0,0,0,0.0,0.0
1,mcv:1342,mcv,196,1,3,False,0,0,0,0.0,0.0
1,mcv:1368,mcv,484,3,1,False,0,0,0,0.0,0.0
1,mcv:1834,mcv,308,2,1,True,1,1,0,0.3057880564371036,0.0
1,fd:143,fd,27,6,1,False,0,0,0,0.0,0.0
1,mcv:919,mcv,266,4,1,False,0,0,0,0.0,0.0
1,mcv:567,mcv,314,4,2,False,0,0,0,0.0,0.0
1,fd:57,fd,27,5,3,False,0,0,0,0.0,0.0
1,fd:259,fd,27,5,1,False,0,0,0,0.0,0.0
1,mcv:568,mcv,196,5,1,False,0,0,0,0.0,0.0
1,mcv:762,mcv,196,4,1,False,0,0,0,0.0,0.0
1,mcv:620,mcv,222,5,1,False,0,0,0,0.0,0.0
1,fd:360,fd,27,3,2,False,0,0,0,0.0,0.0
1,fd:297,fd,27,4,1,False,0,0,0,0.0,0.0
1,mcv:1172,mcv,196,3,1,False,0,0,0,0.0,0.0
1,fd:615,fd,27,1,2,False,0,0,0,0.0,0.0
1,mcv:1835,mcv,506,1,2,True,0,0,0,0.0,0.0
1,fd:504,fd,27,2,2,True,1,1,0,0.0063833751996758,0.0
1,mcv:355,mcv,348,6,1,False,0,0,0,0.0,0.0
1,mcv:1343,mcv,326,2,2,False,0,0,0,0.0,0.0
1,mcv:918,mcv,244,3,2,False,0,0,0,0.0,0.0
1,fd:503,fd,27,1,3,False,0,0,0,0.0,0.0
1,mcv:1451,mcv,314,3,1,False,0,0,0,0.0,0.0
1,mcv:1462,mcv,218,2,2,False,0,0,0,0.0,0.0
1,mcv:121,mcv,218,7,1,False,0,0,0,0.0,0.0
1,mcv:1463,mcv,288,3,1,True,0,0,0,0.0,0.0
1,mcv:1453,mcv,576,3,1,False,0,0,0,0.0,0.0
1,mcv:767,mcv,148,4,1,False,0,0,0,0.0,0.0
1,mcv:1452,mcv,336,3,1,True,1,1,0,0.056228367835732485,0.0
1,fd:224,fd,27,4,2,False,0,0,0,0.0,0.0
1,mcv:1724,mcv,200,1,2,False,0,0,0,0.0,0.0
1,mcv:307,mcv,170,6,1,False,0,0,0,0.0,0.0
1,fd:225,fd,27,5,1,True,0,0,0,0.0,0.0
1,mcv:33,mcv,196,8,2,False,0,0,0,0.0,0.0
1,mcv:1174,mcv,436,3,1,False,0,0,0,0.0,0.0
1,mcv:155,mcv,196,5,3,False,0,0,0,0.0,0.0
1,mcv:47,mcv,434,8,1,False,0,0,0,0.0,0.0
1,mcv:211,mcv,550,5,2,False,0,0,0,0.0,0.0
1,mcv:1,mcv,244,10,3,False,0,0,0,0.0,0.0
1,mcv:406,mcv,378,4,2,False,0,0,0,0.0,0.0
1,fd:272,fd,41,2,3,False,0,0,0,0.0,0.0
1,fd:145,fd,41,5,1,True,1,0,1,0.0,7.43091541499652e-05
1,mcv:15,mcv,418,8,2,False,0,0,0,0.0,0.0
1,fd:41,fd,41,7,1,False,0,0,0,0.0,0.0
1,mcv:1673,mcv,274,2,1,False,0,0,0,0.0,0.0
1,mcv:676,mcv,518,4,1,False,0,0,0,0.0,0.0
1,mcv:105,mcv,344,7,1,False,0,0,0,0.0,0.0
1,mcv:370,mcv,408,5,1,False,0,0,0,0.0,0.0
1,mcv:663,mcv,356,2,3,False,0,0,0,0.0,0.0
1,mcv:656,mcv,432,4,1,False,0,0,0,0.0,0.0
1,mcv:1484,mcv,432,2,1,False,0,0,0,0.0,0.0
1,mcv:1035,mcv,708,2,2,False,0,0,0,0.0,0.0
1,fd:1,fd,27,10,3,False,0,0,0,0.0,0.0
1,mcv:1078,mcv,322,3,1,False,0,0,0,0.0,0.0
1,mcv:359,mcv,822,3,3,False,0,0,0,0.0,0.0
1,mcv:1047,mcv,362,3,1,False,0,0,0,0.0,0.0
1,mcv:1039,mcv,426,2,2,False,0,0,0,0.0,0.0
1,fd:420,fd,27,3,1,False,0,0,0,0.0,0.0
1,mcv:1707,mcv,532,2,1,False,0,0,0,0.0,0.0
1,mcv:475,mcv,658,3,3,False,0,0,0,0.0,0.0
1,mcv:630,mcv,1234,2,3,False,0,0,0,0.0,0.0
1,mcv:1014,mcv,458,3,1,False,0,0,0,0.0,0.0
1,mcv:189,mcv,800,5,2,False,0,0,0,0.0,0.0
1,mcv:1853,mcv,812,1,1,False,0,0,0,0.0,0.0
1,mcv:386,mcv,296,5,1,False,0,0,0,0.0,0.0
1,mcv:1396,mcv,196,2,2,True,2,0,2,0.0,0.04783300886284203
1,mcv:920,mcv,196,3,2,False,0,0,0,0.0,0.0
1,mcv:1224,mcv,318,2,2,False,0,0,0,0.0,0.0
1,mcv:799,mcv,418,4,1,True,0,0,0,0.0,0.0
1,fd:466,fd,27,3,1,False,0,0,0,0.0,0.0
1,fd:704,fd,27,1,1,False,0,0,0,0.0,0.0
1,mcv:1938,mcv,170,0,2,False,0,0,0,0.0,0.0
1,mcv:1184,mcv,318,3,1,False,0,0,0,0.0,0.0
1,fd:756,fd,27,0,1,False,0,0,0,0.0,0.0
1,mcv:277,mcv,318,4,3,False,0,0,0,0.0,0.0
1,mcv:1636,mcv,336,2,1,False,0,0,0,0.0,0.0
1,mcv:380,mcv,498,4,2,False,0,0,0,0.0,0.0
1,fd:580,fd,27,2,1,False,0,0,0,0.0,0.0
1,mcv:257,mcv,462,6,1,False,0,0,0,0.0,0.0
1,mcv:470,mcv,620,5,1,False,0,0,0,0.0,0.0
1,mcv:44,mcv,340,8,1,False,0,0,0,0.0,0.0
1,mcv:976,mcv,266,4,1,False,0,0,0,0.0,0.0
1,mcv:204,mcv,362,5,2,False,0,0,0,0.0,0.0
1,fd:470,fd,27,2,2,False,0,0,0,0.0,0.0
1,mcv:1056,mcv,936,3,1,True,0,0,0,0.0,0.0
1,mcv:24,mcv,340,6,4,False,0,0,0,0.0,0.0
1,mcv:1208,mcv,914,3,1,False,0,0,0,0.0,0.0
1,fd:465,fd,27,3,1,False,0,0,0,0.0,0.0
1,mcv:382,mcv,388,3,3,False,0,0,0,0.0,0.0
1,fd:151,fd,27,3,3,True,0,0,0,0.0,0.0
1,mcv:916,mcv,218,4,1,False,0,0,0,0.0,0.0
1,fd:525,fd,27,2,2,False,0,0,0,0.0,0.0
1,mcv:379,mcv,748,4,2,False,0,0,0,0.0,0.0
1,mcv:781,mcv,218,3,2,False,0,0,0,0.0,0.0
1,mcv:283,mcv,244,5,2,False,0,0,0,0.0,0.0
1,mcv:1956,mcv,624,1,1,False,0,0,0,0.0,0.0
1,fd:703,fd,27,1,1,False,0,0,0,0.0,0.0
1,mcv:1188,mcv,196,3,1,False,0,0,0,0.0,0.0
1,mcv:2001,mcv,274,1,1,False,0,0,0,0.0,0.0
1,mcv:564,mcv,200,4,2,False,0,0,0,0.0,0.0
1,fd:221,fd,41,4,2,False,0,0,0,0.0,0.0
1,fd:309,fd,27,4,1,False,0,0,0,0.0,0.0
1,fd:105,fd,27,4,3,False,0,0,0,0.0,0.0
1,mcv:2025,mcv,196,1,1,False,0,0,0,0.0,0.0
1,mcv:594,mcv,314,4,2,False,0,0,0,0.0,0.0
1,fd:361,fd,27,3,2,True,0,0,0,0.0,0.0
1,fd:424,fd,27,3,1,False,0,0,0,0.0,0.0
1,mcv:347,mcv,148,6,1,False,0,0,0,0.0,0.0
1,mcv:1196,mcv,244,2,2,False,0,0,0,0.0,0.0
1,mcv:675,mcv,502,2,3,False,0,0,0,0.0,0.0
1,mcv:1057,mcv,410,2,2,True,1,0,1,0.0,0.10011762553027803
1,fd:279,fd,27,2,3,False,0,0,0,0.0,0.0
1,mcv:1968,mcv,266,0,2,False,0,0,0,0.0,0.0
1,mcv:499,mcv,366,4,2,False,0,0,0,0.0,0.0
1,mcv:797,mcv,488,4,1,False,0,0,0,0.0,0.0
1,mcv:1656,mcv,458,2,1,False,0,0,0,0.0,0.0
1,fd:141,fd,41,6,1,True,0,0,0,0.0,0.0
1,mcv:1061,mcv,388,3,1,True,0,0,0,0.0,0.0
1,fd:8,fd,27,6,4,False,0,0,0,0.0,0.0
1,mcv:1940,mcv,170,1,1,False,0,0,0,0.0,0.0
1,mcv:1619,mcv,462,2,1,False,0,0,0,0.0,0.0
1,fd:107,fd,27,5,2,True,0,0,0,0.0,0.0
1,fd:311,fd,27,4,1,False,0,0,0,0.0,0.0
1,mcv:815,mcv,196,2,3,False,0,0,0,0.0,0.0
1,mcv:2251,mcv,200,0,1,False,0,0,0,0.0,0.0
1,mcv:2023,mcv,270,1,1,True,0,0,0,0.0,0.0
1,mcv:332,mcv,218,5,2,False,0,0,0,0.0,0.0
1,mcv:982,mcv,418,4,1,False,0,0,0,0.0,0.0
1,mcv:860,mcv,222,3,2,False,0,0,0,0.0,0.0
1,mcv:998,mcv,200,4,1,False,0,0,0,0.0,0.0
1,mcv:1322,mcv,196,2,2,False,0,0,0,0.0,0.0
1,mcv:1319,mcv,642,3,1,False,0,0,0,0.0,0.0
1,mcv:525,mcv,452,3,3,False,0,0,0,0.0,0.0
1,fd:394,fd,27,4,1,False,0,0,0,0.0,0.0
1,fd:10,fd,27,8,2,False,0,0,0,0.0,0.0
1,fd:403,fd,27,4,1,False,0,0,0,0.0,0.0
1,mcv:286,mcv,492,6,1,False,0,0,0,0.0,0.0
1,mcv:881,mcv,248,3,2,False,0,0,0,0.0,0.0
1,mcv:2215,mcv,1396,0,1,False,0,0,0,0.0,0.0
1,mcv:1288,mcv,466,2,2,False,0,0,0,0.0,0.0
1,fd:494,fd,27,3,1,False,0,0,0,0.0,0.0
1,mcv:519,mcv,196,4,2,False,0,0,0,0.0,0.0
1,mcv:981,mcv,404,3,2,False,0,0,0,0.0,0.0
1,mcv:1303,mcv,536,3,1,True,1,1,0,0.11156446889470839,0.0
1,fd:393,fd,27,3,2,False,0,0,0,0.0,0.0
1,fd:497,fd,27,2,2,False,0,0,0,0.0,0.0
1,fd:487,fd,27,2,2,False,0,0,0,0.0,0.0
1,fd:327,fd,27,3,2,False,0,0,0,0.0,0.0
1,mcv:27,mcv,248,8,2,False,0,0,0,0.0,0.0
1,mcv:2091,mcv,330,1,1,False,0,0,0,0.0,0.0
1,fd:693,fd,27,0,2,False,0,0,0,0.0,0.0
1,mcv:490,mcv,288,4,2,False,0,0,0,0.0,0.0
1,fd:516,fd,27,2,2,False,0,0,0,0.0,0.0
1,mcv:1973,mcv,620,0,2,False,0,0,0,0.0,0.0
1,mcv:983,mcv,686,2,3,False,0,0,0,0.0,0.0
1,mcv:1367,mcv,620,2,2,False,0,0,0,0.0,0.0
1,mcv:485,mcv,174,2,4,False,0,0,0,0.0,0.0
1,mcv:548,mcv,148,4,2,False,0,0,0,0.0,0.0
1,fd:732,fd,27,1,1,False,0,0,0,0.0,0.0
1,mcv:854,mcv,444,3,2,False,0,0,0,0.0,0.0
1,mcv:1261,mcv,704,3,1,False,0,0,0,0.0,0.0
1,mcv:331,mcv,992,4,3,False,0,0,0,0.0,0.0
1,mcv:1686,mcv,506,1,2,False,0,0,0,0.0,0.0
1,mcv:1761,mcv,512,2,1,True,1,0,1,0.0,0.399462005791549
1,mcv:2005,mcv,782,1,1,False,0,0,0,0.0,0.0
1,mcv:857,mcv,538,4,1,False,0,0,0,0.0,0.0
1,mcv:1387,mcv,786,3,1,False,0,0,0,0.0,0.0
1,fd:16,fd,41,7,3,False,0,0,0,0.0,0.0
1,mcv:1807,mcv,888,2,1,False,0,0,0,0.0,0.0
1,mcv:36,mcv,510,7,3,False,0,0,0,0.0,0.0
1,mcv:1651,mcv,694,1,2,False,0,0,0,0.0,0.0
1,fd:325,fd,41,4,1,False,0,0,0,0.0,0.0
1,fd:323,fd,27,3,2,False,0,0,0,0.0,0.0
1,mcv:1789,mcv,958,2,1,False,0,0,0,0.0,0.0
1,fd:644,fd,27,2,1,False,0,0,0,0.0,0.0
1,fd:548,fd,27,3,1,False,0,0,0,0.0,0.0
1,mcv:2051,mcv,226,1,1,False,0,0,0,0.0,0.0
1,mcv:1439,mcv,1388,3,1,False,0,0,0,0.0,0.0
1,mcv:963,mcv,410,3,2,False,0,0,0,0.0,0.0
1,fd:716,fd,27,1,1,False,0,0,0,0.0,0.0
1,mcv:1793,mcv,910,2,1,False,0,0,0,0.0,0.0
1,fd:352,fd,27,3,2,False,0,0,0,0.0,0.0
1,mcv:901,mcv,200,3,2,False,0,0,0,0.0,0.0
1,mcv:1461,mcv,400,3,1,False,0,0,0,0.0,0.0
1,mcv:368,mcv,668,4,2,False,0,0,0,0.0,0.0
1,mcv:1480,mcv,764,2,1,False,0,0,0,0.0,0.0
1,fd:39,fd,27,6,2,False,0,0,0,0.0,0.0
1,mcv:365,mcv,988,4,2,False,0,0,0,0.0,0.0
1,fd:4,fd,41,7,3,False,0,0,0,0.0,0.0
1,mcv:643,mcv,628,3,2,False,0,0,0,0.0,0.0
1,mcv:588,mcv,540,5,1,True,1,1,0,0.015937574834618662,0.0
1,mcv:586,mcv,438,4,2,False,0,0,0,0.0,0.0
1,fd:240,fd,41,5,1,False,0,0,0,0.0,0.0
1,mcv:13,mcv,278,7,3,False,0,0,0,0.0,0.0
1,mcv:645,mcv,956,3,2,False,0,0,0,0.0,0.0
1,mcv:538,mcv,278,4,2,True,1,0,1,0.0,0.022631207376100804
1,mcv:208,mcv,654,5,2,False,0,0,0,0.0,0.0
1,fd:340,fd,27,4,1,False,0,0,0,0.0,0.0
1,fd:386,fd,27,4,1,False,0,0,0,0.0,0.0
1,mcv:369,mcv,786,5,1,False,0,0,0,0.0,0.0
1,mcv:884,mcv,244,4,1,False,0,0,0,0.0,0.0
1,mcv:150,mcv,292,6,2,False,0,0,0,0.0,0.0
1,fd:55,fd,27,6,2,True,0,0,0,0.0,0.0
1,mcv:972,mcv,366,4,1,False,0,0,0,0.0,0.0
1,mcv:96,mcv,594,6,2,True,2,1,1,0.48193208540861154,0.0005135459368486028
1,fd:206,fd,41,4,2,False,0,0,0,0.0,0.0
1,mcv:1856,mcv,506,0,2,False,0,0,0,0.0,0.0
1,mcv:2022,mcv,362,1,1,False,0,0,0,0.0,0.0
1,mcv:146,mcv,942,7,1,False,0,0,0,0.0,0.0
1,mcv:1427,mcv,296,3,1,False,0,0,0,0.0,0.0
1,mcv:1851,mcv,366,1,1,False,0,0,0,0.0,0.0
1,fd:660,fd,27,1,1,False,0,0,0,0.0,0.0
1,mcv:83,mcv,740,6,3,False,0,0,0,0.0,0.0
1,mcv:1045,mcv,362,3,1,False,0,0,0,0.0,0.0
1,mcv:203,mcv,1320,6,1,False,0,0,0,0.0,0.0
1,fd:28,fd,41,8,1,False,0,0,0,0.0,0.0
1,mcv:1251,mcv,274,2,2,False,0,0,0,0.0,0.0
1,mcv:2189,mcv,340,0,1,False,0,0,0,0.0,0.0
1,mcv:77,mcv,148,8,1,False,0,0,0,0.0,0.0
1,mcv:39,mcv,1014,8,2,False,0,0,0,0.0,0.0
1,mcv:113,mcv,218,6,2,False,0,0,0,0.0,0.0
1,mcv:248,mcv,218,4,3,False,0,0,0,0.0,0.0
1,mcv:757,mcv,148,3,2,False,0,0,0,0.0,0.0
1,mcv:1920,mcv,170,1,1,False,0,0,0,0.0,0.0
1,mcv:746,mcv,636,4,1,False,0,0,0,0.0,0.0
1,mcv:576,mcv,482,4,2,False,0,0,0,0.0,0.0
1,fd:231,fd,27,4,2,False,0,0,0,0.0,0.0
1,mcv:115,mcv,592,6,2,False,0,0,0,0.0,0.0
1,mcv:583,mcv,196,5,1,False,0,0,0,0.0,0.0
1,mcv:50,mcv,170,8,1,False,0,0,0,0.0,0.0
1,mcv:1325,mcv,728,2,2,False,0,0,0,0.0,0.0
1,mcv:826,mcv,366,4,1,True,1,0,1,0.0,0.003749207006410904
1,mcv:138,mcv,392,6,2,False,0,0,0,0.0,0.0
1,mcv:1458,mcv,296,3,1,False,0,0,0,0.0,0.0
1,mcv:1799,mcv,886,1,2,False,0,0,0,0.0,0.0
1,mcv:282,mcv,1184,3,4,False,0,0,0,0.0,0.0
1,mcv:846,mcv,314,4,1,True,0,0,0,0.0,0.0
1,mcv:61,mcv,358,5,4,False,0,0,0,0.0,0.0
1,mcv:299,mcv,226,6,1,False,0,0,0,0.0,0.0
1,mcv:188,mcv,814,5,3,True,3,1,2,4.265998073176604,0.014290537840139894
1,mcv:137,mcv,1136,7,1,False,0,0,0,0.0,0.0
1,mcv:1254,mcv,502,3,1,False,0,0,0,0.0,0.0
1,mcv:1798,mcv,578,2,1,False,0,0,0,0.0,0.0
1,mcv:1800,mcv,2170,1,2,False,0,0,0,0.0,0.0
1,fd:50,fd,27,6,2,False,0,0,0,0.0,0.0
1,mcv:506,mcv,992,4,2,False,0,0,0,0.0,0.0
1,mcv:832,mcv,1500,3,2,False,0,0,0,0.0,0.0
1,mcv:579,mcv,322,5,1,False,0,0,0,0.0,0.0
1,mcv:932,mcv,296,2,3,False,0,0,0,0.0,0.0
1,mcv:89,mcv,426,7,1,False,0,0,0,0.0,0.0
1,mcv:1029,mcv,830,2,2,False,0,0,0,0.0,0.0
1,mcv:500,mcv,752,5,1,False,0,0,0,0.0,0.0
1,fd:367,fd,27,2,3,False,0,0,0,0.0,0.0
1,fd:234,fd,27,5,1,False,0,0,0,0.0,0.0
1,mcv:1812,mcv,624,1,2,False,0,0,0,0.0,0.0
1,mcv:1258,mcv,296,2,2,False,0,0,0,0.0,0.0
1,mcv:649,mcv,1032,3,2,False,0,0,0,0.0,0.0
1,fd:477,fd,27,2,2,False,0,0,0,0.0,0.0
1,mcv:640,mcv,918,4,1,False,0,0,0,0.0,0.0
1,mcv:216,mcv,304,6,1,False,0,0,0,0.0,0.0
1,fd:155,fd,27,5,1,False,0,0,0,0.0,0.0
1,mcv:45,mcv,652,7,2,False,0,0,0,0.0,0.0
1,mcv:1597,mcv,610,2,1,False,0,0,0,0.0,0.0
1,mcv:129,mcv,196,6,2,False,0,0,0,0.0,0.0
1,mcv:196,mcv,448,6,1,True,1,1,0,0.013651506303029803,0.0
1,fd:85,fd,27,6,1,False,0,0,0,0.0,0.0
1,mcv:1432,mcv,318,3,1,False,0,0,0,0.0,0.0
1,mcv:784,mcv,378,4,1,False,0,0,0,0.0,0.0
1,mcv:1757,mcv,434,2,1,True,1,0,1,0.0,0.6514792131224159
1,fd:282,fd,27,4,1,False,0,0,0,0.0,0.0
1,fd:80,fd,27,6,1,False,0,0,0,0.0,0.0
1,mcv:1362,mcv,170,3,1,False,0,0,0,0.0,0.0
1,mcv:266,mcv,654,6,1,False,0,0,0,0.0,0.0
1,fd:509,fd,27,3,1,False,0,0,0,0.0,0.0
1,mcv:651,mcv,470,4,1,False,0,0,0,0.0,0.0
1,mcv:454,mcv,170,5,1,False,0,0,0,0.0,0.0
1,fd:544,fd,27,3,1,False,0,0,0,0.0,0.0
1,mcv:1069,mcv,304,3,1,False,0,0,0,0.0,0.0
1,mcv:461,mcv,170,5,1,False,0,0,0,0.0,0.0
1,mcv:638,mcv,1518,4,1,False,0,0,0,0.0,0.0
1,mcv:686,mcv,536,4,1,False,0,0,0,0.0,0.0
1,mcv:466,mcv,610,5,1,False,0,0,0,0.0,0.0
1,fd:306,fd,27,4,1,False,0,0,0,0.0,0.0
1,fd:158,fd,27,5,1,False,0,0,0,0.0,0.0
1,mcv:467,mcv,1074,5,1,False,0,0,0,0.0,0.0
1,fd:186,fd,27,5,1,False,0,0,0,0.0,0.0
1,mcv:2081,mcv,378,1,1,False,0,0,0,0.0,0.0
1,mcv:274,mcv,432,2,5,False,0,0,0,0.0,0.0
1,fd:725,fd,27,1,1,False,0,0,0,0.0,0.0
1,mcv:1358,mcv,274,2,2,False,0,0,0,0.0,0.0
1,mcv:1233,mcv,196,3,1,False,0,0,0,0.0,0.0
1,mcv:1947,mcv,912,1,1,False,0,0,0,0.0,0.0
1,mcv:457,mcv,318,4,2,False,0,0,0,0.0,0.0
1,mcv:395,mcv,644,5,1,False,0,0,0,0.0,0.0
1,fd:691,fd,27,1,1,False,0,0,0,0.0,0.0
1,mcv:391,mcv,304,5,1,False,0,0,0,0.0,0.0
1,fd:429,fd,27,3,1,False,0,0,0,0.0,0.0
1,mcv:679,mcv,374,4,1,False,0,0,0,0.0,0.0
1,mcv:1971,mcv,514,1,1,False,0,0,0,0.0,0.0
1,mcv:2127,mcv,606,0,1,False,0,0,0,0.0,0.0
1,mcv:1355,mcv,378,3,1,False,0,0,0,0.0,0.0
1,mcv:637,mcv,560,4,1,False,0,0,0,0.0,0.0
1,mcv:463,mcv,790,5,1,False,0,0,0,0.0,0.0
1,mcv:1119,mcv,296,2,2,False,0,0,0,0.0,0.0
1,mcv:664,mcv,598,4,1,False,0,0,0,0.0,0.0
1,mcv:517,mcv,414,5,1,False,0,0,0,0.0,0.0
1,mcv:665,mcv,664,4,1,True,1,0,1,0.0,0.028833976787348226
1,fd:193,fd,27,5,1,False,0,0,0,0.0,0.0
1,mcv:1898,mcv,304,1,1,False,0,0,0,0.0,0.0
1,fd:197,fd,27,5,1,False,0,0,0,0.0,0.0
1,mcv:93,mcv,454,7,1,False,0,0,0,0.0,0.0
1,mcv:491,mcv,288,5,1,False,0,0,0,0.0,0.0
1,mcv:968,mcv,322,4,1,False,0,0,0,0.0,0.0
1,mcv:32,mcv,322,8,2,False,0,0,0,0.0,0.0
1,fd:289,fd,27,3,2,False,0,0,0,0.0,0.0
1,fd:383,fd,27,4,1,False,0,0,0,0.0,0.0
1,mcv:1815,mcv,388,2,1,True,1,1,0,0.565566667997939,0.0
1,mcv:513,mcv,174,5,1,False,0,0,0,0.0,0.0
1,mcv:733,mcv,218,4,1,False,0,0,0,0.0,0.0
1,mcv:516,mcv,300,3,3,False,0,0,0,0.0,0.0
1,mcv:1417,mcv,400,3,1,False,0,0,0,0.0,0.0
1,fd:13,fd,27,8,2,False,0,0,0,0.0,0.0
1,mcv:865,mcv,200,3,2,False,0,0,0,0.0,0.0
1,mcv:731,mcv,344,3,2,False,0,0,0,0.0,0.0
1,fd:348,fd,27,4,1,False,0,0,0,0.0,0.0
1,mcv:653,mcv,366,4,1,False,0,0,0,0.0,0.0
1,fd:268,fd,27,4,1,False,0,0,0,0.0,0.0
1,fd:673,fd,27,1,1,False,0,0,0,0.0,0.0
1,mcv:1231,mcv,524,3,1,False,0,0,0,0.0,0.0
1,mcv:305,mcv,274,5,2,False,0,0,0,0.0,0.0
1,mcv:897,mcv,304,4,1,False,0,0,0,0.0,0.0
1,mcv:1113,mcv,196,2,2,False,0,0,0,0.0,0.0
1,mcv:1688,mcv,304,2,1,False,0,0,0,0.0,0.0
1,mcv:200,mcv,322,6,1,False,0,0,0,0.0,0.0
1,fd:601,fd,41,2,1,False,0,0,0,0.0,0.0
1,fd:81,fd,27,6,1,False,0,0,0,0.0,0.0
1,fd:117,fd,27,5,2,False,0,0,0,0.0,0.0
1,mcv:483,mcv,222,3,3,False,0,0,0,0.0,0.0
1,mcv:2152,mcv,170,0,1,False,0,0,0,0.0,0.0
1,mcv:10,mcv,546,9,2,False,0,0,0,0.0,0.0
1,mcv:726,mcv,196,3,2,False,0,0,0,0.0,0.0
1,fd:196,fd,27,3,3,False,0,0,0,0.0,0.0
1,mcv:1536,mcv,476,2,1,True,1,0,1,0.0,0.3197883053639843
1,mcv:1889,mcv,340,1,1,False,0,0,0,0.0,0.0
1,mcv:1289,mcv,766,3,1,False,0,0,0,0.0,0.0
1,mcv:518,mcv,292,4,2,False,0,0,0,0.0,0.0
1,mcv:418,mcv,1522,5,1,False,0,0,0,0.0,0.0
1,mcv:1795,mcv,934,1,2,False,0,0,0,0.0,0.0
1,fd:150,fd,41,3,3,False,0,0,0,0.0,0.0
1,mcv:1043,mcv,916,3,1,False,0,0,0,0.0,0.0
1,fd:137,fd,27,6,1,False,0,0,0,0.0,0.0
1,mcv:1811,mcv,296,1,2,False,0,0,0,0.0,0.0
1,mcv:342,mcv,548,6,1,False,0,0,0,0.0,0.0
1,mcv:376,mcv,274,3,3,False,0,0,0,0.0,0.0
1,mcv:1423,mcv,552,3,1,False,0,0,0,0.0,0.0
1,mcv:2233,mcv,292,0,1,False,0,0,0,0.0,0.0
1,mcv:971,mcv,1880,2,3,False,0,0,0,0.0,0.0
1,fd:182,fd,27,5,1,True,0,0,0,0.0,0.0
1,mcv:183,mcv,506,6,2,False,0,0,0,0.0,0.0
1,mcv:1033,mcv,654,3,1,False,0,0,0,0.0,0.0
1,fd:266,fd,27,4,1,False,0,0,0,0.0,0.0
1,fd:169,fd,27,4,2,False,0,0,0,0.0,0.0
1,fd:469,fd,27,3,1,False,0,0,0,0.0,0.0
1,fd:700,fd,27,1,1,False,0,0,0,0.0,0.0
1,mcv:456,mcv,534,5,1,False,0,0,0,0.0,0.0
1,mcv:1194,mcv,366,3,1,False,0,0,0,0.0,0.0
1,fd:701,fd,27,1,1,False,0,0,0,0.0,0.0
1,mcv:598,mcv,538,4,2,False,0,0,0,0.0,0.0
1,fd:318,fd,41,4,1,False,0,0,0,0.0,0.0
1,mcv:458,mcv,170,5,1,False,0,0,0,0.0,0.0
1,fd:672,fd,27,1,1,False,0,0,0,0.0,0.0
1,mcv:1600,mcv,218,1,2,False,0,0,0,0.0,0.0
1,mcv:1185,mcv,410,3,1,False,0,0,0,0.0,0.0
1,fd:246,fd,27,4,2,False,0,0,0,0.0,0.0
1,mcv:623,mcv,266,4,2,True,1,0,1,0.0,7.290579784324791e-08
1,mcv:989,mcv,410,3,2,False,0,0,0,0.0,0.0
1,fd:288,fd,27,4,1,False,0,0,0,0.0,0.0
1,fd:639,fd,27,2,1,False,0,0,0,0.0,0.0
1,mcv:1779,mcv,200,2,1,False,0,0,0,0.0,0.0
1,mcv:185,mcv,1750,6,2,False,0,0,0,0.0,0.0
1,mcv:198,mcv,2208,5,2,False,0,0,0,0.0,0.0
1,mcv:2008,mcv,436,1,1,False,0,0,0,0.0,0.0
1,fd:9,fd,27,6,4,False,0,0,0,0.0,0.0
1,mcv:172,mcv,174,7,1,False,0,0,0,0.0,0.0
1,mcv:595,mcv,218,5,1,False,0,0,0,0.0,0.0
1,mcv:956,mcv,278,4,1,False,0,0,0,0.0,0.0
1,mcv:2172,mcv,244,0,1,False,0,0,0,0.0,0.0
1,mcv:1032,mcv,532,3,1,False,0,0,0,0.0,0.0
1,mcv:505,mcv,174,4,2,False,0,0,0,0.0,0.0
1,fd:635,fd,41,2,1,False,0,0,0,0.0,0.0
1,mcv:142,mcv,626,6,2,False,0,0,0,0.0,0.0
1,fd:32,fd,27,7,2,True,0,0,0,0.0,0.0
1,mcv:2018,mcv,244,1,1,False,0,0,0,0.0,0.0
1,mcv:40,mcv,840,8,2,True,2,1,1,0.19380879710726662,0.00916579462072109
1,mcv:946,mcv,436,4,1,True,0,0,0,0.0,0.0
1,mcv:730,mcv,512,4,1,False,0,0,0,0.0,0.0
1,fd:416,fd,27,2,2,False,0,0,0,0.0,0.0
1,mcv:2019,mcv,218,1,1,False,0,0,0,0.0,0.0
1,mcv:725,mcv,410,4,1,False,0,0,0,0.0,0.0
1,mcv:25,mcv,524,6,4,False,0,0,0,0.0,0.0
1,mcv:1024,mcv,1146,3,1,False,0,0,0,0.0,0.0
1,fd:482,fd,27,2,2,False,0,0,0,0.0,0.0
1,mcv:838,mcv,546,4,1,True,1,1,0,2.3061575537766665,0.0
1,fd:538,fd,27,3,1,False,0,0,0,0.0,0.0
1,mcv:82,mcv,300,7,2,False,0,0,0,0.0,0.0
1,fd:66,fd,27,7,1,False,0,0,0,0.0,0.0
1,fd:18,fd,27,8,2,False,0,0,0,0.0,0.0
1,mcv:0,mcv,196,11,2,False,0,0,0,0.0,0.0
1,mcv:179,mcv,674,5,3,False,0,0,0,0.0,0.0
1,mcv:1270,mcv,664,2,2,False,0,0,0,0.0,0.0
1,mcv:1895,mcv,196,1,1,False,0,0,0,0.0,0.0
1,mcv:1030,mcv,514,2,2,False,0,0,0,0.0,0.0
1,fd:73,fd,27,6,2,False,0,0,0,0.0,0.0
1,mcv:2113,mcv,222,1,1,True,0,0,0,0.0,0.0
1,fd:0,fd,27,11,2,True,1,1,0,0.029929837842834317,0.0
1,fd:380,fd,27,4,1,False,0,0,0,0.0,0.0
1,mcv:427,mcv,222,4,2,False,0,0,0,0.0,0.0
1,mcv:841,mcv,330,4,1,True,0,0,0,0.0,0.0
1,fd:374,fd,27,4,1,False,0,0,0,0.0,0.0
1,mcv:230,mcv,170,6,1,False,0,0,0,0.0,0.0
1,mcv:641,mcv,668,3,2,False,0,0,0,0.0,0.0
1,mcv:1671,mcv,2142,2,1,False,0,0,0,0.0,0.0
1,mcv:1543,mcv,148,2,1,False,0,0,0,0.0,0.0
1,mcv:2,mcv,218,11,1,False,0,0,0,0.0,0.0
1,mcv:1424,mcv,772,2,2,False,0,0,0,0.0,0.0
1,mcv:428,mcv,828,4,2,False,0,0,0,0.0,0.0
1,mcv:647,mcv,1350,4,1,False,0,0,0,0.0,0.0
1,mcv:352,mcv,938,6,1,False,0,0,0,0.0,0.0
1,mcv:1775,mcv,512,2,1,False,0,0,0,0.0,0.0
1,mcv:2009,mcv,278,1,1,False,0,0,0,0.0,0.0
1,mcv:597,mcv,248,3,3,False,0,0,0,0.0,0.0
1,fd:236,fd,27,5,1,False,0,0,0,0.0,0.0
1,mcv:883,mcv,196,3,2,False,0,0,0,0.0,0.0
1,mcv:1324,mcv,222,3,1,True,0,0,0,0.0,0.0
1,mcv:1431,mcv,304,2,2,False,0,0,0,0.0,0.0
1,fd:252,fd,41,5,1,False,0,0,0,0.0,0.0
1,mcv:1227,mcv,288,2,2,False,0,0,0,0.0,0.0
1,fd:543,fd,27,2,2,False,0,0,0,0.0,0.0
1,mcv:622,mcv,170,5,1,False,0,0,0,0.0,0.0
1,fd:342,fd,41,3,2,False,0,0,0,0.0,0.0
1,mcv:607,mcv,304,5,1,False,0,0,0,0.0,0.0
1,mcv:931,mcv,174,4,1,False,0,0,0,0.0,0.0
1,mcv:169,mcv,170,7,1,True,1,0,1,0.0,0.12005319421547944
1,mcv:813,mcv,288,4,1,True,1,1,0,3.7608220981866225e-09,0.0
1,mcv:1810,mcv,314,2,1,False,0,0,0,0.0,0.0
1,mcv:1808,mcv,378,2,1,True,0,0,0,0.0,0.0
1,mcv:898,mcv,296,3,2,False,0,0,0,0.0,0.0
1,mcv:1338,mcv,170,3,1,False,0,0,0,0.0,0.0
1,fd:339,fd,27,3,2,False,0,0,0,0.0,0.0
1,mcv:1814,mcv,318,2,1,False,0,0,0,0.0,0.0
1,fd:49,fd,27,6,2,False,0,0,0,0.0,0.0
1,mcv:581,mcv,148,5,1,False,0,0,0,0.0,0.0
1,fd:347,fd,27,3,2,True,0,0,0,0.0,0.0
1,mcv:157,mcv,148,6,2,False,0,0,0,0.0,0.0
1,fd:349,fd,27,3,2,False,0,0,0,0.0,0.0
1,fd:377,fd,41,4,1,False,0,0,0,0.0,0.0
1,mcv:541,mcv,218,4,2,False,0,0,0,0.0,0.0
1,fd:59,fd,27,6,2,False,0,0,0,0.0,0.0
1,mcv:1384,mcv,274,3,1,False,0,0,0,0.0,0.0
1,mcv:887,mcv,256,3,2,False,0,0,0,0.0,0.0
1,mcv:896,mcv,174,3,2,False,0,0,0,0.0,0.0
1,mcv:1341,mcv,148,3,1,True,0,0,0,0.0,0.0
1,fd:521,fd,27,3,1,False,0,0,0,0.0,0.0
1,mcv:596,mcv,218,5,1,False,0,0,0,0.0,0.0
1,fd:245,fd,27,3,3,False,0,0,0,0.0,0.0
1,mcv:950,mcv,300,4,1,False,0,0,0,0.0,0.0
1,mcv:949,mcv,300,3,2,False,0,0,0,0.0,0.0
1,mcv:38,mcv,196,8,2,False,0,0,0,0.0,0.0
1,fd:652,fd,27,2,1,False,0,0,0,0.0,0.0
1,mcv:487,mcv,174,5,1,False,0,0,0,0.0,0.0
1,mcv:2052,mcv,222,1,1,False,0,0,0,0.0,0.0
1,mcv:133,mcv,196,6,2,False,0,0,0,0.0,0.0
1,fd:366,fd,27,4,1,True,0,0,0,0.0,0.0
1,mcv:1232,mcv,314,2,2,False,0,0,0,0.0,0.0
1,mcv:217,mcv,660,5,2,False,0,0,0,0.0,0.0
1,mcv:1101,mcv,896,3,1,False,0,0,0,0.0,0.0
1,mcv:700,mcv,524,3,2,False,0,0,0,0.0,0.0
1,mcv:1505,mcv,1142,2,1,False,0,0,0,0.0,0.0
1,mcv:2040,mcv,606,1,1,True,1,0,1,0.0,0.02763293640212794
1,mcv:1892,mcv,410,1,1,False,0,0,0,0.0,0.0
1,mcv:1628,mcv,538,2,1,False,0,0,0,0.0,0.0
1,mcv:1320,mcv,496,3,1,False,0,0,0,0.0,0.0
1,fd:495,fd,27,3,1,False,0,0,0,0.0,0.0
1,mcv:1621,mcv,458,1,2,False,0,0,0,0.0,0.0
1,mcv:1627,mcv,344,2,1,False,0,0,0,0.0,0.0
1,fd:187,fd,27,5,1,False,0,0,0,0.0,0.0
1,mcv:181,mcv,408,6,2,False,0,0,0,0.0,0.0
1,mcv:1202,mcv,1390,3,1,False,0,0,0,0.0,0.0
1,mcv:1609,mcv,658,2,1,False,0,0,0,0.0,0.0
1,fd:72,fd,27,6,2,False,0,0,0,0.0,0.0
1,mcv:468,mcv,522,5,1,True,1,0,1,0.0,1.084543730760866
1,mcv:294,mcv,196,6,1,False,0,0,0,0.0,0.0
1,mcv:2175,mcv,912,0,1,False,0,0,0,0.0,0.0
1,fd:585,fd,41,2,1,False,0,0,0,0.0,0.0
1,mcv:254,mcv,218,6,1,False,0,0,0,0.0,0.0
1,fd:721,fd,27,0,2,False,0,0,0,0.0,0.0
1,mcv:697,mcv,498,3,2,False,0,0,0,0.0,0.0
1,mcv:404,mcv,388,4,2,False,0,0,0,0.0,0.0
1,mcv:1075,mcv,362,3,1,True,1,1,0,0.06323061593498847,0.0
1,mcv:54,mcv,196,7,2,False,0,0,0,0.0,0.0
1,mcv:2065,mcv,244,0,2,False,0,0,0,0.0,0.0
1,fd:22,fd,27,7,2,True,0,0,0,0.0,0.0
1,mcv:1580,mcv,148,2,1,False,0,0,0,0.0,0.0
1,mcv:120,mcv,170,6,2,True,2,2,0,0.011128065475497495,0.0
1,mcv:763,mcv,218,4,1,False,0,0,0,0.0,0.0
1,mcv:1374,mcv,218,1,3,False,0,0,0,0.0,0.0
1,mcv:614,mcv,148,5,1,False,0,0,0,0.0,0.0
1,fd:181,fd,27,5,1,False,0,0,0,0.0,0.0
1,mcv:1165,mcv,196,3,1,False,0,0,0,0.0,0.0
1,fd:460,fd,27,3,1,False,0,0,0,0.0,0.0
1,mcv:455,mcv,196,5,1,False,0,0,0,0.0,0.0
1,fd:96,fd,27,5,2,False,0,0,0,0.0,0.0
1,mcv:1572,mcv,170,2,1,False,0,0,0,0.0,0.0
1,mcv:251,mcv,296,5,2,True,2,2,0,0.020553935296426573,0.0
1,mcv:1228,mcv,628,3,1,False,0,0,0,0.0,0.0
1,mcv:542,mcv,808,5,1,False,0,0,0,0.0,0.0
1,mcv:244,mcv,292,6,1,False,0,0,0,0.0,0.0
1,mcv:1970,mcv,562,1,1,False,0,0,0,0.0,0.0
1,mcv:68,mcv,1012,6,3,True,3,3,0,0.026179247182350096,0.0
1,mcv:812,mcv,384,4,1,False,0,0,0,0.0,0.0
1,mcv:245,mcv,532,6,1,False,0,0,0,0.0,0.0
1,mcv:246,mcv,426,4,3,False,0,0,0,0.0,0.0
1,mcv:1147,mcv,488,3,1,False,0,0,0,0.0,0.0
1,mcv:723,mcv,874,4,1,False,0,0,0,0.0,0.0
1,mcv:714,mcv,314,3,2,True,1,1,0,6.450737943808349e-09,0.0
1,mcv:220,mcv,852,4,3,False,0,0,0,0.0,0.0
1,mcv:1866,mcv,362,1,1,False,0,0,0,0.0,0.0
1,fd:387,fd,41,4,1,False,0,0,0,0.0,0.0
1,mcv:973,mcv,296,4,1,True,1,1,0,0.056870115015918765,0.0
1,mcv:60,mcv,218,7,2,False,0,0,0,0.0,0.0
1,mcv:52,mcv,170,8,1,False,0,0,0,0.0,0.0
1,mcv:1151,mcv,532,2,2,False,0,0,0,0.0,0.0
1,fd:492,fd,27,1,3,False,0,0,0,0.0,0.0
1,mcv:984,mcv,300,3,2,True,0,0,0,0.0,0.0
1,fd:111,fd,27,6,1,False,0,0,0,0.0,0.0
1,mcv:1017,mcv,1032,1,3,False,0,0,0,0.0,0.0
1,mcv:2165,mcv,436,0,1,False,0,0,0,0.0,0.0
1,mcv:86,mcv,414,7,1,True,1,0,1,0.0,2.353632834355089
1,mcv:1444,mcv,940,3,1,False,0,0,0,0.0,0.0
1,mcv:291,mcv,378,6,1,True,1,0,1,0.0,1.372124109112491
1,mcv:1473,mcv,896,2,1,True,0,0,0,0.0,0.0
1,mcv:1281,mcv,352,1,3,False,0,0,0,0.0,0.0
1,mcv:278,mcv,690,6,1,False,0,0,0,0.0,0.0
1,mcv:1313,mcv,798,1,3,False,0,0,0,0.0,0.0
1,fd:33,fd,27,7,1,False,0,0,0,0.0,0.0
1,fd:395,fd,27,3,2,False,0,0,0,0.0,0.0
1,mcv:1442,mcv,370,2,2,False,0,0,0,0.0,0.0
1,mcv:1159,mcv,388,2,2,False,0,0,0,0.0,0.0
1,mcv:628,mcv,550,4,1,False,0,0,0,0.0,0.0
1,mcv:3,mcv,326,9,2,False,0,0,0,0.0,0.0
1,fd:106,fd,27,6,1,False,0,0,0,0.0,0.0
1,mcv:754,mcv,218,2,3,True,0,0,0,0.0,0.0
1,fd:2,fd,27,9,2,False,0,0,0,0.0,0.0
1,mcv:589,mcv,452,4,2,False,0,0,0,0.0,0.0
1,mcv:1460,mcv,292,3,1,False,0,0,0,0.0,0.0
1,mcv:284,mcv,226,6,1,False,0,0,0,0.0,0.0
1,mcv:1272,mcv,374,3,1,False,0,0,0,0.0,0.0
1,fd:241,fd,27,4,2,False,0,0,0,0.0,0.0
1,mcv:285,mcv,266,5,2,False,0,0,0,0.0,0.0
1,mcv:502,mcv,458,5,1,False,0,0,0,0.0,0.0
1,fd:229,fd,27,5,1,False,0,0,0,0.0,0.0
1,mcv:572,mcv,322,5,1,False,0,0,0,0.0,0.0
1,mcv:62,mcv,340,8,1,False,0,0,0,0.0,0.0
1,mcv:937,mcv,448,4,1,True,0,0,0,0.0,0.0
1,fd:369,fd,27,4,1,False,0,0,0,0.0,0.0
1,mcv:1266,mcv,304,3,1,False,0,0,0,0.0,0.0
1,mcv:1660,mcv,568,2,1,False,0,0,0,0.0,0.0
1,mcv:862,mcv,382,4,1,False,0,0,0,0.0,0.0
1,mcv:2199,mcv,566,0,1,False,0,0,0,0.0,0.0
1,mcv:2203,mcv,384,0,1,False,0,0,0,0.0,0.0
1,mcv:849,mcv,222,3,2,False,0,0,0,0.0,0.0
1,fd:108,fd,27,6,1,False,0,0,0,0.0,0.0
1,mcv:574,mcv,406,5,1,False,0,0,0,0.0,0.0
1,mcv:2198,mcv,840,0,1,False,0,0,0,0.0,0.0
1,fd:479,fd,41,3,1,False,0,0,0,0.0,0.0
1,mcv:659,mcv,432,3,2,False,0,0,0,0.0,0.0
1,mcv:1044,mcv,968,3,1,True,1,0,1,0.0,0.004038440366834761
1,mcv:593,mcv,566,4,2,False,0,0,0,0.0,0.0
1,mcv:335,mcv,218,5,2,False,0,0,0,0.0,0.0
1,fd:70,fd,27,6,2,False,0,0,0,0.0,0.0
1,fd:534,fd,41,3,1,False,0,0,0,0.0,0.0
1,mcv:333,mcv,196,6,1,False,0,0,0,0.0,0.0
1,fd:134,fd,27,6,1,True,0,0,0,0.0,0.0
1,fd:273,fd,27,3,2,False,0,0,0,0.0,0.0
1,mcv:1803,mcv,278,2,1,False,0,0,0,0.0,0.0
1,mcv:193,mcv,976,5,2,False,0,0,0,0.0,0.0
1,mcv:1416,mcv,642,3,1,False,0,0,0,0.0,0.0
1,fd:251,fd,41,4,2,False,0,0,0,0.0,0.0
1,fd:551,fd,41,2,2,False,0,0,0,0.0,0.0
1,fd:658,fd,27,0,2,False,0,0,0,0.0,0.0
1,mcv:1842,mcv,462,1,1,False,0,0,0,0.0,0.0
1,fd:274,fd,27,4,1,False,0,0,0,0.0,0.0
1,fd:647,fd,27,2,1,False,0,0,0,0.0,0.0
1,mcv:363,mcv,370,4,2,False,0,0,0,0.0,0.0
1,mcv:194,mcv,692,5,2,False,0,0,0,0.0,0.0
1,fd:244,fd,27,4,2,False,0,0,0,0.0,0.0
1,fd:78,fd,27,5,2,True,0,0,0,0.0,0.0
1,mcv:178,mcv,512,6,2,False,0,0,0,0.0,0.0
1,mcv:967,mcv,278,4,1,False,0,0,0,0.0,0.0
1,mcv:605,mcv,772,4,2,False,0,0,0,0.0,0.0
1,fd:399,fd,27,4,1,False,0,0,0,0.0,0.0
1,fd:382,fd,27,4,1,False,0,0,0,0.0,0.0
1,mcv:1446,mcv,408,2,2,False,0,0,0,0.0,0.0
1,mcv:1474,mcv,436,1,2,False,0,0,0,0.0,0.0
1,mcv:991,mcv,408,4,1,False,0,0,0,0.0,0.0
1,mcv:1843,mcv,356,0,2,False,0,0,0,0.0,0.0
1,mcv:666,mcv,640,3,2,False,0,0,0,0.0,0.0
1,mcv:592,mcv,300,4,2,False,0,0,0,0.0,0.0
1,mcv:667,mcv,274,4,1,False,0,0,0,0.0,0.0
1,mcv:2108,mcv,574,1,1,False,0,0,0,0.0,0.0
1,mcv:782,mcv,218,4,1,False,0,0,0,0.0,0.0
1,mcv:292,mcv,406,6,1,False,0,0,0,0.0,0.0
1,mcv:1187,mcv,248,3,1,False,0,0,0,0.0,0.0
1,mcv:152,mcv,568,6,2,False,0,0,0,0.0,0.0
1,mcv:1556,mcv,314,1,2,False,0,0,0,0.0,0.0
1,mcv:878,mcv,362,4,1,False,0,0,0,0.0,0.0
1,mcv:241,mcv,292,6,1,False,0,0,0,0.0,0.0
1,mcv:1937,mcv,314,1,1,False,0,0,0,0.0,0.0
1,mcv:1552,mcv,218,2,1,False,0,0,0,0.0,0.0
1,mcv:534,mcv,606,5,1,False,0,0,0,0.0,0.0
1,mcv:298,mcv,174,6,1,False,0,0,0,0.0,0.0
1,mcv:311,mcv,1956,6,1,False,0,0,0,0.0,0.0
1,mcv:7,mcv,738,8,3,False,0,0,0,0.0,0.0
1,mcv:555,mcv,1366,5,1,False,0,0,0,0.0,0.0
1,mcv:1645,mcv,358,2,1,False,0,0,0,0.0,0.0
1,fd:122,fd,27,6,1,False,0,0,0,0.0,0.0
1,mcv:14,mcv,410,8,2,True,0,0,0,0.0,0.0
1,mcv:12,mcv,476,7,3,False,0,0,0,0.0,0.0
1,fd:735,fd,27,1,1,False,0,0,0,0.0,0.0
1,mcv:2047,mcv,440,1,1,False,0,0,0,0.0,0.0
1,mcv:313,mcv,382,6,1,False,0,0,0,0.0,0.0
1,mcv:90,mcv,1194,7,1,False,0,0,0,0.0,0.0
1,mcv:1780,mcv,174,2,1,False,0,0,0,0.0,0.0
1,fd:558,fd,27,2,1,False,0,0,0,0.0,0.0
1,mcv:1058,mcv,634,3,1,False,0,0,0,0.0,0.0
1,mcv:2134,mcv,620,0,1,False,0,0,0,0.0,0.0
1,mcv:11,mcv,1162,9,2,False,0,0,0,0.0,0.0
1,mcv:366,mcv,760,5,1,False,0,0,0,0.0,0.0
1,mcv:644,mcv,986,4,1,True,0,0,0,0.0,0.0
1,mcv:890,mcv,266,4,1,False,0,0,0,0.0,0.0
1,mcv:1236,mcv,358,2,2,False,0,0,0,0.0,0.0
1,mcv:2185,mcv,200,0,1,False,0,0,0,0.0,0.0
1,mcv:825,mcv,1562,4,1,False,0,0,0,0.0,0.0
1,mcv:1490,mcv,252,2,1,False,0,0,0,0.0,0.0
1,mcv:75,mcv,1458,6,3,False,0,0,0,0.0,0.0
1,mcv:1059,mcv,1128,3,1,False,0,0,0,0.0,0.0
1,mcv:1983,mcv,774,1,1,False,0,0,0,0.0,0.0
1,mcv:141,mcv,848,5,3,False,0,0,0,0.0,0.0
1,mcv:4,mcv,288,8,3,True,3,3,0,0.5080458474298664,0.0
1,mcv:817,mcv,848,4,1,False,0,0,0,0.0,0.0
1,mcv:207,mcv,1036,5,2,False,0,0,0,0.0,0.0
1,mcv:1350,mcv,694,3,1,True,0,0,0,0.0,0.0
1,mcv:1637,mcv,358,2,1,False,0,0,0,0.0,0.0
1,mcv:2058,mcv,824,1,1,False,0,0,0,0.0,0.0
1,fd:114,fd,27,6,1,False,0,0,0,0.0,0.0
1,mcv:1641,mcv,676,2,1,False,0,0,0,0.0,0.0
1,mcv:2094,mcv,278,1,1,False,0,0,0,0.0,0.0
1,mcv:98,mcv,1878,6,2,False,0,0,0,0.0,0.0
1,fd:154,fd,41,4,2,True,0,0,0,0.0,0.0
1,mcv:389,mcv,408,4,2,False,0,0,0,0.0,0.0
1,fd:587,fd,27,1,2,False,0,0,0,0.0,0.0
1,mcv:1874,mcv,686,1,1,False,0,0,0,0.0,0.0
1,mcv:573,mcv,292,4,2,False,0,0,0,0.0,0.0
1,mcv:85,mcv,170,7,2,False,0,0,0,0.0,0.0
1,mcv:1524,mcv,362,2,1,False,0,0,0,0.0,0.0
1,mcv:1381,mcv,314,2,2,False,0,0,0,0.0,0.0
1,mcv:1630,mcv,278,1,2,False,0,0,0,0.0,0.0
1,mcv:412,mcv,362,4,2,False,0,0,0,0.0,0.0
1,mcv:808,mcv,550,4,1,False,0,0,0,0.0,0.0
1,mcv:1622,mcv,720,1,2,False,0,0,0,0.0,0.0
1,mcv:801,mcv,492,4,1,False,0,0,0,0.0,0.0
1,fd:333,fd,27,3,2,False,0,0,0,0.0,0.0
1,mcv:74,mcv,434,7,2,False,0,0,0,0.0,0.0
1,mcv:869,mcv,448,3,2,False,0,0,0,0.0,0.0
1,mcv:481,mcv,330,5,1,False,0,0,0,0.0,0.0
1,mcv:1702,mcv,810,2,1,False,0,0,0,0.0,0.0
1,mcv:276,mcv,966,6,1,False,0,0,0,0.0,0.0
1,mcv:803,mcv,620,4,1,False,0,0,0,0.0,0.0
1,mcv:1614,mcv,466,2,1,False,0,0,0,0.0,0.0
1,fd:317,fd,41,4,1,False,0,0,0,0.0,0.0
1,mcv:794,mcv,1044,4,1,False,0,0,0,0.0,0.0
1,mcv:1206,mcv,786,3,1,False,0,0,0,0.0,0.0
1,mcv:558,mcv,540,2,4,False,0,0,0,0.0,0.0
1,mcv:337,mcv,248,5,2,False,0,0,0,0.0,0.0
1,mcv:828,mcv,1014,4,1,False,0,0,0,0.0,0.0
1,mcv:128,mcv,414,6,2,False,0,0,0,0.0,0.0
1,fd:312,fd,27,4,1,False,0,0,0,0.0,0.0
1,mcv:1207,mcv,804,3,1,False,0,0,0,0.0,0.0
1,mcv:830,mcv,322,4,1,True,1,0,1,0.0,0.3392410130987349
1,fd:581,fd,41,1,2,True,1,1,0,0.08887433702538017,0.0
1,mcv:232,mcv,148,6,1,False,0,0,0,0.0,0.0
1,mcv:740,mcv,200,4,1,False,0,0,0,0.0,0.0
1,mcv:1127,mcv,318,2,2,False,0,0,0,0.0,0.0
1,mcv:1252,mcv,436,3,1,False,0,0,0,0.0,0.0
1,mcv:1183,mcv,318,3,1,False,0,0,0,0.0,0.0
1,fd:293,fd,27,4,1,False,0,0,0,0.0,0.0
1,mcv:556,mcv,382,5,1,False,0,0,0,0.0,0.0
1,mcv:908,mcv,492,3,2,False,0,0,0,0.0,0.0
1,fd:127,fd,41,5,2,True,1,0,1,0.0,0.004728646229317235
1,fd:688,fd,27,1,1,True,0,0,0,0.0,0.0
1,fd:216,fd,27,5,1,False,0,0,0,0.0,0.0
1,mcv:2124,mcv,1198,0,1,False,0,0,0,0.0,0.0
1,mcv:318,mcv,148,5,2,False,0,0,0,0.0,0.0
1,mcv:1964,mcv,278,1,1,False,0,0,0,0.0,0.0
1,mcv:631,mcv,326,4,1,False,0,0,0,0.0,0.0
1,fd:356,fd,27,3,2,False,0,0,0,0.0,0.0
1,mcv:1472,mcv,348,2,1,False,0,0,0,0.0,0.0
1,mcv:171,mcv,804,6,2,False,0,0,0,0.0,0.0
1,mcv:448,mcv,340,4,2,False,0,0,0,0.0,0.0
1,fd:458,fd,27,2,2,False,0,0,0,0.0,0.0
1,mcv:247,mcv,270,6,1,False,0,0,0,0.0,0.0
1,mcv:1767,mcv,270,1,2,False,0,0,0,0.0,0.0
1,mcv:255,mcv,270,4,3,False,0,0,0,0.0,0.0
1,fd:176,fd,27,5,1,False,0,0,0,0.0,0.0
1,mcv:123,mcv,148,6,2,False,0,0,0,0.0,0.0
1,fd:304,fd,27,4,1,False,0,0,0,0.0,0.0
1,mcv:1569,mcv,196,2,1,False,0,0,0,0.0,0.0
1,fd:632,fd,27,1,2,False,0,0,0,0.0,0.0
1,fd:623,fd,27,2,1,True,0,0,0,0.0,0.0
1,fd:97,fd,27,4,3,False,0,0,0,0.0,0.0
1,mcv:1565,mcv,318,2,1,True,0,0,0,0.0,0.0
1,mcv:1741,mcv,296,2,1,False,0,0,0,0.0,0.0
1,mcv:1993,mcv,1006,1,1,False,0,0,0,0.0,0.0
1,mcv:780,mcv,850,4,1,False,0,0,0,0.0,0.0
1,mcv:1158,mcv,462,2,2,False,0,0,0,0.0,0.0
1,mcv:2115,mcv,396,1,1,False,0,0,0,0.0,0.0
1,fd:189,fd,27,4,2,False,0,0,0,0.0,0.0
1,mcv:166,mcv,942,7,1,True,1,0,1,0.0,0.17497870703096252
1,fd:305,fd,27,4,1,False,0,0,0,0.0,0.0
1,mcv:751,mcv,170,3,2,True,1,1,0,5.420755866403226e-08,0.0
1,fd:316,fd,27,3,2,False,0,0,0,0.0,0.0
1,mcv:165,mcv,218,6,2,False,0,0,0,0.0,0.0
1,mcv:776,mcv,462,4,1,False,0,0,0,0.0,0.0
1,fd:65,fd,27,6,2,True,0,0,0,0.0,0.0
1,mcv:829,mcv,550,3,2,True,2,0,2,0.0,0.14884028007323757
1,fd:44,fd,27,6,2,False,0,0,0,0.0,0.0
1,fd:572,fd,27,2,1,False,0,0,0,0.0,0.0
1,mcv:2116,mcv,2370,1,1,False,0,0,0,0.0,0.0
1,fd:180,fd,27,4,2,False,0,0,0,0.0,0.0
1,mcv:1768,mcv,1038,2,1,False,0,0,0,0.0,0.0
1,mcv:441,mcv,850,4,2,False,0,0,0,0.0,0.0
1,mcv:439,mcv,170,5,1,True,1,1,0,3.9448222466376137e-10,0.0
1,mcv:496,mcv,296,4,2,False,0,0,0,0.0,0.0
1,mcv:450,mcv,196,4,2,False,0,0,0,0.0,0.0
1,fd:54,fd,27,6,2,False,0,0,0,0.0,0.0
1,mcv:149,mcv,378,6,2,False,0,0,0,0.0,0.0
1,mcv:116,mcv,148,6,2,False,0,0,0,0.0,0.0
1,mcv:1203,mcv,772,3,1,False,0,0,0,0.0,0.0
1,mcv:1062,mcv,770,2,2,False,0,0,0,0.0,0.0
1,mcv:755,mcv,170,4,1,False,0,0,0,0.0,0.0
1,mcv:205,mcv,1484,6,1,False,0,0,0,0.0,0.0
1,mcv:1152,mcv,314,3,1,False,0,0,0,0.0,0.0
1,fd:83,fd,27,6,1,False,0,0,0,0.0,0.0
1,mcv:464,mcv,592,5,1,False,0,0,0,0.0,0.0
1,mcv:1722,mcv,270,2,1,False,0,0,0,0.0,0.0
1,mcv:1160,mcv,222,3,1,False,0,0,0,0.0,0.0
1,mcv:1380,mcv,366,3,1,False,0,0,0,0.0,0.0
1,mcv:381,mcv,362,5,1,False,0,0,0,0.0,0.0
1,mcv:786,mcv,588,4,1,False,0,0,0,0.0,0.0
1,mcv:1055,mcv,362,2,2,True,2,1,1,1.042996800038054e-07,0.01151078242899839
1,fd:459,fd,27,3,1,False,0,0,0,0.0,0.0
1,mcv:752,mcv,632,4,1,False,0,0,0,0.0,0.0
1,mcv:1568,mcv,196,2,1,False,0,0,0,0.0,0.0
1,mcv:56,mcv,1128,8,1,False,0,0,0,0.0,0.0
1,mcv:1965,mcv,278,1,1,False,0,0,0,0.0,0.0
1,mcv:1855,mcv,274,1,1,False,0,0,0,0.0,0.0
1,fd:689,fd,27,1,1,False,0,0,0,0.0,0.0
1,fd:505,fd,27,3,1,False,0,0,0,0.0,0.0
1,fd:663,fd,27,1,1,False,0,0,0,0.0,0.0
1,mcv:1537,mcv,344,2,1,False,0,0,0,0.0,0.0
1,mcv:110,mcv,148,7,1,False,0,0,0,0.0,0.0
1,fd:567,fd,27,2,1,False,0,0,0,0.0,0.0
1,mcv:1345,mcv,434,3,1,False,0,0,0,0.0,0.0
1,mcv:1218,mcv,772,3,1,False,0,0,0,0.0,0.0
1,mcv:2158,mcv,374,0,1,False,0,0,0,0.0,0.0
1,mcv:810,mcv,454,3,2,False,0,0,0,0.0,0.0
1,fd:562,fd,27,2,1,False,0,0,0,0.0,0.0
1,mcv:687,mcv,574,2,3,False,0,0,0,0.0,0.0
1,mcv:1963,mcv,414,1,1,False,0,0,0,0.0,0.0
1,fd:207,fd,27,4,2,False,0,0,0,0.0,0.0
1,mcv:677,mcv,304,4,1,False,0,0,0,0.0,0.0
1,fd:280,fd,41,4,1,True,1,1,0,0.00041244238034687797,0.0
1,mcv:1496,mcv,500,2,1,False,0,0,0,0.0,0.0
1,mcv:735,mcv,278,3,2,False,0,0,0,0.0,0.0
1,fd:291,fd,27,3,2,False,0,0,0,0.0,0.0
1,fd:315,fd,27,3,2,False,0,0,0,0.0,0.0
1,mcv:1503,mcv,506,2,1,False,0,0,0,0.0,0.0
1,mcv:539,mcv,642,4,2,False,0,0,0,0.0,0.0
1,mcv:1716,mcv,200,2,1,False,0,0,0,0.0,0.0
1,mcv:809,mcv,500,3,2,True,2,2,0,0.2459504818372822,0.0
1,fd:547,fd,27,3,1,False,0,0,0,0.0,0.0
1,mcv:1115,mcv,174,3,1,False,0,0,0,0.0,0.0
1,mcv:734,mcv,170,4,1,False,0,0,0,0.0,0.0
1,mcv:65,mcv,196,7,2,False,0,0,0,0.0,0.0
1,fd:253,fd,27,4,2,False,0,0,0,0.0,0.0
1,fd:475,fd,27,3,1,False,0,0,0,0.0,0.0
1,fd:389,fd,27,4,1,False,0,0,0,0.0,0.0
1,mcv:1558,mcv,362,2,1,True,0,0,0,0.0,0.0
1,mcv:1138,mcv,266,2,2,False,0,0,0,0.0,0.0
1,fd:254,fd,27,5,1,False,0,0,0,0.0,0.0
1,mcv:747,mcv,484,3,2,False,0,0,0,0.0,0.0
1,mcv:1241,mcv,844,3,1,False,0,0,0,0.0,0.0
1,fd:397,fd,41,4,1,False,0,0,0,0.0,0.0
1,mcv:1284,mcv,222,3,1,False,0,0,0,0.0,0.0
1,mcv:288,mcv,174,6,1,False,0,0,0,0.0,0.0
1,mcv:63,mcv,196,7,2,False,0,0,0,0.0,0.0
1,mcv:1980,mcv,568,1,1,False,0,0,0,0.0,0.0
1,fd:705,fd,27,1,1,False,0,0,0,0.0,0.0
1,mcv:1818,mcv,624,1,2,False,0,0,0,0.0,0.0
1,mcv:1245,mcv,406,3,1,False,0,0,0,0.0,0.0
1,mcv:1114,mcv,244,3,1,False,0,0,0,0.0,0.0
1,mcv:84,mcv,222,7,2,False,0,0,0,0.0,0.0
1,mcv:986,mcv,148,4,1,False,0,0,0,0.0,0.0
1,mcv:1438,mcv,440,3,1,False,0,0,0,0.0,0.0
1,fd:441,fd,27,3,1,True,0,0,0,0.0,0.0
1,mcv:486,mcv,288,3,3,False,0,0,0,0.0,0.0
1,mcv:977,mcv,484,4,1,False,0,0,0,0.0,0.0
1,mcv:1562,mcv,266,2,1,False,0,0,0,0.0,0.0
1,mcv:132,mcv,196,6,2,False,0,0,0,0.0,0.0
1,mcv:229,mcv,148,6,1,False,0,0,0,0.0,0.0
1,mcv:272,mcv,358,6,1,False,0,0,0,0.0,0.0
1,fd:48,fd,27,6,2,False,0,0,0,0.0,0.0
1,mcv:1428,mcv,1006,3,1,False,0,0,0,0.0,0.0
1,fd:485,fd,27,3,1,False,0,0,0,0.0,0.0
1,mcv:609,mcv,274,5,1,False,0,0,0,0.0,0.0
1,fd:444,fd,27,3,1,False,0,0,0,0.0,0.0
1,fd:722,fd,27,1,1,False,0,0,0,0.0,0.0
1,fd:653,fd,27,1,2,False,0,0,0,0.0,0.0
1,mcv:743,mcv,196,4,1,True,1,0,1,0.0,2.8579013498249424
1,mcv:608,mcv,318,4,2,False,0,0,0,0.0,0.0
1,mcv:1238,mcv,358,2,2,False,0,0,0,0.0,0.0
1,mcv:1560,mcv,170,2,1,False,0,0,0,0.0,0.0
1,mcv:1143,mcv,218,1,3,False,0,0,0,0.0,0.0
1,mcv:2026,mcv,200,1,1,False,0,0,0,0.0,0.0
1,mcv:824,mcv,244,4,1,False,0,0,0,0.0,0.0
1,fd:540,fd,27,3,1,False,0,0,0,0.0,0.0
1,mcv:821,mcv,266,4,1,False,0,0,0,0.0,0.0
1,mcv:424,mcv,218,5,1,False,0,0,0,0.0,0.0
1,mcv:22,mcv,314,9,1,False,0,0,0,0.0,0.0
1,mcv:1745,mcv,322,2,1,False,0,0,0,0.0,0.0
1,mcv:2161,mcv,170,0,1,False,0,0,0,0.0,0.0
1,mcv:1915,mcv,218,0,2,False,0,0,0,0.0,0.0
1,fd:294,fd,27,3,2,False,0,0,0,0.0,0.0
1,mcv:1120,mcv,462,3,1,False,0,0,0,0.0,0.0
1,mcv:2067,mcv,642,1,1,False,0,0,0,0.0,0.0
1,mcv:1692,mcv,698,2,1,False,0,0,0,0.0,0.0
1,mcv:1297,mcv,362,2,2,False,0,0,0,0.0,0.0
1,mcv:702,mcv,362,4,1,False,0,0,0,0.0,0.0
1,mcv:1085,mcv,340,3,1,False,0,0,0,0.0,0.0
1,mcv:913,mcv,226,4,1,False,0,0,0,0.0,0.0
1,fd:718,fd,27,1,1,False,0,0,0,0.0,0.0
1,fd:359,fd,27,4,1,False,0,0,0,0.0,0.0
1,mcv:1653,mcv,590,1,2,False,0,0,0,0.0,0.0
1,fd:422,fd,27,3,1,False,0,0,0,0.0,0.0
1,mcv:1744,mcv,544,2,1,False,0,0,0,0.0,0.0
1,mcv:1821,mcv,386,2,1,False,0,0,0,0.0,0.0
1,mcv:1084,mcv,770,2,2,False,0,0,0,0.0,0.0
1,mcv:2194,mcv,760,0,1,False,0,0,0,0.0,0.0
1,mcv:2061,mcv,148,1,1,False,0,0,0,0.0,0.0
1,mcv:1257,mcv,318,3,1,False,0,0,0,0.0,0.0
1,mcv:654,mcv,594,4,1,False,0,0,0,0.0,0.0
1,mcv:2142,mcv,682,0,1,False,0,0,0,0.0,0.0
1,mcv:944,mcv,362,4,1,False,0,0,0,0.0,0.0
1,fd:269,fd,27,4,1,False,0,0,0,0.0,0.0
1,mcv:696,mcv,362,4,1,False,0,0,0,0.0,0.0
1,fd:219,fd,27,4,2,True,1,1,0,0.029416961901541194,0.0
1,mcv:1739,mcv,170,2,1,False,0,0,0,0.0,0.0
1,mcv:316,mcv,196,6,1,False,0,0,0,0.0,0.0
1,fd:655,fd,27,2,1,False,0,0,0,0.0,0.0
1,mcv:1658,mcv,296,2,1,False,0,0,0,0.0,0.0
1,mcv:657,mcv,274,4,1,False,0,0,0,0.0,0.0
1,fd:124,fd,27,5,2,False,0,0,0,0.0,0.0
1,fd:160,fd,27,4,2,False,0,0,0,0.0,0.0
1,fd:737,fd,27,1,1,False,0,0,0,0.0,0.0
1,mcv:2100,mcv,248,1,1,False,0,0,0,0.0,0.0
1,mcv:662,mcv,572,4,1,False,0,0,0,0.0,0.0
1,fd:36,fd,27,7,1,False,0,0,0,0.0,0.0
1,mcv:562,mcv,386,4,2,False,0,0,0,0.0,0.0
1,mcv:1791,mcv,530,2,1,False,0,0,0,0.0,0.0
1,mcv:315,mcv,196,5,2,False,0,0,0,0.0,0.0
1,mcv:402,mcv,388,4,2,False,0,0,0,0.0,0.0
1,mcv:1050,mcv,274,3,1,False,0,0,0,0.0,0.0
1,mcv:92,mcv,410,7,1,False,0,0,0,0.0,0.0
1,fd:125,fd,27,6,1,True,0,0,0,0.0,0.0
1,mcv:1792,mcv,314,2,1,False,0,0,0,0.0,0.0
1,mcv:139,mcv,432,7,1,False,0,0,0,0.0,0.0
1,mcv:2066,mcv,428,1,1,True,1,1,0,4.439707135261983e-08,0.0
1,mcv:2193,mcv,474,0,1,False,0,0,0,0.0,0.0
1,mcv:591,mcv,470,5,1,False,0,0,0,0.0,0.0
1,mcv:236,mcv,148,6,1,False,0,0,0,0.0,0.0
1,mcv:1935,mcv,436,1,1,False,0,0,0,0.0,0.0
1,fd:93,fd,41,6,1,True,1,1,0,0.0005628687632024398,0.0
1,mcv:1839,mcv,392,1,1,False,0,0,0,0.0,0.0
1,mcv:1097,mcv,292,3,1,False,0,0,0,0.0,0.0
1,mcv:1528,mcv,292,2,1,False,0,0,0,0.0,0.0
1,mcv:1910,mcv,326,1,1,False,0,0,0,0.0,0.0
1,fd:683,fd,27,1,1,False,0,0,0,0.0,0.0
1,mcv:1008,mcv,756,3,1,False,0,0,0,0.0,0.0
1,mcv:1903,mcv,248,0,2,False,0,0,0,0.0,0.0
1,mcv:1893,mcv,448,1,1,False,0,0,0,0.0,0.0
1,mcv:1830,mcv,414,1,2,False,0,0,0,0.0,0.0
1,mcv:716,mcv,396,4,1,False,0,0,0,0.0,0.0
1,fd:144,fd,27,5,1,False,0,0,0,0.0,0.0
1,mcv:1124,mcv,148,2,2,False,0,0,0,0.0,0.0
1,fd:679,fd,27,1,1,False,0,0,0,0.0,0.0
1,mcv:48,mcv,524,7,2,False,0,0,0,0.0,0.0
1,mcv:358,mcv,392,5,1,False,0,0,0,0.0,0.0
1,fd:676,fd,27,0,2,False,0,0,0,0.0,0.0
1,fd:20,fd,27,7,2,True,0,0,0,0.0,0.0
1,mcv:357,mcv,756,5,1,True,1,0,1,0.0,0.5797889600824959
1,mcv:109,mcv,270,7,1,False,0,0,0,0.0,0.0
1,fd:243,fd,41,5,1,False,0,0,0,0.0,0.0
1,mcv:361,mcv,580,5,1,True,0,0,0,0.0,0.0
1,fd:172,fd,27,5,1,True,0,0,0,0.0,0.0
1,mcv:238,mcv,608,6,1,False,0,0,0,0.0,0.0
1,mcv:176,mcv,854,5,3,False,0,0,0,0.0,0.0
1,fd:68,fd,27,5,3,False,0,0,0,0.0,0.0
1,mcv:1117,mcv,174,3,1,True,1,1,0,0.026214718672556092,0.0
1,mcv:431,mcv,174,5,1,False,0,0,0,0.0,0.0
1,fd:442,fd,27,3,1,False,0,0,0,0.0,0.0
1,mcv:1112,mcv,170,3,1,False,0,0,0,0.0,0.0
1,mcv:1625,mcv,436,2,1,False,0,0,0,0.0,0.0
1,mcv:449,mcv,196,5,1,False,0,0,0,0.0,0.0
1,mcv:1902,mcv,196,1,1,False,0,0,0,0.0,0.0
1,mcv:1390,mcv,824,3,1,False,0,0,0,0.0,0.0
1,mcv:26,mcv,574,9,1,False,0,0,0,0.0,0.0
1,fd:179,fd,27,5,1,True,0,0,0,0.0,0.0
1,fd:607,fd,41,2,1,False,0,0,0,0.0,0.0
1,mcv:111,mcv,174,7,1,False,0,0,0,0.0,0.0
1,fd:133,fd,27,6,1,False,0,0,0,0.0,0.0
1,mcv:1595,mcv,170,2,1,True,1,1,0,0.0046274219830715335,0.0
1,mcv:775,mcv,296,4,1,False,0,0,0,0.0,0.0
1,fd:675,fd,27,1,1,False,0,0,0,0.0,0.0
1,mcv:1402,mcv,322,2,2,False,0,0,0,0.0,0.0
1,mcv:477,mcv,850,4,2,False,0,0,0,0.0,0.0
1,fd:138,fd,27,6,1,False,0,0,0,0.0,0.0
1,mcv:1318,mcv,322,3,1,True,0,0,0,0.0,0.0
1,mcv:2180,mcv,484,0,1,False,0,0,0,0.0,0.0
1,mcv:1711,mcv,750,2,1,False,0,0,0,0.0,0.0
1,mcv:344,mcv,296,6,1,False,0,0,0,0.0,0.0
1,mcv:940,mcv,274,4,1,False,0,0,0,0.0,0.0
1,mcv:770,mcv,322,4,1,False,0,0,0,0.0,0.0
1,mcv:1546,mcv,174,2,1,False,0,0,0,0.0,0.0
1,fd:493,fd,27,3,1,False,0,0,0,0.0,0.0
1,mcv:330,mcv,248,6,1,False,0,0,0,0.0,0.0
1,fd:43,fd,27,7,1,True,0,0,0,0.0,0.0
1,mcv:599,mcv,728,5,1,False,0,0,0,0.0,0.0
1,fd:569,fd,27,2,1,False,0,0,0,0.0,0.0
1,mcv:515,mcv,222,5,1,False,0,0,0,0.0,0.0
1,mcv:1135,mcv,504,3,1,True,1,0,1,0.0,0.009843619054862307
1,mcv:1316,mcv,222,3,1,True,1,0,1,0.0,0.0028573088810208702
1,mcv:1176,mcv,196,3,1,False,0,0,0,0.0,0.0
1,mcv:1180,mcv,526,3,1,False,0,0,0,0.0,0.0
1,mcv:1414,mcv,504,3,1,False,0,0,0,0.0,0.0
1,mcv:1687,mcv,274,2,1,False,0,0,0,0.0,0.0
1,mcv:1708,mcv,274,2,1,False,0,0,0,0.0,0.0
1,mcv:1763,mcv,436,2,1,False,0,0,0,0.0,0.0
1,mcv:2028,mcv,278,1,1,False,0,0,0,0.0,0.0
1,fd:600,fd,27,2,1,False,0,0,0,0.0,0.0
1,fd:195,fd,27,5,1,False,0,0,0,0.0,0.0
1,mcv:1905,mcv,274,1,1,False,0,0,0,0.0,0.0
1,fd:449,fd,27,3,1,False,0,0,0,0.0,0.0
1,mcv:1220,mcv,466,2,2,False,0,0,0,0.0,0.0
1,mcv:806,mcv,326,4,1,False,0,0,0,0.0,0.0
1,fd:301,fd,27,4,1,True,0,0,0,0.0,0.0
1,mcv:1091,mcv,274,2,2,False,0,0,0,0.0,0.0
1,mcv:1517,mcv,340,1,2,False,0,0,0,0.0,0.0
1,mcv:1182,mcv,170,3,1,False,0,0,0,0.0,0.0
1,fd:98,fd,27,6,1,False,0,0,0,0.0,0.0
1,mcv:545,mcv,248,4,2,False,0,0,0,0.0,0.0
1,mcv:206,mcv,704,6,1,False,0,0,0,0.0,0.0
1,fd:542,fd,27,3,1,False,0,0,0,0.0,0.0
1,mcv:385,mcv,400,4,2,True,2,1,1,0.8542847353653298,0.03655801814100568
1,mcv:1060,mcv,362,3,1,False,0,0,0,0.0,0.0
1,mcv:1737,mcv,148,1,2,False,0,0,0,0.0,0.0
1,mcv:256,mcv,296,6,1,False,0,0,0,0.0,0.0
1,mcv:378,mcv,362,5,1,False,0,0,0,0.0,0.0
1,mcv:772,mcv,170,4,1,False,0,0,0,0.0,0.0
1,fd:499,fd,27,3,1,False,0,0,0,0.0,0.0
1,mcv:209,mcv,362,6,1,False,0,0,0,0.0,0.0
1,mcv:1430,mcv,274,3,1,False,0,0,0,0.0,0.0
1,mcv:1328,mcv,248,3,1,False,0,0,0,0.0,0.0
1,mcv:253,mcv,270,6,1,False,0,0,0,0.0,0.0
1,mcv:1566,mcv,318,2,1,False,0,0,0,0.0,0.0
1,mcv:2144,mcv,362,0,1,False,0,0,0,0.0,0.0
1,mcv:409,mcv,748,5,1,False,0,0,0,0.0,0.0
1,mcv:1175,mcv,318,3,1,False,0,0,0,0.0,0.0
1,mcv:705,mcv,362,4,1,False,0,0,0,0.0,0.0
1,mcv:1933,mcv,170,1,1,False,0,0,0,0.0,0.0
1,fd:278,fd,27,4,1,False,0,0,0,0.0,0.0
1,mcv:1655,mcv,546,2,1,False,0,0,0,0.0,0.0
1,fd:478,fd,27,3,1,False,0,0,0,0.0,0.0
1,mcv:2104,mcv,352,1,1,False,0,0,0,0.0,0.0
1,mcv:1260,mcv,326,3,1,False,0,0,0,0.0,0.0
1,mcv:673,mcv,330,4,1,False,0,0,0,0.0,0.0
1,mcv:1395,mcv,838,3,1,False,0,0,0,0.0,0.0
1,mcv:405,mcv,1356,5,1,False,0,0,0,0.0,0.0
1,mcv:1506,mcv,296,2,1,False,0,0,0,0.0,0.0
1,mcv:1870,mcv,664,1,1,True,1,0,1,0.0,0.0025697357897906947
1,mcv:1769,mcv,366,2,1,False,0,0,0,0.0,0.0
1,mcv:1410,mcv,1092,3,1,False,0,0,0,0.0,0.0
1,fd:520,fd,27,3,1,False,0,0,0,0.0,0.0
1,mcv:1383,mcv,196,3,1,False,0,0,0,0.0,0.0
1,fd:450,fd,27,3,1,False,0,0,0,0.0,0.0
1,mcv:2221,mcv,148,0,1,False,0,0,0,0.0,0.0
1,mcv:1514,mcv,362,2,1,False,0,0,0,0.0,0.0
1,mcv:242,mcv,170,5,2,False,0,0,0,0.0,0.0
1,fd:220,fd,27,5,1,False,0,0,0,0.0,0.0
1,mcv:1732,mcv,196,2,1,False,0,0,0,0.0,0.0
1,mcv:992,mcv,170,4,1,False,0,0,0,0.0,0.0
1,mcv:275,mcv,218,6,1,False,0,0,0,0.0,0.0
1,fd:29,fd,27,8,1,False,0,0,0,0.0,0.0
1,mcv:1553,mcv,170,2,1,False,0,0,0,0.0,0.0
1,mcv:1087,mcv,454,3,1,True,0,0,0,0.0,0.0
1,mcv:1561,mcv,170,2,1,True,1,1,0,0.052244489125023996,0.0
1,mcv:411,mcv,388,5,1,False,0,0,0,0.0,0.0
1,mcv:924,mcv,218,4,1,False,0,0,0,0.0,0.0
1,mcv:78,mcv,196,8,1,False,0,0,0,0.0,0.0
1,mcv:563,mcv,244,5,1,False,0,0,0,0.0,0.0
1,mcv:1142,mcv,196,3,1,False,0,0,0,0.0,0.0
1,fd:162,fd,27,5,1,False,0,0,0,0.0,0.0
1,mcv:2095,mcv,348,1,1,False,0,0,0,0.0,0.0
1,mcv:364,mcv,510,5,1,False,0,0,0,0.0,0.0
1,mcv:190,mcv,936,5,2,False,0,0,0,0.0,0.0
1,mcv:633,mcv,948,4,1,False,0,0,0,0.0,0.0
1,mcv:1421,mcv,330,3,1,False,0,0,0,0.0,0.0
1,mcv:218,mcv,804,6,1,False,0,0,0,0.0,0.0
1,mcv:1471,mcv,712,2,1,False,0,0,0,0.0,0.0
1,mcv:2229,mcv,742,0,1,False,0,0,0,0.0,0.0
1,mcv:701,mcv,392,4,1,False,0,0,0,0.0,0.0
1,mcv:1581,mcv,170,2,1,True,0,0,0,0.0,0.0
1,mcv:1884,mcv,248,1,1,False,0,0,0,0.0,0.0
1,fd:437,fd,27,3,1,False,0,0,0,0.0,0.0
1,mcv:722,mcv,248,4,1,False,0,0,0,0.0,0.0
1,mcv:118,mcv,196,7,1,False,0,0,0,0.0,0.0
1,mcv:225,mcv,314,6,1,False,0,0,0,0.0,0.0
1,mcv:615,mcv,170,4,2,False,0,0,0,0.0,0.0
1,mcv:1102,mcv,274,3,1,False,0,0,0,0.0,0.0
1,mcv:970,mcv,512,3,2,False,0,0,0,0.0,0.0
1,mcv:97,mcv,362,7,1,False,0,0,0,0.0,0.0
1,fd:132,fd,41,6,1,False,0,0,0,0.0,0.0
1,mcv:325,mcv,590,6,1,False,0,0,0,0.0,0.0
1,mcv:1249,mcv,638,3,1,False,0,0,0,0.0,0.0
1,fd:228,fd,27,5,1,False,0,0,0,0.0,0.0
1,mcv:1379,mcv,268,3,1,False,0,0,0,0.0,0.0
1,mcv:674,mcv,296,3,2,True,1,1,0,0.3568380158149267,0.0
1,mcv:1648,mcv,756,2,1,False,0,0,0,0.0,0.0
1,fd:385,fd,41,3,2,False,0,0,0,0.0,0.0
1,fd:38,fd,27,6,2,False,0,0,0,0.0,0.0
1,fd:3,fd,41,10,1,False,0,0,0,0.0,0.0
1,mcv:95,mcv,682,6,2,False,0,0,0,0.0,0.0
1,mcv:1990,mcv,704,1,1,False,0,0,0,0.0,0.0
1,fd:396,fd,41,4,1,False,0,0,0,0.0,0.0
1,mcv:388,mcv,362,5,1,False,0,0,0,0.0,0.0
1,mcv:387,mcv,932,5,1,False,0,0,0,0.0,0.0
1,mcv:1253,mcv,340,3,1,False,0,0,0,0.0,0.0
1,mcv:9,mcv,512,10,1,False,0,0,0,0.0,0.0
1,mcv:571,mcv,226,5,1,False,0,0,0,0.0,0.0
1,mcv:669,mcv,774,4,1,False,0,0,0,0.0,0.0
1,mcv:985,mcv,148,4,1,False,0,0,0,0.0,0.0
1,mcv:1820,mcv,566,2,1,False,0,0,0,0.0,0.0
1,mcv:1372,mcv,626,3,1,False,0,0,0,0.0,0.0
1,mcv:338,mcv,736,5,2,False,0,0,0,0.0,0.0
1,mcv:634,mcv,440,4,1,False,0,0,0,0.0,0.0
1,mcv:1784,mcv,292,2,1,True,0,0,0,0.0,0.0
1,fd:657,fd,27,2,1,False,0,0,0,0.0,0.0
1,mcv:362,mcv,576,5,1,True,0,0,0,0.0,0.0
1,mcv:1405,mcv,248,3,1,False,0,0,0,0.0,0.0
1,mcv:960,mcv,218,4,1,True,0,0,0,0.0,0.0
1,mcv:1507,mcv,318,2,1,False,0,0,0,0.0,0.0
1,fd:530,fd,41,3,1,False,0,0,0,0.0,0.0
1,mcv:219,mcv,704,5,2,False,0,0,0,0.0,0.0
1,mcv:182,mcv,244,7,1,True,1,1,0,0.2720315377275777,0.0
1,mcv:606,mcv,1000,5,1,False,0,0,0,0.0,0.0
1,fd:264,fd,27,4,1,False,0,0,0,0.0,0.0
1,mcv:1404,mcv,456,3,1,False,0,0,0,0.0,0.0
1,mcv:1375,mcv,562,3,1,False,0,0,0,0.0,0.0
1,mcv:1826,mcv,296,2,1,False,0,0,0,0.0,0.0
1,fd:531,fd,27,3,1,False,0,0,0,0.0,0.0
1,fd:86,fd,27,5,2,False,0,0,0,0.0,0.0
1,mcv:1086,mcv,546,3,1,False,0,0,0,0.0,0.0
1,fd:641,fd,27,2,1,False,0,0,0,0.0,0.0
1,mcv:1015,mcv,598,3,1,False,0,0,0,0.0,0.0
1,fd:363,fd,27,4,1,False,0,0,0,0.0,0.0
1,mcv:618,mcv,504,4,2,False,0,0,0,0.0,0.0
1,mcv:1841,mcv,528,1,1,False,0,0,0,0.0,0.0
1,fd:257,fd,41,4,2,False,0,0,0,0.0,0.0
1,mcv:923,mcv,314,4,1,False,0,0,0,0.0,0.0
1,mcv:58,mcv,288,7,2,False,0,0,0,0.0,0.0
1,mcv:1682,mcv,174,2,1,False,0,0,0,0.0,0.0
1,mcv:1274,mcv,266,3,1,False,0,0,0,0.0,0.0
1,fd:276,fd,41,4,1,True,0,0,0,0.0,0.0
1,mcv:1226,mcv,288,3,1,False,0,0,0,0.0,0.0
1,fd:597,fd,27,2,1,False,0,0,0,0.0,0.0
1,fd:110,fd,27,6,1,True,0,0,0,0.0,0.0
1,mcv:1434,mcv,518,3,1,False,0,0,0,0.0,0.0
1,mcv:1601,mcv,196,2,1,False,0,0,0,0.0,0.0
1,mcv:670,mcv,278,4,1,False,0,0,0,0.0,0.0
1,mcv:1604,mcv,170,2,1,False,0,0,0,0.0,0.0
1,mcv:289,mcv,462,6,1,False,0,0,0,0.0,0.0
1,fd:152,fd,27,5,1,False,0,0,0,0.0,0.0
1,fd:457,fd,27,3,1,False,0,0,0,0.0,0.0
1,fd:37,fd,27,7,1,False,0,0,0,0.0,0.0
1,mcv:383,mcv,278,5,1,False,0,0,0,0.0,0.0
1,mcv:353,mcv,270,5,2,True,0,0,0,0.0,0.0
1,mcv:2057,mcv,1090,1,1,False,0,0,0,0.0,0.0
1,mcv:94,mcv,1224,7,1,False,0,0,0,0.0,0.0
1,fd:123,fd,27,5,2,False,0,0,0,0.0,0.0
1,mcv:1409,mcv,952,2,2,False,0,0,0,0.0,0.0
1,mcv:314,mcv,768,5,2,False,0,0,0,0.0,0.0
1,mcv:19,mcv,196,8,2,False,0,0,0,0.0,0.0
1,mcv:1157,mcv,512,3,1,False,0,0,0,0.0,0.0
1,mcv:1493,mcv,304,2,1,False,0,0,0,0.0,0.0
1,fd:7,fd,27,8,2,False,0,0,0,0.0,0.0
1,mcv:760,mcv,222,3,2,False,0,0,0,0.0,0.0
1,mcv:59,mcv,244,6,3,False,0,0,0,0.0,0.0
1,mcv:1806,mcv,846,2,1,False,0,0,0,0.0,0.0
1,fd:559,fd,41,2,1,False,0,0,0,0.0,0.0
1,mcv:174,mcv,728,7,1,True,1,1,0,16.055884326204726,0.0
1,mcv:80,mcv,288,7,2,False,0,0,0,0.0,0.0
1,mcv:1399,mcv,736,3,1,False,0,0,0,0.0,0.0
1,fd:23,fd,27,6,3,False,0,0,0,0.0,0.0
1,mcv:987,mcv,484,4,1,False,0,0,0,0.0,0.0
1,fd:391,fd,27,4,1,False,0,0,0,0.0,0.0
1,mcv:1360,mcv,200,3,1,False,0,0,0,0.0,0.0
1,fd:17,fd,41,9,1,False,0,0,0,0.0,0.0
1,fd:30,fd,41,5,4,False,0,0,0,0.0,0.0
1,fd:67,fd,27,7,1,False,0,0,0,0.0,0.0
1,mcv:551,mcv,588,5,1,False,0,0,0,0.0,0.0
1,mcv:952,mcv,620,2,3,False,0,0,0,0.0,0.0
1,mcv:37,mcv,456,9,1,False,0,0,0,0.0,0.0
1,fd:212,fd,27,5,1,False,0,0,0,0.0,0.0
1,fd:619,fd,27,2,1,True,1,1,0,0.007444027846371437,0.0
1,fd:390,fd,27,2,3,False,0,0,0,0.0,0.0
1,mcv:1733,mcv,174,2,1,False,0,0,0,0.0,0.0
1,mcv:1347,mcv,1308,3,1,False,0,0,0,0.0,0.0
1,mcv:310,mcv,694,6,1,True,1,1,0,0.16937902504410696,0.0
1,mcv:554,mcv,1102,5,1,False,0,0,0,0.0,0.0
1,mcv:1359,mcv,418,3,1,False,0,0,0,0.0,0.0
1,fd:120,fd,41,6,1,False,0,0,0,0.0,0.0
1,mcv:79,mcv,392,5,4,False,0,0,0,0.0,0.0
1,mcv:979,mcv,904,4,1,False,0,0,0,0.0,0.0
1,fd:215,fd,27,5,1,False,0,0,0,0.0,0.0
1,mcv:1736,mcv,322,2,1,False,0,0,0,0.0,0.0
1,mcv:175,mcv,292,7,1,False,0,0,0,0.0,0.0
1,mcv:1817,mcv,690,2,1,False,0,0,0,0.0,0.0
1,fd:119,fd,27,6,1,False,0,0,0,0.0,0.0
1,mcv:309,mcv,434,6,1,False,0,0,0,0.0,0.0
1,fd:507,fd,27,3,1,False,0,0,0,0.0,0.0
1,fd:511,fd,27,3,1,False,0,0,0,0.0,0.0
1,fd:512,fd,27,3,1,False,0,0,0,0.0,0.0
1,mcv:978,mcv,1208,2,3,False,0,0,0,0.0,0.0
1,mcv:999,mcv,200,4,1,False,0,0,0,0.0,0.0
1,fd:589,fd,27,2,1,False,0,0,0,0.0,0.0
1,mcv:1657,mcv,392,2,1,False,0,0,0,0.0,0.0
1,mcv:489,mcv,270,5,1,False,0,0,0,0.0,0.0
1,fd:188,fd,27,5,1,True,0,0,0,0.0,0.0
1,fd:404,fd,27,4,1,False,0,0,0,0.0,0.0
1,mcv:336,mcv,174,5,2,True,2,1,1,0.00015755431368691397,0.01457314578950708
1,mcv:213,mcv,556,6,1,False,0,0,0,0.0,0.0
1,mcv:1437,mcv,686,2,2,False,0,0,0,0.0,0.0
1,mcv:6,mcv,842,9,2,False,0,0,0,0.0,0.0
1,mcv:1861,mcv,304,1,1,False,0,0,0,0.0,0.0
1,fd:665,fd,27,1,1,False,0,0,0,0.0,0.0
1,mcv:103,mcv,502,6,2,False,0,0,0,0.0,0.0
1,fd:217,fd,27,5,1,False,0,0,0,0.0,0.0
1,mcv:560,mcv,382,5,1,False,0,0,0,0.0,0.0
1,mcv:1436,mcv,418,2,2,False,0,0,0,0.0,0.0
1,mcv:689,mcv,444,4,1,False,0,0,0,0.0,0.0
1,fd:84,fd,27,6,1,True,0,0,0,0.0,0.0
1,mcv:1454,mcv,196,3,1,False,0,0,0,0.0,0.0
1,fd:135,fd,27,5,2,False,0,0,0,0.0,0.0
1,mcv:215,mcv,304,6,1,False,0,0,0,0.0,0.0
1,mcv:100,mcv,396,7,1,False,0,0,0,0.0,0.0
1,mcv:1674,mcv,708,1,2,False,0,0,0,0.0,0.0
1,mcv:143,mcv,196,6,2,False,0,0,0,0.0,0.0
1,mcv:101,mcv,562,7,1,False,0,0,0,0.0,0.0
1,mcv:988,mcv,344,3,2,False,0,0,0,0.0,0.0
1,fd:546,fd,27,2,2,False,0,0,0,0.0,0.0
1,mcv:678,mcv,326,4,1,False,0,0,0,0.0,0.0
1,mcv:1171,mcv,222,3,1,False,0,0,0,0.0,0.0
1,mcv:340,mcv,248,6,1,False,0,0,0,0.0,0.0
1,mcv:104,mcv,734,7,1,False,0,0,0,0.0,0.0
1,fd:491,fd,27,3,1,False,0,0,0,0.0,0.0
1,fd:384,fd,41,4,1,False,0,0,0,0.0,0.0
1,mcv:969,mcv,660,4,1,False,0,0,0,0.0,0.0
1,mcv:1168,mcv,512,3,1,False,0,0,0,0.0,0.0
1,mcv:1163,mcv,444,3,1,False,0,0,0,0.0,0.0
1,fd:649,fd,41,2,1,False,0,0,0,0.0,0.0
1,fd:199,fd,27,5,1,False,0,0,0,0.0,0.0
1,mcv:1501,mcv,514,2,1,False,0,0,0,0.0,0.0
1,fd:754,fd,27,0,1,False,0,0,0,0.0,0.0
1,mcv:2042,mcv,2000,1,1,False,0,0,0,0.0,0.0
1,fd:200,fd,41,5,1,True,0,0,0,0.0,0.0
1,fd:462,fd,27,3,1,False,0,0,0,0.0,0.0
1,mcv:1309,mcv,720,3,1,False,0,0,0,0.0,0.0
1,mcv:2247,mcv,348,0,1,False,0,0,0,0.0,0.0
1,fd:157,fd,27,5,1,False,0,0,0,0.0,0.0
1,mcv:685,mcv,668,4,1,False,0,0,0,0.0,0.0
1,fd:69,fd,27,7,1,True,0,0,0,0.0,0.0
1,mcv:524,mcv,808,5,1,False,0,0,0,0.0,0.0
1,mcv:393,mcv,644,5,1,False,0,0,0,0.0,0.0
1,fd:431,fd,27,3,1,False,0,0,0,0.0,0.0
1,mcv:523,mcv,448,5,1,True,1,0,1,0.0,0.005137549308234846
1,mcv:1805,mcv,604,2,1,False,0,0,0,0.0,0.0
1,mcv:684,mcv,396,3,2,False,0,0,0,0.0,0.0
1,mcv:1071,mcv,356,3,1,False,0,0,0,0.0,0.0
1,mcv:1166,mcv,196,3,1,False,0,0,0,0.0,0.0
1,fd:461,fd,27,3,1,True,0,0,0,0.0,0.0
1,mcv:252,mcv,740,6,1,False,0,0,0,0.0,0.0
1,mcv:177,mcv,854,7,1,False,0,0,0,0.0,0.0
1,fd:529,fd,27,3,1,False,0,0,0,0.0,0.0
1,mcv:1403,mcv,620,3,1,False,0,0,0,0.0,0.0
1,mcv:855,mcv,222,4,1,False,0,0,0,0.0,0.0
1,mcv:1198,mcv,1414,3,1,False,0,0,0,0.0,0.0
1,fd:324,fd,27,4,1,False,0,0,0,0.0,0.0
1,mcv:1681,mcv,554,2,1,False,0,0,0,0.0,0.0
1,mcv:1265,mcv,432,3,1,False,0,0,0,0.0,0.0
1,mcv:469,mcv,856,5,1,True,1,0,1,0.0,0.07351881368464785
1,fd:307,fd,27,4,1,False,0,0,0,0.0,0.0
1,mcv:55,mcv,856,8,1,False,0,0,0,0.0,0.0
1,mcv:1263,mcv,1002,3,1,True,0,0,0,0.0,0.0
1,mcv:1259,mcv,344,3,1,False,0,0,0,0.0,0.0
1,mcv:1862,mcv,536,1,1,False,0,0,0,0.0,0.0
1,fd:596,fd,27,2,1,False,0,0,0,0.0,0.0
1,mcv:787,mcv,614,4,1,False,0,0,0,0.0,0.0
1,mcv:790,mcv,1804,4,1,False,0,0,0,0.0,0.0
1,mcv:600,mcv,288,5,1,False,0,0,0,0.0,0.0
1,fd:118,fd,41,5,2,True,1,0,1,0.0,0.9402266549482761
1,mcv:1845,mcv,988,1,1,False,0,0,0,0.0,0.0
1,mcv:306,mcv,148,5,2,False,0,0,0,0.0,0.0
1,fd:741,fd,27,0,1,False,0,0,0,0.0,0.0
1,mcv:2130,mcv,448,0,1,False,0,0,0,0.0,0.0
1,mcv:239,mcv,218,5,2,False,0,0,0,0.0,0.0
1,mcv:1140,mcv,292,3,1,False,0,0,0,0.0,0.0
1,mcv:1918,mcv,218,1,1,True,1,1,0,0.03946782649359726,0.0
1,mcv:1541,mcv,270,2,1,False,0,0,0,0.0,0.0
1,mcv:1675,mcv,274,2,1,False,0,0,0,0.0,0.0
1,mcv:1540,mcv,218,2,1,False,0,0,0,0.0,0.0
1,fd:401,fd,27,4,1,False,0,0,0,0.0,0.0
1,mcv:192,mcv,1408,6,1,False,0,0,0,0.0,0.0
1,mcv:995,mcv,304,4,1,False,0,0,0,0.0,0.0
1,mcv:1632,mcv,738,2,1,False,0,0,0,0.0,0.0
1,mcv:1415,mcv,1386,3,1,False,0,0,0,0.0,0.0
1,fd:473,fd,27,2,2,False,0,0,0,0.0,0.0
1,mcv:1413,mcv,526,2,2,False,0,0,0,0.0,0.0
1,mcv:1223,mcv,278,2,2,False,0,0,0,0.0,0.0
1,mcv:871,mcv,1236,4,1,False,0,0,0,0.0,0.0
1,fd:533,fd,27,2,2,False,0,0,0,0.0,0.0
1,mcv:1589,mcv,170,2,1,False,0,0,0,0.0,0.0
1,mcv:2169,mcv,148,0,1,False,0,0,0,0.0,0.0
1,mcv:484,mcv,646,5,1,False,0,0,0,0.0,0.0
1,mcv:1306,mcv,646,3,1,False,0,0,0,0.0,0.0
1,mcv:526,mcv,378,5,1,False,0,0,0,0.0,0.0
1,mcv:1377,mcv,572,3,1,True,0,0,0,0.0,0.0
1,fd:519,fd,27,3,1,False,0,0,0,0.0,0.0
1,mcv:1217,mcv,476,3,1,False,0,0,0,0.0,0.0
1,fd:295,fd,27,4,1,False,0,0,0,0.0,0.0
1,fd:319,fd,27,4,1,True,0,0,0,0.0,0.0
1,fd:440,fd,27,3,1,False,0,0,0,0.0,0.0
1,mcv:1888,mcv,340,1,1,False,0,0,0,0.0,0.0
1,fd:378,fd,27,4,1,False,0,0,0,0.0,0.0
1,mcv:745,mcv,314,4,1,False,0,0,0,0.0,0.0
1,mcv:939,mcv,274,4,1,True,0,0,0,0.0,0.0
1,mcv:1105,mcv,296,3,1,False,0,0,0,0.0,0.0
1,fd:163,fd,27,5,1,False,0,0,0,0.0,0.0
1,mcv:226,mcv,252,6,1,True,1,0,1,0.0,0.04491953758489764
1,mcv:1914,mcv,344,1,1,False,0,0,0,0.0,0.0
1,fd:400,fd,27,4,1,False,0,0,0,0.0,0.0
1,mcv:954,mcv,222,4,1,False,0,0,0,0.0,0.0
1,fd:438,fd,27,3,1,False,0,0,0,0.0,0.0
1,mcv:415,mcv,730,5,1,False,0,0,0,0.0,0.0
1,fd:523,fd,27,3,1,True,0,0,0,0.0,0.0
1,fd:89,fd,41,6,1,False,0,0,0,0.0,0.0
1,mcv:1391,mcv,226,3,1,False,0,0,0,0.0,0.0
1,mcv:1144,mcv,196,3,1,False,0,0,0,0.0,0.0
1,mcv:1392,mcv,274,3,1,False,0,0,0,0.0,0.0
1,fd:726,fd,27,1,1,True,0,0,0,0.0,0.0
1,mcv:281,mcv,178,6,1,False,0,0,0,0.0,0.0
1,mcv:844,mcv,362,4,1,False,0,0,0,0.0,0.0
1,mcv:748,mcv,388,4,1,False,0,0,0,0.0,0.0
1,fd:371,fd,41,4,1,False,0,0,0,0.0,0.0
1,mcv:108,mcv,572,7,1,False,0,0,0,0.0,0.0
1,mcv:994,mcv,174,4,1,False,0,0,0,0.0,0.0
1,mcv:1109,mcv,958,3,1,True,0,0,0,0.0,0.0
1,mcv:2084,mcv,532,1,1,False,0,0,0,0.0,0.0
1,mcv:224,mcv,292,6,1,False,0,0,0,0.0,0.0
1,mcv:479,mcv,690,5,1,False,0,0,0,0.0,0.0
1,mcv:823,mcv,244,4,1,False,0,0,0,0.0,0.0
1,mcv:1376,mcv,218,3,1,False,0,0,0,0.0,0.0
1,mcv:1665,mcv,436,2,1,False,0,0,0,0.0,0.0
1,mcv:1869,mcv,1020,1,1,False,0,0,0,0.0,0.0
1,mcv:1664,mcv,996,2,1,False,0,0,0,0.0,0.0
1,mcv:1211,mcv,1242,3,1,False,0,0,0,0.0,0.0
1,fd:104,fd,41,6,1,False,0,0,0,0.0,0.0
1,mcv:839,mcv,1286,4,1,False,0,0,0,0.0,0.0
1,mcv:1352,mcv,650,3,1,False,0,0,0,0.0,0.0
1,mcv:69,mcv,908,8,1,False,0,0,0,0.0,0.0
1,mcv:271,mcv,804,6,1,True,0,0,0,0.0,0.0
1,mcv:1080,mcv,838,3,1,False,0,0,0,0.0,0.0
1,mcv:8,mcv,952,10,1,False,0,0,0,0.0,0.0
1,mcv:691,mcv,958,4,1,True,0,0,0,0.0,0.0
1,mcv:1209,mcv,1072,3,1,False,0,0,0,0.0,0.0
1,fd:25,fd,27,8,1,False,0,0,0,0.0,0.0
1,mcv:1079,mcv,1168,3,1,False,0,0,0,0.0,0.0
1,mcv:742,mcv,462,4,1,False,0,0,0,0.0,0.0
1,mcv:2099,mcv,406,1,1,False,0,0,0,0.0,0.0
1,mcv:964,mcv,226,4,1,False,0,0,0,0.0,0.0
1,mcv:802,mcv,462,4,1,False,0,0,0,0.0,0.0
1,mcv:1618,mcv,620,2,1,False,0,0,0,0.0,0.0
1,mcv:1954,mcv,800,1,1,False,0,0,0,0.0,0.0
1,mcv:30,mcv,912,9,1,False,0,0,0,0.0,0.0
1,mcv:893,mcv,766,4,1,False,0,0,0,0.0,0.0
1,mcv:537,mcv,714,5,1,False,0,0,0,0.0,0.0
1,mcv:533,mcv,384,5,1,False,0,0,0,0.0,0.0
1,mcv:2241,mcv,956,0,1,False,0,0,0,0.0,0.0
1,mcv:1714,mcv,318,2,1,False,0,0,0,0.0,0.0
1,mcv:962,mcv,248,4,1,False,0,0,0,0.0,0.0
1,fd:736,fd,27,1,1,False,0,0,0,0.0,0.0
1,mcv:2096,mcv,850,1,1,False,0,0,0,0.0,0.0
1,mcv:1292,mcv,588,3,1,False,0,0,0,0.0,0.0
1,fd:358,fd,27,4,1,False,0,0,0,0.0,0.0
1,mcv:520,mcv,226,5,1,False,0,0,0,0.0,0.0
1,fd:402,fd,41,4,1,True,0,0,0,0.0,0.0
1,mcv:532,mcv,964,5,1,False,0,0,0,0.0,0.0
1,mcv:902,mcv,652,4,1,False,0,0,0,0.0,0.0
1,mcv:1709,mcv,222,2,1,False,0,0,0,0.0,0.0
1,mcv:2112,mcv,148,1,1,False,0,0,0,0.0,0.0
1,mcv:911,mcv,382,4,1,False,0,0,0,0.0,0.0
1,mcv:1699,mcv,248,2,1,False,0,0,0,0.0,0.0
1,mcv:880,mcv,196,4,1,False,0,0,0,0.0,0.0
1,mcv:1443,mcv,396,3,1,False,0,0,0,0.0,0.0
1,mcv:521,mcv,300,5,1,False,0,0,0,0.0,0.0
1,fd:488,fd,41,3,1,True,1,0,1,0.0,16.569362889023353
1,fd:335,fd,27,4,1,False,0,0,0,0.0,0.0
1,mcv:1701,mcv,1148,2,1,False,0,0,0,0.0,0.0
1,mcv:997,mcv,178,4,1,False,0,0,0,0.0,0.0
1,mcv:874,mcv,196,4,1,False,0,0,0,0.0,0.0
1,fd:255,fd,27,5,1,False,0,0,0,0.0,0.0
1,mcv:2031,mcv,384,1,1,False,0,0,0,0.0,0.0
1,mcv:2045,mcv,218,1,1,False,0,0,0,0.0,0.0
1,mcv:617,mcv,366,5,1,False,0,0,0,0.0,0.0
1,mcv:951,mcv,196,4,1,False,0,0,0,0.0,0.0
1,fd:204,fd,27,5,1,False,0,0,0,0.0,0.0
1,fd:605,fd,27,2,1,False,0,0,0,0.0,0.0
1,mcv:611,mcv,200,5,1,False,0,0,0,0.0,0.0
1,fd:549,fd,27,3,1,False,0,0,0,0.0,0.0
1,fd:740,fd,27,1,1,False,0,0,0,0.0,0.0
1,mcv:1698,mcv,620,2,1,False,0,0,0,0.0,0.0
1,fd:608,fd,27,2,1,False,0,0,0,0.0,0.0
1,mcv:530,mcv,414,5,1,True,1,1,0,2381.3735251586686,0.0
1,mcv:293,mcv,540,6,1,False,0,0,0,0.0,0.0
1,mcv:2210,mcv,292,0,1,False,0,0,0,0.0,0.0
2,fd:31,fd,27,5,4,False,0,0,0,0.0,0.0
2,mcv:966,mcv,352,2,3,False,0,0,0,0.0,0.0
2,fd:281,fd,41,4,1,False,0,0,0,0.0,0.0
2,fd:635,fd,41,1,2,False,0,0,0,0.0,0.0
2,mcv:1661,mcv,620,1,2,False,0,0,0,0.0,0.0
2,fd:591,fd,27,2,1,False,0,0,0,0.0,0.0
2,mcv:81,mcv,322,5,4,False,0,0,0,0.0,0.0
2,mcv:17,mcv,392,7,3,False,0,0,0,0.0,0.0
2,fd:534,fd,41,3,1,False,0,0,0,0.0,0.0
2,fd:385,fd,41,2,3,False,0,0,0,0.0,0.0
2,fd:657,fd,27,1,2,False,0,0,0,0.0,0.0
2,fd:482,fd,27,2,2,False,0,0,0,0.0,0.0
2,fd:634,fd,27,0,3,False,0,0,0,0.0,0.0
2,mcv:1416,mcv,642,3,1,False,0,0,0,0.0,0.0
2,fd:604,fd,27,2,1,False,0,0,0,0.0,0.0
2,mcv:680,mcv,478,4,1,False,0,0,0,0.0,0.0
2,mcv:179,mcv,674,2,6,False,0,0,0,0.0,0.0
2,mcv:1270,mcv,664,2,2,False,0,0,0,0.0,0.0
2,fd:701,fd,27,0,2,False,0,0,0,0.0,0.0
2,mcv:182,mcv,244,3,5,False,0,0,0,0.0,0.0
2,mcv:2034,mcv,366,1,1,False,0,0,0,0.0,0.0
2,mcv:606,mcv,1000,4,2,False,0,0,0,0.0,0.0
2,mcv:689,mcv,444,4,1,False,0,0,0,0.0,0.0
2,mcv:1774,mcv,304,0,3,False,0,0,0,0.0,0.0
2,mcv:688,mcv,444,3,2,False,0,0,0,0.0,0.0
2,mcv:1668,mcv,572,2,1,False,0,0,0,0.0,0.0
2,mcv:1697,mcv,292,1,2,False,0,0,0,0.0,0.0
2,fd:637,fd,27,2,1,False,0,0,0,0.0,0.0
2,fd:318,fd,41,2,3,False,0,0,0,0.0,0.0
2,mcv:970,mcv,512,2,3,False,0,0,0,0.0,0.0
2,mcv:290,mcv,388,5,2,False,0,0,0,0.0,0.0
2,mcv:955,mcv,148,3,2,False,0,0,0,0.0,0.0
2,mcv:1804,mcv,326,2,1,False,0,0,0,0.0,0.0
2,mcv:47,mcv,434,5,4,False,0,0,0,0.0,0.0
2,fd:648,fd,27,2,1,False,0,0,0,0.0,0.0
2,mcv:1826,mcv,296,1,2,False,0,0,0,0.0,0.0
2,mcv:685,mcv,668,3,2,False,0,0,0,0.0,0.0
2,mcv:841,mcv,330,2,3,False,0,0,0,0.0,0.0
2,mcv:840,mcv,356,4,1,False,0,0,0,0.0,0.0
2,fd:639,fd,27,1,2,False,0,0,0,0.0,0.0
2,fd:379,fd,41,3,2,False,0,0,0,0.0,0.0
2,mcv:1779,mcv,200,1,2,False,0,0,0,0.0,0.0
2,mcv:1299,mcv,634,1,3,False,0,0,0,0.0,0.0
2,mcv:1777,mcv,200,2,1,False,0,0,0,0.0,0.0
2,fd:381,fd,27,2,3,False,0,0,0,0.0,0.0
2,mcv:84,mcv,222,6,3,False,0,0,0,0.0,0.0
2,mcv:99,mcv,492,5,3,False,0,0,0,0.0,0.0
2,mcv:1298,mcv,304,2,2,False,0,0,0,0.0,0.0
2,mcv:683,mcv,304,4,1,False,0,0,0,0.0,0.0
2,mcv:1667,mcv,388,2,1,False,0,0,0,0.0,0.0
2,mcv:1775,mcv,512,1,2,False,0,0,0,0.0,0.0
2,mcv:2009,mcv,278,0,2,False,0,0,0,0.0,0.0
2,mcv:1694,mcv,226,2,1,False,0,0,0,0.0,0.0
2,mcv:394,mcv,418,3,3,False,0,0,0,0.0,0.0
2,fd:14,fd,27,4,6,False,0,0,0,0.0,0.0
2,mcv:856,mcv,274,4,1,False,0,0,0,0.0,0.0
2,mcv:1647,mcv,616,2,1,False,0,0,0,0.0,0.0
2,mcv:1676,mcv,526,2,1,False,0,0,0,0.0,0.0
2,mcv:1742,mcv,362,1,2,False,0,0,0,0.0,0.0
2,mcv:1646,mcv,366,2,1,False,0,0,0,0.0,0.0
2,mcv:46,mcv,634,6,3,False,0,0,0,0.0,0.0
2,mcv:2053,mcv,772,1,1,False,0,0,0,0.0,0.0
2,fd:427,fd,27,2,2,False,0,0,0,0.0,0.0
2,fd:321,fd,27,4,1,False,0,0,0,0.0,0.0
2,mcv:852,mcv,244,4,1,False,0,0,0,0.0,0.0
2,mcv:827,mcv,432,3,2,False,0,0,0,0.0,0.0
2,fd:588,fd,27,2,1,False,0,0,0,0.0,0.0
2,fd:592,fd,27,2,1,False,0,0,0,0.0,0.0
2,mcv:1068,mcv,330,3,1,False,0,0,0,0.0,0.0
2,mcv:396,mcv,492,5,1,True,1,1,0,0.004926336538821907,0.0
2,mcv:1067,mcv,562,2,2,False,0,0,0,0.0,0.0
2,fd:428,fd,27,3,1,False,0,0,0,0.0,0.0
2,mcv:34,mcv,536,4,6,True,6,3,3,0.2605803062238303,0.2983522985806184
2,mcv:136,mcv,926,6,2,False,0,0,0,0.0,0.0
2,mcv:589,mcv,452,4,2,False,0,0,0,0.0,0.0
2,mcv:1148,mcv,170,3,1,False,0,0,0,0.0,0.0
2,mcv:416,mcv,344,3,3,False,0,0,0,0.0,0.0
2,fd:402,fd,41,4,1,False,0,0,0,0.0,0.0
2,mcv:186,mcv,200,5,3,False,0,0,0,0.0,0.0
2,mcv:425,mcv,422,4,2,False,0,0,0,0.0,0.0
2,mcv:187,mcv,148,5,3,False,0,0,0,0.0,0.0
2,fd:242,fd,27,4,2,True,0,0,0,0.0,0.0
2,fd:75,fd,27,5,3,False,0,0,0,0.0,0.0
2,mcv:1388,mcv,374,3,1,False,0,0,0,0.0,0.0
2,fd:290,fd,27,4,1,False,0,0,0,0.0,0.0
2,mcv:243,mcv,200,6,1,False,0,0,0,0.0,0.0
2,fd:241,fd,27,4,2,True,0,0,0,0.0,0.0
2,mcv:242,mcv,170,6,1,False,0,0,0,0.0,0.0
2,mcv:1533,mcv,694,1,2,False,0,0,0,0.0,0.0
2,mcv:714,mcv,314,3,2,False,0,0,0,0.0,0.0
2,mcv:1121,mcv,148,3,1,False,0,0,0,0.0,0.0
2,mcv:732,mcv,148,4,1,False,0,0,0,0.0,0.0
2,mcv:426,mcv,200,5,1,False,0,0,0,0.0,0.0
2,fd:168,fd,27,5,1,False,0,0,0,0.0,0.0
2,mcv:1527,mcv,314,2,1,False,0,0,0,0.0,0.0
2,mcv:109,mcv,270,5,3,True,3,1,2,0.0004903366635937711,0.010150843819584088
2,mcv:997,mcv,178,4,1,False,0,0,0,0.0,0.0
2,fd:453,fd,27,3,1,False,0,0,0,0.0,0.0
2,fd:167,fd,27,4,2,False,0,0,0,0.0,0.0
2,mcv:590,mcv,378,4,2,False,0,0,0,0.0,0.0
2,mcv:224,mcv,292,4,3,False,0,0,0,0.0,0.0
2,mcv:227,mcv,170,5,2,False,0,0,0,0.0,0.0
2,fd:76,fd,27,5,3,False,0,0,0,0.0,0.0
2,mcv:1554,mcv,462,2,1,False,0,0,0,0.0,0.0
2,fd:578,fd,27,1,2,False,0,0,0,0.0,0.0
2,mcv:1782,mcv,300,2,1,False,0,0,0,0.0,0.0
2,mcv:340,mcv,248,6,1,False,0,0,0,0.0,0.0
2,mcv:822,mcv,384,3,2,False,0,0,0,0.0,0.0
2,mcv:1688,mcv,304,2,1,False,0,0,0,0.0,0.0
2,mcv:1643,mcv,300,2,1,False,0,0,0,0.0,0.0
2,mcv:515,mcv,222,4,2,False,0,0,0,0.0,0.0
2,mcv:1594,mcv,200,1,2,False,0,0,0,0.0,0.0
2,fd:10,fd,27,7,3,False,0,0,0,0.0,0.0
2,mcv:1176,mcv,196,3,1,False,0,0,0,0.0,0.0
2,fd:601,fd,41,2,1,False,0,0,0,0.0,0.0
2,mcv:2170,mcv,304,0,1,False,0,0,0,0.0,0.0
2,mcv:1421,mcv,330,3,1,False,0,0,0,0.0,0.0
2,fd:195,fd,27,4,2,True,2,1,1,0.011292234560835945,0.007519297191226126
2,mcv:54,mcv,196,6,3,False,0,0,0,0.0,0.0
2,fd:745,fd,27,0,1,False,0,0,0,0.0,0.0
2,mcv:22,mcv,314,8,2,False,0,0,0,0.0,0.0
2,fd:22,fd,27,6,3,True,1,0,1,0.0,0.015671468483985818
2,mcv:134,mcv,358,5,3,False,0,0,0,0.0,0.0
2,mcv:1584,mcv,266,1,2,False,0,0,0,0.0,0.0
2,mcv:27,mcv,248,7,3,False,0,0,0,0.0,0.0
2,mcv:1099,mcv,418,3,1,False,0,0,0,0.0,0.0
2,mcv:1370,mcv,222,2,2,False,0,0,0,0.0,0.0
2,fd:438,fd,27,3,1,False,0,0,0,0.0,0.0
2,fd:436,fd,27,3,1,False,0,0,0,0.0,0.0
2,mcv:413,mcv,384,5,1,True,0,0,0,0.0,0.0
2,fd:364,fd,27,4,1,False,0,0,0,0.0,0.0
2,mcv:165,mcv,218,5,3,False,0,0,0,0.0,0.0
2,mcv:1658,mcv,296,2,1,False,0,0,0,0.0,0.0
2,mcv:139,mcv,432,6,2,False,0,0,0,0.0,0.0
2,fd:88,fd,27,4,3,False,0,0,0,0.0,0.0
2,mcv:38,mcv,196,9,1,False,0,0,0,0.0,0.0
2,mcv:926,mcv,218,4,1,False,0,0,0,0.0,0.0
2,mcv:1105,mcv,296,3,1,False,0,0,0,0.0,0.0
2,mcv:1652,mcv,344,2,1,False,0,0,0,0.0,0.0
2,mcv:563,mcv,244,5,1,False,0,0,0,0.0,0.0
2,fd:222,fd,27,3,3,False,0,0,0,0.0,0.0
2,mcv:223,mcv,340,4,3,False,0,0,0,0.0,0.0
2,mcv:565,mcv,244,3,3,False,0,0,0,0.0,0.0
2,mcv:499,mcv,366,5,1,False,0,0,0,0.0,0.0
2,fd:220,fd,27,5,1,False,0,0,0,0.0,0.0
2,mcv:530,mcv,414,5,1,True,0,0,0,0.0,0.0
2,mcv:178,mcv,512,5,3,False,0,0,0,0.0,0.0
2,fd:714,fd,27,1,1,False,0,0,0,0.0,0.0
2,fd:70,fd,27,5,3,False,0,0,0,0.0,0.0
2,mcv:40,mcv,840,8,2,True,2,1,1,0.3233121095447551,0.26835846526083196
2,fd:18,fd,27,8,2,False,0,0,0,0.0,0.0
2,fd:204,fd,27,5,1,False,0,0,0,0.0,0.0
2,mcv:879,mcv,714,4,1,False,0,0,0,0.0,0.0
2,mcv:183,mcv,506,5,3,False,0,0,0,0.0,0.0
2,mcv:988,mcv,344,4,1,False,0,0,0,0.0,0.0
2,fd:496,fd,27,3,1,False,0,0,0,0.0,0.0
2,mcv:2044,mcv,174,1,1,False,0,0,0,0.0,0.0
2,mcv:621,mcv,222,4,2,False,0,0,0,0.0,0.0
2,mcv:1321,mcv,270,3,1,False,0,0,0,0.0,0.0
2,fd:73,fd,27,5,3,False,0,0,0,0.0,0.0
2,mcv:798,mcv,382,3,2,False,0,0,0,0.0,0.0
2,mcv:557,mcv,628,5,1,False,0,0,0,0.0,0.0
2,mcv:470,mcv,620,5,1,False,0,0,0,0.0,0.0
2,mcv:269,mcv,1312,5,2,False,0,0,0,0.0,0.0
2,fd:309,fd,27,3,2,False,0,0,0,0.0,0.0
2,mcv:7,mcv,738,8,3,True,3,0,1,0.0,0.42304714875411786
2,mcv:285,mcv,266,6,1,False,0,0,0,0.0,0.0
2,fd:122,fd,27,6,1,False,0,0,0,0.0,0.0
2,mcv:1679,mcv,174,2,1,False,0,0,0,0.0,0.0
2,mcv:851,mcv,452,3,2,False,0,0,0,0.0,0.0
2,fd:310,fd,27,3,2,False,0,0,0,0.0,0.0
2,fd:107,fd,27,6,1,True,0,0,0,0.0,0.0
2,mcv:968,mcv,322,3,2,False,0,0,0,0.0,0.0
2,mcv:172,mcv,174,4,4,False,0,0,0,0.0,0.0
2,mcv:1615,mcv,330,1,2,False,0,0,0,0.0,0.0
2,fd:383,fd,27,3,2,False,0,0,0,0.0,0.0
2,mcv:313,mcv,382,6,1,False,0,0,0,0.0,0.0
2,mcv:2021,mcv,304,1,1,False,0,0,0,0.0,0.0
2,mcv:1728,mcv,460,2,1,False,0,0,0,0.0,0.0
2,mcv:283,mcv,244,6,1,False,0,0,0,0.0,0.0
2,fd:66,fd,27,4,4,False,0,0,0,0.0,0.0
2,fd:579,fd,27,1,2,False,0,0,0,0.0,0.0
2,mcv:1780,mcv,174,2,1,False,0,0,0,0.0,0.0
2,mcv:1618,mcv,620,1,2,False,0,0,0,0.0,0.0
2,fd:320,fd,27,3,2,False,0,0,0,0.0,0.0
2,mcv:592,mcv,300,5,1,False,0,0,0,0.0,0.0
2,fd:595,fd,27,2,1,False,0,0,0,0.0,0.0
2,mcv:2234,mcv,266,0,1,False,0,0,0,0.0,0.0
2,mcv:797,mcv,488,3,2,False,0,0,0,0.0,0.0
2,mcv:1403,mcv,620,3,1,False,0,0,0,0.0,0.0
2,mcv:1625,mcv,436,2,1,False,0,0,0,0.0,0.0
2,mcv:171,mcv,804,6,2,False,0,0,0,0.0,0.0
2,mcv:404,mcv,388,4,2,False,0,0,0,0.0,0.0
2,fd:341,fd,27,3,2,False,0,0,0,0.0,0.0
2,mcv:1713,mcv,252,2,1,True,0,0,0,0.0,0.0
2,mcv:127,mcv,694,6,2,False,0,0,0,0.0,0.0
2,fd:207,fd,27,5,1,False,0,0,0,0.0,0.0
2,fd:610,fd,41,2,1,False,0,0,0,0.0,0.0
2,fd:46,fd,27,6,2,False,0,0,0,0.0,0.0
2,mcv:692,mcv,708,2,3,False,0,0,0,0.0,0.0
2,mcv:476,mcv,572,4,2,False,0,0,0,0.0,0.0
2,mcv:533,mcv,384,4,2,False,0,0,0,0.0,0.0
2,mcv:1250,mcv,344,3,1,False,0,0,0,0.0,0.0
2,mcv:1082,mcv,550,2,2,False,0,0,0,0.0,0.0
2,mcv:539,mcv,642,5,1,False,0,0,0,0.0,0.0
2,mcv:1207,mcv,804,3,1,False,0,0,0,0.0,0.0
2,mcv:885,mcv,222,3,2,False,0,0,0,0.0,0.0
2,mcv:1993,mcv,1006,1,1,False,0,0,0,0.0,0.0
2,mcv:1078,mcv,322,2,2,True,0,0,0,0.0,0.0
2,mcv:809,mcv,500,4,1,True,1,0,1,0.0,0.10220224050398263
2,fd:529,fd,27,3,1,False,0,0,0,0.0,0.0
2,mcv:1076,mcv,594,2,2,False,0,0,0,0.0,0.0
2,mcv:940,mcv,274,4,1,True,1,0,1,0.0,0.00118158406160207
2,mcv:471,mcv,466,4,2,False,0,0,0,0.0,0.0
2,mcv:1953,mcv,488,1,1,False,0,0,0,0.0,0.0
2,fd:476,fd,41,3,1,False,0,0,0,0.0,0.0
2,fd:316,fd,27,4,1,False,0,0,0,0.0,0.0
2,mcv:5,mcv,414,9,2,False,0,0,0,0.0,0.0
2,fd:345,fd,27,4,1,False,0,0,0,0.0,0.0
2,mcv:803,mcv,620,4,1,False,0,0,0,0.0,0.0
2,mcv:400,mcv,616,3,3,False,0,0,0,0.0,0.0
2,fd:65,fd,27,6,2,True,0,0,0,0.0,0.0
2,mcv:1871,mcv,1138,1,1,False,0,0,0,0.0,0.0
2,mcv:1963,mcv,414,1,1,False,0,0,0,0.0,0.0
2,mcv:829,mcv,550,4,1,False,0,0,0,0.0,0.0
2,mcv:494,mcv,300,5,1,False,0,0,0,0.0,0.0
2,mcv:1214,mcv,1282,3,1,False,0,0,0,0.0,0.0
2,mcv:1206,mcv,786,3,1,False,0,0,0,0.0,0.0
2,mcv:894,mcv,694,4,1,False,0,0,0,0.0,0.0
2,mcv:795,mcv,804,4,1,False,0,0,0,0.0,0.0
2,mcv:67,mcv,384,7,2,False,0,0,0,0.0,0.0
2,mcv:691,mcv,958,4,1,True,1,1,0,0.0031510789486282054,0.0
2,mcv:135,mcv,572,5,3,False,0,0,0,0.0,0.0
2,fd:315,fd,27,4,1,False,0,0,0,0.0,0.0
2,fd:433,fd,27,2,2,False,0,0,0,0.0,0.0
2,mcv:1220,mcv,466,3,1,False,0,0,0,0.0,0.0
2,mcv:442,mcv,314,5,1,False,0,0,0,0.0,0.0
2,mcv:118,mcv,196,5,3,False,0,0,0,0.0,0.0
2,mcv:169,mcv,170,6,2,False,0,0,0,0.0,0.0
2,mcv:1423,mcv,552,2,2,False,0,0,0,0.0,0.0
2,fd:47,fd,27,7,1,False,0,0,0,0.0,0.0
2,fd:132,fd,41,4,3,False,0,0,0,0.0,0.0
2,mcv:325,mcv,590,4,3,False,0,0,0,0.0,0.0
2,mcv:1972,mcv,754,1,1,False,0,0,0,0.0,0.0
2,mcv:1201,mcv,522,3,1,False,0,0,0,0.0,0.0
2,mcv:272,mcv,358,6,1,False,0,0,0,0.0,0.0
2,mcv:573,mcv,292,2,4,False,0,0,0,0.0,0.0
2,mcv:1941,mcv,1058,1,1,False,0,0,0,0.0,0.0
2,fd:692,fd,27,1,1,False,0,0,0,0.0,0.0
2,mcv:1378,mcv,226,3,1,False,0,0,0,0.0,0.0
2,mcv:493,mcv,542,5,1,False,0,0,0,0.0,0.0
2,mcv:789,mcv,886,4,1,True,1,0,1,0.0,0.3002137143676673
2,mcv:820,mcv,266,4,1,False,0,0,0,0.0,0.0
2,fd:545,fd,41,3,1,True,0,0,0,0.0,0.0
2,mcv:1233,mcv,196,2,2,False,0,0,0,0.0,0.0
2,mcv:266,mcv,654,5,2,False,0,0,0,0.0,0.0
2,fd:538,fd,27,2,2,False,0,0,0,0.0,0.0
2,fd:3,fd,41,9,2,True,0,0,0,0.0,0.0
2,mcv:1979,mcv,1066,1,1,False,0,0,0,0.0,0.0
2,mcv:1633,mcv,406,2,1,False,0,0,0,0.0,0.0
2,mcv:1435,mcv,148,3,1,False,0,0,0,0.0,0.0
2,mcv:131,mcv,196,7,1,False,0,0,0,0.0,0.0
2,mcv:56,mcv,1128,7,2,False,0,0,0,0.0,0.0
2,mcv:9,mcv,512,9,2,False,0,0,0,0.0,0.0
2,mcv:823,mcv,244,4,1,False,0,0,0,0.0,0.0
2,fd:308,fd,41,4,1,False,0,0,0,0.0,0.0
2,mcv:463,mcv,790,4,2,False,0,0,0,0.0,0.0
2,mcv:270,mcv,488,5,2,False,0,0,0,0.0,0.0
2,mcv:1230,mcv,304,3,1,False,0,0,0,0.0,0.0
2,fd:128,fd,27,5,2,True,0,0,0,0.0,0.0
2,mcv:1802,mcv,296,1,2,False,0,0,0,0.0,0.0
2,mcv:915,mcv,274,2,3,False,0,0,0,0.0,0.0
2,mcv:917,mcv,218,4,1,False,0,0,0,0.0,0.0
2,mcv:130,mcv,288,4,4,True,3,1,2,0.004533755889025937,0.0015921015712281328
2,mcv:957,mcv,148,1,4,False,0,0,0,0.0,0.0
2,fd:474,fd,41,3,1,True,0,0,0,0.0,0.0
2,mcv:793,mcv,620,3,2,False,0,0,0,0.0,0.0
2,mcv:21,mcv,218,9,1,False,0,0,0,0.0,0.0
2,mcv:1635,mcv,174,2,1,False,0,0,0,0.0,0.0
2,mcv:319,mcv,174,5,2,False,0,0,0,0.0,0.0
2,mcv:1616,mcv,462,2,1,False,0,0,0,0.0,0.0
2,mcv:53,mcv,404,8,1,False,0,0,0,0.0,0.0
2,mcv:1292,mcv,588,3,1,False,0,0,0,0.0,0.0
2,fd:205,fd,27,4,2,False,0,0,0,0.0,0.0
2,mcv:1290,mcv,362,1,3,False,0,0,0,0.0,0.0
2,mcv:930,mcv,378,3,2,False,0,0,0,0.0,0.0
2,mcv:160,mcv,810,6,2,False,0,0,0,0.0,0.0
2,mcv:473,mcv,926,4,2,False,0,0,0,0.0,0.0
2,mcv:561,mcv,404,3,3,False,0,0,0,0.0,0.0
2,fd:38,fd,27,6,2,False,0,0,0,0.0,0.0
2,mcv:537,mcv,714,5,1,False,0,0,0,0.0,0.0
2,mcv:1168,mcv,512,3,1,False,0,0,0,0.0,0.0
2,mcv:1573,mcv,440,2,1,False,0,0,0,0.0,0.0
2,mcv:1387,mcv,786,2,2,False,0,0,0,0.0,0.0
2,fd:177,fd,27,4,2,False,0,0,0,0.0,0.0
2,mcv:1951,mcv,694,1,1,False,0,0,0,0.0,0.0
2,mcv:271,mcv,804,6,1,False,0,0,0,0.0,0.0
2,fd:488,fd,41,3,1,True,0,0,0,0.0,0.0
2,fd:115,fd,27,6,1,False,0,0,0,0.0,0.0
2,mcv:536,mcv,174,4,2,False,0,0,0,0.0,0.0
2,mcv:578,mcv,512,5,1,False,0,0,0,0.0,0.0
2,fd:462,fd,27,3,1,False,0,0,0,0.0,0.0
2,fd:123,fd,27,6,1,False,0,0,0,0.0,0.0
2,fd:62,fd,27,6,2,False,0,0,0,0.0,0.0
2,mcv:443,mcv,148,5,1,False,0,0,0,0.0,0.0
2,fd:580,fd,27,2,1,False,0,0,0,0.0,0.0
2,mcv:938,mcv,400,2,3,False,0,0,0,0.0,0.0
2,mcv:761,mcv,292,3,2,False,0,0,0,0.0,0.0
2,mcv:1294,mcv,226,2,2,False,0,0,0,0.0,0.0
2,mcv:312,mcv,382,4,3,False,0,0,0,0.0,0.0
2,mcv:314,mcv,768,6,1,False,0,0,0,0.0,0.0
2,mcv:44,mcv,340,8,1,False,0,0,0,0.0,0.0
2,mcv:28,mcv,540,9,1,False,0,0,0,0.0,0.0
2,mcv:300,mcv,196,6,1,False,0,0,0,0.0,0.0
2,mcv:1295,mcv,566,1,3,False,0,0,0,0.0,0.0
2,mcv:672,mcv,340,4,1,False,0,0,0,0.0,0.0
2,fd:4,fd,41,8,2,False,0,0,0,0.0,0.0
2,mcv:1056,mcv,936,3,1,True,1,0,1,0.0,0.5409697279721786
2,fd:365,fd,27,3,2,False,0,0,0,0.0,0.0
2,mcv:1619,mcv,462,2,1,False,0,0,0,0.0,0.0
2,fd:233,fd,41,5,1,False,0,0,0,0.0,0.0
2,mcv:1173,mcv,170,3,1,False,0,0,0,0.0,0.0
2,fd:121,fd,27,4,3,False,0,0,0,0.0,0.0
2,fd:104,fd,41,6,1,False,0,0,0,0.0,0.0
2,fd:218,fd,27,3,3,False,0,0,0,0.0,0.0
2,mcv:13,mcv,278,8,2,False,0,0,0,0.0,0.0
2,mcv:43,mcv,340,6,3,False,0,0,0,0.0,0.0
2,mcv:207,mcv,1036,6,1,False,0,0,0,0.0,0.0
2,mcv:208,mcv,654,6,1,False,0,0,0,0.0,0.0
2,mcv:444,mcv,378,4,2,False,0,0,0,0.0,0.0
2,mcv:95,mcv,682,6,2,False,0,0,0,0.0,0.0
2,mcv:1488,mcv,572,2,1,False,0,0,0,0.0,0.0
2,mcv:1302,mcv,248,2,2,False,0,0,0,0.0,0.0
2,mcv:1613,mcv,418,1,2,False,0,0,0,0.0,0.0
2,fd:539,fd,41,1,3,False,0,0,0,0.0,0.0
2,mcv:1385,mcv,148,2,2,False,0,0,0,0.0,0.0
2,mcv:1426,mcv,512,1,3,False,0,0,0,0.0,0.0
2,fd:370,fd,27,2,3,False,0,0,0,0.0,0.0
2,mcv:64,mcv,382,8,1,False,0,0,0,0.0,0.0
2,mcv:1153,mcv,422,2,2,False,0,0,0,0.0,0.0
2,mcv:1579,mcv,196,2,1,False,0,0,0,0.0,0.0
2,fd:528,fd,27,3,1,False,0,0,0,0.0,0.0
2,mcv:584,mcv,356,3,3,False,0,0,0,0.0,0.0
2,mcv:119,mcv,148,7,1,False,0,0,0,0.0,0.0
2,mcv:1395,mcv,838,3,1,False,0,0,0,0.0,0.0
2,mcv:2162,mcv,170,0,1,False,0,0,0,0.0,0.0
2,mcv:1401,mcv,460,3,1,True,1,1,0,0.0012182350669203146,0.0
2,mcv:2050,mcv,196,1,1,False,0,0,0,0.0,0.0
2,fd:455,fd,27,2,2,False,0,0,0,0.0,0.0
2,mcv:764,mcv,148,4,1,False,0,0,0,0.0,0.0
2,fd:368,fd,27,4,1,False,0,0,0,0.0,0.0
2,fd:12,fd,27,9,1,False,0,0,0,0.0,0.0
2,mcv:304,mcv,378,4,3,False,0,0,0,0.0,0.0
2,mcv:115,mcv,592,4,4,False,0,0,0,0.0,0.0
2,fd:574,fd,27,2,1,False,0,0,0,0.0,0.0
2,mcv:1167,mcv,548,3,1,False,0,0,0,0.0,0.0
2,fd:116,fd,27,4,3,False,0,0,0,0.0,0.0
2,mcv:1154,mcv,148,2,2,False,0,0,0,0.0,0.0
2,fd:175,fd,27,5,1,False,0,0,0,0.0,0.0
2,fd:16,fd,41,8,2,False,0,0,0,0.0,0.0
2,fd:237,fd,27,3,3,False,0,0,0,0.0,0.0
2,mcv:36,mcv,510,8,2,False,0,0,0,0.0,0.0
2,mcv:437,mcv,196,5,1,False,0,0,0,0.0,0.0
2,mcv:548,mcv,148,5,1,False,0,0,0,0.0,0.0
2,fd:715,fd,27,1,1,False,0,0,0,0.0,0.0
2,mcv:31,mcv,482,9,1,False,0,0,0,0.0,0.0
2,mcv:935,mcv,1082,4,1,False,0,0,0,0.0,0.0
2,mcv:755,mcv,170,3,2,False,0,0,0,0.0,0.0
2,mcv:97,mcv,362,7,1,False,0,0,0,0.0,0.0
2,mcv:1930,mcv,278,0,2,False,0,0,0,0.0,0.0
2,fd:278,fd,27,3,2,False,0,0,0,0.0,0.0
2,mcv:1462,mcv,218,1,3,False,0,0,0,0.0,0.0
2,fd:249,fd,27,4,2,False,0,0,0,0.0,0.0
2,mcv:14,mcv,410,8,2,True,2,1,1,0.0026608869702804405,9.674278489413268e-09
2,mcv:121,mcv,218,6,2,False,0,0,0,0.0,0.0
2,mcv:1581,mcv,170,2,1,True,1,1,0,4.088449756523005e-08,0.0
2,mcv:603,mcv,304,4,2,False,0,0,0,0.0,0.0
2,mcv:767,mcv,148,4,1,False,0,0,0,0.0,0.0
2,mcv:85,mcv,170,7,2,False,0,0,0,0.0,0.0
2,mcv:388,mcv,362,4,2,False,0,0,0,0.0,0.0
2,mcv:996,mcv,218,4,1,False,0,0,0,0.0,0.0
2,mcv:673,mcv,330,3,2,False,0,0,0,0.0,0.0
2,fd:682,fd,27,0,2,False,0,0,0,0.0,0.0
2,mcv:1789,mcv,958,2,1,False,0,0,0,0.0,0.0
2,fd:504,fd,27,2,2,False,0,0,0,0.0,0.0
2,fd:644,fd,27,2,1,False,0,0,0,0.0,0.0
2,fd:548,fd,27,2,2,False,0,0,0,0.0,0.0
2,mcv:2051,mcv,226,1,1,False,0,0,0,0.0,0.0
2,mcv:1343,mcv,326,2,2,False,0,0,0,0.0,0.0
2,mcv:1439,mcv,1388,2,2,False,0,0,0,0.0,0.0
2,fd:350,fd,27,4,1,False,0,0,0,0.0,0.0
2,mcv:981,mcv,404,3,2,False,0,0,0,0.0,0.0
2,mcv:963,mcv,410,4,1,False,0,0,0,0.0,0.0
2,mcv:899,mcv,418,4,1,False,0,0,0,0.0,0.0
2,fd:393,fd,27,3,2,False,0,0,0,0.0,0.0
2,fd:716,fd,27,1,1,False,0,0,0,0.0,0.0
2,mcv:1793,mcv,910,2,1,False,0,0,0,0.0,0.0
2,fd:352,fd,27,3,2,False,0,0,0,0.0,0.0
2,mcv:901,mcv,200,3,2,False,0,0,0,0.0,0.0
2,mcv:1461,mcv,400,3,1,False,0,0,0,0.0,0.0
2,mcv:534,mcv,606,5,1,False,0,0,0,0.0,0.0
2,mcv:886,mcv,300,3,2,False,0,0,0,0.0,0.0
2,mcv:883,mcv,196,4,1,False,0,0,0,0.0,0.0
2,mcv:16,mcv,304,8,2,False,0,0,0,0.0,0.0
2,fd:210,fd,27,4,2,False,0,0,0,0.0,0.0
2,mcv:1492,mcv,940,2,1,False,0,0,0,0.0,0.0
2,fd:491,fd,27,3,1,False,0,0,0,0.0,0.0
2,mcv:1305,mcv,466,2,2,False,0,0,0,0.0,0.0
2,mcv:1489,mcv,1054,2,1,False,0,0,0,0.0,0.0
2,mcv:15,mcv,418,8,2,False,0,0,0,0.0,0.0
2,fd:40,fd,41,5,3,False,0,0,0,0.0,0.0
2,fd:343,fd,27,4,1,False,0,0,0,0.0,0.0
2,mcv:1501,mcv,514,2,1,False,0,0,0,0.0,0.0
2,mcv:905,mcv,486,3,2,False,0,0,0,0.0,0.0
2,fd:536,fd,41,2,2,False,0,0,0,0.0,0.0
2,mcv:1309,mcv,720,3,1,False,0,0,0,0.0,0.0
2,mcv:888,mcv,500,4,1,False,0,0,0,0.0,0.0
2,fd:606,fd,27,1,2,False,0,0,0,0.0,0.0
2,mcv:96,mcv,594,6,2,True,2,0,2,0.0,0.11445871314363676
2,mcv:2109,mcv,706,1,1,False,0,0,0,0.0,0.0
2,fd:58,fd,27,6,2,True,1,0,1,0.0,0.0248062607499977
2,mcv:898,mcv,296,4,1,False,0,0,0,0.0,0.0
2,mcv:310,mcv,694,5,2,False,0,0,0,0.0,0.0
2,fd:339,fd,27,4,1,False,0,0,0,0.0,0.0
2,fd:157,fd,27,3,3,False,0,0,0,0.0,0.0
2,mcv:377,mcv,452,5,1,False,0,0,0,0.0,0.0
2,fd:348,fd,27,3,2,False,0,0,0,0.0,0.0
2,fd:120,fd,41,5,2,False,0,0,0,0.0,0.0
2,fd:354,fd,27,3,2,False,0,0,0,0.0,0.0
2,mcv:897,mcv,304,3,2,False,0,0,0,0.0,0.0
2,fd:39,fd,27,6,2,False,0,0,0,0.0,0.0
2,fd:349,fd,27,4,1,False,0,0,0,0.0,0.0
2,mcv:867,mcv,1356,3,2,False,0,0,0,0.0,0.0
2,mcv:1420,mcv,538,2,2,False,0,0,0,0.0,0.0
2,mcv:1705,mcv,482,1,2,False,0,0,0,0.0,0.0
2,mcv:393,mcv,644,3,3,False,0,0,0,0.0,0.0
2,mcv:156,mcv,430,6,2,False,0,0,0,0.0,0.0
2,mcv:1059,mcv,1128,3,1,False,0,0,0,0.0,0.0
2,fd:5,fd,27,8,2,False,0,0,0,0.0,0.0
2,mcv:2054,mcv,820,1,1,False,0,0,0,0.0,0.0
2,mcv:102,mcv,564,5,3,False,0,0,0,0.0,0.0
2,mcv:538,mcv,278,5,1,True,0,0,0,0.0,0.0
2,fd:198,fd,41,5,1,False,0,0,0,0.0,0.0
2,mcv:381,mcv,362,5,1,False,0,0,0,0.0,0.0
2,mcv:2104,mcv,352,1,1,False,0,0,0,0.0,0.0
2,mcv:1310,mcv,982,2,2,False,0,0,0,0.0,0.0
2,mcv:547,mcv,434,4,2,False,0,0,0,0.0,0.0
2,mcv:522,mcv,470,5,1,False,0,0,0,0.0,0.0
2,fd:206,fd,41,5,1,False,0,0,0,0.0,0.0
2,mcv:237,mcv,174,5,2,False,0,0,0,0.0,0.0
2,mcv:236,mcv,148,5,2,False,0,0,0,0.0,0.0
2,mcv:737,mcv,434,3,2,False,0,0,0,0.0,0.0
2,mcv:259,mcv,544,5,2,False,0,0,0,0.0,0.0
2,fd:93,fd,41,5,2,True,1,1,0,0.0003200734497170732,0.0
2,mcv:72,mcv,606,7,2,False,0,0,0,0.0,0.0
2,mcv:18,mcv,174,8,2,False,0,0,0,0.0,0.0
2,mcv:111,mcv,174,6,2,False,0,0,0,0.0,0.0
2,fd:466,fd,27,3,1,False,0,0,0,0.0,0.0
2,mcv:123,mcv,148,6,2,True,2,0,2,0.0,0.054322429557847496
2,fd:292,fd,27,3,2,False,0,0,0,0.0,0.0
2,mcv:906,mcv,522,3,2,False,0,0,0,0.0,0.0
2,mcv:122,mcv,540,6,2,False,0,0,0,0.0,0.0
2,mcv:1786,mcv,196,2,1,False,0,0,0,0.0,0.0
2,mcv:768,mcv,170,4,1,False,0,0,0,0.0,0.0
2,mcv:1346,mcv,540,2,2,True,1,0,1,0.0,0.029808149675720097
2,fd:360,fd,27,4,1,False,0,0,0,0.0,0.0
2,mcv:1197,mcv,218,3,1,False,0,0,0,0.0,0.0
2,mcv:779,mcv,196,3,2,False,0,0,0,0.0,0.0
2,mcv:232,mcv,148,3,4,False,0,0,0,0.0,0.0
2,mcv:566,mcv,244,3,3,False,0,0,0,0.0,0.0
2,mcv:1406,mcv,222,2,2,False,0,0,0,0.0,0.0
2,mcv:918,mcv,244,4,1,False,0,0,0,0.0,0.0
2,mcv:460,mcv,170,4,2,False,0,0,0,0.0,0.0
2,fd:506,fd,27,2,2,False,0,0,0,0.0,0.0
2,fd:223,fd,27,3,3,False,0,0,0,0.0,0.0
2,fd:43,fd,27,6,2,True,1,1,0,0.0027596615466429775,0.0
2,fd:467,fd,27,3,1,True,1,1,0,0.00984412149002889,0.0
2,mcv:1124,mcv,148,3,1,False,0,0,0,0.0,0.0
2,fd:44,fd,27,6,2,False,0,0,0,0.0,0.0
2,mcv:1191,mcv,196,3,1,False,0,0,0,0.0,0.0
2,fd:180,fd,27,5,1,True,0,0,0,0.0,0.0
2,fd:6,fd,27,8,2,True,1,1,0,0.0011316409480854883,0.0
2,fd:94,fd,27,5,2,True,0,0,0,0.0,0.0
2,mcv:2119,mcv,218,1,1,False,0,0,0,0.0,0.0
2,mcv:1188,mcv,196,3,1,False,0,0,0,0.0,0.0
2,mcv:450,mcv,196,5,1,False,0,0,0,0.0,0.0
2,fd:184,fd,27,4,2,False,0,0,0,0.0,0.0
2,fd:134,fd,27,6,1,False,0,0,0,0.0,0.0
2,mcv:801,mcv,492,4,1,False,0,0,0,0.0,0.0
2,fd:685,fd,27,1,1,False,0,0,0,0.0,0.0
2,fd:700,fd,27,0,2,False,0,0,0,0.0,0.0
2,mcv:334,mcv,314,6,1,False,0,0,0,0.0,0.0
2,mcv:1957,mcv,418,1,1,False,0,0,0,0.0,0.0
2,mcv:1272,mcv,374,2,2,False,0,0,0,0.0,0.0
2,mcv:1271,mcv,388,2,2,False,0,0,0,0.0,0.0
2,mcv:1209,mcv,1072,3,1,False,0,0,0,0.0,0.0
2,mcv:333,mcv,196,6,1,False,0,0,0,0.0,0.0
2,fd:312,fd,27,4,1,False,0,0,0,0.0,0.0
2,mcv:2008,mcv,436,0,2,False,0,0,0,0.0,0.0
2,mcv:2006,mcv,388,1,1,False,0,0,0,0.0,0.0
2,fd:332,fd,27,3,2,True,0,0,0,0.0,0.0
2,fd:234,fd,27,5,1,False,0,0,0,0.0,0.0
2,mcv:422,mcv,466,5,1,True,1,1,0,2.4849130984052175,0.0
2,mcv:110,mcv,148,7,1,False,0,0,0,0.0,0.0
2,mcv:140,mcv,1002,6,2,False,0,0,0,0.0,0.0
2,mcv:1349,mcv,694,2,2,False,0,0,0,0.0,0.0
2,fd:490,fd,27,3,1,False,0,0,0,0.0,0.0
2,mcv:725,mcv,410,3,2,False,0,0,0,0.0,0.0
2,mcv:1033,mcv,654,0,4,False,0,0,0,0.0,0.0
2,mcv:1024,mcv,1146,2,2,False,0,0,0,0.0,0.0
2,mcv:839,mcv,1286,4,1,False,0,0,0,0.0,0.0
2,mcv:89,mcv,426,4,4,False,0,0,0,0.0,0.0
2,fd:289,fd,27,3,2,False,0,0,0,0.0,0.0
2,mcv:933,mcv,222,4,1,False,0,0,0,0.0,0.0
2,mcv:1020,mcv,492,1,3,False,0,0,0,0.0,0.0
2,fd:515,fd,27,1,3,False,0,0,0,0.0,0.0
2,mcv:1366,mcv,196,1,3,False,0,0,0,0.0,0.0
2,mcv:49,mcv,544,7,2,False,0,0,0,0.0,0.0
2,mcv:148,mcv,992,6,2,False,0,0,0,0.0,0.0
2,mcv:423,mcv,196,5,1,False,0,0,0,0.0,0.0
2,mcv:554,mcv,1102,5,1,False,0,0,0,0.0,0.0
2,mcv:197,mcv,646,5,2,True,1,1,0,0.0005610938973581447,0.0
2,mcv:1665,mcv,436,2,1,False,0,0,0,0.0,0.0
2,mcv:731,mcv,344,3,2,False,0,0,0,0.0,0.0
2,fd:129,fd,27,6,1,False,0,0,0,0.0,0.0
2,fd:165,fd,27,5,1,False,0,0,0,0.0,0.0
2,mcv:2063,mcv,292,0,2,False,0,0,0,0.0,0.0
2,mcv:427,mcv,222,4,2,False,0,0,0,0.0,0.0
2,mcv:868,mcv,536,3,2,False,0,0,0,0.0,0.0
2,mcv:1307,mcv,378,3,1,False,0,0,0,0.0,0.0
2,fd:215,fd,27,5,1,False,0,0,0,0.0,0.0
2,mcv:649,mcv,1032,3,2,False,0,0,0,0.0,0.0
2,mcv:88,mcv,1272,5,3,False,0,0,0,0.0,0.0
2,mcv:579,mcv,322,5,1,False,0,0,0,0.0,0.0
2,mcv:320,mcv,436,6,1,False,0,0,0,0.0,0.0
2,fd:505,fd,27,3,1,False,0,0,0,0.0,0.0
2,mcv:367,mcv,1242,4,2,False,0,0,0,0.0,0.0
2,mcv:1662,mcv,1256,2,1,False,0,0,0,0.0,0.0
2,fd:412,fd,27,1,3,False,0,0,0,0.0,0.0
2,mcv:1311,mcv,584,3,1,True,0,0,0,0.0,0.0
2,mcv:1345,mcv,434,3,1,False,0,0,0,0.0,0.0
2,fd:166,fd,27,5,1,False,0,0,0,0.0,0.0
2,fd:51,fd,27,6,2,False,0,0,0,0.0,0.0
2,fd:21,fd,27,7,2,False,0,0,0,0.0,0.0
2,mcv:1754,mcv,396,1,2,False,0,0,0,0.0,0.0
2,mcv:196,mcv,448,4,3,False,0,0,0,0.0,0.0
2,mcv:77,mcv,148,6,3,False,0,0,0,0.0,0.0
2,mcv:1189,mcv,292,3,1,False,0,0,0,0.0,0.0
2,fd:79,fd,27,5,2,False,0,0,0,0.0,0.0
2,fd:28,fd,41,6,3,False,0,0,0,0.0,0.0
2,mcv:1360,mcv,200,2,2,False,0,0,0,0.0,0.0
2,fd:80,fd,27,4,3,False,0,0,0,0.0,0.0
2,mcv:1196,mcv,244,2,2,False,0,0,0,0.0,0.0
2,fd:510,fd,41,1,3,False,0,0,0,0.0,0.0
2,mcv:454,mcv,170,5,1,False,0,0,0,0.0,0.0
2,fd:389,fd,27,3,2,False,0,0,0,0.0,0.0
2,fd:230,fd,27,4,2,True,0,0,0,0.0,0.0
2,fd:684,fd,27,1,1,False,0,0,0,0.0,0.0
2,mcv:1481,mcv,514,0,3,False,0,0,0,0.0,0.0
2,mcv:1603,mcv,170,1,2,False,0,0,0,0.0,0.0
2,mcv:1765,mcv,366,1,2,False,0,0,0,0.0,0.0
2,mcv:2076,mcv,200,1,1,False,0,0,0,0.0,0.0
2,mcv:1359,mcv,418,2,2,False,0,0,0,0.0,0.0
2,mcv:1939,mcv,462,1,1,False,0,0,0,0.0,0.0
2,mcv:35,mcv,148,8,2,False,0,0,0,0.0,0.0
2,fd:470,fd,27,2,2,False,0,0,0,0.0,0.0
2,fd:15,fd,41,8,2,False,0,0,0,0.0,0.0
2,mcv:1817,mcv,690,2,1,False,0,0,0,0.0,0.0
2,mcv:575,mcv,248,4,2,False,0,0,0,0.0,0.0
2,fd:628,fd,27,1,2,False,0,0,0,0.0,0.0
2,mcv:76,mcv,148,7,2,False,0,0,0,0.0,0.0
2,mcv:1764,mcv,248,1,2,False,0,0,0,0.0,0.0
2,mcv:648,mcv,1242,2,3,False,0,0,0,0.0,0.0
2,mcv:1479,mcv,742,1,2,False,0,0,0,0.0,0.0
2,mcv:369,mcv,786,4,2,False,0,0,0,0.0,0.0
2,fd:511,fd,27,2,2,False,0,0,0,0.0,0.0
2,fd:512,fd,27,2,2,False,0,0,0,0.0,0.0
2,mcv:1604,mcv,170,1,2,False,0,0,0,0.0,0.0
2,mcv:977,mcv,484,3,2,False,0,0,0,0.0,0.0
2,mcv:1356,mcv,226,1,3,False,0,0,0,0.0,0.0
2,mcv:195,mcv,470,5,2,False,0,0,0,0.0,0.0
2,mcv:132,mcv,196,5,3,False,0,0,0,0.0,0.0
2,mcv:52,mcv,170,4,5,False,0,0,0,0.0,0.0
2,mcv:273,mcv,750,4,3,False,0,0,0,0.0,0.0
2,mcv:30,mcv,912,6,4,False,0,0,0,0.0,0.0
2,mcv:222,mcv,1202,5,2,False,0,0,0,0.0,0.0
2,fd:214,fd,27,2,4,False,0,0,0,0.0,0.0
2,mcv:601,mcv,548,4,2,True,2,1,1,0.044750549312575494,2.0915909431601456
2,mcv:812,mcv,384,2,3,False,0,0,0,0.0,0.0
2,mcv:26,mcv,574,5,5,False,0,0,0,0.0,0.0
2,fd:48,fd,27,5,3,False,0,0,0,0.0,0.0
2,mcv:705,mcv,362,4,1,False,0,0,0,0.0,0.0
2,fd:317,fd,41,4,1,True,0,0,0,0.0,0.0
2,mcv:303,mcv,292,5,2,False,0,0,0,0.0,0.0
2,mcv:1228,mcv,628,1,3,False,0,0,0,0.0,0.0
2,mcv:244,mcv,292,3,4,False,0,0,0,0.0,0.0
2,mcv:542,mcv,808,3,3,False,0,0,0,0.0,0.0
2,mcv:482,mcv,344,5,1,False,0,0,0,0.0,0.0
2,mcv:551,mcv,588,4,2,True,1,1,0,0.01924313927497856,0.0
2,mcv:1087,mcv,454,3,1,True,1,1,0,0.28000214623986874,0.0
2,mcv:1985,mcv,366,1,1,False,0,0,0,0.0,0.0
2,mcv:813,mcv,288,4,1,False,0,0,0,0.0,0.0
2,fd:212,fd,27,4,2,False,0,0,0,0.0,0.0
2,mcv:1565,mcv,318,2,1,False,0,0,0,0.0,0.0
2,fd:247,fd,27,4,2,False,0,0,0,0.0,0.0
2,mcv:2027,mcv,570,1,1,False,0,0,0,0.0,0.0
2,mcv:830,mcv,322,4,1,False,0,0,0,0.0,0.0
2,fd:109,fd,27,5,2,False,0,0,0,0.0,0.0
2,mcv:63,mcv,196,6,3,False,0,0,0,0.0,0.0
2,mcv:19,mcv,196,9,1,False,0,0,0,0.0,0.0
2,mcv:1150,mcv,218,1,3,False,0,0,0,0.0,0.0
2,fd:7,fd,27,9,1,False,0,0,0,0.0,0.0
2,mcv:1251,mcv,274,3,1,False,0,0,0,0.0,0.0
2,mcv:436,mcv,196,4,2,False,0,0,0,0.0,0.0
2,fd:667,fd,41,1,1,False,0,0,0,0.0,0.0
2,mcv:553,mcv,456,2,4,True,2,2,0,0.23145230017346652,0.0
2,fd:161,fd,41,4,2,False,0,0,0,0.0,0.0
2,mcv:151,mcv,384,5,3,False,0,0,0,0.0,0.0
2,mcv:1877,mcv,638,1,1,False,0,0,0,0.0,0.0
2,mcv:1875,mcv,748,1,1,True,0,0,0,0.0,0.0
2,mcv:174,mcv,728,6,2,False,0,0,0,0.0,0.0
2,fd:706,fd,27,1,1,False,0,0,0,0.0,0.0
2,mcv:707,mcv,1124,3,2,False,0,0,0,0.0,0.0
2,mcv:1092,mcv,274,2,2,False,0,0,0,0.0,0.0
2,mcv:483,mcv,222,4,2,False,0,0,0,0.0,0.0
2,mcv:137,mcv,1136,6,2,False,0,0,0,0.0,0.0
2,mcv:1725,mcv,1350,1,2,False,0,0,0,0.0,0.0
2,mcv:1880,mcv,300,1,1,False,0,0,0,0.0,0.0
2,mcv:287,mcv,200,5,2,False,0,0,0,0.0,0.0
2,mcv:1283,mcv,296,1,3,False,0,0,0,0.0,0.0
2,mcv:953,mcv,196,4,1,True,0,0,0,0.0,0.0
2,mcv:410,mcv,278,4,2,False,0,0,0,0.0,0.0
2,mcv:245,mcv,532,3,4,False,0,0,0,0.0,0.0
2,fd:148,fd,27,3,3,False,0,0,0,0.0,0.0
2,mcv:202,mcv,486,6,1,False,0,0,0,0.0,0.0
2,fd:82,fd,27,6,1,False,0,0,0,0.0,0.0
2,mcv:660,mcv,410,3,2,False,0,0,0,0.0,0.0
2,fd:23,fd,27,8,1,False,0,0,0,0.0,0.0
2,mcv:842,mcv,428,4,1,False,0,0,0,0.0,0.0
2,mcv:558,mcv,540,4,2,False,0,0,0,0.0,0.0
2,mcv:59,mcv,244,8,1,False,0,0,0,0.0,0.0
2,mcv:656,mcv,432,4,1,False,0,0,0,0.0,0.0
2,fd:270,fd,27,3,2,True,0,0,0,0.0,0.0
2,mcv:543,mcv,1098,4,2,False,0,0,0,0.0,0.0
2,mcv:374,mcv,374,3,3,False,0,0,0,0.0,0.0
2,mcv:141,mcv,848,7,1,False,0,0,0,0.0,0.0
2,fd:194,fd,27,5,1,False,0,0,0,0.0,0.0
2,mcv:514,mcv,174,5,1,False,0,0,0,0.0,0.0
2,mcv:1563,mcv,458,1,2,True,1,0,1,0.0,0.4492491477013292
2,fd:514,fd,27,3,1,True,0,0,0,0.0,0.0
2,fd:169,fd,27,3,3,False,0,0,0,0.0,0.0
2,mcv:914,mcv,696,2,3,False,0,0,0,0.0,0.0
2,mcv:1364,mcv,392,3,1,False,0,0,0,0.0,0.0
2,mcv:1553,mcv,170,2,1,False,0,0,0,0.0,0.0
2,mcv:642,mcv,518,3,2,False,0,0,0,0.0,0.0
2,fd:444,fd,27,2,2,False,0,0,0,0.0,0.0
2,mcv:90,mcv,1194,7,1,False,0,0,0,0.0,0.0
2,mcv:747,mcv,484,4,1,False,0,0,0,0.0,0.0
2,mcv:1477,mcv,514,2,1,False,0,0,0,0.0,0.0
2,fd:674,fd,27,1,1,False,0,0,0,0.0,0.0
2,mcv:743,mcv,196,3,2,False,0,0,0,0.0,0.0
2,mcv:1003,mcv,1974,4,1,False,0,0,0,0.0,0.0
2,mcv:228,mcv,170,6,1,False,0,0,0,0.0,0.0
2,mcv:1900,mcv,326,1,1,False,0,0,0,0.0,0.0
2,fd:110,fd,27,4,3,False,0,0,0,0.0,0.0
2,mcv:1289,mcv,766,3,1,False,0,0,0,0.0,0.0
2,mcv:434,mcv,850,5,1,False,0,0,0,0.0,0.0
2,mcv:198,mcv,2208,4,3,False,0,0,0,0.0,0.0
2,mcv:2116,mcv,2370,1,1,False,0,0,0,0.0,0.0
2,mcv:1288,mcv,466,3,1,False,0,0,0,0.0,0.0
2,mcv:428,mcv,828,3,3,False,0,0,0,0.0,0.0
2,mcv:726,mcv,196,4,1,False,0,0,0,0.0,0.0
2,fd:487,fd,27,3,1,False,0,0,0,0.0,0.0
2,fd:294,fd,27,4,1,False,0,0,0,0.0,0.0
2,mcv:1120,mcv,462,2,2,False,0,0,0,0.0,0.0
2,mcv:289,mcv,462,4,3,False,0,0,0,0.0,0.0
2,fd:11,fd,27,9,1,False,0,0,0,0.0,0.0
2,mcv:965,mcv,1632,4,1,False,0,0,0,0.0,0.0
2,mcv:1126,mcv,244,3,1,False,0,0,0,0.0,0.0
2,mcv:1297,mcv,362,2,2,False,0,0,0,0.0,0.0
2,mcv:1549,mcv,196,1,2,False,0,0,0,0.0,0.0
2,mcv:1547,mcv,226,2,1,False,0,0,0,0.0,0.0
2,fd:172,fd,27,4,2,False,0,0,0,0.0,0.0
2,fd:524,fd,27,3,1,False,0,0,0,0.0,0.0
2,mcv:2046,mcv,196,1,1,False,0,0,0,0.0,0.0
2,fd:340,fd,27,4,1,False,0,0,0,0.0,0.0
2,mcv:884,mcv,244,4,1,True,0,0,0,0.0,0.0
2,mcv:1240,mcv,358,3,1,False,0,0,0,0.0,0.0
2,mcv:176,mcv,854,7,1,False,0,0,0,0.0,0.0
2,mcv:327,mcv,226,6,1,False,0,0,0,0.0,0.0
2,mcv:1733,mcv,174,2,1,False,0,0,0,0.0,0.0
2,mcv:173,mcv,964,6,2,True,1,0,1,0.0,0.22987859060108384
2,mcv:316,mcv,196,5,2,False,0,0,0,0.0,0.0
2,mcv:1237,mcv,358,3,1,False,0,0,0,0.0,0.0
2,fd:124,fd,27,5,2,True,1,1,0,0.0018662988328406183,0.0
2,mcv:1133,mcv,148,3,1,False,0,0,0,0.0,0.0
2,mcv:1239,mcv,244,2,2,False,0,0,0,0.0,0.0
2,mcv:1394,mcv,244,3,1,False,0,0,0,0.0,0.0
2,fd:113,fd,27,5,2,True,0,0,0,0.0,0.0
2,mcv:1397,mcv,200,3,1,False,0,0,0,0.0,0.0
2,fd:526,fd,41,3,1,False,0,0,0,0.0,0.0
2,fd:126,fd,27,5,2,False,0,0,0,0.0,0.0
2,mcv:1132,mcv,148,3,1,False,0,0,0,0.0,0.0
2,mcv:1714,mcv,318,2,1,False,0,0,0,0.0,0.0
2,mcv:1695,mcv,362,2,1,False,0,0,0,0.0,0.0
2,fd:447,fd,41,3,1,False,0,0,0,0.0,0.0
2,mcv:29,mcv,876,9,1,True,1,0,1,0.0,0.01863422436675699
2,mcv:177,mcv,854,7,1,False,0,0,0,0.0,0.0
2,mcv:564,mcv,200,5,1,False,0,0,0,0.0,0.0
2,mcv:913,mcv,226,4,1,False,0,0,0,0.0,0.0
2,mcv:1386,mcv,630,3,1,False,0,0,0,0.0,0.0
2,mcv:2209,mcv,502,0,1,False,0,0,0,0.0,0.0
2,fd:221,fd,41,5,1,False,0,0,0,0.0,0.0
2,mcv:1324,mcv,222,3,1,True,0,0,0,0.0,0.0
2,mcv:238,mcv,608,6,1,True,0,0,0,0.0,0.0
2,fd:359,fd,27,4,1,False,0,0,0,0.0,0.0
2,fd:708,fd,27,1,1,False,0,0,0,0.0,0.0
2,mcv:1642,mcv,542,2,1,False,0,0,0,0.0,0.0
2,mcv:943,mcv,244,4,1,False,0,0,0,0.0,0.0
2,mcv:931,mcv,174,4,1,False,0,0,0,0.0,0.0
2,mcv:1752,mcv,174,2,1,False,0,0,0,0.0,0.0
2,mcv:233,mcv,174,6,1,False,0,0,0,0.0,0.0
2,mcv:944,mcv,362,4,1,False,0,0,0,0.0,0.0
2,mcv:317,mcv,174,5,2,False,0,0,0,0.0,0.0
2,mcv:1701,mcv,1148,2,1,False,0,0,0,0.0,0.0
2,mcv:819,mcv,358,3,2,False,0,0,0,0.0,0.0
2,fd:619,fd,27,2,1,False,0,0,0,0.0,0.0
2,fd:68,fd,27,7,1,False,0,0,0,0.0,0.0
2,fd:520,fd,27,3,1,False,0,0,0,0.0,0.0
2,mcv:1383,mcv,196,3,1,False,0,0,0,0.0,0.0
2,mcv:1296,mcv,362,3,1,False,0,0,0,0.0,0.0
2,mcv:2032,mcv,226,1,1,False,0,0,0,0.0,0.0
2,fd:626,fd,27,2,1,True,0,0,0,0.0,0.0
2,mcv:1236,mcv,358,3,1,False,0,0,0,0.0,0.0
2,mcv:166,mcv,942,7,1,False,0,0,0,0.0,0.0
2,mcv:816,mcv,476,3,2,False,0,0,0,0.0,0.0
2,fd:570,fd,27,1,2,False,0,0,0,0.0,0.0
2,fd:69,fd,27,7,1,True,0,0,0,0.0,0.0
2,mcv:825,mcv,1562,4,1,False,0,0,0,0.0,0.0
2,mcv:1398,mcv,318,3,1,False,0,0,0,0.0,0.0
2,mcv:2033,mcv,340,0,2,False,0,0,0,0.0,0.0
2,mcv:431,mcv,174,4,2,False,0,0,0,0.0,0.0
2,mcv:296,mcv,244,5,2,False,0,0,0,0.0,0.0
2,fd:90,fd,27,6,1,True,0,0,0,0.0,0.0
2,mcv:959,mcv,340,4,1,False,0,0,0,0.0,0.0
2,fd:366,fd,27,4,1,False,0,0,0,0.0,0.0
2,mcv:1550,mcv,248,1,2,False,0,0,0,0.0,0.0
2,mcv:315,mcv,196,5,2,False,0,0,0,0.0,0.0
2,fd:125,fd,27,5,2,False,0,0,0,0.0,0.0
2,mcv:818,mcv,244,4,1,False,0,0,0,0.0,0.0
2,mcv:108,mcv,572,6,2,False,0,0,0,0.0,0.0
2,mcv:1536,mcv,476,2,1,False,0,0,0,0.0,0.0
2,mcv:1966,mcv,392,1,1,False,0,0,0,0.0,0.0
2,mcv:545,mcv,248,4,2,False,0,0,0,0.0,0.0
2,mcv:544,mcv,230,4,2,False,0,0,0,0.0,0.0
2,mcv:1413,mcv,526,1,3,False,0,0,0,0.0,0.0
2,mcv:1743,mcv,816,0,3,False,0,0,0,0.0,0.0
2,mcv:275,mcv,218,6,1,False,0,0,0,0.0,0.0
2,fd:29,fd,27,5,4,False,0,0,0,0.0,0.0
2,fd:209,fd,41,4,2,True,0,0,0,0.0,0.0
2,mcv:78,mcv,196,5,4,False,0,0,0,0.0,0.0
2,fd:533,fd,27,1,3,False,0,0,0,0.0,0.0
2,mcv:71,mcv,456,7,2,False,0,0,0,0.0,0.0
2,fd:27,fd,27,7,2,False,0,0,0,0.0,0.0
2,mcv:336,mcv,174,5,2,False,0,0,0,0.0,0.0
2,mcv:87,mcv,418,7,1,True,1,1,0,0.020074116382258644,0.0
2,fd:17,fd,41,8,2,False,0,0,0,0.0,0.0
2,mcv:676,mcv,518,2,3,False,0,0,0,0.0,0.0
2,mcv:193,mcv,976,4,3,False,0,0,0,0.0,0.0
2,fd:251,fd,41,4,2,False,0,0,0,0.0,0.0
2,mcv:37,mcv,456,8,2,False,0,0,0,0.0,0.0
2,mcv:219,mcv,704,3,4,True,3,3,0,0.1560164356242275,0.0
2,fd:25,fd,27,7,2,False,0,0,0,0.0,0.0
2,mcv:220,mcv,852,5,2,False,0,0,0,0.0,0.0
2,mcv:363,mcv,370,3,3,False,0,0,0,0.0,0.0
2,mcv:1079,mcv,1168,2,2,False,0,0,0,0.0,0.0
2,mcv:194,mcv,692,5,2,False,0,0,0,0.0,0.0
2,fd:84,fd,27,5,2,False,0,0,0,0.0,0.0
2,mcv:190,mcv,936,4,3,True,1,0,1,0.0,0.14096735950997696
2,fd:78,fd,27,4,3,True,0,0,0,0.0,0.0
2,mcv:403,mcv,322,3,3,False,0,0,0,0.0,0.0
2,mcv:605,mcv,772,4,2,False,0,0,0,0.0,0.0
2,fd:34,fd,27,7,1,False,0,0,0,0.0,0.0
2,fd:135,fd,27,5,2,False,0,0,0,0.0,0.0
2,mcv:215,mcv,304,5,2,False,0,0,0,0.0,0.0
2,fd:399,fd,27,3,2,False,0,0,0,0.0,0.0
2,fd:86,fd,27,3,4,False,0,0,0,0.0,0.0
2,mcv:100,mcv,396,7,1,False,0,0,0,0.0,0.0
2,mcv:991,mcv,408,3,2,False,0,0,0,0.0,0.0
2,mcv:69,mcv,908,7,2,False,0,0,0,0.0,0.0
2,mcv:1399,mcv,736,2,2,True,0,0,0,0.0,0.0
2,mcv:1509,mcv,318,2,1,False,0,0,0,0.0,0.0
2,mcv:627,mcv,562,4,1,False,0,0,0,0.0,0.0
2,fd:410,fd,27,3,1,False,0,0,0,0.0,0.0
2,mcv:1011,mcv,1128,3,1,False,0,0,0,0.0,0.0
2,mcv:368,mcv,668,4,2,False,0,0,0,0.0,0.0
2,mcv:659,mcv,432,4,1,False,0,0,0,0.0,0.0
2,mcv:1018,mcv,614,3,1,True,1,0,1,0.0,0.011443505106396357
2,mcv:1042,mcv,550,2,2,False,0,0,0,0.0,0.0
2,fd:522,fd,27,3,1,True,0,0,0,0.0,0.0
2,mcv:657,mcv,274,3,2,False,0,0,0,0.0,0.0
2,fd:411,fd,27,3,1,False,0,0,0,0.0,0.0
2,mcv:1389,mcv,318,3,1,False,0,0,0,0.0,0.0
2,fd:269,fd,27,3,2,False,0,0,0,0.0,0.0
2,mcv:2233,mcv,292,0,1,False,0,0,0,0.0,0.0
2,mcv:420,mcv,170,5,1,True,1,0,1,0.0,0.0022863399803876305
2,mcv:462,mcv,784,5,1,False,0,0,0,0.0,0.0
2,mcv:971,mcv,1880,4,1,False,0,0,0,0.0,0.0
2,fd:182,fd,27,5,1,False,0,0,0,0.0,0.0
2,fd:731,fd,41,1,1,False,0,0,0,0.0,0.0
2,fd:266,fd,27,4,1,False,0,0,0,0.0,0.0
2,fd:185,fd,27,5,1,False,0,0,0,0.0,0.0
2,mcv:61,mcv,358,8,1,True,1,1,0,1.5708654554913437e-07,0.0
2,fd:469,fd,27,3,1,False,0,0,0,0.0,0.0
2,mcv:1666,mcv,366,2,1,False,0,0,0,0.0,0.0
2,mcv:1938,mcv,170,1,1,False,0,0,0,0.0,0.0
2,mcv:456,mcv,534,5,1,False,0,0,0,0.0,0.0
2,mcv:1194,mcv,366,3,1,False,0,0,0,0.0,0.0
2,mcv:598,mcv,538,5,1,False,0,0,0,0.0,0.0
2,fd:265,fd,27,4,1,False,0,0,0,0.0,0.0
2,mcv:458,mcv,170,3,3,False,0,0,0,0.0,0.0
2,fd:672,fd,27,1,1,False,0,0,0,0.0,0.0
2,mcv:1600,mcv,218,1,2,False,0,0,0,0.0,0.0
2,mcv:1185,mcv,410,2,2,False,0,0,0,0.0,0.0
2,fd:246,fd,27,5,1,False,0,0,0,0.0,0.0
2,mcv:623,mcv,266,4,2,True,1,0,1,0.0,1.7044347266903515e-08
2,mcv:989,mcv,410,4,1,False,0,0,0,0.0,0.0
2,fd:288,fd,27,4,1,False,0,0,0,0.0,0.0
2,mcv:1669,mcv,410,1,2,False,0,0,0,0.0,0.0
2,mcv:185,mcv,1750,7,1,False,0,0,0,0.0,0.0
2,fd:9,fd,27,8,2,False,0,0,0,0.0,0.0
2,mcv:595,mcv,218,4,2,False,0,0,0,0.0,0.0
2,mcv:956,mcv,278,4,1,False,0,0,0,0.0,0.0
2,mcv:2172,mcv,244,0,1,False,0,0,0,0.0,0.0
2,mcv:83,mcv,740,7,2,False,0,0,0,0.0,0.0
2,mcv:1542,mcv,148,2,1,False,0,0,0,0.0,0.0
2,mcv:646,mcv,382,4,1,False,0,0,0,0.0,0.0
2,mcv:1032,mcv,532,2,2,False,0,0,0,0.0,0.0
2,mcv:505,mcv,174,5,1,False,0,0,0,0.0,0.0
2,mcv:142,mcv,626,7,1,False,0,0,0,0.0,0.0
2,fd:32,fd,27,8,1,False,0,0,0,0.0,0.0
2,mcv:2018,mcv,244,1,1,False,0,0,0,0.0,0.0
2,mcv:946,mcv,436,4,1,True,0,0,0,0.0,0.0
2,mcv:730,mcv,512,4,1,False,0,0,0,0.0,0.0
2,fd:416,fd,27,2,2,False,0,0,0,0.0,0.0
2,mcv:2019,mcv,218,1,1,False,0,0,0,0.0,0.0
2,mcv:1190,mcv,148,3,1,False,0,0,0,0.0,0.0
2,mcv:25,mcv,524,8,2,False,0,0,0,0.0,0.0
2,mcv:838,mcv,546,3,2,False,0,0,0,0.0,0.0
2,mcv:82,mcv,300,8,1,False,0,0,0,0.0,0.0
2,mcv:610,mcv,170,5,1,False,0,0,0,0.0,0.0
2,mcv:0,mcv,196,12,1,False,0,0,0,0.0,0.0
2,fd:99,fd,27,6,1,False,0,0,0,0.0,0.0
2,mcv:1895,mcv,196,1,1,False,0,0,0,0.0,0.0
2,mcv:1030,mcv,514,2,2,False,0,0,0,0.0,0.0
2,mcv:2090,mcv,148,1,1,False,0,0,0,0.0,0.0
2,mcv:2113,mcv,222,1,1,False,0,0,0,0.0,0.0
2,fd:0,fd,27,12,1,True,0,0,0,0.0,0.0
2,fd:380,fd,27,4,1,False,0,0,0,0.0,0.0
2,fd:374,fd,27,4,1,False,0,0,0,0.0,0.0
2,mcv:331,mcv,992,6,1,False,0,0,0,0.0,0.0
2,mcv:230,mcv,170,4,3,False,0,0,0,0.0,0.0
2,mcv:41,mcv,968,9,1,False,0,0,0,0.0,0.0
2,mcv:641,mcv,668,3,2,False,0,0,0,0.0,0.0
2,mcv:1671,mcv,2142,2,1,False,0,0,0,0.0,0.0
2,mcv:1543,mcv,148,2,1,False,0,0,0,0.0,0.0
2,mcv:282,mcv,1184,6,1,False,0,0,0,0.0,0.0
2,mcv:2,mcv,218,11,1,False,0,0,0,0.0,0.0
2,mcv:260,mcv,196,6,1,False,0,0,0,0.0,0.0
2,mcv:1424,mcv,772,3,1,False,0,0,0,0.0,0.0
2,mcv:647,mcv,1350,4,1,False,0,0,0,0.0,0.0
2,mcv:352,mcv,938,5,2,False,0,0,0,0.0,0.0
2,mcv:332,mcv,218,6,1,True,0,0,0,0.0,0.0
2,mcv:1628,mcv,538,2,1,False,0,0,0,0.0,0.0
2,mcv:1320,mcv,496,3,1,False,0,0,0,0.0,0.0
2,fd:495,fd,27,3,1,False,0,0,0,0.0,0.0
2,mcv:1621,mcv,458,2,1,False,0,0,0,0.0,0.0
2,mcv:1627,mcv,344,2,1,False,0,0,0,0.0,0.0
2,fd:187,fd,27,3,3,False,0,0,0,0.0,0.0
2,mcv:181,mcv,408,4,4,False,0,0,0,0.0,0.0
2,mcv:1202,mcv,1390,2,2,False,0,0,0,0.0,0.0
2,mcv:1609,mcv,658,1,2,False,0,0,0,0.0,0.0
2,fd:72,fd,27,4,4,False,0,0,0,0.0,0.0
2,mcv:468,mcv,522,3,3,True,2,0,1,0.0,1.084543730760866
2,mcv:294,mcv,196,6,1,False,0,0,0,0.0,0.0
2,mcv:2175,mcv,912,0,1,False,0,0,0,0.0,0.0
2,fd:585,fd,41,2,1,False,0,0,0,0.0,0.0
2,mcv:741,mcv,196,4,1,False,0,0,0,0.0,0.0
2,mcv:1130,mcv,226,3,1,False,0,0,0,0.0,0.0
2,mcv:1631,mcv,476,2,1,False,0,0,0,0.0,0.0
2,mcv:690,mcv,318,3,2,False,0,0,0,0.0,0.0
2,mcv:893,mcv,766,2,3,False,0,0,0,0.0,0.0
2,mcv:1806,mcv,846,1,2,False,0,0,0,0.0,0.0
2,mcv:80,mcv,288,7,2,False,0,0,0,0.0,0.0
2,fd:173,fd,27,5,1,False,0,0,0,0.0,0.0
2,mcv:153,mcv,428,5,3,False,0,0,0,0.0,0.0
2,mcv:1872,mcv,498,0,2,False,0,0,0,0.0,0.0
2,mcv:735,mcv,278,4,1,False,0,0,0,0.0,0.0
2,fd:291,fd,27,4,1,False,0,0,0,0.0,0.0
2,mcv:128,mcv,414,6,2,False,0,0,0,0.0,0.0
2,mcv:1221,mcv,664,3,1,False,0,0,0,0.0,0.0
2,fd:446,fd,27,3,1,False,0,0,0,0.0,0.0
2,mcv:432,mcv,512,5,1,False,0,0,0,0.0,0.0
2,mcv:1580,mcv,148,2,1,False,0,0,0,0.0,0.0
2,mcv:120,mcv,170,6,2,False,0,0,0,0.0,0.0
2,mcv:763,mcv,218,4,1,False,0,0,0,0.0,0.0
2,mcv:1374,mcv,218,1,3,False,0,0,0,0.0,0.0
2,mcv:167,mcv,196,6,2,False,0,0,0,0.0,0.0
2,mcv:614,mcv,148,3,3,False,0,0,0,0.0,0.0
2,mcv:1970,mcv,562,1,1,False,0,0,0,0.0,0.0
2,mcv:68,mcv,1012,7,2,False,0,0,0,0.0,0.0
2,mcv:246,mcv,426,5,2,False,0,0,0,0.0,0.0
2,mcv:506,mcv,992,4,2,False,0,0,0,0.0,0.0
2,mcv:826,mcv,366,4,1,True,1,1,0,114.04715662941254,0.0
2,mcv:1704,mcv,958,2,1,False,0,0,0,0.0,0.0
2,mcv:258,mcv,218,5,2,True,2,1,1,2.5470455630394184e-05,5.4811677578481266e-05
2,mcv:452,mcv,488,5,1,False,0,0,0,0.0,0.0
2,mcv:1129,mcv,378,3,1,False,0,0,0,0.0,0.0
2,mcv:1937,mcv,314,1,1,False,0,0,0,0.0,0.0
2,mcv:484,mcv,646,5,1,False,0,0,0,0.0,0.0
2,mcv:2182,mcv,362,0,1,False,0,0,0,0.0,0.0
2,fd:445,fd,27,3,1,False,0,0,0,0.0,0.0
2,mcv:1125,mcv,174,3,1,False,0,0,0,0.0,0.0
2,mcv:60,mcv,218,7,2,False,0,0,0,0.0,0.0
2,mcv:1151,mcv,532,3,1,False,0,0,0,0.0,0.0
2,fd:492,fd,27,2,2,False,0,0,0,0.0,0.0
2,mcv:984,mcv,300,4,1,True,0,0,0,0.0,0.0
2,fd:111,fd,27,5,2,False,0,0,0,0.0,0.0
2,mcv:1017,mcv,1032,2,2,False,0,0,0,0.0,0.0
2,mcv:2165,mcv,436,0,1,False,0,0,0,0.0,0.0
2,mcv:86,mcv,414,6,2,True,2,1,1,6.1008462836653425,0.5748601177543846
2,mcv:630,mcv,1234,3,2,False,0,0,0,0.0,0.0
2,mcv:1444,mcv,940,2,2,True,1,1,0,0.23609709647736743,0.0
2,mcv:291,mcv,378,5,2,True,2,1,1,0.47926141243310094,1.0093539425355011
2,mcv:1473,mcv,896,2,1,False,0,0,0,0.0,0.0
2,mcv:1281,mcv,352,2,2,True,2,2,0,7.840935406451198,0.0
2,mcv:278,mcv,690,6,1,False,0,0,0,0.0,0.0
2,mcv:1313,mcv,798,2,2,False,0,0,0,0.0,0.0
2,fd:33,fd,27,6,2,False,0,0,0,0.0,0.0
2,fd:395,fd,27,4,1,False,0,0,0,0.0,0.0
2,mcv:1442,mcv,370,2,2,False,0,0,0,0.0,0.0
2,mcv:1159,mcv,388,3,1,False,0,0,0,0.0,0.0
2,mcv:628,mcv,550,3,2,False,0,0,0,0.0,0.0
2,mcv:3,mcv,326,8,3,False,0,0,0,0.0,0.0
2,fd:106,fd,27,6,1,False,0,0,0,0.0,0.0
2,mcv:754,mcv,218,4,1,True,0,0,0,0.0,0.0
2,fd:2,fd,27,8,3,False,0,0,0,0.0,0.0
2,fd:346,fd,27,3,2,False,0,0,0,0.0,0.0
2,mcv:330,mcv,248,6,1,False,0,0,0,0.0,0.0
2,mcv:802,mcv,462,3,2,False,0,0,0,0.0,0.0
2,fd:57,fd,27,6,2,False,0,0,0,0.0,0.0
2,mcv:582,mcv,170,4,2,False,0,0,0,0.0,0.0
2,mcv:895,mcv,226,3,2,False,0,0,0,0.0,0.0
2,mcv:568,mcv,196,3,3,False,0,0,0,0.0,0.0
2,fd:133,fd,27,6,1,True,0,0,0,0.0,0.0
2,mcv:796,mcv,440,4,1,False,0,0,0,0.0,0.0
2,mcv:487,mcv,174,5,1,False,0,0,0,0.0,0.0
2,fd:623,fd,27,2,1,True,0,0,0,0.0,0.0
2,mcv:485,mcv,174,5,1,False,0,0,0,0.0,0.0
2,mcv:1741,mcv,296,2,1,False,0,0,0,0.0,0.0
2,fd:225,fd,27,3,3,True,0,0,0,0.0,0.0
2,mcv:307,mcv,170,6,1,False,0,0,0,0.0,0.0
2,mcv:1338,mcv,170,3,1,False,0,0,0,0.0,0.0
2,mcv:1634,mcv,362,2,1,False,0,0,0,0.0,0.0
2,mcv:155,mcv,196,6,2,False,0,0,0,0.0,0.0
2,fd:537,fd,27,3,1,False,0,0,0,0.0,0.0
2,mcv:1422,mcv,278,3,1,False,0,0,0,0.0,0.0
2,mcv:1351,mcv,434,3,1,True,1,0,1,0.0,3.1945678102829334e-08
2,fd:508,fd,27,3,1,False,0,0,0,0.0,0.0
2,mcv:1637,mcv,358,2,1,False,0,0,0,0.0,0.0
2,mcv:360,mcv,348,5,1,False,0,0,0,0.0,0.0
2,mcv:1836,mcv,1182,1,1,False,0,0,0,0.0,0.0
2,mcv:503,mcv,196,5,1,False,0,0,0,0.0,0.0
2,mcv:1007,mcv,796,3,1,False,0,0,0,0.0,0.0
2,mcv:366,mcv,760,3,3,False,0,0,0,0.0,0.0
2,fd:81,fd,27,5,2,False,0,0,0,0.0,0.0
2,mcv:199,mcv,686,6,1,False,0,0,0,0.0,0.0
2,mcv:200,mcv,322,5,2,False,0,0,0,0.0,0.0
2,fd:587,fd,27,2,1,False,0,0,0,0.0,0.0
2,mcv:1518,mcv,748,2,1,False,0,0,0,0.0,0.0
2,mcv:1874,mcv,686,1,1,False,0,0,0,0.0,0.0
2,mcv:1524,mcv,362,1,2,False,0,0,0,0.0,0.0
2,mcv:1381,mcv,314,3,1,False,0,0,0,0.0,0.0
2,mcv:1630,mcv,278,2,1,False,0,0,0,0.0,0.0
2,mcv:412,mcv,362,4,2,False,0,0,0,0.0,0.0
2,mcv:480,mcv,362,5,1,False,0,0,0,0.0,0.0
2,mcv:808,mcv,550,4,1,False,0,0,0,0.0,0.0
2,fd:102,fd,27,6,1,False,0,0,0,0.0,0.0
2,mcv:267,mcv,610,6,1,False,0,0,0,0.0,0.0
2,mcv:263,mcv,548,5,2,True,2,2,0,0.01683666662381844,0.0
2,mcv:465,mcv,1306,5,1,False,0,0,0,0.0,0.0
2,mcv:1314,mcv,340,3,1,False,0,0,0,0.0,0.0
2,mcv:356,mcv,218,5,2,False,0,0,0,0.0,0.0
2,mcv:1709,mcv,222,2,1,False,0,0,0,0.0,0.0
2,mcv:469,mcv,856,5,1,True,0,0,0,0.0,0.0
2,mcv:929,mcv,340,4,1,False,0,0,0,0.0,0.0
2,mcv:1772,mcv,196,2,1,False,0,0,0,0.0,0.0
2,mcv:882,mcv,196,4,1,False,0,0,0,0.0,0.0
2,fd:608,fd,27,2,1,False,0,0,0,0.0,0.0
2,mcv:326,mcv,292,5,2,True,2,1,1,1.4869377951143292e-08,0.008746257058543705
2,mcv:73,mcv,658,7,2,False,0,0,0,0.0,0.0
2,mcv:293,mcv,540,5,2,False,0,0,0,0.0,0.0
2,fd:100,fd,27,5,2,False,0,0,0,0.0,0.0
2,fd:633,fd,27,2,1,False,0,0,0,0.0,0.0
2,mcv:574,mcv,406,3,3,False,0,0,0,0.0,0.0
2,fd:338,fd,27,4,1,False,0,0,0,0.0,0.0
2,mcv:531,mcv,288,5,1,False,0,0,0,0.0,0.0
2,mcv:740,mcv,200,4,1,False,0,0,0,0.0,0.0
2,mcv:1127,mcv,318,3,1,False,0,0,0,0.0,0.0
2,mcv:1252,mcv,436,3,1,False,0,0,0,0.0,0.0
2,mcv:1183,mcv,318,3,1,True,1,0,1,0.0,0.011439043744776667
2,fd:293,fd,27,4,1,False,0,0,0,0.0,0.0
2,mcv:556,mcv,382,5,1,False,0,0,0,0.0,0.0
2,mcv:908,mcv,492,4,1,True,1,0,1,0.0,0.08887433702538017
2,mcv:359,mcv,822,4,2,False,0,0,0,0.0,0.0
2,fd:127,fd,41,5,2,True,0,0,0,0.0,0.0
2,fd:688,fd,27,1,1,True,0,0,0,0.0,0.0
2,fd:216,fd,27,5,1,False,0,0,0,0.0,0.0
2,mcv:2124,mcv,1198,0,1,False,0,0,0,0.0,0.0
2,mcv:318,mcv,148,5,2,False,0,0,0,0.0,0.0
2,mcv:1964,mcv,278,1,1,False,0,0,0,0.0,0.0
2,mcv:631,mcv,326,4,1,False,0,0,0,0.0,0.0
2,mcv:478,mcv,344,4,2,False,0,0,0,0.0,0.0
2,fd:356,fd,27,4,1,False,0,0,0,0.0,0.0
2,mcv:1622,mcv,720,2,1,False,0,0,0,0.0,0.0
2,fd:581,fd,41,2,1,True,0,0,0,0.0,0.0
2,mcv:1472,mcv,348,2,1,False,0,0,0,0.0,0.0
2,fd:183,fd,27,5,1,False,0,0,0,0.0,0.0
2,mcv:1284,mcv,222,3,1,False,0,0,0,0.0,0.0
2,fd:181,fd,27,5,1,False,0,0,0,0.0,0.0
2,mcv:405,mcv,1356,5,1,False,0,0,0,0.0,0.0
2,mcv:481,mcv,330,4,2,False,0,0,0,0.0,0.0
2,mcv:694,mcv,410,3,2,False,0,0,0,0.0,0.0
2,mcv:925,mcv,292,3,2,False,0,0,0,0.0,0.0
2,mcv:701,mcv,392,3,2,False,0,0,0,0.0,0.0
2,fd:485,fd,27,3,1,False,0,0,0,0.0,0.0
2,mcv:1598,mcv,300,2,1,False,0,0,0,0.0,0.0
2,mcv:1601,mcv,196,1,2,False,0,0,0,0.0,0.0
2,mcv:398,mcv,362,4,2,False,0,0,0,0.0,0.0
2,mcv:697,mcv,498,3,2,False,0,0,0,0.0,0.0
2,mcv:922,mcv,904,3,2,False,0,0,0,0.0,0.0
2,mcv:337,mcv,248,5,2,False,0,0,0,0.0,0.0
2,mcv:1192,mcv,526,3,1,False,0,0,0,0.0,0.0
2,mcv:459,mcv,200,5,1,False,0,0,0,0.0,0.0
2,mcv:1798,mcv,578,1,2,False,0,0,0,0.0,0.0
2,mcv:455,mcv,196,5,1,False,0,0,0,0.0,0.0
2,mcv:477,mcv,850,4,2,False,0,0,0,0.0,0.0
2,mcv:1602,mcv,218,2,1,False,0,0,0,0.0,0.0
2,mcv:806,mcv,326,4,1,False,0,0,0,0.0,0.0
2,mcv:1219,mcv,388,3,1,False,0,0,0,0.0,0.0
2,mcv:1925,mcv,218,1,1,False,0,0,0,0.0,0.0
2,mcv:372,mcv,318,3,3,False,0,0,0,0.0,0.0
2,mcv:552,mcv,434,5,1,False,0,0,0,0.0,0.0
2,mcv:371,mcv,594,3,3,False,0,0,0,0.0,0.0
2,mcv:722,mcv,248,3,2,False,0,0,0,0.0,0.0
2,mcv:163,mcv,218,4,4,False,0,0,0,0.0,0.0
2,mcv:1857,mcv,362,0,2,False,0,0,0,0.0,0.0
2,mcv:715,mcv,292,3,2,False,0,0,0,0.0,0.0
2,mcv:720,mcv,900,4,1,False,0,0,0,0.0,0.0
2,fd:572,fd,27,2,1,False,0,0,0,0.0,0.0
2,fd:439,fd,27,3,1,False,0,0,0,0.0,0.0
2,fd:36,fd,27,6,2,False,0,0,0,0.0,0.0
2,mcv:1106,mcv,226,3,1,False,0,0,0,0.0,0.0
2,mcv:1569,mcv,196,2,1,True,0,0,0,0.0,0.0
2,fd:213,fd,27,5,1,False,0,0,0,0.0,0.0
2,mcv:375,mcv,252,5,1,False,0,0,0,0.0,0.0
2,mcv:201,mcv,868,5,2,False,0,0,0,0.0,0.0
2,fd:149,fd,27,5,1,False,0,0,0,0.0,0.0
2,mcv:92,mcv,410,6,2,False,0,0,0,0.0,0.0
2,fd:146,fd,27,3,3,False,0,0,0,0.0,0.0
2,mcv:982,mcv,418,4,1,False,0,0,0,0.0,0.0
2,mcv:710,mcv,1138,3,2,False,0,0,0,0.0,0.0
2,fd:646,fd,27,2,1,False,0,0,0,0.0,0.0
2,mcv:409,mcv,748,4,2,False,0,0,0,0.0,0.0
2,mcv:1654,mcv,1088,2,1,False,0,0,0,0.0,0.0
2,mcv:1264,mcv,318,3,1,False,0,0,0,0.0,0.0
2,mcv:1520,mcv,330,2,1,False,0,0,0,0.0,0.0
2,fd:564,fd,27,2,1,False,0,0,0,0.0,0.0
2,fd:645,fd,41,2,1,False,0,0,0,0.0,0.0
2,mcv:1794,mcv,594,2,1,False,0,0,0,0.0,0.0
2,mcv:2102,mcv,1500,1,1,False,0,0,0,0.0,0.0
2,fd:478,fd,27,3,1,False,0,0,0,0.0,0.0
2,fd:394,fd,27,4,1,False,0,0,0,0.0,0.0
2,fd:284,fd,27,3,2,False,0,0,0,0.0,0.0
2,mcv:1414,mcv,504,3,1,False,0,0,0,0.0,0.0
2,mcv:1263,mcv,1002,2,2,True,1,1,0,0.02114451200340417,0.0
2,mcv:1260,mcv,326,3,1,False,0,0,0,0.0,0.0
2,mcv:1801,mcv,408,2,1,False,0,0,0,0.0,0.0
2,mcv:247,mcv,270,5,2,False,0,0,0,0.0,0.0
2,mcv:91,mcv,274,7,1,False,0,0,0,0.0,0.0
2,fd:35,fd,27,7,1,False,0,0,0,0.0,0.0
2,mcv:248,mcv,218,5,2,True,1,0,1,0.0,0.3890068839082337
2,mcv:1919,mcv,170,1,1,False,0,0,0,0.0,0.0
2,mcv:93,mcv,454,7,1,False,0,0,0,0.0,0.0
2,mcv:50,mcv,170,7,2,False,0,0,0,0.0,0.0
2,mcv:191,mcv,348,6,1,True,0,0,0,0.0,0.0
2,mcv:745,mcv,314,4,1,False,0,0,0,0.0,0.0
2,mcv:1010,mcv,866,2,2,False,0,0,0,0.0,0.0
2,mcv:241,mcv,292,5,2,False,0,0,0,0.0,0.0
2,fd:417,fd,27,3,1,False,0,0,0,0.0,0.0
2,mcv:1035,mcv,708,3,1,False,0,0,0,0.0,0.0
2,mcv:1393,mcv,362,3,1,False,0,0,0,0.0,0.0
2,mcv:1111,mcv,384,3,1,True,1,0,0,0.0,0.0
2,mcv:189,mcv,800,5,2,False,0,0,0,0.0,0.0
2,mcv:719,mcv,314,3,2,False,0,0,0,0.0,0.0
2,mcv:401,mcv,318,3,3,False,0,0,0,0.0,0.0
2,mcv:1016,mcv,572,3,1,False,0,0,0,0.0,0.0
2,mcv:891,mcv,248,4,1,False,0,0,0,0.0,0.0
2,mcv:113,mcv,218,5,3,False,0,0,0,0.0,0.0
2,mcv:1866,mcv,362,1,1,False,0,0,0,0.0,0.0
2,mcv:1867,mcv,362,1,1,False,0,0,0,0.0,0.0
2,mcv:718,mcv,546,4,1,False,0,0,0,0.0,0.0
2,fd:77,fd,27,6,1,False,0,0,0,0.0,0.0
2,mcv:48,mcv,524,8,1,False,0,0,0,0.0,0.0
2,mcv:1036,mcv,318,3,1,False,0,0,0,0.0,0.0
2,fd:20,fd,27,8,1,True,0,0,0,0.0,0.0
2,mcv:357,mcv,756,5,1,True,0,0,0,0.0,0.0
2,mcv:217,mcv,660,5,2,False,0,0,0,0.0,0.0
2,mcv:33,mcv,196,9,1,False,0,0,0,0.0,0.0
2,mcv:1838,mcv,414,1,1,False,0,0,0,0.0,0.0
2,mcv:361,mcv,580,5,1,True,0,0,0,0.0,0.0
2,mcv:23,mcv,1106,9,1,False,0,0,0,0.0,0.0
2,mcv:670,mcv,278,2,3,False,0,0,0,0.0,0.0
2,mcv:1849,mcv,1540,1,1,False,0,0,0,0.0,0.0
2,fd:37,fd,27,6,2,False,0,0,0,0.0,0.0
2,mcv:94,mcv,1224,6,2,False,0,0,0,0.0,0.0
2,mcv:365,mcv,988,5,1,False,0,0,0,0.0,0.0
2,fd:276,fd,41,2,3,True,0,0,0,0.0,0.0
2,mcv:1058,mcv,634,3,1,False,0,0,0,0.0,0.0
2,mcv:1136,mcv,170,3,1,False,0,0,0,0.0,0.0
2,mcv:1548,mcv,196,2,1,False,0,0,0,0.0,0.0
2,mcv:1910,mcv,326,1,1,False,0,0,0,0.0,0.0
2,fd:401,fd,27,3,2,False,0,0,0,0.0,0.0
2,mcv:355,mcv,348,5,2,False,0,0,0,0.0,0.0
2,mcv:993,mcv,170,2,3,False,0,0,0,0.0,0.0
2,mcv:995,mcv,304,3,2,False,0,0,0,0.0,0.0
2,fd:679,fd,27,1,1,True,0,0,0,0.0,0.0
2,fd:143,fd,27,5,2,False,0,0,0,0.0,0.0
2,mcv:1377,mcv,572,3,1,True,1,1,0,0.07775542157700732,0.0
2,mcv:1376,mcv,218,3,1,False,0,0,0,0.0,0.0
2,mcv:1907,mcv,148,1,1,False,0,0,0,0.0,0.0
2,fd:519,fd,27,3,1,False,0,0,0,0.0,0.0
2,mcv:12,mcv,476,8,2,False,0,0,0,0.0,0.0
2,mcv:344,mcv,296,6,1,False,0,0,0,0.0,0.0
2,mcv:1809,mcv,296,2,1,False,0,0,0,0.0,0.0
2,fd:650,fd,27,2,1,False,0,0,0,0.0,0.0
2,mcv:143,mcv,196,7,1,False,0,0,0,0.0,0.0
2,mcv:1487,mcv,800,2,1,False,0,0,0,0.0,0.0
2,mcv:509,mcv,218,5,1,False,0,0,0,0.0,0.0
2,fd:138,fd,27,6,1,False,0,0,0,0.0,0.0
2,mcv:209,mcv,362,5,2,False,0,0,0,0.0,0.0
2,mcv:1273,mcv,410,3,1,False,0,0,0,0.0,0.0
2,mcv:2012,mcv,664,1,1,False,0,0,0,0.0,0.0
2,mcv:507,mcv,384,5,1,False,0,0,0,0.0,0.0
2,fd:358,fd,27,4,1,False,0,0,0,0.0,0.0
2,mcv:1182,mcv,170,3,1,False,0,0,0,0.0,0.0
2,mcv:116,mcv,148,7,1,False,0,0,0,0.0,0.0
2,mcv:751,mcv,170,4,1,True,0,0,0,0.0,0.0
2,mcv:560,mcv,382,5,1,False,0,0,0,0.0,0.0
2,mcv:1178,mcv,404,3,1,False,0,0,0,0.0,0.0
2,fd:176,fd,27,5,1,False,0,0,0,0.0,0.0
2,mcv:439,mcv,170,5,1,False,0,0,0,0.0,0.0
2,mcv:911,mcv,382,4,1,False,0,0,0,0.0,0.0
2,fd:217,fd,27,5,1,False,0,0,0,0.0,0.0
2,mcv:20,mcv,382,9,1,False,0,0,0,0.0,0.0
2,mcv:328,mcv,510,3,4,False,0,0,0,0.0,0.0
2,mcv:784,mcv,378,3,2,False,0,0,0,0.0,0.0
2,fd:306,fd,27,3,2,False,0,0,0,0.0,0.0
2,mcv:910,mcv,602,4,1,False,0,0,0,0.0,0.0
2,fd:258,fd,27,5,1,False,0,0,0,0.0,0.0
2,mcv:1760,mcv,696,2,1,False,0,0,0,0.0,0.0
2,fd:636,fd,27,2,1,False,0,0,0,0.0,0.0
2,mcv:1781,mcv,148,2,1,False,0,0,0,0.0,0.0
2,mcv:1456,mcv,170,3,1,False,0,0,0,0.0,0.0
2,mcv:1776,mcv,386,2,1,False,0,0,0,0.0,0.0
2,fd:655,fd,27,2,1,True,1,0,1,0.0,0.04393832229696715
2,fd:630,fd,27,2,1,False,0,0,0,0.0,0.0
2,mcv:619,mcv,474,5,1,False,0,0,0,0.0,0.0
2,mcv:1821,mcv,386,2,1,False,0,0,0,0.0,0.0
2,mcv:644,mcv,986,4,1,True,1,0,1,0.0,0.04955819413229179
2,mcv:74,mcv,434,8,1,False,0,0,0,0.0,0.0
2,mcv:311,mcv,1956,5,2,False,0,0,0,0.0,0.0
2,mcv:348,mcv,200,4,3,False,0,0,0,0.0,0.0
2,mcv:650,mcv,610,3,2,False,0,0,0,0.0,0.0
2,mcv:1441,mcv,696,3,1,True,0,0,0,0.0,0.0
2,mcv:75,mcv,1458,8,1,False,0,0,0,0.0,0.0
2,mcv:159,mcv,574,7,1,False,0,0,0,0.0,0.0
2,mcv:909,mcv,492,3,2,False,0,0,0,0.0,0.0
2,fd:142,fd,27,4,3,True,0,0,0,0.0,0.0
2,mcv:188,mcv,814,7,1,False,0,0,0,0.0,0.0
2,fd:357,fd,27,3,2,False,0,0,0,0.0,0.0
2,fd:61,fd,27,7,1,False,0,0,0,0.0,0.0
2,mcv:2022,mcv,362,1,1,False,0,0,0,0.0,0.0
2,fd:202,fd,27,5,1,False,0,0,0,0.0,0.0
2,mcv:2202,mcv,244,0,1,False,0,0,0,0.0,0.0
2,mcv:511,mcv,266,4,2,False,0,0,0,0.0,0.0
2,mcv:528,mcv,244,5,1,False,0,0,0,0.0,0.0
2,mcv:1373,mcv,278,2,2,False,0,0,0,0.0,0.0
2,mcv:1353,mcv,650,3,1,False,0,0,0,0.0,0.0
2,mcv:1318,mcv,322,3,1,False,0,0,0,0.0,0.0
2,mcv:559,mcv,724,5,1,False,0,0,0,0.0,0.0
2,fd:518,fd,41,2,2,False,0,0,0,0.0,0.0
2,mcv:448,mcv,340,5,1,False,0,0,0,0.0,0.0
2,mcv:284,mcv,226,5,2,False,0,0,0,0.0,0.0
2,mcv:276,mcv,966,5,2,False,0,0,0,0.0,0.0
2,mcv:850,mcv,318,4,1,False,0,0,0,0.0,0.0
2,mcv:138,mcv,392,6,2,False,0,0,0,0.0,0.0
2,mcv:301,mcv,384,6,1,False,0,0,0,0.0,0.0
2,mcv:1586,mcv,218,2,1,False,0,0,0,0.0,0.0
2,mcv:525,mcv,452,4,2,False,0,0,0,0.0,0.0
2,mcv:1334,mcv,278,2,2,False,0,0,0,0.0,0.0
2,mcv:254,mcv,218,6,1,False,0,0,0,0.0,0.0
2,mcv:2190,mcv,410,0,1,False,0,0,0,0.0,0.0
2,mcv:1304,mcv,720,3,1,False,0,0,0,0.0,0.0
2,mcv:2020,mcv,624,1,1,False,0,0,0,0.0,0.0
2,fd:108,fd,27,5,2,False,0,0,0,0.0,0.0
2,mcv:1306,mcv,646,3,1,False,0,0,0,0.0,0.0
2,fd:50,fd,27,6,2,False,0,0,0,0.0,0.0
2,mcv:1177,mcv,488,3,1,False,0,0,0,0.0,0.0
2,mcv:253,mcv,270,6,1,False,0,0,0,0.0,0.0
2,mcv:168,mcv,314,6,2,True,2,0,2,0.0,0.8135868053165429
2,mcv:607,mcv,304,5,1,False,0,0,0,0.0,0.0
2,mcv:1478,mcv,628,2,1,False,0,0,0,0.0,0.0
2,mcv:1480,mcv,764,2,1,False,0,0,0,0.0,0.0
2,fd:252,fd,41,5,1,False,0,0,0,0.0,0.0
2,mcv:390,mcv,536,4,2,False,0,0,0,0.0,0.0
2,fd:351,fd,41,4,1,False,0,0,0,0.0,0.0
2,mcv:397,mcv,304,5,1,False,0,0,0,0.0,0.0
2,mcv:1101,mcv,896,2,2,True,1,1,0,0.07164107055182223,0.0
2,mcv:1744,mcv,544,2,1,False,0,0,0,0.0,0.0
2,mcv:1803,mcv,278,2,1,False,0,0,0,0.0,0.0
2,fd:551,fd,41,3,1,False,0,0,0,0.0,0.0
2,mcv:900,mcv,148,4,1,False,0,0,0,0.0,0.0
2,mcv:1340,mcv,148,3,1,False,0,0,0,0.0,0.0
2,mcv:723,mcv,874,4,1,False,0,0,0,0.0,0.0
2,fd:647,fd,27,2,1,False,0,0,0,0.0,0.0
2,mcv:149,mcv,378,6,2,False,0,0,0,0.0,0.0
2,fd:159,fd,41,5,1,False,0,0,0,0.0,0.0
2,mcv:967,mcv,278,4,1,False,0,0,0,0.0,0.0
2,mcv:157,mcv,148,6,2,False,0,0,0,0.0,0.0
2,fd:382,fd,27,4,1,False,0,0,0,0.0,0.0
2,mcv:526,mcv,378,5,1,False,0,0,0,0.0,0.0
2,mcv:1446,mcv,408,3,1,False,0,0,0,0.0,0.0
2,fd:59,fd,27,6,2,False,0,0,0,0.0,0.0
2,mcv:1534,mcv,326,2,1,False,0,0,0,0.0,0.0
2,fd:566,fd,27,2,1,False,0,0,0,0.0,0.0
2,mcv:349,mcv,170,6,1,False,0,0,0,0.0,0.0
2,fd:54,fd,27,6,2,False,0,0,0,0.0,0.0
2,mcv:2211,mcv,320,0,1,False,0,0,0,0.0,0.0
2,mcv:664,mcv,598,4,1,False,0,0,0,0.0,0.0
2,fd:550,fd,41,2,2,False,0,0,0,0.0,0.0
2,fd:331,fd,27,4,1,False,0,0,0,0.0,0.0
2,mcv:373,mcv,480,4,2,False,0,0,0,0.0,0.0
2,mcv:1243,mcv,650,3,1,False,0,0,0,0.0,0.0
2,mcv:180,mcv,370,7,1,False,0,0,0,0.0,0.0
2,mcv:1046,mcv,698,3,1,False,0,0,0,0.0,0.0
2,fd:391,fd,27,4,1,False,0,0,0,0.0,0.0
2,mcv:1428,mcv,1006,3,1,False,0,0,0,0.0,0.0
2,fd:275,fd,27,3,2,False,0,0,0,0.0,0.0
2,fd:481,fd,27,3,1,True,0,0,0,0.0,0.0
2,mcv:655,mcv,756,4,1,False,0,0,0,0.0,0.0
2,fd:273,fd,27,4,1,False,0,0,0,0.0,0.0
2,mcv:866,mcv,508,4,1,False,0,0,0,0.0,0.0
2,fd:147,fd,27,4,2,False,0,0,0,0.0,0.0
2,fd:71,fd,27,7,1,False,0,0,0,0.0,0.0
2,mcv:521,mcv,300,4,2,False,0,0,0,0.0,0.0
2,mcv:952,mcv,620,4,1,False,0,0,0,0.0,0.0
2,fd:475,fd,27,2,2,False,0,0,0,0.0,0.0
2,mcv:1445,mcv,460,2,2,False,0,0,0,0.0,0.0
2,fd:419,fd,41,3,1,False,0,0,0,0.0,0.0
2,mcv:1235,mcv,704,3,1,False,0,0,0,0.0,0.0
2,fd:489,fd,27,3,1,False,0,0,0,0.0,0.0
2,mcv:1241,mcv,844,2,2,True,2,0,2,0.0,0.3472925332455028
2,mcv:1813,mcv,662,2,1,False,0,0,0,0.0,0.0
2,mcv:1980,mcv,568,1,1,False,0,0,0,0.0,0.0
2,mcv:1852,mcv,352,1,1,False,0,0,0,0.0,0.0
2,mcv:979,mcv,904,4,1,False,0,0,0,0.0,0.0
2,fd:377,fd,41,4,1,False,0,0,0,0.0,0.0
2,mcv:2200,mcv,1252,0,1,False,0,0,0,0.0,0.0
2,mcv:1269,mcv,304,3,1,False,0,0,0,0.0,0.0
2,fd:651,fd,27,2,1,True,0,0,0,0.0,0.0
2,mcv:2013,mcv,448,1,1,False,0,0,0,0.0,0.0
2,mcv:950,mcv,300,4,1,False,0,0,0,0.0,0.0
2,mcv:666,mcv,640,4,1,False,0,0,0,0.0,0.0
2,mcv:2014,mcv,1054,1,1,False,0,0,0,0.0,0.0
2,fd:540,fd,27,3,1,False,0,0,0,0.0,0.0
2,fd:661,fd,27,1,1,False,0,0,0,0.0,0.0
2,mcv:668,mcv,370,3,2,False,0,0,0,0.0,0.0
2,mcv:1300,mcv,528,3,1,False,0,0,0,0.0,0.0
2,mcv:639,mcv,900,4,1,False,0,0,0,0.0,0.0
2,mcv:1247,mcv,550,3,1,False,0,0,0,0.0,0.0
2,mcv:1025,mcv,856,2,2,True,1,1,0,0.15195510158135406,0.0
2,mcv:695,mcv,594,2,3,False,0,0,0,0.0,0.0
2,mcv:1100,mcv,524,3,1,False,0,0,0,0.0,0.0
2,mcv:218,mcv,804,4,3,False,0,0,0,0.0,0.0
2,mcv:1476,mcv,874,2,1,False,0,0,0,0.0,0.0
2,fd:158,fd,27,5,1,False,0,0,0,0.0,0.0
2,mcv:495,mcv,716,5,1,False,0,0,0,0.0,0.0
2,mcv:716,mcv,396,4,1,False,0,0,0,0.0,0.0
2,mcv:1505,mcv,1142,2,1,False,0,0,0,0.0,0.0
2,fd:431,fd,27,3,1,False,0,0,0,0.0,0.0
2,mcv:645,mcv,956,4,1,False,0,0,0,0.0,0.0
2,mcv:1308,mcv,912,3,1,False,0,0,0,0.0,0.0
2,mcv:395,mcv,644,5,1,False,0,0,0,0.0,0.0
2,mcv:1071,mcv,356,3,1,False,0,0,0,0.0,0.0
2,mcv:1692,mcv,698,2,1,False,0,0,0,0.0,0.0
2,mcv:1019,mcv,1054,2,2,False,0,0,0,0.0,0.0
2,mcv:637,mcv,560,3,2,False,0,0,0,0.0,0.0
2,fd:452,fd,27,2,2,False,0,0,0,0.0,0.0
2,mcv:1146,mcv,556,2,2,False,0,0,0,0.0,0.0
2,mcv:39,mcv,1014,9,1,False,0,0,0,0.0,0.0
2,fd:457,fd,27,3,1,False,0,0,0,0.0,0.0
2,mcv:338,mcv,736,5,2,False,0,0,0,0.0,0.0
2,fd:456,fd,27,3,1,False,0,0,0,0.0,0.0
2,mcv:746,mcv,636,4,1,False,0,0,0,0.0,0.0
2,mcv:744,mcv,314,3,2,False,0,0,0,0.0,0.0
2,mcv:1409,mcv,952,2,2,False,0,0,0,0.0,0.0
2,fd:451,fd,27,3,1,True,0,0,0,0.0,0.0
2,mcv:600,mcv,288,5,1,False,0,0,0,0.0,0.0
2,fd:53,fd,27,5,3,False,0,0,0,0.0,0.0
2,mcv:865,mcv,200,4,1,False,0,0,0,0.0,0.0
2,mcv:1157,mcv,512,3,1,False,0,0,0,0.0,0.0
2,mcv:302,mcv,568,6,1,False,0,0,0,0.0,0.0
2,mcv:599,mcv,728,4,2,False,0,0,0,0.0,0.0
2,mcv:1152,mcv,314,3,1,False,0,0,0,0.0,0.0
2,mcv:1155,mcv,196,3,1,False,0,0,0,0.0,0.0
2,mcv:62,mcv,340,8,1,False,0,0,0,0.0,0.0
2,fd:227,fd,27,5,1,True,0,0,0,0.0,0.0
2,mcv:570,mcv,340,5,1,False,0,0,0,0.0,0.0
2,mcv:147,mcv,538,5,3,False,0,0,0,0.0,0.0
2,mcv:1145,mcv,196,3,1,False,0,0,0,0.0,0.0
2,mcv:324,mcv,846,6,1,False,0,0,0,0.0,0.0
2,mcv:861,mcv,222,4,1,False,0,0,0,0.0,0.0
2,mcv:629,mcv,440,4,1,False,0,0,0,0.0,0.0
2,fd:328,fd,27,4,1,False,0,0,0,0.0,0.0
2,fd:649,fd,41,2,1,False,0,0,0,0.0,0.0
2,fd:263,fd,27,4,1,False,0,0,0,0.0,0.0
2,mcv:1043,mcv,916,3,1,False,0,0,0,0.0,0.0
2,fd:274,fd,27,4,1,False,0,0,0,0.0,0.0
2,mcv:1048,mcv,414,3,1,False,0,0,0,0.0,0.0
2,mcv:518,mcv,292,5,1,False,0,0,0,0.0,0.0
2,mcv:1493,mcv,304,2,1,False,0,0,0,0.0,0.0
2,mcv:632,mcv,462,4,1,False,0,0,0,0.0,0.0
2,mcv:206,mcv,704,6,1,False,0,0,0,0.0,0.0
2,fd:559,fd,41,2,1,False,0,0,0,0.0,0.0
2,mcv:2135,mcv,664,0,1,False,0,0,0,0.0,0.0
2,mcv:364,mcv,510,5,1,False,0,0,0,0.0,0.0
2,mcv:210,mcv,392,6,1,False,0,0,0,0.0,0.0
2,mcv:667,mcv,274,4,1,False,0,0,0,0.0,0.0
2,mcv:1044,mcv,968,3,1,False,0,0,0,0.0,0.0
2,mcv:674,mcv,296,3,2,True,0,0,0,0.0,0.0
2,mcv:192,mcv,1408,5,2,False,0,0,0,0.0,0.0
2,mcv:164,mcv,292,7,1,False,0,0,0,0.0,0.0
2,mcv:1458,mcv,296,3,1,False,0,0,0,0.0,0.0
2,fd:424,fd,27,3,1,False,0,0,0,0.0,0.0
2,mcv:2218,mcv,366,0,1,False,0,0,0,0.0,0.0
2,fd:603,fd,27,2,1,False,0,0,0,0.0,0.0
2,mcv:1837,mcv,936,1,1,False,0,0,0,0.0,0.0
2,mcv:1061,mcv,388,3,1,True,1,1,0,0.8812243402299149,0.0
2,fd:421,fd,27,3,1,False,0,0,0,0.0,0.0
2,mcv:1799,mcv,886,2,1,False,0,0,0,0.0,0.0
2,mcv:1015,mcv,598,2,2,False,0,0,0,0.0,0.0
2,mcv:1691,mcv,174,2,1,False,0,0,0,0.0,0.0
2,mcv:1805,mcv,604,2,1,False,0,0,0,0.0,0.0
2,mcv:8,mcv,952,9,2,False,0,0,0,0.0,0.0
2,mcv:1038,mcv,956,3,1,False,0,0,0,0.0,0.0
2,mcv:1850,mcv,786,1,1,False,0,0,0,0.0,0.0
2,fd:186,fd,27,4,2,False,0,0,0,0.0,0.0
2,mcv:1211,mcv,1242,3,1,False,0,0,0,0.0,0.0
2,mcv:268,mcv,2382,6,1,False,0,0,0,0.0,0.0
2,mcv:658,mcv,588,4,1,False,0,0,0,0.0,0.0
2,mcv:1943,mcv,1544,1,1,False,0,0,0,0.0,0.0
2,mcv:1355,mcv,378,3,1,False,0,0,0,0.0,0.0
2,fd:454,fd,27,3,1,False,0,0,0,0.0,0.0
2,fd:119,fd,27,6,1,False,0,0,0,0.0,0.0
2,mcv:756,mcv,170,2,3,False,0,0,0,0.0,0.0
2,mcv:309,mcv,434,6,1,False,0,0,0,0.0,0.0
2,mcv:203,mcv,1320,6,1,False,0,0,0,0.0,0.0
2,mcv:329,mcv,1244,5,2,False,0,0,0,0.0,0.0
2,mcv:1149,mcv,462,3,1,False,0,0,0,0.0,0.0
2,mcv:474,mcv,1926,5,1,True,1,0,1,0.0,0.8892077132076559
2,fd:509,fd,27,3,1,False,0,0,0,0.0,0.0
2,mcv:752,mcv,632,3,2,False,0,0,0,0.0,0.0
2,mcv:441,mcv,850,5,1,False,0,0,0,0.0,0.0
2,fd:103,fd,27,6,1,False,0,0,0,0.0,0.0
2,mcv:549,mcv,1052,4,2,False,0,0,0,0.0,0.0
2,mcv:1212,mcv,440,3,1,False,0,0,0,0.0,0.0
2,mcv:466,mcv,610,4,2,False,0,0,0,0.0,0.0
2,mcv:467,mcv,1074,5,1,False,0,0,0,0.0,0.0
2,mcv:2174,mcv,1254,0,1,False,0,0,0,0.0,0.0
2,mcv:1820,mcv,566,2,1,False,0,0,0,0.0,0.0
2,mcv:1372,mcv,626,3,1,False,0,0,0,0.0,0.0
2,mcv:634,mcv,440,4,1,False,0,0,0,0.0,0.0
2,mcv:1784,mcv,292,2,1,True,0,0,0,0.0,0.0
2,mcv:362,mcv,576,5,1,False,0,0,0,0.0,0.0
2,mcv:1405,mcv,248,2,2,False,0,0,0,0.0,0.0
2,fd:721,fd,27,1,1,False,0,0,0,0.0,0.0
2,mcv:960,mcv,218,4,1,True,1,1,0,0.35075528511671195,0.0
2,mcv:1507,mcv,318,1,2,False,0,0,0,0.0,0.0
2,fd:530,fd,41,3,1,False,0,0,0,0.0,0.0
2,fd:264,fd,27,4,1,False,0,0,0,0.0,0.0
2,mcv:1404,mcv,456,3,1,False,0,0,0,0.0,0.0
2,mcv:1375,mcv,562,3,1,False,0,0,0,0.0,0.0
2,fd:531,fd,27,2,2,False,0,0,0,0.0,0.0
2,mcv:2065,mcv,244,1,1,False,0,0,0,0.0,0.0
2,mcv:1086,mcv,546,3,1,False,0,0,0,0.0,0.0
2,fd:641,fd,27,2,1,False,0,0,0,0.0,0.0
2,fd:363,fd,27,3,2,False,0,0,0,0.0,0.0
2,mcv:700,mcv,524,3,2,False,0,0,0,0.0,0.0
2,mcv:618,mcv,504,5,1,False,0,0,0,0.0,0.0
2,mcv:1841,mcv,528,1,1,False,0,0,0,0.0,0.0
2,fd:257,fd,41,5,1,False,0,0,0,0.0,0.0
2,mcv:923,mcv,314,3,2,False,0,0,0,0.0,0.0
2,mcv:58,mcv,288,8,1,False,0,0,0,0.0,0.0
2,mcv:1682,mcv,174,2,1,False,0,0,0,0.0,0.0
2,mcv:845,mcv,410,3,2,False,0,0,0,0.0,0.0
2,fd:253,fd,27,4,2,False,0,0,0,0.0,0.0
2,mcv:1057,mcv,410,3,1,True,0,0,0,0.0,0.0
2,mcv:1274,mcv,266,3,1,False,0,0,0,0.0,0.0
2,mcv:785,mcv,458,4,1,False,0,0,0,0.0,0.0
2,mcv:516,mcv,300,5,1,False,0,0,0,0.0,0.0
2,mcv:1680,mcv,388,2,1,False,0,0,0,0.0,0.0
2,mcv:1968,mcv,266,1,1,False,0,0,0,0.0,0.0
2,mcv:380,mcv,498,5,1,False,0,0,0,0.0,0.0
2,mcv:385,mcv,400,5,1,True,1,1,0,0.6945520534870822,0.0
2,mcv:608,mcv,318,4,2,False,0,0,0,0.0,0.0
2,mcv:1226,mcv,288,2,2,False,0,0,0,0.0,0.0
2,fd:597,fd,27,2,1,False,0,0,0,0.0,0.0
2,mcv:204,mcv,362,6,1,False,0,0,0,0.0,0.0
2,mcv:1686,mcv,506,2,1,False,0,0,0,0.0,0.0
2,mcv:274,mcv,432,5,2,False,0,0,0,0.0,0.0
2,mcv:492,mcv,594,5,1,False,0,0,0,0.0,0.0
2,mcv:1434,mcv,518,3,1,False,0,0,0,0.0,0.0
2,mcv:457,mcv,318,5,1,False,0,0,0,0.0,0.0
2,mcv:781,mcv,218,4,1,False,0,0,0,0.0,0.0
2,mcv:849,mcv,222,4,1,False,0,0,0,0.0,0.0
2,fd:154,fd,41,5,1,True,0,0,0,0.0,0.0
2,fd:196,fd,27,5,1,True,0,0,0,0.0,0.0
2,mcv:389,mcv,408,5,1,False,0,0,0,0.0,0.0
2,mcv:702,mcv,362,4,1,False,0,0,0,0.0,0.0
2,fd:614,fd,41,2,1,False,0,0,0,0.0,0.0
2,mcv:520,mcv,226,5,1,False,0,0,0,0.0,0.0
2,mcv:288,mcv,174,6,1,False,0,0,0,0.0,0.0
2,fd:193,fd,27,4,2,False,0,0,0,0.0,0.0
2,mcv:859,mcv,274,4,1,False,0,0,0,0.0,0.0
2,mcv:862,mcv,382,4,1,False,0,0,0,0.0,0.0
2,mcv:513,mcv,174,4,2,False,0,0,0,0.0,0.0
2,mcv:308,mcv,170,6,1,False,0,0,0,0.0,0.0
2,mcv:1723,mcv,512,2,1,False,0,0,0,0.0,0.0
2,mcv:386,mcv,296,5,1,False,0,0,0,0.0,0.0
2,mcv:613,mcv,218,5,1,True,0,0,0,0.0,0.0
2,mcv:1463,mcv,288,3,1,True,0,0,0,0.0,0.0
2,mcv:626,mcv,964,5,1,False,0,0,0,0.0,0.0
2,mcv:1172,mcv,196,3,1,False,0,0,0,0.0,0.0
2,fd:262,fd,27,5,1,False,0,0,0,0.0,0.0
2,mcv:98,mcv,1878,7,1,False,0,0,0,0.0,0.0
2,mcv:446,mcv,148,5,1,False,0,0,0,0.0,0.0
2,mcv:612,mcv,218,5,1,False,0,0,0,0.0,0.0
2,mcv:1064,mcv,366,3,1,False,0,0,0,0.0,0.0
2,mcv:252,mcv,740,6,1,False,0,0,0,0.0,0.0
2,mcv:11,mcv,1162,10,1,False,0,0,0,0.0,0.0
2,mcv:1203,mcv,772,3,1,True,0,0,0,0.0,0.0
2,mcv:1608,mcv,886,2,1,False,0,0,0,0.0,0.0
2,fd:415,fd,27,3,1,False,0,0,0,0.0,0.0
2,mcv:45,mcv,652,8,1,False,0,0,0,0.0,0.0
2,mcv:678,mcv,326,4,1,False,0,0,0,0.0,0.0
2,mcv:1028,mcv,408,3,1,False,0,0,0,0.0,0.0
2,fd:95,fd,27,6,1,False,0,0,0,0.0,0.0
2,mcv:643,mcv,628,4,1,False,0,0,0,0.0,0.0
2,mcv:399,mcv,1484,5,1,True,1,1,0,0.015042919559013379,0.0
2,mcv:406,mcv,378,5,1,False,0,0,0,0.0,0.0
2,mcv:567,mcv,314,5,1,False,0,0,0,0.0,0.0
2,mcv:464,mcv,592,5,1,False,0,0,0,0.0,0.0
2,mcv:65,mcv,196,8,1,True,1,1,0,5.9182430955928567e-08,0.0
2,mcv:262,mcv,658,5,2,False,0,0,0,0.0,0.0
2,mcv:762,mcv,196,4,1,False,0,0,0,0.0,0.0
2,fd:55,fd,27,7,1,False,0,0,0,0.0,0.0
2,mcv:150,mcv,292,7,1,False,0,0,0,0.0,0.0
2,fd:413,fd,27,3,1,False,0,0,0,0.0,0.0
2,mcv:638,mcv,1518,4,1,False,0,0,0,0.0,0.0
2,fd:297,fd,27,4,1,False,0,0,0,0.0,0.0
2,mcv:1504,mcv,318,2,1,False,0,0,0,0.0,0.0
2,mcv:788,mcv,486,4,1,False,0,0,0,0.0,0.0
2,fd:160,fd,27,5,1,False,0,0,0,0.0,0.0
2,mcv:249,mcv,544,6,1,False,0,0,0,0.0,0.0
2,mcv:1170,mcv,222,3,1,False,0,0,0,0.0,0.0
2,fd:464,fd,27,3,1,False,0,0,0,0.0,0.0
2,mcv:402,mcv,388,5,1,False,0,0,0,0.0,0.0
2,mcv:1022,mcv,492,3,1,False,0,0,0,0.0,0.0
2,fd:224,fd,27,5,1,False,0,0,0,0.0,0.0
2,mcv:999,mcv,200,4,1,False,0,0,0,0.0,0.0
2,fd:589,fd,27,2,1,False,0,0,0,0.0,0.0
2,mcv:815,mcv,196,4,1,False,0,0,0,0.0,0.0
2,mcv:1657,mcv,392,2,1,False,0,0,0,0.0,0.0
2,mcv:489,mcv,270,4,2,False,0,0,0,0.0,0.0
2,fd:105,fd,27,6,1,False,0,0,0,0.0,0.0
2,mcv:277,mcv,318,6,1,False,0,0,0,0.0,0.0
2,mcv:1224,mcv,318,3,1,False,0,0,0,0.0,0.0
2,fd:188,fd,27,4,2,False,0,0,0,0.0,0.0
2,fd:404,fd,27,4,1,False,0,0,0,0.0,0.0
2,mcv:1827,mcv,1166,2,1,False,0,0,0,0.0,0.0
2,fd:362,fd,41,4,1,False,0,0,0,0.0,0.0
2,fd:131,fd,27,6,1,False,0,0,0,0.0,0.0
2,mcv:1544,mcv,222,2,1,False,0,0,0,0.0,0.0
2,mcv:588,mcv,540,5,1,True,1,1,0,0.5166697754123319,0.0
2,fd:568,fd,27,2,1,True,0,0,0,0.0,0.0
2,fd:240,fd,41,5,1,False,0,0,0,0.0,0.0
2,mcv:323,mcv,1052,6,1,False,0,0,0,0.0,0.0
2,mcv:921,mcv,382,4,1,False,0,0,0,0.0,0.0
2,mcv:424,mcv,218,4,2,False,0,0,0,0.0,0.0
2,mcv:924,mcv,218,3,2,False,0,0,0,0.0,0.0
2,mcv:1824,mcv,266,2,1,False,0,0,0,0.0,0.0
2,mcv:962,mcv,248,4,1,False,0,0,0,0.0,0.0
2,mcv:1107,mcv,590,3,1,False,0,0,0,0.0,0.0
2,mcv:1535,mcv,248,2,1,False,0,0,0,0.0,0.0
2,mcv:144,mcv,174,7,1,False,0,0,0,0.0,0.0
2,fd:313,fd,27,4,1,False,0,0,0,0.0,0.0
2,fd:52,fd,27,7,1,False,0,0,0,0.0,0.0
2,mcv:805,mcv,348,4,1,False,0,0,0,0.0,0.0
2,mcv:611,mcv,200,5,1,False,0,0,0,0.0,0.0
2,fd:255,fd,27,5,1,False,0,0,0,0.0,0.0
2,mcv:717,mcv,406,4,1,False,0,0,0,0.0,0.0
2,mcv:1348,mcv,434,2,2,False,0,0,0,0.0,0.0
2,mcv:1244,mcv,266,2,2,False,0,0,0,0.0,0.0
2,mcv:2120,mcv,292,1,1,False,0,0,0,0.0,0.0
2,mcv:1245,mcv,406,3,1,False,0,0,0,0.0,0.0
2,mcv:1246,mcv,358,3,1,False,0,0,0,0.0,0.0
2,mcv:1828,mcv,218,1,2,False,0,0,0,0.0,0.0
2,mcv:778,mcv,222,4,1,False,0,0,0,0.0,0.0
2,fd:414,fd,27,3,1,False,0,0,0,0.0,0.0
2,mcv:1034,mcv,620,3,1,False,0,0,0,0.0,0.0
2,mcv:817,mcv,848,3,2,False,0,0,0,0.0,0.0
2,mcv:961,mcv,218,4,1,False,0,0,0,0.0,0.0
2,mcv:1026,mcv,628,3,1,False,0,0,0,0.0,0.0
2,mcv:1847,mcv,492,1,1,False,0,0,0,0.0,0.0
2,fd:659,fd,27,1,1,False,0,0,0,0.0,0.0
2,mcv:777,mcv,170,4,1,True,0,0,0,0.0,0.0
2,fd:450,fd,27,3,1,False,0,0,0,0.0,0.0
2,mcv:2228,mcv,800,0,1,False,0,0,0,0.0,0.0
2,mcv:1368,mcv,484,3,1,False,0,0,0,0.0,0.0
2,mcv:555,mcv,1366,5,1,False,0,0,0,0.0,0.0
2,mcv:112,mcv,170,6,2,True,2,2,0,0.01902286725216973,0.0
2,mcv:907,mcv,434,4,1,False,0,0,0,0.0,0.0
2,mcv:1344,mcv,962,3,1,False,0,0,0,0.0,0.0
2,mcv:1807,mcv,888,2,1,False,0,0,0,0.0,0.0
2,mcv:51,mcv,562,8,1,False,0,0,0,0.0,0.0
2,mcv:1365,mcv,340,3,1,True,0,0,0,0.0,0.0
2,mcv:1142,mcv,196,3,1,False,0,0,0,0.0,0.0
2,fd:355,fd,27,4,1,False,0,0,0,0.0,0.0
2,mcv:354,mcv,222,6,1,False,0,0,0,0.0,0.0
2,mcv:32,mcv,322,9,1,False,0,0,0,0.0,0.0
2,mcv:517,mcv,414,5,1,False,0,0,0,0.0,0.0
2,fd:197,fd,27,5,1,True,0,0,0,0.0,0.0
2,fd:13,fd,27,9,1,False,0,0,0,0.0,0.0
2,mcv:2249,mcv,484,0,1,False,0,0,0,0.0,0.0
2,mcv:1753,mcv,148,2,1,False,0,0,0,0.0,0.0
2,fd:755,fd,27,0,1,False,0,0,0,0.0,0.0
2,fd:627,fd,41,2,1,False,0,0,0,0.0,0.0
2,mcv:488,mcv,288,5,1,False,0,0,0,0.0,0.0
2,mcv:133,mcv,196,7,1,False,0,0,0,0.0,0.0
2,fd:49,fd,27,7,1,True,1,1,0,0.0006172066271683541,0.0
2,mcv:335,mcv,218,6,1,False,0,0,0,0.0,0.0
2,mcv:1050,mcv,274,3,1,False,0,0,0,0.0,0.0
2,fd:422,fd,27,3,1,False,0,0,0,0.0,0.0
2,mcv:417,mcv,314,5,1,False,0,0,0,0.0,0.0
2,mcv:824,mcv,244,4,1,False,0,0,0,0.0,0.0
2,mcv:1098,mcv,520,3,1,False,0,0,0,0.0,0.0
2,mcv:1632,mcv,738,2,1,False,0,0,0,0.0,0.0
2,mcv:475,mcv,658,5,1,False,0,0,0,0.0,0.0
2,mcv:1415,mcv,1386,3,1,True,1,1,0,0.5171417051292031,0.0
2,fd:473,fd,27,3,1,False,0,0,0,0.0,0.0
2,mcv:1223,mcv,278,3,1,False,0,0,0,0.0,0.0
2,mcv:871,mcv,1236,4,1,False,0,0,0,0.0,0.0
2,mcv:1418,mcv,304,3,1,False,0,0,0,0.0,0.0
2,mcv:974,mcv,148,4,1,False,0,0,0,0.0,0.0
2,mcv:942,mcv,248,4,1,False,0,0,0,0.0,0.0
2,mcv:976,mcv,266,4,1,True,1,1,0,1.3179936253493452e-08,0.0
2,fd:535,fd,41,3,1,False,0,0,0,0.0,0.0
2,fd:372,fd,27,4,1,False,0,0,0,0.0,0.0
2,mcv:1160,mcv,222,3,1,False,0,0,0,0.0,0.0
2,fd:620,fd,27,2,1,False,0,0,0,0.0,0.0
2,mcv:438,mcv,170,5,1,False,0,0,0,0.0,0.0
2,mcv:758,mcv,278,4,1,False,0,0,0,0.0,0.0
2,fd:631,fd,41,2,1,False,0,0,0,0.0,0.0
2,fd:459,fd,27,3,1,False,0,0,0,0.0,0.0
2,mcv:1762,mcv,378,2,1,False,0,0,0,0.0,0.0
2,mcv:1734,mcv,304,2,1,False,0,0,0,0.0,0.0
2,mcv:1085,mcv,340,3,1,False,0,0,0,0.0,0.0
2,mcv:453,mcv,170,5,1,False,0,0,0,0.0,0.0
2,fd:91,fd,27,5,2,False,0,0,0,0.0,0.0
2,mcv:1131,mcv,148,3,1,False,0,0,0,0.0,0.0
2,mcv:234,mcv,400,5,2,False,0,0,0,0.0,0.0
2,fd:553,fd,27,3,1,False,0,0,0,0.0,0.0
2,mcv:129,mcv,196,6,2,False,0,0,0,0.0,0.0
2,mcv:1570,mcv,448,2,1,False,0,0,0,0.0,0.0
2,mcv:490,mcv,288,5,1,False,0,0,0,0.0,0.0
2,mcv:1974,mcv,544,1,1,False,0,0,0,0.0,0.0
2,mcv:1363,mcv,196,3,1,False,0,0,0,0.0,0.0
2,mcv:440,mcv,196,5,1,True,1,0,1,0.0,0.07866305097772797
2,mcv:265,mcv,618,6,1,False,0,0,0,0.0,0.0
2,mcv:117,mcv,200,7,1,False,0,0,0,0.0,0.0
2,fd:513,fd,27,3,1,False,0,0,0,0.0,0.0
2,mcv:1361,mcv,200,3,1,False,0,0,0,0.0,0.0
2,fd:219,fd,27,5,1,False,0,0,0,0.0,0.0
2,mcv:1205,mcv,636,3,1,False,0,0,0,0.0,0.0
2,mcv:1459,mcv,270,3,1,False,0,0,0,0.0,0.0
2,mcv:1440,mcv,218,3,1,False,0,0,0,0.0,0.0
2,fd:694,fd,27,1,1,False,0,0,0,0.0,0.0
2,fd:101,fd,27,6,1,False,0,0,0,0.0,0.0
2,mcv:562,mcv,386,5,1,False,0,0,0,0.0,0.0
2,mcv:1448,mcv,518,3,1,False,0,0,0,0.0,0.0
2,mcv:792,mcv,544,4,1,False,0,0,0,0.0,0.0
2,fd:527,fd,27,3,1,True,0,0,0,0.0,0.0
2,mcv:1400,mcv,174,3,1,False,0,0,0,0.0,0.0
2,mcv:1908,mcv,170,1,1,False,0,0,0,0.0,0.0
2,fd:144,fd,27,5,1,False,0,0,0,0.0,0.0
2,mcv:1014,mcv,458,2,2,False,0,0,0,0.0,0.0
2,mcv:958,mcv,174,4,1,False,0,0,0,0.0,0.0
2,mcv:1134,mcv,148,3,1,False,0,0,0,0.0,0.0
2,mcv:1012,mcv,304,3,1,False,0,0,0,0.0,0.0
2,mcv:358,mcv,392,5,1,False,0,0,0,0.0,0.0
2,mcv:633,mcv,948,4,1,False,0,0,0,0.0,0.0
2,mcv:636,mcv,440,4,1,False,0,0,0,0.0,0.0
2,mcv:936,mcv,426,4,1,False,0,0,0,0.0,0.0
2,mcv:1842,mcv,462,1,1,True,1,0,1,0.0,0.41937251353153204
2,fd:448,fd,41,3,1,False,0,0,0,0.0,0.0
2,mcv:1771,mcv,244,2,1,False,0,0,0,0.0,0.0
2,mcv:782,mcv,218,4,1,False,0,0,0,0.0,0.0
2,mcv:1467,mcv,756,2,1,False,0,0,0,0.0,0.0
2,fd:409,fd,27,3,1,False,0,0,0,0.0,0.0
2,mcv:1464,mcv,414,2,1,False,0,0,0,0.0,0.0
2,mcv:1663,mcv,304,2,1,True,0,0,0,0.0,0.0
2,mcv:1999,mcv,366,1,1,True,0,0,0,0.0,0.0
2,mcv:497,mcv,862,5,1,True,1,0,1,0.0,0.6569963447521596
2,mcv:541,mcv,218,5,1,False,0,0,0,0.0,0.0
2,mcv:833,mcv,388,4,1,True,0,0,0,0.0,0.0
2,mcv:1469,mcv,440,2,1,False,0,0,0,0.0,0.0
2,mcv:501,mcv,314,4,2,False,0,0,0,0.0,0.0
2,mcv:527,mcv,178,5,1,False,0,0,0,0.0,0.0
2,mcv:1712,mcv,218,2,1,False,0,0,0,0.0,0.0
2,mcv:1009,mcv,418,3,1,False,0,0,0,0.0,0.0
2,fd:480,fd,27,3,1,False,0,0,0,0.0,0.0
2,fd:590,fd,41,2,1,False,0,0,0,0.0,0.0
2,fd:465,fd,27,3,1,False,0,0,0,0.0,0.0
2,mcv:783,mcv,218,4,1,False,0,0,0,0.0,0.0
2,fd:555,fd,27,2,1,False,0,0,0,0.0,0.0
2,mcv:1267,mcv,436,3,1,False,0,0,0,0.0,0.0
2,mcv:2123,mcv,1072,0,1,False,0,0,0,0.0,0.0
2,mcv:1184,mcv,318,3,1,False,0,0,0,0.0,0.0
2,fd:201,fd,41,5,1,False,0,0,0,0.0,0.0
2,mcv:2062,mcv,366,1,1,False,0,0,0,0.0,0.0
2,mcv:2240,mcv,322,0,1,False,0,0,0,0.0,0.0
2,mcv:280,mcv,244,6,1,False,0,0,0,0.0,0.0
2,mcv:1358,mcv,274,3,1,True,1,0,1,0.0,0.009380667982767266
2,mcv:843,mcv,244,4,1,False,0,0,0,0.0,0.0
2,mcv:1229,mcv,288,3,1,True,0,0,0,0.0,0.0
2,mcv:1357,mcv,482,3,1,False,0,0,0,0.0,0.0
2,fd:719,fd,41,1,1,False,0,0,0,0.0,0.0
2,mcv:1277,mcv,218,3,1,False,0,0,0,0.0,0.0
2,mcv:1410,mcv,1092,3,1,False,0,0,0,0.0,0.0
2,mcv:408,mcv,634,5,1,False,0,0,0,0.0,0.0
2,mcv:229,mcv,148,6,1,False,0,0,0,0.0,0.0
2,mcv:835,mcv,922,4,1,True,0,0,0,0.0,0.0
2,mcv:1976,mcv,520,1,1,False,0,0,0,0.0,0.0
2,mcv:903,mcv,672,4,1,False,0,0,0,0.0,0.0
2,mcv:106,mcv,362,7,1,False,0,0,0,0.0,0.0
2,mcv:1539,mcv,318,2,1,False,0,0,0,0.0,0.0
2,fd:722,fd,27,1,1,False,0,0,0,0.0,0.0
2,mcv:2002,mcv,274,1,1,False,0,0,0,0.0,0.0
2,mcv:980,mcv,506,4,1,False,0,0,0,0.0,0.0
2,mcv:1347,mcv,1308,3,1,False,0,0,0,0.0,0.0
2,fd:42,fd,41,7,1,False,0,0,0,0.0,0.0
2,mcv:2067,mcv,642,1,1,False,0,0,0,0.0,0.0
2,mcv:107,mcv,278,7,1,True,1,1,0,1.0090830322553224,0.0
2,fd:392,fd,27,4,1,False,0,0,0,0.0,0.0
2,mcv:1238,mcv,358,3,1,False,0,0,0,0.0,0.0
2,mcv:1114,mcv,244,3,1,False,0,0,0,0.0,0.0
2,fd:507,fd,27,3,1,False,0,0,0,0.0,0.0
2,mcv:821,mcv,266,4,1,False,0,0,0,0.0,0.0
2,mcv:615,mcv,170,5,1,False,0,0,0,0.0,0.0
2,mcv:742,mcv,462,4,1,False,0,0,0,0.0,0.0
2,mcv:2099,mcv,406,1,1,False,0,0,0,0.0,0.0
2,mcv:964,mcv,226,4,1,False,0,0,0,0.0,0.0
2,mcv:1556,mcv,314,2,1,False,0,0,0,0.0,0.0
2,mcv:1954,mcv,800,1,1,False,0,0,0,0.0,0.0
2,mcv:932,mcv,296,4,1,False,0,0,0,0.0,0.0
2,mcv:1432,mcv,318,3,1,False,0,0,0,0.0,0.0
2,mcv:162,mcv,382,7,1,False,0,0,0,0.0,0.0
2,fd:63,fd,27,7,1,False,0,0,0,0.0,0.0
2,mcv:583,mcv,196,5,1,False,0,0,0,0.0,0.0
2,mcv:569,mcv,270,5,1,False,0,0,0,0.0,0.0
2,mcv:609,mcv,274,5,1,False,0,0,0,0.0,0.0
2,fd:616,fd,27,2,1,False,0,0,0,0.0,0.0
2,fd:396,fd,41,4,1,False,0,0,0,0.0,0.0
2,mcv:1815,mcv,388,2,1,True,0,0,0,0.0,0.0
2,fd:544,fd,27,3,1,False,0,0,0,0.0,0.0
2,fd:226,fd,27,5,1,False,0,0,0,0.0,0.0
2,fd:254,fd,27,5,1,False,0,0,0,0.0,0.0
2,fd:397,fd,41,4,1,False,0,0,0,0.0,0.0
2,mcv:2070,mcv,528,1,1,False,0,0,0,0.0,0.0
2,fd:228,fd,27,5,1,False,0,0,0,0.0,0.0
2,mcv:1729,mcv,816,2,1,False,0,0,0,0.0,0.0
2,mcv:1832,mcv,170,2,1,False,0,0,0,0.0,0.0
2,mcv:986,mcv,148,4,1,False,0,0,0,0.0,0.0
2,mcv:350,mcv,218,6,1,False,0,0,0,0.0,0.0
2,fd:367,fd,27,4,1,False,0,0,0,0.0,0.0
2,mcv:571,mcv,226,5,1,False,0,0,0,0.0,0.0
2,mcv:985,mcv,148,4,1,False,0,0,0,0.0,0.0
3,mcv:57,mcv,544,8,1,False,0,0,0,0.0,0.0
3,mcv:987,mcv,484,1,4,True,2,2,0,0.12412418656958568,0.0
3,mcv:1203,mcv,772,3,1,True,1,1,0,0.09469456042727376,0.0
3,mcv:1146,mcv,556,3,1,False,0,0,0,0.0,0.0
3,mcv:1790,mcv,708,1,2,False,0,0,0,0.0,0.0
3,mcv:1946,mcv,948,0,2,False,0,0,0,0.0,0.0
3,fd:452,fd,27,3,1,False,0,0,0,0.0,0.0
3,mcv:465,mcv,1306,4,2,False,0,0,0,0.0,0.0
3,fd:234,fd,27,4,2,False,0,0,0,0.0,0.0
3,mcv:40,mcv,840,8,2,True,2,1,1,20.893872529622158,0.16543275881497754
3,mcv:964,mcv,226,3,2,False,0,0,0,0.0,0.0
3,fd:295,fd,27,4,1,False,0,0,0,0.0,0.0
3,mcv:6,mcv,842,9,2,False,0,0,0,0.0,0.0
3,mcv:1354,mcv,588,2,2,False,0,0,0,0.0,0.0
3,mcv:1727,mcv,746,2,1,False,0,0,0,0.0,0.0
3,mcv:112,mcv,170,5,3,True,3,1,2,1.8999752215975718e-08,0.007061391104920878
3,mcv:162,mcv,382,7,1,False,0,0,0,0.0,0.0
3,mcv:559,mcv,724,3,3,False,0,0,0,0.0,0.0
3,fd:63,fd,27,7,1,False,0,0,0,0.0,0.0
3,fd:384,fd,41,2,3,False,0,0,0,0.0,0.0
3,mcv:789,mcv,886,3,2,True,1,1,0,0.932992172149796,0.0
3,mcv:582,mcv,170,5,1,False,0,0,0,0.0,0.0
3,mcv:1922,mcv,292,1,1,False,0,0,0,0.0,0.0
3,mcv:969,mcv,660,2,3,False,0,0,0,0.0,0.0
3,mcv:1141,mcv,514,3,1,False,0,0,0,0.0,0.0
3,fd:259,fd,27,4,2,False,0,0,0,0.0,0.0
3,fd:74,fd,27,6,2,False,0,0,0,0.0,0.0
3,mcv:266,mcv,654,4,3,False,0,0,0,0.0,0.0
3,fd:386,fd,27,2,3,False,0,0,0,0.0,0.0
3,mcv:791,mcv,1290,3,2,False,0,0,0,0.0,0.0
3,mcv:1556,mcv,314,2,1,False,0,0,0,0.0,0.0
3,fd:18,fd,27,8,2,False,0,0,0,0.0,0.0
3,mcv:578,mcv,512,5,1,False,0,0,0,0.0,0.0
3,mcv:1913,mcv,676,1,1,False,0,0,0,0.0,0.0
3,fd:123,fd,27,5,2,False,0,0,0,0.0,0.0
3,fd:138,fd,27,2,5,False,0,0,0,0.0,0.0
3,mcv:620,mcv,222,4,2,False,0,0,0,0.0,0.0
3,mcv:327,mcv,226,4,3,False,0,0,0,0.0,0.0
3,mcv:2076,mcv,200,1,1,False,0,0,0,0.0,0.0
3,fd:308,fd,41,3,2,False,0,0,0,0.0,0.0
3,mcv:606,mcv,1000,3,3,False,0,0,0,0.0,0.0
3,mcv:2096,mcv,850,1,1,False,0,0,0,0.0,0.0
3,mcv:312,mcv,382,6,1,False,0,0,0,0.0,0.0
3,mcv:314,mcv,768,5,2,False,0,0,0,0.0,0.0
3,mcv:344,mcv,296,2,5,False,0,0,0,0.0,0.0
3,mcv:749,mcv,244,4,1,False,0,0,0,0.0,0.0
3,mcv:2097,mcv,432,1,1,False,0,0,0,0.0,0.0
3,mcv:264,mcv,1124,3,4,False,0,0,0,0.0,0.0
3,mcv:1920,mcv,170,1,1,False,0,0,0,0.0,0.0
3,mcv:1384,mcv,274,2,2,False,0,0,0,0.0,0.0
3,fd:121,fd,27,6,1,False,0,0,0,0.0,0.0
3,fd:521,fd,27,2,2,False,0,0,0,0.0,0.0
3,fd:233,fd,41,5,1,False,0,0,0,0.0,0.0
3,mcv:343,mcv,576,4,3,False,0,0,0,0.0,0.0
3,fd:296,fd,27,4,1,False,0,0,0,0.0,0.0
3,mcv:579,mcv,322,4,2,False,0,0,0,0.0,0.0
3,mcv:184,mcv,344,6,2,False,0,0,0,0.0,0.0
3,mcv:1788,mcv,524,1,2,False,0,0,0,0.0,0.0
3,fd:3,fd,41,7,4,True,1,0,1,0.0,0.012795938103301152
3,mcv:748,mcv,388,4,1,False,0,0,0,0.0,0.0
3,mcv:972,mcv,366,2,3,False,0,0,0,0.0,0.0
3,mcv:9,mcv,512,7,4,False,0,0,0,0.0,0.0
3,fd:736,fd,27,1,1,True,0,0,0,0.0,0.0
3,mcv:1890,mcv,318,1,1,False,0,0,0,0.0,0.0
3,mcv:226,mcv,252,5,2,True,2,2,0,0.38655581770326175,0.0
3,fd:112,fd,41,4,3,False,0,0,0,0.0,0.0
3,mcv:1621,mcv,458,2,1,False,0,0,0,0.0,0.0
3,mcv:108,mcv,572,6,2,False,0,0,0,0.0,0.0
3,fd:89,fd,41,5,2,False,0,0,0,0.0,0.0
3,mcv:295,mcv,200,4,3,True,2,0,2,0.0,0.039734072031640144
3,mcv:810,mcv,454,4,1,False,0,0,0,0.0,0.0
3,mcv:394,mcv,418,5,1,False,0,0,0,0.0,0.0
3,fd:14,fd,27,8,2,False,0,0,0,0.0,0.0
3,mcv:856,mcv,274,3,2,False,0,0,0,0.0,0.0
3,mcv:1647,mcv,616,2,1,False,0,0,0,0.0,0.0
3,mcv:1676,mcv,526,1,2,False,0,0,0,0.0,0.0
3,mcv:1742,mcv,362,1,2,False,0,0,0,0.0,0.0
3,mcv:1646,mcv,366,2,1,False,0,0,0,0.0,0.0
3,mcv:46,mcv,634,7,2,False,0,0,0,0.0,0.0
3,mcv:2053,mcv,772,1,1,False,0,0,0,0.0,0.0
3,fd:427,fd,27,3,1,False,0,0,0,0.0,0.0
3,fd:321,fd,27,4,1,False,0,0,0,0.0,0.0
3,mcv:852,mcv,244,4,1,False,0,0,0,0.0,0.0
3,mcv:827,mcv,432,2,3,False,0,0,0,0.0,0.0
3,fd:588,fd,27,2,1,False,0,0,0,0.0,0.0
3,fd:592,fd,27,1,2,False,0,0,0,0.0,0.0
3,mcv:1068,mcv,330,1,3,False,0,0,0,0.0,0.0
3,mcv:396,mcv,492,3,3,False,0,0,0,0.0,0.0
3,mcv:1067,mcv,562,3,1,False,0,0,0,0.0,0.0
3,fd:428,fd,27,1,3,False,0,0,0,0.0,0.0
3,mcv:34,mcv,536,8,2,True,2,1,1,0.16486035833307566,0.23148647957278579
3,mcv:136,mcv,926,6,2,False,0,0,0,0.0,0.0
3,mcv:2110,mcv,408,1,1,False,0,0,0,0.0,0.0
3,mcv:1003,mcv,1974,4,1,False,0,0,0,0.0,0.0
3,mcv:173,mcv,964,5,3,True,1,1,0,0.11039236864171498,0.0
3,fd:373,fd,27,1,4,False,0,0,0,0.0,0.0
3,mcv:462,mcv,784,4,2,False,0,0,0,0.0,0.0
3,mcv:703,mcv,496,4,1,True,1,1,0,1.1349520682716103,0.0
3,fd:283,fd,27,4,1,False,0,0,0,0.0,0.0
3,mcv:1083,mcv,388,3,1,False,0,0,0,0.0,0.0
3,fd:434,fd,27,3,1,False,0,0,0,0.0,0.0
3,mcv:698,mcv,616,3,2,False,0,0,0,0.0,0.0
3,mcv:492,mcv,594,4,2,False,0,0,0,0.0,0.0
3,fd:185,fd,27,4,2,True,0,0,0,0.0,0.0
3,mcv:345,mcv,1192,6,1,False,0,0,0,0.0,0.0
3,mcv:814,mcv,340,4,1,False,0,0,0,0.0,0.0
3,mcv:1234,mcv,1052,3,1,False,0,0,0,0.0,0.0
3,mcv:260,mcv,196,5,2,False,0,0,0,0.0,0.0
3,mcv:1868,mcv,476,1,1,False,0,0,0,0.0,0.0
3,mcv:398,mcv,362,5,1,False,0,0,0,0.0,0.0
3,mcv:258,mcv,218,4,3,False,0,0,0,0.0,0.0
3,fd:376,fd,27,4,1,False,0,0,0,0.0,0.0
3,fd:468,fd,27,2,2,False,0,0,0,0.0,0.0
3,mcv:1873,mcv,1900,0,2,False,0,0,0,0.0,0.0
3,mcv:785,mcv,458,4,1,False,0,0,0,0.0,0.0
3,mcv:945,mcv,340,1,4,False,0,0,0,0.0,0.0
3,mcv:488,mcv,288,5,1,False,0,0,0,0.0,0.0
3,fd:99,fd,27,5,2,False,0,0,0,0.0,0.0
3,fd:139,fd,27,6,1,False,0,0,0,0.0,0.0
3,mcv:948,mcv,484,4,1,False,0,0,0,0.0,0.0
3,mcv:1193,mcv,296,2,2,False,0,0,0,0.0,0.0
3,mcv:589,mcv,452,2,4,False,0,0,0,0.0,0.0
3,mcv:1148,mcv,170,3,1,False,0,0,0,0.0,0.0
3,mcv:416,mcv,344,4,2,False,0,0,0,0.0,0.0
3,fd:402,fd,41,3,2,False,0,0,0,0.0,0.0
3,mcv:186,mcv,200,6,2,False,0,0,0,0.0,0.0
3,mcv:425,mcv,422,4,2,False,0,0,0,0.0,0.0
3,mcv:187,mcv,148,6,2,True,2,0,2,0.0,0.011617474226640834
3,fd:242,fd,27,4,2,False,0,0,0,0.0,0.0
3,fd:75,fd,27,6,2,False,0,0,0,0.0,0.0
3,mcv:1388,mcv,374,3,1,False,0,0,0,0.0,0.0
3,fd:290,fd,27,3,2,False,0,0,0,0.0,0.0
3,mcv:243,mcv,200,5,2,False,0,0,0,0.0,0.0
3,fd:241,fd,27,2,4,False,0,0,0,0.0,0.0
3,mcv:242,mcv,170,5,2,False,0,0,0,0.0,0.0
3,mcv:1533,mcv,694,2,1,False,0,0,0,0.0,0.0
3,mcv:714,mcv,314,4,1,True,1,0,1,0.0,0.01144423328009303
3,mcv:1121,mcv,148,3,1,False,0,0,0,0.0,0.0
3,mcv:732,mcv,148,3,2,False,0,0,0,0.0,0.0
3,mcv:426,mcv,200,4,2,False,0,0,0,0.0,0.0
3,fd:168,fd,27,4,2,False,0,0,0,0.0,0.0
3,mcv:1527,mcv,314,1,2,False,0,0,0,0.0,0.0
3,mcv:109,mcv,270,5,3,False,0,0,0,0.0,0.0
3,mcv:997,mcv,178,3,2,False,0,0,0,0.0,0.0
3,fd:453,fd,27,3,1,False,0,0,0,0.0,0.0
3,fd:167,fd,27,4,2,False,0,0,0,0.0,0.0
3,mcv:590,mcv,378,4,2,False,0,0,0,0.0,0.0
3,mcv:224,mcv,292,6,1,True,0,0,0,0.0,0.0
3,mcv:227,mcv,170,5,2,False,0,0,0,0.0,0.0
3,fd:76,fd,27,6,2,False,0,0,0,0.0,0.0
3,mcv:1554,mcv,462,2,1,False,0,0,0,0.0,0.0
3,fd:156,fd,27,4,2,False,0,0,0,0.0,0.0
3,mcv:2151,mcv,440,0,1,False,0,0,0,0.0,0.0
3,mcv:377,mcv,452,5,1,False,0,0,0,0.0,0.0
3,mcv:1738,mcv,196,2,1,False,0,0,0,0.0,0.0
3,mcv:228,mcv,170,4,3,False,0,0,0,0.0,0.0
3,mcv:1215,mcv,418,3,1,False,0,0,0,0.0,0.0
3,mcv:1494,mcv,304,2,1,False,0,0,0,0.0,0.0
3,fd:671,fd,27,1,1,False,0,0,0,0.0,0.0
3,mcv:229,mcv,148,5,2,False,0,0,0,0.0,0.0
3,fd:277,fd,27,4,1,False,0,0,0,0.0,0.0
3,mcv:17,mcv,392,6,4,False,0,0,0,0.0,0.0
3,mcv:77,mcv,148,7,2,False,0,0,0,0.0,0.0
3,mcv:674,mcv,296,4,1,True,0,0,0,0.0,0.0
3,fd:45,fd,41,6,2,False,0,0,0,0.0,0.0
3,mcv:1056,mcv,936,3,1,True,0,0,0,0.0,0.0
3,mcv:671,mcv,388,4,1,False,0,0,0,0.0,0.0
3,fd:28,fd,41,7,2,False,0,0,0,0.0,0.0
3,mcv:103,mcv,502,4,4,False,0,0,0,0.0,0.0
3,fd:472,fd,27,3,1,False,0,0,0,0.0,0.0
3,mcv:1894,mcv,196,1,1,False,0,0,0,0.0,0.0
3,mcv:14,mcv,410,8,2,True,2,2,0,9.28322333135268,0.0
3,fd:560,fd,27,2,1,False,0,0,0,0.0,0.0
3,mcv:1060,mcv,362,2,2,False,0,0,0,0.0,0.0
3,mcv:350,mcv,218,4,3,False,0,0,0,0.0,0.0
3,mcv:682,mcv,440,3,2,False,0,0,0,0.0,0.0
3,mcv:392,mcv,592,4,2,False,0,0,0,0.0,0.0
3,mcv:733,mcv,218,4,1,False,0,0,0,0.0,0.0
3,mcv:1069,mcv,304,3,1,False,0,0,0,0.0,0.0
3,mcv:126,mcv,488,6,2,False,0,0,0,0.0,0.0
3,mcv:876,mcv,196,3,2,False,0,0,0,0.0,0.0
3,mcv:1054,mcv,362,3,1,False,0,0,0,0.0,0.0
3,fd:429,fd,27,3,1,False,0,0,0,0.0,0.0
3,mcv:1618,mcv,620,1,2,False,0,0,0,0.0,0.0
3,mcv:1212,mcv,440,3,1,False,0,0,0,0.0,0.0
3,mcv:531,mcv,288,4,2,False,0,0,0,0.0,0.0
3,fd:336,fd,27,3,2,False,0,0,0,0.0,0.0
3,mcv:294,mcv,196,4,3,True,3,2,1,0.17800695068283945,2.3700306732241074
3,mcv:240,mcv,218,6,1,False,0,0,0,0.0,0.0
3,mcv:1139,mcv,362,2,2,False,0,0,0,0.0,0.0
3,mcv:494,mcv,300,4,2,False,0,0,0,0.0,0.0
3,fd:611,fd,27,2,1,False,0,0,0,0.0,0.0
3,mcv:831,mcv,340,2,3,False,0,0,0,0.0,0.0
3,mcv:1715,mcv,196,2,1,False,0,0,0,0.0,0.0
3,mcv:74,mcv,434,5,4,False,0,0,0,0.0,0.0
3,mcv:334,mcv,314,5,2,False,0,0,0,0.0,0.0
3,mcv:1825,mcv,318,2,1,False,0,0,0,0.0,0.0
3,mcv:348,mcv,200,4,3,False,0,0,0,0.0,0.0
3,mcv:160,mcv,810,5,3,False,0,0,0,0.0,0.0
3,fd:229,fd,27,3,3,False,0,0,0,0.0,0.0
3,fd:624,fd,27,2,1,False,0,0,0,0.0,0.0
3,mcv:594,mcv,314,4,2,False,0,0,0,0.0,0.0
3,mcv:928,mcv,650,4,1,False,0,0,0,0.0,0.0
3,mcv:65,mcv,196,8,1,True,1,0,1,0.0,0.35252088123407965
3,fd:240,fd,41,3,3,False,0,0,0,0.0,0.0
3,mcv:1747,mcv,340,2,1,True,0,0,0,0.0,0.0
3,fd:340,fd,27,1,4,False,0,0,0,0.0,0.0
3,mcv:1380,mcv,366,3,1,True,1,1,0,0.26351524156682427,0.0
3,mcv:73,mcv,658,8,1,False,0,0,0,0.0,0.0
3,mcv:884,mcv,244,1,4,False,0,0,0,0.0,0.0
3,fd:55,fd,27,4,4,False,0,0,0,0.0,0.0
3,mcv:150,mcv,292,4,4,False,0,0,0,0.0,0.0
3,mcv:182,mcv,244,5,3,True,1,0,1,0.0,0.3699475192031545
3,fd:62,fd,27,5,3,False,0,0,0,0.0,0.0
3,mcv:557,mcv,628,2,4,False,0,0,0,0.0,0.0
3,mcv:1759,mcv,400,2,1,False,0,0,0,0.0,0.0
3,fd:228,fd,27,5,1,False,0,0,0,0.0,0.0
3,mcv:1770,mcv,218,1,2,False,0,0,0,0.0,0.0
3,mcv:28,mcv,540,8,2,False,0,0,0,0.0,0.0
3,mcv:588,mcv,540,3,3,False,0,0,0,0.0,0.0
3,mcv:572,mcv,322,3,3,False,0,0,0,0.0,0.0
3,mcv:909,mcv,492,3,2,False,0,0,0,0.0,0.0
3,fd:142,fd,27,4,3,False,0,0,0,0.0,0.0
3,mcv:299,mcv,226,6,1,False,0,0,0,0.0,0.0
3,fd:16,fd,41,5,5,False,0,0,0,0.0,0.0
3,mcv:36,mcv,510,5,5,False,0,0,0,0.0,0.0
3,fd:357,fd,27,3,2,False,0,0,0,0.0,0.0
3,mcv:571,mcv,226,5,1,False,0,0,0,0.0,0.0
3,mcv:64,mcv,382,6,3,False,0,0,0,0.0,0.0
3,mcv:535,mcv,340,5,1,False,0,0,0,0.0,0.0
3,mcv:53,mcv,404,7,2,False,0,0,0,0.0,0.0
3,mcv:584,mcv,356,4,2,False,0,0,0,0.0,0.0
3,mcv:298,mcv,174,5,2,False,0,0,0,0.0,0.0
3,mcv:540,mcv,414,4,2,False,0,0,0,0.0,0.0
3,mcv:946,mcv,436,4,1,True,0,0,0,0.0,0.0
3,mcv:764,mcv,148,4,1,False,0,0,0,0.0,0.0
3,fd:122,fd,27,4,3,False,0,0,0,0.0,0.0
3,mcv:2237,mcv,252,0,1,False,0,0,0,0.0,0.0
3,mcv:586,mcv,438,2,4,False,0,0,0,0.0,0.0
3,mcv:2046,mcv,196,0,2,False,0,0,0,0.0,0.0
3,fd:177,fd,27,4,2,False,0,0,0,0.0,0.0
3,mcv:1928,mcv,148,1,1,False,0,0,0,0.0,0.0
3,mcv:2059,mcv,148,0,2,False,0,0,0,0.0,0.0
3,fd:237,fd,27,4,2,False,0,0,0,0.0,0.0
3,mcv:313,mcv,382,4,3,False,0,0,0,0.0,0.0
3,fd:509,fd,27,3,1,False,0,0,0,0.0,0.0
3,fd:66,fd,27,4,4,False,0,0,0,0.0,0.0
3,fd:717,fd,27,0,2,False,0,0,0,0.0,0.0
3,fd:178,fd,27,4,2,False,0,0,0,0.0,0.0
3,mcv:387,mcv,932,5,1,False,0,0,0,0.0,0.0
3,mcv:96,mcv,594,4,4,True,4,2,2,1.6519951170909293,0.09049248386462172
3,fd:558,fd,27,2,1,False,0,0,0,0.0,0.0
3,mcv:447,mcv,388,4,2,True,1,0,1,0.0,0.052752636428145205
3,fd:96,fd,27,6,1,False,0,0,0,0.0,0.0
3,fd:64,fd,41,4,4,False,0,0,0,0.0,0.0
3,mcv:251,mcv,296,6,1,False,0,0,0,0.0,0.0
3,mcv:1579,mcv,196,2,1,False,0,0,0,0.0,0.0
3,fd:208,fd,27,4,2,False,0,0,0,0.0,0.0
3,fd:380,fd,27,3,2,False,0,0,0,0.0,0.0
3,mcv:316,mcv,196,4,3,False,0,0,0,0.0,0.0
3,fd:39,fd,27,4,4,False,0,0,0,0.0,0.0
3,fd:374,fd,27,4,1,False,0,0,0,0.0,0.0
3,mcv:1490,mcv,252,2,1,False,0,0,0,0.0,0.0
3,fd:4,fd,41,8,2,False,0,0,0,0.0,0.0
3,mcv:1736,mcv,322,1,2,False,0,0,0,0.0,0.0
3,fd:125,fd,27,4,3,True,1,1,0,0.0018714831662105524,0.0
3,fd:114,fd,27,5,2,False,0,0,0,0.0,0.0
3,mcv:170,mcv,724,4,4,False,0,0,0,0.0,0.0
3,mcv:382,mcv,388,3,3,False,0,0,0,0.0,0.0
3,mcv:556,mcv,382,3,3,False,0,0,0,0.0,0.0
3,mcv:13,mcv,278,8,2,False,0,0,0,0.0,0.0
3,fd:151,fd,27,3,3,True,0,0,0,0.0,0.0
3,mcv:43,mcv,340,7,2,False,0,0,0,0.0,0.0
3,mcv:172,mcv,174,4,4,True,4,2,2,0.4707209238465513,0.10984623928667947
3,mcv:207,mcv,1036,6,1,False,0,0,0,0.0,0.0
3,mcv:208,mcv,654,4,3,False,0,0,0,0.0,0.0
3,mcv:444,mcv,378,4,2,True,2,2,0,0.010339723159743075,0.0
3,mcv:538,mcv,278,4,2,True,0,0,0,0.0,0.0
3,fd:216,fd,27,3,3,True,3,2,1,0.002814045452425473,0.0014020857725074443
3,fd:750,fd,27,0,1,False,0,0,0,0.0,0.0
3,mcv:118,mcv,196,7,1,False,0,0,0,0.0,0.0
3,mcv:956,mcv,278,3,2,False,0,0,0,0.0,0.0
3,mcv:2060,mcv,296,0,2,False,0,0,0,0.0,0.0
3,mcv:1355,mcv,378,3,1,False,0,0,0,0.0,0.0
3,fd:574,fd,27,2,1,False,0,0,0,0.0,0.0
3,fd:206,fd,41,4,2,False,0,0,0,0.0,0.0
3,mcv:891,mcv,248,2,3,False,0,0,0,0.0,0.0
3,mcv:604,mcv,538,4,2,False,0,0,0,0.0,0.0
3,fd:31,fd,27,7,2,False,0,0,0,0.0,0.0
3,fd:348,fd,27,4,1,False,0,0,0,0.0,0.0
3,mcv:47,mcv,434,8,1,False,0,0,0,0.0,0.0
3,mcv:532,mcv,964,5,1,True,0,0,0,0.0,0.0
3,mcv:16,mcv,304,9,1,True,1,1,0,1.56503752180015e-08,0.0
3,mcv:292,mcv,406,4,3,False,0,0,0,0.0,0.0
3,mcv:897,mcv,304,4,1,False,0,0,0,0.0,0.0
3,mcv:81,mcv,322,7,2,False,0,0,0,0.0,0.0
3,mcv:104,mcv,734,5,3,False,0,0,0,0.0,0.0
3,mcv:902,mcv,652,4,1,False,0,0,0,0.0,0.0
3,fd:351,fd,41,4,1,False,0,0,0,0.0,0.0
3,mcv:1441,mcv,696,2,2,False,0,0,0,0.0,0.0
3,mcv:212,mcv,532,5,2,False,0,0,0,0.0,0.0
3,fd:5,fd,27,9,1,False,0,0,0,0.0,0.0
3,mcv:1331,mcv,304,3,1,False,0,0,0,0.0,0.0
3,mcv:968,mcv,322,3,2,False,0,0,0,0.0,0.0
3,mcv:303,mcv,292,4,3,False,0,0,0,0.0,0.0
3,fd:383,fd,27,3,2,False,0,0,0,0.0,0.0
3,fd:250,fd,27,4,2,False,0,0,0,0.0,0.0
3,mcv:153,mcv,428,7,1,False,0,0,0,0.0,0.0
3,mcv:900,mcv,148,4,1,False,0,0,0,0.0,0.0
3,fd:335,fd,27,4,1,False,0,0,0,0.0,0.0
3,mcv:1317,mcv,300,3,1,False,0,0,0,0.0,0.0
3,mcv:874,mcv,196,4,1,False,0,0,0,0.0,0.0
3,mcv:33,mcv,196,7,3,False,0,0,0,0.0,0.0
3,mcv:11,mcv,1162,8,3,False,0,0,0,0.0,0.0
3,mcv:1337,mcv,1346,3,1,False,0,0,0,0.0,0.0
3,mcv:119,mcv,148,7,1,False,0,0,0,0.0,0.0
3,mcv:1730,mcv,692,2,1,False,0,0,0,0.0,0.0
3,mcv:1089,mcv,362,2,2,False,0,0,0,0.0,0.0
3,mcv:269,mcv,1312,4,3,False,0,0,0,0.0,0.0
3,fd:35,fd,27,5,3,False,0,0,0,0.0,0.0
3,mcv:91,mcv,274,5,3,False,0,0,0,0.0,0.0
3,mcv:442,mcv,314,2,4,False,0,0,0,0.0,0.0
3,mcv:1046,mcv,698,2,2,False,0,0,0,0.0,0.0
3,mcv:658,mcv,588,2,3,False,0,0,0,0.0,0.0
3,mcv:304,mcv,378,5,2,False,0,0,0,0.0,0.0
3,mcv:473,mcv,926,4,2,False,0,0,0,0.0,0.0
3,fd:284,fd,27,3,2,False,0,0,0,0.0,0.0
3,fd:116,fd,27,5,2,False,0,0,0,0.0,0.0
3,fd:500,fd,27,3,1,False,0,0,0,0.0,0.0
3,mcv:1573,mcv,440,2,1,False,0,0,0,0.0,0.0
3,fd:82,fd,27,5,2,False,0,0,0,0.0,0.0
3,mcv:796,mcv,440,4,1,False,0,0,0,0.0,0.0
3,fd:419,fd,41,2,2,False,0,0,0,0.0,0.0
3,mcv:1931,mcv,462,0,2,False,0,0,0,0.0,0.0
3,mcv:543,mcv,1098,5,1,False,0,0,0,0.0,0.0
3,mcv:199,mcv,686,6,1,False,0,0,0,0.0,0.0
3,mcv:202,mcv,486,5,2,False,0,0,0,0.0,0.0
3,mcv:710,mcv,1138,3,2,False,0,0,0,0.0,0.0
3,mcv:1850,mcv,786,1,1,False,0,0,0,0.0,0.0
3,fd:148,fd,27,5,1,False,0,0,0,0.0,0.0
3,fd:345,fd,27,2,3,False,0,0,0,0.0,0.0
3,mcv:899,mcv,418,2,3,False,0,0,0,0.0,0.0
3,mcv:1037,mcv,274,2,2,False,0,0,0,0.0,0.0
3,mcv:1877,mcv,638,1,1,False,0,0,0,0.0,0.0
3,mcv:2146,mcv,958,0,1,False,0,0,0,0.0,0.0
3,mcv:407,mcv,318,5,1,False,0,0,0,0.0,0.0
3,mcv:1214,mcv,1282,2,2,True,1,1,0,0.0022246884254368826,0.0
3,mcv:1329,mcv,610,3,1,False,0,0,0,0.0,0.0
3,mcv:894,mcv,694,2,3,False,0,0,0,0.0,0.0
3,mcv:795,mcv,804,1,4,False,0,0,0,0.0,0.0
3,mcv:708,mcv,816,4,1,False,0,0,0,0.0,0.0
3,fd:617,fd,27,2,1,False,0,0,0,0.0,0.0
3,fd:56,fd,27,7,1,False,0,0,0,0.0,0.0
3,fd:350,fd,27,2,3,False,0,0,0,0.0,0.0
3,mcv:1758,mcv,930,2,1,False,0,0,0,0.0,0.0
3,mcv:1878,mcv,672,1,1,False,0,0,0,0.0,0.0
3,fd:418,fd,27,2,2,False,0,0,0,0.0,0.0
3,mcv:374,mcv,374,5,1,False,0,0,0,0.0,0.0
3,mcv:154,mcv,382,7,1,False,0,0,0,0.0,0.0
3,mcv:798,mcv,382,3,2,False,0,0,0,0.0,0.0
3,mcv:470,mcv,620,4,2,False,0,0,0,0.0,0.0
3,fd:309,fd,27,4,1,False,0,0,0,0.0,0.0
3,mcv:7,mcv,738,10,1,False,0,0,0,0.0,0.0
3,mcv:285,mcv,266,3,4,False,0,0,0,0.0,0.0
3,mcv:1679,mcv,174,1,2,False,0,0,0,0.0,0.0
3,mcv:851,mcv,452,2,3,False,0,0,0,0.0,0.0
3,fd:310,fd,27,3,2,False,0,0,0,0.0,0.0
3,fd:107,fd,27,4,3,True,0,0,0,0.0,0.0
3,fd:634,fd,27,2,1,False,0,0,0,0.0,0.0
3,mcv:1615,mcv,330,2,1,False,0,0,0,0.0,0.0
3,mcv:2021,mcv,304,0,2,False,0,0,0,0.0,0.0
3,mcv:1728,mcv,460,2,1,False,0,0,0,0.0,0.0
3,mcv:283,mcv,244,4,3,False,0,0,0,0.0,0.0
3,fd:579,fd,27,2,1,False,0,0,0,0.0,0.0
3,mcv:1780,mcv,174,1,2,False,0,0,0,0.0,0.0
3,fd:320,fd,27,2,3,False,0,0,0,0.0,0.0
3,mcv:592,mcv,300,4,2,False,0,0,0,0.0,0.0
3,fd:595,fd,27,1,2,False,0,0,0,0.0,0.0
3,mcv:1774,mcv,304,2,1,False,0,0,0,0.0,0.0
3,mcv:2234,mcv,266,0,1,False,0,0,0,0.0,0.0
3,mcv:797,mcv,488,4,1,False,0,0,0,0.0,0.0
3,mcv:596,mcv,218,3,3,False,0,0,0,0.0,0.0
3,mcv:1403,mcv,620,1,3,False,0,0,0,0.0,0.0
3,mcv:1625,mcv,436,2,1,False,0,0,0,0.0,0.0
3,mcv:171,mcv,804,7,1,False,0,0,0,0.0,0.0
3,mcv:404,mcv,388,5,1,False,0,0,0,0.0,0.0
3,fd:341,fd,27,3,2,False,0,0,0,0.0,0.0
3,mcv:1713,mcv,252,2,1,True,0,0,0,0.0,0.0
3,mcv:127,mcv,694,5,3,False,0,0,0,0.0,0.0
3,fd:207,fd,27,5,1,False,0,0,0,0.0,0.0
3,fd:610,fd,41,2,1,False,0,0,0,0.0,0.0
3,fd:46,fd,27,5,3,False,0,0,0,0.0,0.0
3,mcv:692,mcv,708,3,2,False,0,0,0,0.0,0.0
3,mcv:476,mcv,572,5,1,False,0,0,0,0.0,0.0
3,mcv:533,mcv,384,5,1,False,0,0,0,0.0,0.0
3,mcv:1250,mcv,344,3,1,False,0,0,0,0.0,0.0
3,mcv:1082,mcv,550,3,1,True,0,0,0,0.0,0.0
3,mcv:539,mcv,642,5,1,False,0,0,0,0.0,0.0
3,mcv:1207,mcv,804,1,3,True,1,0,1,0.0,0.21161164165284285
3,mcv:885,mcv,222,3,2,False,0,0,0,0.0,0.0
3,mcv:1993,mcv,1006,1,1,False,0,0,0,0.0,0.0
3,mcv:1078,mcv,322,3,1,True,0,0,0,0.0,0.0
3,mcv:809,mcv,500,4,1,True,1,0,1,0.0,0.10220224050398263
3,fd:529,fd,27,1,3,False,0,0,0,0.0,0.0
3,mcv:1076,mcv,594,2,2,True,0,0,0,0.0,0.0
3,mcv:940,mcv,274,2,3,True,3,1,2,0.3719308913408317,0.0017017800674559158
3,mcv:471,mcv,466,5,1,False,0,0,0,0.0,0.0
3,mcv:1953,mcv,488,1,1,False,0,0,0,0.0,0.0
3,fd:476,fd,41,3,1,False,0,0,0,0.0,0.0
3,fd:316,fd,27,2,3,False,0,0,0,0.0,0.0
3,mcv:5,mcv,414,7,4,False,0,0,0,0.0,0.0
3,mcv:803,mcv,620,3,2,False,0,0,0,0.0,0.0
3,mcv:400,mcv,616,5,1,False,0,0,0,0.0,0.0
3,fd:65,fd,27,7,1,True,0,0,0,0.0,0.0
3,mcv:1871,mcv,1138,1,1,False,0,0,0,0.0,0.0
3,mcv:1963,mcv,414,1,1,False,0,0,0,0.0,0.0
3,mcv:829,mcv,550,2,3,False,0,0,0,0.0,0.0
3,mcv:1206,mcv,786,2,2,False,0,0,0,0.0,0.0
3,mcv:67,mcv,384,7,2,False,0,0,0,0.0,0.0
3,mcv:691,mcv,958,2,3,True,3,1,2,0.0020455688086264967,122.53803177430817
3,mcv:135,mcv,572,4,4,False,0,0,0,0.0,0.0
3,fd:315,fd,27,4,1,False,0,0,0,0.0,0.0
3,fd:433,fd,27,3,1,False,0,0,0,0.0,0.0
3,mcv:1220,mcv,466,3,1,False,0,0,0,0.0,0.0
3,fd:236,fd,27,4,2,False,0,0,0,0.0,0.0
3,mcv:766,mcv,170,3,2,False,0,0,0,0.0,0.0
3,fd:344,fd,27,4,1,False,0,0,0,0.0,0.0
3,mcv:581,mcv,148,4,2,False,0,0,0,0.0,0.0
3,fd:299,fd,27,3,2,False,0,0,0,0.0,0.0
3,mcv:546,mcv,406,4,2,False,0,0,0,0.0,0.0
3,mcv:1335,mcv,270,2,2,False,0,0,0,0.0,0.0
3,mcv:2119,mcv,218,1,1,False,0,0,0,0.0,0.0
3,mcv:1755,mcv,174,2,1,False,0,0,0,0.0,0.0
3,mcv:1172,mcv,196,2,2,False,0,0,0,0.0,0.0
3,mcv:443,mcv,148,5,1,False,0,0,0,0.0,0.0
3,mcv:892,mcv,226,4,1,False,0,0,0,0.0,0.0
3,mcv:146,mcv,942,4,4,True,3,1,2,0.010366713080673051,0.658787428492529
3,mcv:321,mcv,502,5,2,False,0,0,0,0.0,0.0
3,mcv:58,mcv,288,5,4,False,0,0,0,0.0,0.0
3,mcv:965,mcv,1632,3,2,False,0,0,0,0.0,0.0
3,fd:95,fd,27,3,4,False,0,0,0,0.0,0.0
3,mcv:268,mcv,2382,6,1,True,0,0,0,0.0,0.0
3,mcv:469,mcv,856,3,3,False,0,0,0,0.0,0.0
3,mcv:25,mcv,524,7,3,False,0,0,0,0.0,0.0
3,mcv:55,mcv,856,5,4,False,0,0,0,0.0,0.0
3,fd:192,fd,27,4,2,False,0,0,0,0.0,0.0
3,mcv:250,mcv,218,5,2,False,0,0,0,0.0,0.0
3,mcv:512,mcv,480,4,2,True,0,0,0,0.0,0.0
3,mcv:1278,mcv,288,2,2,False,0,0,0,0.0,0.0
3,fd:130,fd,27,5,2,False,0,0,0,0.0,0.0
3,mcv:763,mcv,218,3,2,True,1,0,1,0.0,0.0011651223892352736
3,mcv:1199,mcv,812,2,2,False,0,0,0,0.0,0.0
3,mcv:2066,mcv,428,1,1,False,0,0,0,0.0,0.0
3,fd:131,fd,27,5,2,False,0,0,0,0.0,0.0
3,mcv:1672,mcv,428,1,2,False,0,0,0,0.0,0.0
3,mcv:249,mcv,544,3,4,False,0,0,0,0.0,0.0
3,mcv:282,mcv,1184,6,1,False,0,0,0,0.0,0.0
3,mcv:4,mcv,288,7,4,True,3,2,1,0.19846849378464504,0.1314495911241247
3,mcv:185,mcv,1750,6,2,False,0,0,0,0.0,0.0
3,mcv:121,mcv,218,6,2,False,0,0,0,0.0,0.0
3,mcv:124,mcv,856,4,4,False,0,0,0,0.0,0.0
3,mcv:445,mcv,314,4,2,False,0,0,0,0.0,0.0
3,fd:9,fd,27,7,3,False,0,0,0,0.0,0.0
3,mcv:2099,mcv,406,1,1,False,0,0,0,0.0,0.0
3,mcv:323,mcv,1052,5,2,False,0,0,0,0.0,0.0
3,mcv:511,mcv,266,2,4,False,0,0,0,0.0,0.0
3,fd:103,fd,27,6,1,False,0,0,0,0.0,0.0
3,mcv:10,mcv,546,8,3,False,0,0,0,0.0,0.0
3,mcv:1576,mcv,196,1,2,False,0,0,0,0.0,0.0
3,mcv:927,mcv,244,2,3,False,0,0,0,0.0,0.0
3,mcv:252,mcv,740,6,1,False,0,0,0,0.0,0.0
3,mcv:953,mcv,196,3,2,False,0,0,0,0.0,0.0
3,mcv:1864,mcv,458,0,2,False,0,0,0,0.0,0.0
3,mcv:615,mcv,170,4,2,False,0,0,0,0.0,0.0
3,mcv:100,mcv,396,6,2,False,0,0,0,0.0,0.0
3,mcv:1789,mcv,958,0,3,False,0,0,0,0.0,0.0
3,fd:504,fd,27,3,1,False,0,0,0,0.0,0.0
3,fd:644,fd,27,0,3,False,0,0,0,0.0,0.0
3,fd:548,fd,27,2,2,False,0,0,0,0.0,0.0
3,mcv:2051,mcv,226,1,1,False,0,0,0,0.0,0.0
3,mcv:1343,mcv,326,3,1,False,0,0,0,0.0,0.0
3,mcv:1439,mcv,1388,2,2,False,0,0,0,0.0,0.0
3,mcv:981,mcv,404,4,1,False,0,0,0,0.0,0.0
3,mcv:963,mcv,410,3,2,False,0,0,0,0.0,0.0
3,fd:393,fd,27,4,1,False,0,0,0,0.0,0.0
3,fd:716,fd,27,1,1,False,0,0,0,0.0,0.0
3,mcv:1793,mcv,910,1,2,False,0,0,0,0.0,0.0
3,fd:352,fd,27,3,2,True,2,2,0,0.0007550387215908838,0.0
3,mcv:901,mcv,200,3,2,False,0,0,0,0.0,0.0
3,mcv:1461,mcv,400,2,2,False,0,0,0,0.0,0.0
3,mcv:368,mcv,668,5,1,True,1,0,1,0.0,0.017134713445285055
3,mcv:1480,mcv,764,2,1,False,0,0,0,0.0,0.0
3,mcv:365,mcv,988,5,1,False,0,0,0,0.0,0.0
3,mcv:643,mcv,628,4,1,False,0,0,0,0.0,0.0
3,mcv:675,mcv,502,4,1,False,0,0,0,0.0,0.0
3,mcv:645,mcv,956,4,1,False,0,0,0,0.0,0.0
3,fd:279,fd,27,4,1,False,0,0,0,0.0,0.0
3,mcv:369,mcv,786,5,1,False,0,0,0,0.0,0.0
3,fd:550,fd,41,3,1,True,1,1,0,0.000628977517097562,0.0
3,mcv:144,mcv,174,5,3,False,0,0,0,0.0,0.0
3,fd:52,fd,27,5,3,False,0,0,0,0.0,0.0
3,mcv:1201,mcv,522,3,1,False,0,0,0,0.0,0.0
3,mcv:340,mcv,248,5,2,False,0,0,0,0.0,0.0
3,mcv:306,mcv,148,4,3,False,0,0,0,0.0,0.0
3,mcv:339,mcv,218,4,3,False,0,0,0,0.0,0.0
3,mcv:846,mcv,314,4,1,False,0,0,0,0.0,0.0
3,fd:118,fd,41,4,3,False,0,0,0,0.0,0.0
3,mcv:265,mcv,618,6,1,False,0,0,0,0.0,0.0
3,mcv:1445,mcv,460,3,1,False,0,0,0,0.0,0.0
3,fd:108,fd,27,4,3,False,0,0,0,0.0,0.0
3,mcv:1202,mcv,1390,3,1,False,0,0,0,0.0,0.0
3,mcv:510,mcv,196,4,2,False,0,0,0,0.0,0.0
3,fd:530,fd,41,2,2,False,0,0,0,0.0,0.0
3,fd:58,fd,27,7,1,False,0,0,0,0.0,0.0
3,fd:255,fd,27,5,1,False,0,0,0,0.0,0.0
3,mcv:855,mcv,222,0,5,False,0,0,0,0.0,0.0
3,mcv:1276,mcv,218,2,2,False,0,0,0,0.0,0.0
3,mcv:1404,mcv,456,2,2,False,0,0,0,0.0,0.0
3,fd:324,fd,27,0,5,False,0,0,0,0.0,0.0
3,mcv:284,mcv,226,4,3,False,0,0,0,0.0,0.0
3,mcv:611,mcv,200,5,1,False,0,0,0,0.0,0.0
3,mcv:1280,mcv,602,3,1,True,0,0,0,0.0,0.0
3,mcv:280,mcv,244,5,2,False,0,0,0,0.0,0.0
3,fd:307,fd,27,2,3,False,0,0,0,0.0,0.0
3,fd:191,fd,27,4,2,True,0,0,0,0.0,0.0
3,mcv:156,mcv,430,7,1,False,0,0,0,0.0,0.0
3,mcv:1339,mcv,174,2,2,False,0,0,0,0.0,0.0
3,mcv:2,mcv,218,9,3,True,3,2,1,3.83444450767245,5.894669019568255e-08
3,fd:326,fd,41,2,3,True,1,1,0,0.15299248552352762,0.0
3,fd:101,fd,27,6,1,False,0,0,0,0.0,0.0
3,mcv:787,mcv,614,2,3,False,0,0,0,0.0,0.0
3,mcv:786,mcv,588,3,2,False,0,0,0,0.0,0.0
3,mcv:975,mcv,408,2,3,False,0,0,0,0.0,0.0
3,fd:502,fd,27,2,2,False,0,0,0,0.0,0.0
3,mcv:858,mcv,478,2,3,False,0,0,0,0.0,0.0
3,fd:388,fd,27,2,3,False,0,0,0,0.0,0.0
3,fd:20,fd,27,6,3,True,0,0,0,0.0,0.0
3,mcv:2037,mcv,632,1,1,False,0,0,0,0.0,0.0
3,mcv:2083,mcv,374,1,1,False,0,0,0,0.0,0.0
3,mcv:1108,mcv,572,3,1,False,0,0,0,0.0,0.0
3,mcv:1706,mcv,702,1,2,False,0,0,0,0.0,0.0
3,fd:471,fd,41,3,1,False,0,0,0,0.0,0.0
3,mcv:1886,mcv,760,1,1,False,0,0,0,0.0,0.0
3,mcv:1101,mcv,896,2,2,False,0,0,0,0.0,0.0
3,mcv:48,mcv,524,6,3,False,0,0,0,0.0,0.0
3,mcv:1213,mcv,808,3,1,True,1,1,0,2.438067806937198,0.0
3,mcv:794,mcv,1044,2,3,False,0,0,0,0.0,0.0
3,mcv:2006,mcv,388,1,1,False,0,0,0,0.0,0.0
3,fd:332,fd,27,4,1,False,0,0,0,0.0,0.0
3,mcv:422,mcv,466,5,1,True,0,0,0,0.0,0.0
3,mcv:110,mcv,148,4,4,True,3,1,2,6.813873577904417e-05,1.3579767377356062
3,mcv:183,mcv,506,7,1,False,0,0,0,0.0,0.0
3,mcv:140,mcv,1002,7,1,False,0,0,0,0.0,0.0
3,mcv:1349,mcv,694,3,1,False,0,0,0,0.0,0.0
3,fd:490,fd,27,3,1,False,0,0,0,0.0,0.0
3,mcv:725,mcv,410,4,1,False,0,0,0,0.0,0.0
3,mcv:1033,mcv,654,3,1,False,0,0,0,0.0,0.0
3,mcv:1024,mcv,1146,3,1,False,0,0,0,0.0,0.0
3,mcv:839,mcv,1286,4,1,False,0,0,0,0.0,0.0
3,mcv:89,mcv,426,6,2,False,0,0,0,0.0,0.0
3,fd:289,fd,27,4,1,False,0,0,0,0.0,0.0
3,mcv:933,mcv,222,4,1,False,0,0,0,0.0,0.0
3,mcv:1020,mcv,492,3,1,False,0,0,0,0.0,0.0
3,fd:515,fd,27,2,2,False,0,0,0,0.0,0.0
3,mcv:1366,mcv,196,2,2,False,0,0,0,0.0,0.0
3,mcv:49,mcv,544,5,4,True,3,2,1,0.13816918765763142,0.6432548334961696
3,mcv:148,mcv,992,5,3,False,0,0,0,0.0,0.0
3,fd:318,fd,41,2,3,False,0,0,0,0.0,0.0
3,mcv:423,mcv,196,3,3,False,0,0,0,0.0,0.0
3,mcv:554,mcv,1102,2,4,False,0,0,0,0.0,0.0
3,mcv:197,mcv,646,5,2,True,1,1,0,0.12823812634016885,0.0
3,mcv:1665,mcv,436,2,1,False,0,0,0,0.0,0.0
3,fd:73,fd,27,7,1,False,0,0,0,0.0,0.0
3,mcv:731,mcv,344,4,1,False,0,0,0,0.0,0.0
3,fd:129,fd,27,6,1,False,0,0,0,0.0,0.0
3,fd:165,fd,27,5,1,False,0,0,0,0.0,0.0
3,mcv:2063,mcv,292,1,1,False,0,0,0,0.0,0.0
3,mcv:427,mcv,222,5,1,False,0,0,0,0.0,0.0
3,mcv:841,mcv,330,2,3,True,3,2,1,2.1089335477232622,0.2605031535462776
3,mcv:868,mcv,536,4,1,False,0,0,0,0.0,0.0
3,mcv:1307,mcv,378,3,1,False,0,0,0,0.0,0.0
3,mcv:867,mcv,1356,3,2,False,0,0,0,0.0,0.0
3,fd:215,fd,27,2,4,False,0,0,0,0.0,0.0
3,mcv:649,mcv,1032,4,1,False,0,0,0,0.0,0.0
3,mcv:88,mcv,1272,6,2,False,0,0,0,0.0,0.0
3,mcv:320,mcv,436,6,1,False,0,0,0,0.0,0.0
3,fd:505,fd,27,2,2,False,0,0,0,0.0,0.0
3,mcv:367,mcv,1242,4,2,False,0,0,0,0.0,0.0
3,mcv:1662,mcv,1256,2,1,False,0,0,0,0.0,0.0
3,fd:412,fd,27,3,1,False,0,0,0,0.0,0.0
3,mcv:1311,mcv,584,3,1,True,0,0,0,0.0,0.0
3,mcv:1345,mcv,434,2,2,False,0,0,0,0.0,0.0
3,fd:166,fd,27,3,3,False,0,0,0,0.0,0.0
3,fd:51,fd,27,7,1,False,0,0,0,0.0,0.0
3,fd:21,fd,27,5,4,False,0,0,0,0.0,0.0
3,mcv:1608,mcv,886,2,1,False,0,0,0,0.0,0.0
3,mcv:2035,mcv,690,1,1,False,0,0,0,0.0,0.0
3,mcv:45,mcv,652,5,4,False,0,0,0,0.0,0.0
3,mcv:678,mcv,326,4,1,False,0,0,0,0.0,0.0
3,mcv:1478,mcv,628,2,1,False,0,0,0,0.0,0.0
3,mcv:1580,mcv,148,2,1,False,0,0,0,0.0,0.0
3,mcv:1025,mcv,856,3,1,True,1,1,0,0.07008862100215385,0.0
3,mcv:1377,mcv,572,3,1,True,0,0,0,0.0,0.0
3,fd:485,fd,27,2,2,False,0,0,0,0.0,0.0
3,mcv:792,mcv,544,2,3,False,0,0,0,0.0,0.0
3,mcv:859,mcv,274,2,3,False,0,0,0,0.0,0.0
3,mcv:1498,mcv,396,1,2,False,0,0,0,0.0,0.0
3,mcv:642,mcv,518,4,1,False,0,0,0,0.0,0.0
3,mcv:1031,mcv,448,2,2,False,0,0,0,0.0,0.0
3,fd:413,fd,27,3,1,False,0,0,0,0.0,0.0
3,mcv:90,mcv,1194,6,2,False,0,0,0,0.0,0.0
3,mcv:638,mcv,1518,4,1,False,0,0,0,0.0,0.0
3,fd:603,fd,27,2,1,False,0,0,0,0.0,0.0
3,mcv:761,mcv,292,4,1,False,0,0,0,0.0,0.0
3,mcv:1284,mcv,222,2,2,False,0,0,0,0.0,0.0
3,fd:401,fd,27,4,1,False,0,0,0,0.0,0.0
3,fd:84,fd,27,6,1,False,0,0,0,0.0,0.0
3,mcv:1301,mcv,226,3,1,False,0,0,0,0.0,0.0
3,mcv:2208,mcv,362,0,1,False,0,0,0,0.0,0.0
3,mcv:2168,mcv,196,0,1,False,0,0,0,0.0,0.0
3,fd:110,fd,27,6,1,False,0,0,0,0.0,0.0
3,mcv:995,mcv,304,4,1,False,0,0,0,0.0,0.0
3,mcv:215,mcv,304,6,1,False,0,0,0,0.0,0.0
3,fd:519,fd,27,3,1,False,0,0,0,0.0,0.0
3,mcv:1174,mcv,436,2,2,False,0,0,0,0.0,0.0
3,mcv:1691,mcv,174,2,1,False,0,0,0,0.0,0.0
3,mcv:99,mcv,492,6,2,False,0,0,0,0.0,0.0
3,mcv:261,mcv,614,5,2,False,0,0,0,0.0,0.0
3,mcv:1949,mcv,1008,1,1,False,0,0,0,0.0,0.0
3,mcv:1022,mcv,492,3,1,False,0,0,0,0.0,0.0
3,mcv:167,mcv,196,7,1,False,0,0,0,0.0,0.0
3,mcv:681,mcv,330,2,3,False,0,0,0,0.0,0.0
3,mcv:637,mcv,560,4,1,False,0,0,0,0.0,0.0
3,mcv:289,mcv,462,6,1,False,0,0,0,0.0,0.0
3,mcv:1073,mcv,544,3,1,False,0,0,0,0.0,0.0
3,mcv:656,mcv,432,3,2,False,0,0,0,0.0,0.0
3,mcv:93,mcv,454,5,3,False,0,0,0,0.0,0.0
3,mcv:222,mcv,1202,5,2,False,0,0,0,0.0,0.0
3,mcv:1883,mcv,572,1,1,False,0,0,0,0.0,0.0
3,mcv:1390,mcv,824,2,2,False,0,0,0,0.0,0.0
3,mcv:709,mcv,318,3,2,False,0,0,0,0.0,0.0
3,mcv:1879,mcv,550,0,2,False,0,0,0,0.0,0.0
3,mcv:1763,mcv,436,1,2,False,0,0,0,0.0,0.0
3,mcv:729,mcv,270,1,4,False,0,0,0,0.0,0.0
3,mcv:575,mcv,248,4,2,False,0,0,0,0.0,0.0
3,mcv:1899,mcv,270,0,2,False,0,0,0,0.0,0.0
3,mcv:1795,mcv,934,2,1,False,0,0,0,0.0,0.0
3,fd:666,fd,27,0,2,False,0,0,0,0.0,0.0
3,mcv:106,mcv,362,5,3,False,0,0,0,0.0,0.0
3,mcv:1897,mcv,504,1,1,False,0,0,0,0.0,0.0
3,fd:230,fd,27,4,2,True,0,0,0,0.0,0.0
3,mcv:576,mcv,482,5,1,False,0,0,0,0.0,0.0
3,fd:231,fd,27,5,1,False,0,0,0,0.0,0.0
3,fd:287,fd,27,1,4,False,0,0,0,0.0,0.0
3,mcv:1704,mcv,958,1,2,False,0,0,0,0.0,0.0
3,mcv:149,mcv,378,6,2,False,0,0,0,0.0,0.0
3,mcv:1151,mcv,532,2,2,False,0,0,0,0.0,0.0
3,mcv:1482,mcv,470,1,2,False,0,0,0,0.0,0.0
3,mcv:114,mcv,266,6,2,False,0,0,0,0.0,0.0
3,mcv:1644,mcv,244,2,1,False,0,0,0,0.0,0.0
3,mcv:1156,mcv,270,2,2,True,1,1,0,5.62517779023608e-08,0.0
3,mcv:1642,mcv,542,1,2,False,0,0,0,0.0,0.0
3,mcv:526,mcv,378,5,1,True,0,0,0,0.0,0.0
3,mcv:1155,mcv,196,3,1,False,0,0,0,0.0,0.0
3,fd:176,fd,27,5,1,False,0,0,0,0.0,0.0
3,mcv:523,mcv,448,5,1,True,1,1,0,0.3092099507057582,0.0
3,fd:414,fd,27,3,1,False,0,0,0,0.0,0.0
3,mcv:116,mcv,148,5,3,False,0,0,0,0.0,0.0
3,mcv:1785,mcv,174,1,2,False,0,0,0,0.0,0.0
3,fd:199,fd,27,5,1,False,0,0,0,0.0,0.0
3,mcv:959,mcv,340,3,2,False,0,0,0,0.0,0.0
3,mcv:1026,mcv,628,3,1,False,0,0,0,0.0,0.0
3,mcv:1982,mcv,266,1,1,False,0,0,0,0.0,0.0
3,mcv:1846,mcv,492,1,1,False,0,0,0,0.0,0.0
3,mcv:1027,mcv,896,2,2,False,0,0,0,0.0,0.0
3,mcv:1786,mcv,196,2,1,False,0,0,0,0.0,0.0
3,mcv:439,mcv,170,5,1,False,0,0,0,0.0,0.0
3,fd:456,fd,27,3,1,False,0,0,0,0.0,0.0
3,fd:642,fd,27,1,2,False,0,0,0,0.0,0.0
3,mcv:1638,mcv,826,2,1,False,0,0,0,0.0,0.0
3,mcv:962,mcv,248,4,1,False,0,0,0,0.0,0.0
3,mcv:134,mcv,358,6,2,False,0,0,0,0.0,0.0
3,mcv:1792,mcv,314,1,2,False,0,0,0,0.0,0.0
3,fd:54,fd,27,6,2,False,0,0,0,0.0,0.0
3,mcv:366,mcv,760,5,1,False,0,0,0,0.0,0.0
3,fd:11,fd,27,7,3,False,0,0,0,0.0,0.0
3,fd:205,fd,27,4,2,True,0,0,0,0.0,0.0
3,mcv:1290,mcv,362,3,1,False,0,0,0,0.0,0.0
3,mcv:1126,mcv,244,3,1,False,0,0,0,0.0,0.0
3,mcv:1297,mcv,362,3,1,False,0,0,0,0.0,0.0
3,mcv:1549,mcv,196,1,2,False,0,0,0,0.0,0.0
3,mcv:1547,mcv,226,1,2,False,0,0,0,0.0,0.0
3,fd:172,fd,27,5,1,True,0,0,0,0.0,0.0
3,mcv:18,mcv,174,9,1,True,1,0,1,0.0,0.028963916532593226
3,fd:524,fd,27,3,1,False,0,0,0,0.0,0.0
3,mcv:1240,mcv,358,3,1,False,0,0,0,0.0,0.0
3,mcv:176,mcv,854,5,3,False,0,0,0,0.0,0.0
3,fd:222,fd,27,4,2,True,0,0,0,0.0,0.0
3,mcv:1733,mcv,174,1,2,False,0,0,0,0.0,0.0
3,mcv:1294,mcv,226,2,2,False,0,0,0,0.0,0.0
3,mcv:566,mcv,244,5,1,False,0,0,0,0.0,0.0
3,mcv:1237,mcv,358,3,1,False,0,0,0,0.0,0.0
3,fd:43,fd,27,7,1,True,0,0,0,0.0,0.0
3,fd:124,fd,27,6,1,True,0,0,0,0.0,0.0
3,mcv:1133,mcv,148,2,2,False,0,0,0,0.0,0.0
3,mcv:1239,mcv,244,3,1,False,0,0,0,0.0,0.0
3,mcv:1394,mcv,244,3,1,False,0,0,0,0.0,0.0
3,fd:113,fd,27,5,2,False,0,0,0,0.0,0.0
3,mcv:1397,mcv,200,3,1,False,0,0,0,0.0,0.0
3,mcv:76,mcv,148,7,2,False,0,0,0,0.0,0.0
3,fd:526,fd,41,3,1,False,0,0,0,0.0,0.0
3,fd:126,fd,27,6,1,True,0,0,0,0.0,0.0
3,mcv:1132,mcv,148,2,2,False,0,0,0,0.0,0.0
3,mcv:1714,mcv,318,2,1,False,0,0,0,0.0,0.0
3,fd:6,fd,27,9,1,False,0,0,0,0.0,0.0
3,mcv:1695,mcv,362,2,1,False,0,0,0,0.0,0.0
3,fd:447,fd,41,2,2,True,1,0,1,0.0,0.00014281494760437496
3,mcv:29,mcv,876,7,3,True,3,0,3,0.0,0.026845954298604147
3,mcv:177,mcv,854,7,1,False,0,0,0,0.0,0.0
3,mcv:564,mcv,200,5,1,False,0,0,0,0.0,0.0
3,mcv:913,mcv,226,3,2,False,0,0,0,0.0,0.0
3,mcv:1386,mcv,630,2,2,False,0,0,0,0.0,0.0
3,mcv:2209,mcv,502,0,1,False,0,0,0,0.0,0.0
3,fd:221,fd,41,5,1,False,0,0,0,0.0,0.0
3,mcv:1324,mcv,222,2,2,True,0,0,0,0.0,0.0
3,mcv:238,mcv,608,6,1,False,0,0,0,0.0,0.0
3,fd:359,fd,27,3,2,False,0,0,0,0.0,0.0
3,fd:708,fd,27,1,1,False,0,0,0,0.0,0.0
3,mcv:111,mcv,174,7,1,False,0,0,0,0.0,0.0
3,mcv:943,mcv,244,2,3,False,0,0,0,0.0,0.0
3,mcv:914,mcv,696,3,2,False,0,0,0,0.0,0.0
3,mcv:931,mcv,174,3,2,False,0,0,0,0.0,0.0
3,mcv:1752,mcv,174,2,1,False,0,0,0,0.0,0.0
3,mcv:536,mcv,174,4,2,False,0,0,0,0.0,0.0
3,mcv:233,mcv,174,6,1,False,0,0,0,0.0,0.0
3,mcv:944,mcv,362,4,1,False,0,0,0,0.0,0.0
3,mcv:317,mcv,174,6,1,False,0,0,0,0.0,0.0
3,mcv:1701,mcv,1148,2,1,False,0,0,0,0.0,0.0
3,mcv:819,mcv,358,4,1,False,0,0,0,0.0,0.0
3,fd:619,fd,27,1,2,False,0,0,0,0.0,0.0
3,fd:68,fd,27,5,3,False,0,0,0,0.0,0.0
3,fd:520,fd,27,3,1,False,0,0,0,0.0,0.0
3,mcv:1383,mcv,196,3,1,False,0,0,0,0.0,0.0
3,mcv:1296,mcv,362,3,1,False,0,0,0,0.0,0.0
3,mcv:2032,mcv,226,1,1,False,0,0,0,0.0,0.0
3,fd:626,fd,27,2,1,False,0,0,0,0.0,0.0
3,mcv:1236,mcv,358,3,1,False,0,0,0,0.0,0.0
3,mcv:166,mcv,942,6,2,False,0,0,0,0.0,0.0
3,mcv:816,mcv,476,2,3,False,0,0,0,0.0,0.0
3,fd:570,fd,27,1,2,False,0,0,0,0.0,0.0
3,fd:69,fd,27,7,1,False,0,0,0,0.0,0.0
3,fd:223,fd,27,5,1,False,0,0,0,0.0,0.0
3,mcv:825,mcv,1562,4,1,False,0,0,0,0.0,0.0
3,mcv:1398,mcv,318,3,1,False,0,0,0,0.0,0.0
3,mcv:2033,mcv,340,1,1,False,0,0,0,0.0,0.0
3,mcv:431,mcv,174,5,1,False,0,0,0,0.0,0.0
3,mcv:296,mcv,244,5,2,False,0,0,0,0.0,0.0
3,fd:90,fd,27,6,1,True,0,0,0,0.0,0.0
3,fd:366,fd,27,3,2,False,0,0,0,0.0,0.0
3,mcv:1550,mcv,248,1,2,False,0,0,0,0.0,0.0
3,mcv:315,mcv,196,6,1,False,0,0,0,0.0,0.0
3,mcv:565,mcv,244,4,2,False,0,0,0,0.0,0.0
3,mcv:818,mcv,244,4,1,False,0,0,0,0.0,0.0
3,mcv:1285,mcv,174,3,1,False,0,0,0,0.0,0.0
3,mcv:63,mcv,196,8,1,False,0,0,0,0.0,0.0
3,fd:159,fd,41,5,1,False,0,0,0,0.0,0.0
3,fd:707,fd,41,1,1,False,0,0,0,0.0,0.0
3,mcv:35,mcv,148,9,1,False,0,0,0,0.0,0.0
3,mcv:349,mcv,170,4,3,False,0,0,0,0.0,0.0
3,fd:15,fd,41,9,1,False,0,0,0,0.0,0.0
3,mcv:2030,mcv,196,1,1,False,0,0,0,0.0,0.0
3,fd:486,fd,27,3,1,False,0,0,0,0.0,0.0
3,mcv:397,mcv,304,5,1,False,0,0,0,0.0,0.0
3,mcv:1070,mcv,304,2,2,False,0,0,0,0.0,0.0
3,fd:430,fd,27,2,2,True,2,1,1,0.00022421234556091463,0.00024840592630503977
3,mcv:420,mcv,170,4,2,True,2,1,1,2.0491498275987396e-08,0.00043296027283790117
3,mcv:454,mcv,170,3,3,False,0,0,0,0.0,0.0
3,fd:189,fd,27,4,2,False,0,0,0,0.0,0.0
3,mcv:1395,mcv,838,3,1,False,0,0,0,0.0,0.0
3,fd:137,fd,27,6,1,False,0,0,0,0.0,0.0
3,mcv:496,mcv,296,4,2,False,0,0,0,0.0,0.0
3,mcv:137,mcv,1136,6,2,False,0,0,0,0.0,0.0
3,mcv:342,mcv,548,6,1,False,0,0,0,0.0,0.0
3,mcv:335,mcv,218,6,1,False,0,0,0,0.0,0.0
3,mcv:1987,mcv,366,1,1,False,0,0,0,0.0,0.0
3,fd:87,fd,41,6,1,False,0,0,0,0.0,0.0
3,mcv:107,mcv,278,4,4,True,4,3,1,3.3034234826765463,0.04020033807397283
3,mcv:890,mcv,266,4,1,False,0,0,0,0.0,0.0
3,mcv:1268,mcv,304,2,2,False,0,0,0,0.0,0.0
3,fd:437,fd,27,3,1,False,0,0,0,0.0,0.0
3,mcv:1065,mcv,518,3,1,False,0,0,0,0.0,0.0
3,mcv:1088,mcv,910,2,2,False,0,0,0,0.0,0.0
3,mcv:1887,mcv,884,1,1,False,0,0,0,0.0,0.0
3,mcv:413,mcv,384,4,2,True,0,0,0,0.0,0.0
3,mcv:1663,mcv,304,2,1,True,0,0,0,0.0,0.0
3,mcv:1225,mcv,480,3,1,True,1,0,1,0.0,1.1026678297692958
3,mcv:390,mcv,536,5,1,False,0,0,0,0.0,0.0
3,mcv:1227,mcv,288,3,1,False,0,0,0,0.0,0.0
3,mcv:502,mcv,458,4,2,False,0,0,0,0.0,0.0
3,mcv:1096,mcv,410,3,1,False,0,0,0,0.0,0.0
3,mcv:15,mcv,418,7,3,False,0,0,0,0.0,0.0
3,mcv:491,mcv,288,5,1,False,0,0,0,0.0,0.0
3,mcv:1102,mcv,274,3,1,False,0,0,0,0.0,0.0
3,fd:590,fd,41,2,1,False,0,0,0,0.0,0.0
3,mcv:1529,mcv,318,2,1,False,0,0,0,0.0,0.0
3,mcv:1087,mcv,454,3,1,True,0,0,0,0.0,0.0
3,mcv:680,mcv,478,3,2,False,0,0,0,0.0,0.0
3,mcv:486,mcv,288,5,1,False,0,0,0,0.0,0.0
3,mcv:679,mcv,374,4,1,False,0,0,0,0.0,0.0
3,mcv:1111,mcv,384,3,1,True,1,1,0,0.02140410164378137,0.0
3,mcv:1513,mcv,726,1,2,False,0,0,0,0.0,0.0
3,mcv:221,mcv,278,6,1,True,0,0,0,0.0,0.0
3,fd:42,fd,41,4,4,False,0,0,0,0.0,0.0
3,mcv:297,mcv,222,6,1,False,0,0,0,0.0,0.0
3,mcv:217,mcv,660,5,2,False,0,0,0,0.0,0.0
3,mcv:700,mcv,524,4,1,False,0,0,0,0.0,0.0
3,mcv:1505,mcv,1142,1,2,False,0,0,0,0.0,0.0
3,mcv:2040,mcv,606,0,2,False,0,0,0,0.0,0.0
3,mcv:1892,mcv,410,1,1,False,0,0,0,0.0,0.0
3,fd:239,fd,27,3,3,False,0,0,0,0.0,0.0
3,fd:193,fd,27,5,1,False,0,0,0,0.0,0.0
3,fd:197,fd,27,4,2,False,0,0,0,0.0,0.0
3,mcv:504,mcv,558,4,2,False,0,0,0,0.0,0.0
3,mcv:1045,mcv,362,3,1,True,0,0,0,0.0,0.0
3,mcv:32,mcv,322,9,1,True,1,1,0,0.02292477944425997,0.0
3,mcv:513,mcv,174,5,1,False,0,0,0,0.0,0.0
3,fd:323,fd,27,4,1,False,0,0,0,0.0,0.0
3,fd:660,fd,27,1,1,False,0,0,0,0.0,0.0
3,mcv:2080,mcv,404,1,1,False,0,0,0,0.0,0.0
3,mcv:989,mcv,410,4,1,False,0,0,0,0.0,0.0
3,fd:640,fd,41,2,1,False,0,0,0,0.0,0.0
3,mcv:937,mcv,448,3,2,True,1,1,0,0.3239998242883655,0.0
3,fd:369,fd,27,3,2,False,0,0,0,0.0,0.0
3,fd:81,fd,27,5,2,False,0,0,0,0.0,0.0
3,mcv:613,mcv,218,3,3,False,0,0,0,0.0,0.0
3,mcv:661,mcv,388,3,2,False,0,0,0,0.0,0.0
3,mcv:961,mcv,218,3,2,False,0,0,0,0.0,0.0
3,fd:195,fd,27,4,2,False,0,0,0,0.0,0.0
3,mcv:1851,mcv,366,1,1,False,0,0,0,0.0,0.0
3,mcv:145,mcv,218,6,2,True,2,2,0,0.32575082797588806,0.0
3,mcv:517,mcv,414,4,2,False,0,0,0,0.0,0.0
3,fd:32,fd,27,6,3,True,0,0,0,0.0,0.0
3,mcv:665,mcv,664,4,1,True,0,0,0,0.0,0.0
3,mcv:328,mcv,510,4,3,False,0,0,0,0.0,0.0
3,mcv:854,mcv,444,4,1,False,0,0,0,0.0,0.0
3,mcv:1047,mcv,362,2,2,False,0,0,0,0.0,0.0
3,mcv:2019,mcv,218,1,1,False,0,0,0,0.0,0.0
3,fd:420,fd,27,2,2,False,0,0,0,0.0,0.0
3,mcv:2029,mcv,218,1,1,False,0,0,0,0.0,0.0
3,mcv:587,mcv,400,3,3,False,0,0,0,0.0,0.0
3,mcv:82,mcv,300,6,3,False,0,0,0,0.0,0.0
3,mcv:862,mcv,382,4,1,False,0,0,0,0.0,0.0
3,mcv:1274,mcv,266,2,2,False,0,0,0,0.0,0.0
3,mcv:610,mcv,170,5,1,False,0,0,0,0.0,0.0
3,fd:13,fd,27,9,1,False,0,0,0,0.0,0.0
3,mcv:600,mcv,288,4,2,True,2,1,1,1.1748760853080853e-08,1.3199670245711559e-09
3,mcv:865,mcv,200,4,1,False,0,0,0,0.0,0.0
3,mcv:200,mcv,322,5,2,False,0,0,0,0.0,0.0
3,mcv:1341,mcv,148,3,1,False,0,0,0,0.0,0.0
3,mcv:515,mcv,222,4,2,False,0,0,0,0.0,0.0
3,mcv:1287,mcv,196,3,1,False,0,0,0,0.0,0.0
3,mcv:849,mcv,222,4,1,False,0,0,0,0.0,0.0
3,mcv:996,mcv,218,4,1,False,0,0,0,0.0,0.0
3,fd:271,fd,27,3,2,False,0,0,0,0.0,0.0
3,mcv:1783,mcv,392,2,1,False,0,0,0,0.0,0.0
3,mcv:982,mcv,418,4,1,False,0,0,0,0.0,0.0
3,mcv:721,mcv,318,3,2,False,0,0,0,0.0,0.0
3,mcv:2088,mcv,642,1,1,True,1,1,0,0.13601074296558502,0.0
3,fd:392,fd,27,3,2,False,0,0,0,0.0,0.0
3,mcv:1104,mcv,340,2,2,False,0,0,0,0.0,0.0
3,mcv:1110,mcv,314,3,1,False,0,0,0,0.0,0.0
3,fd:394,fd,27,4,1,False,0,0,0,0.0,0.0
3,fd:286,fd,27,3,2,False,0,0,0,0.0,0.0
3,fd:440,fd,27,3,1,False,0,0,0,0.0,0.0
3,fd:729,fd,27,1,1,False,0,0,0,0.0,0.0
3,mcv:341,mcv,196,5,2,False,0,0,0,0.0,0.0
3,mcv:595,mcv,218,4,2,False,0,0,0,0.0,0.0
3,mcv:85,mcv,170,8,1,False,0,0,0,0.0,0.0
3,mcv:225,mcv,314,6,1,False,0,0,0,0.0,0.0
3,mcv:947,mcv,196,4,1,False,0,0,0,0.0,0.0
3,fd:375,fd,27,4,1,False,0,0,0,0.0,0.0
3,mcv:1109,mcv,958,3,1,False,0,0,0,0.0,0.0
3,fd:136,fd,27,5,2,False,0,0,0,0.0,0.0
3,mcv:980,mcv,506,3,2,False,0,0,0,0.0,0.0
3,fd:346,fd,27,4,1,False,0,0,0,0.0,0.0
3,mcv:30,mcv,912,9,1,False,0,0,0,0.0,0.0
3,fd:210,fd,27,5,1,False,0,0,0,0.0,0.0
3,fd:353,fd,27,3,2,False,0,0,0,0.0,0.0
3,mcv:1919,mcv,170,1,1,False,0,0,0,0.0,0.0
3,mcv:330,mcv,248,4,3,False,0,0,0,0.0,0.0
3,fd:12,fd,27,9,1,False,0,0,0,0.0,0.0
3,mcv:907,mcv,434,4,1,False,0,0,0,0.0,0.0
3,mcv:895,mcv,226,4,1,False,0,0,0,0.0,0.0
3,mcv:1721,mcv,248,1,2,False,0,0,0,0.0,0.0
3,mcv:1414,mcv,504,3,1,False,0,0,0,0.0,0.0
3,mcv:1248,mcv,340,3,1,True,1,0,1,0.0,0.01809682698918147
3,mcv:542,mcv,808,3,3,False,0,0,0,0.0,0.0
3,fd:133,fd,27,4,3,False,0,0,0,0.0,0.0
3,mcv:745,mcv,314,3,2,False,0,0,0,0.0,0.0
3,mcv:51,mcv,562,6,3,False,0,0,0,0.0,0.0
3,mcv:1725,mcv,1350,2,1,False,0,0,0,0.0,0.0
3,mcv:241,mcv,292,5,2,False,0,0,0,0.0,0.0
3,fd:613,fd,27,1,2,False,0,0,0,0.0,0.0
3,mcv:746,mcv,636,3,2,False,0,0,0,0.0,0.0
3,mcv:547,mcv,434,5,1,False,0,0,0,0.0,0.0
3,mcv:307,mcv,170,6,1,False,0,0,0,0.0,0.0
3,fd:355,fd,27,4,1,False,0,0,0,0.0,0.0
3,mcv:31,mcv,482,9,1,False,0,0,0,0.0,0.0
3,mcv:904,mcv,600,3,2,True,1,1,0,0.40330166084150765,0.0
3,mcv:360,mcv,348,4,2,False,0,0,0,0.0,0.0
3,fd:144,fd,27,3,3,False,0,0,0,0.0,0.0
3,fd:33,fd,27,6,2,False,0,0,0,0.0,0.0
3,mcv:1468,mcv,734,2,1,False,0,0,0,0.0,0.0
3,mcv:1924,mcv,270,1,1,False,0,0,0,0.0,0.0
3,mcv:231,mcv,170,6,1,False,0,0,0,0.0,0.0
3,mcv:86,mcv,414,6,2,True,2,2,0,0.3393626284419673,0.0
3,mcv:757,mcv,148,4,1,False,0,0,0,0.0,0.0
3,mcv:358,mcv,392,3,3,False,0,0,0,0.0,0.0
3,fd:88,fd,27,6,1,False,0,0,0,0.0,0.0
3,mcv:2093,mcv,148,1,1,False,0,0,0,0.0,0.0
3,fd:439,fd,27,2,2,False,0,0,0,0.0,0.0
3,fd:128,fd,27,6,1,False,0,0,0,0.0,0.0
3,mcv:1106,mcv,226,2,2,False,0,0,0,0.0,0.0
3,mcv:1476,mcv,874,2,1,False,0,0,0,0.0,0.0
3,mcv:165,mcv,218,6,2,False,0,0,0,0.0,0.0
3,fd:734,fd,27,1,1,False,0,0,0,0.0,0.0
3,mcv:223,mcv,340,6,1,False,0,0,0,0.0,0.0
3,mcv:319,mcv,174,6,1,False,0,0,0,0.0,0.0
3,fd:265,fd,27,4,1,False,0,0,0,0.0,0.0
3,mcv:646,mcv,382,4,1,False,0,0,0,0.0,0.0
3,fd:0,fd,27,11,2,True,0,0,0,0.0,0.0
3,mcv:1369,mcv,196,3,1,False,0,0,0,0.0,0.0
3,mcv:1004,mcv,914,3,1,False,0,0,0,0.0,0.0
3,fd:319,fd,27,3,2,False,0,0,0,0.0,0.0
3,mcv:1532,mcv,292,2,1,False,0,0,0,0.0,0.0
3,mcv:1005,mcv,414,2,2,False,0,0,0,0.0,0.0
3,mcv:2225,mcv,318,0,1,False,0,0,0,0.0,0.0
3,mcv:844,mcv,362,3,2,False,0,0,0,0.0,0.0
3,mcv:361,mcv,580,3,3,False,0,0,0,0.0,0.0
3,mcv:1888,mcv,340,1,1,False,0,0,0,0.0,0.0
3,mcv:706,mcv,476,4,1,False,0,0,0,0.0,0.0
3,mcv:424,mcv,218,4,2,True,0,0,0,0.0,0.0
3,mcv:0,mcv,196,11,2,False,0,0,0,0.0,0.0
3,mcv:357,mcv,756,4,2,True,2,1,1,2.370484218683022,0.1415754235622404
3,fd:748,fd,27,0,1,False,0,0,0,0.0,0.0
3,mcv:628,mcv,550,3,2,True,0,0,0,0.0,0.0
3,mcv:1841,mcv,528,1,1,False,0,0,0,0.0,0.0
3,mcv:503,mcv,196,5,1,False,0,0,0,0.0,0.0
3,mcv:232,mcv,148,5,2,False,0,0,0,0.0,0.0
3,mcv:452,mcv,488,5,1,False,0,0,0,0.0,0.0
3,mcv:1129,mcv,378,3,1,False,0,0,0,0.0,0.0
3,mcv:1937,mcv,314,1,1,False,0,0,0,0.0,0.0
3,mcv:484,mcv,646,5,1,False,0,0,0,0.0,0.0
3,mcv:2182,mcv,362,0,1,False,0,0,0,0.0,0.0
3,fd:445,fd,27,3,1,False,0,0,0,0.0,0.0
3,mcv:1125,mcv,174,2,2,False,0,0,0,0.0,0.0
3,mcv:429,mcv,478,4,2,False,0,0,0,0.0,0.0
3,fd:170,fd,27,4,2,False,0,0,0,0.0,0.0
3,mcv:677,mcv,304,4,1,False,0,0,0,0.0,0.0
3,mcv:211,mcv,550,5,2,False,0,0,0,0.0,0.0
3,mcv:736,mcv,196,4,1,False,0,0,0,0.0,0.0
3,fd:280,fd,41,4,1,True,1,0,1,0.0,0.0004120683105275358
3,mcv:1754,mcv,396,2,1,False,0,0,0,0.0,0.0
3,mcv:877,mcv,174,4,1,False,0,0,0,0.0,0.0
3,mcv:196,mcv,448,6,1,False,0,0,0,0.0,0.0
3,fd:391,fd,27,3,2,False,0,0,0,0.0,0.0
3,fd:514,fd,27,3,1,False,0,0,0,0.0,0.0
3,fd:80,fd,27,6,1,False,0,0,0,0.0,0.0
3,fd:235,fd,27,4,2,False,0,0,0,0.0,0.0
3,fd:494,fd,27,2,2,False,0,0,0,0.0,0.0
3,mcv:1364,mcv,392,3,1,False,0,0,0,0.0,0.0
3,mcv:878,mcv,362,3,2,False,0,0,0,0.0,0.0
3,mcv:2079,mcv,304,1,1,False,0,0,0,0.0,0.0
3,mcv:2128,mcv,650,0,1,False,0,0,0,0.0,0.0
3,mcv:2133,mcv,946,0,1,False,0,0,0,0.0,0.0
3,mcv:1822,mcv,666,2,1,False,0,0,0,0.0,0.0
3,fd:219,fd,27,4,2,False,0,0,0,0.0,0.0
3,mcv:1359,mcv,418,2,2,False,0,0,0,0.0,0.0
3,mcv:1320,mcv,496,2,2,False,0,0,0,0.0,0.0
3,mcv:580,mcv,408,4,2,False,0,0,0,0.0,0.0
3,mcv:979,mcv,904,3,2,False,0,0,0,0.0,0.0
3,mcv:1323,mcv,440,3,1,False,0,0,0,0.0,0.0
3,mcv:1319,mcv,642,2,2,False,0,0,0,0.0,0.0
3,fd:337,fd,27,4,1,False,0,0,0,0.0,0.0
3,fd:628,fd,27,2,1,False,0,0,0,0.0,0.0
3,fd:495,fd,27,2,2,False,0,0,0,0.0,0.0
3,mcv:562,mcv,386,4,2,False,0,0,0,0.0,0.0
3,mcv:648,mcv,1242,4,1,False,0,0,0,0.0,0.0
3,mcv:1791,mcv,530,2,1,False,0,0,0,0.0,0.0
3,fd:511,fd,27,2,2,False,0,0,0,0.0,0.0
3,mcv:1370,mcv,222,3,1,False,0,0,0,0.0,0.0
3,fd:585,fd,41,2,1,False,0,0,0,0.0,0.0
3,mcv:1631,mcv,476,2,1,False,0,0,0,0.0,0.0
3,fd:17,fd,41,7,3,False,0,0,0,0.0,0.0
3,fd:30,fd,41,7,2,False,0,0,0,0.0,0.0
3,fd:67,fd,27,6,2,False,0,0,0,0.0,0.0
3,mcv:1760,mcv,696,2,1,False,0,0,0,0.0,0.0
3,mcv:903,mcv,672,3,2,False,0,0,0,0.0,0.0
3,mcv:2055,mcv,456,1,1,False,0,0,0,0.0,0.0
3,mcv:551,mcv,588,4,2,True,2,2,0,0.4031451015116403,0.0
3,mcv:921,mcv,382,4,1,False,0,0,0,0.0,0.0
3,fd:582,fd,27,2,1,False,0,0,0,0.0,0.0
3,mcv:37,mcv,456,7,3,False,0,0,0,0.0,0.0
3,mcv:1449,mcv,584,3,1,False,0,0,0,0.0,0.0
3,fd:256,fd,27,4,2,False,0,0,0,0.0,0.0
3,fd:212,fd,27,4,2,False,0,0,0,0.0,0.0
3,mcv:128,mcv,414,6,2,False,0,0,0,0.0,0.0
3,mcv:549,mcv,1052,5,1,False,0,0,0,0.0,0.0
3,mcv:310,mcv,694,5,2,False,0,0,0,0.0,0.0
3,mcv:934,mcv,404,4,1,False,0,0,0,0.0,0.0
3,fd:362,fd,41,4,1,False,0,0,0,0.0,0.0
3,fd:120,fd,41,5,2,False,0,0,0,0.0,0.0
3,mcv:1375,mcv,562,2,2,False,0,0,0,0.0,0.0
3,mcv:1222,mcv,462,3,1,False,0,0,0,0.0,0.0
3,mcv:79,mcv,392,7,2,False,0,0,0,0.0,0.0
3,mcv:976,mcv,266,3,2,True,2,1,1,0.03348882873882175,0.3203966642577487
3,mcv:1746,mcv,218,2,1,False,0,0,0,0.0,0.0
3,mcv:951,mcv,196,3,2,False,0,0,0,0.0,0.0
3,fd:630,fd,27,2,1,False,0,0,0,0.0,0.0
3,mcv:175,mcv,292,6,2,False,0,0,0,0.0,0.0
3,mcv:1218,mcv,772,2,2,False,0,0,0,0.0,0.0
3,mcv:478,mcv,344,5,1,False,0,0,0,0.0,0.0
3,mcv:1628,mcv,538,2,1,False,0,0,0,0.0,0.0
3,fd:26,fd,41,5,4,False,0,0,0,0.0,0.0
3,mcv:80,mcv,288,6,3,False,0,0,0,0.0,0.0
3,mcv:1350,mcv,694,3,1,False,0,0,0,0.0,0.0
3,mcv:1219,mcv,388,3,1,False,0,0,0,0.0,0.0
3,fd:363,fd,27,3,2,False,0,0,0,0.0,0.0
3,mcv:1452,mcv,336,3,1,False,0,0,0,0.0,0.0
3,mcv:616,mcv,714,4,2,False,0,0,0,0.0,0.0
3,mcv:618,mcv,504,4,2,False,0,0,0,0.0,0.0
3,fd:257,fd,41,4,2,False,0,0,0,0.0,0.0
3,mcv:923,mcv,314,3,2,False,0,0,0,0.0,0.0
3,mcv:70,mcv,662,5,4,False,0,0,0,0.0,0.0
3,mcv:479,mcv,690,4,2,False,0,0,0,0.0,0.0
3,mcv:1623,mcv,614,2,1,False,0,0,0,0.0,0.0
3,mcv:1622,mcv,720,2,1,False,0,0,0,0.0,0.0
3,mcv:801,mcv,492,4,1,False,0,0,0,0.0,0.0
3,fd:333,fd,27,4,1,False,0,0,0,0.0,0.0
3,mcv:869,mcv,448,4,1,True,1,1,0,0.6040908846739117,0.0
3,mcv:481,mcv,330,4,2,False,0,0,0,0.0,0.0
3,mcv:1702,mcv,810,2,1,False,0,0,0,0.0,0.0
3,mcv:276,mcv,966,4,3,False,0,0,0,0.0,0.0
3,mcv:138,mcv,392,5,3,False,0,0,0,0.0,0.0
3,fd:50,fd,27,5,3,False,0,0,0,0.0,0.0
3,mcv:525,mcv,452,4,2,False,0,0,0,0.0,0.0
3,mcv:475,mcv,658,5,1,False,0,0,0,0.0,0.0
3,mcv:1614,mcv,466,2,1,False,0,0,0,0.0,0.0
3,fd:317,fd,41,3,2,False,0,0,0,0.0,0.0
3,mcv:558,mcv,540,5,1,False,0,0,0,0.0,0.0
3,mcv:337,mcv,248,6,1,False,0,0,0,0.0,0.0
3,mcv:828,mcv,1014,4,1,False,0,0,0,0.0,0.0
3,fd:312,fd,27,4,1,False,0,0,0,0.0,0.0
3,mcv:830,mcv,322,3,2,False,0,0,0,0.0,0.0
3,fd:581,fd,41,2,1,True,0,0,0,0.0,0.0
3,mcv:1693,mcv,392,2,1,False,0,0,0,0.0,0.0
3,mcv:214,mcv,470,4,3,False,0,0,0,0.0,0.0
3,mcv:872,mcv,510,4,1,False,0,0,0,0.0,0.0
3,mcv:1423,mcv,552,3,1,False,0,0,0,0.0,0.0
3,mcv:1013,mcv,690,3,1,False,0,0,0,0.0,0.0
3,mcv:973,mcv,296,3,2,True,1,1,0,1.659109847627363,0.0
3,mcv:799,mcv,418,3,2,False,0,0,0,0.0,0.0
3,mcv:1387,mcv,786,3,1,False,0,0,0,0.0,0.0
3,mcv:271,mcv,804,6,1,True,0,0,0,0.0,0.0
3,mcv:193,mcv,976,5,2,False,0,0,0,0.0,0.0
3,mcv:218,mcv,804,5,2,False,0,0,0,0.0,0.0
3,mcv:990,mcv,414,4,1,True,0,0,0,0.0,0.0
3,mcv:1840,mcv,1120,1,1,False,0,0,0,0.0,0.0
3,mcv:105,mcv,344,7,1,False,0,0,0,0.0,0.0
3,mcv:1008,mcv,756,2,2,False,0,0,0,0.0,0.0
3,fd:200,fd,41,5,1,True,0,0,0,0.0,0.0
3,mcv:1309,mcv,720,3,1,False,0,0,0,0.0,0.0
3,mcv:219,mcv,704,6,1,True,0,0,0,0.0,0.0
3,mcv:1617,mcv,466,1,2,False,0,0,0,0.0,0.0
3,mcv:507,mcv,384,3,3,False,0,0,0,0.0,0.0
3,mcv:495,mcv,716,5,1,False,0,0,0,0.0,0.0
3,fd:698,fd,27,1,1,False,0,0,0,0.0,0.0
3,mcv:826,mcv,366,3,2,True,1,0,1,0.0,0.03563235539361598
3,fd:387,fd,41,3,2,False,0,0,0,0.0,0.0
3,mcv:1648,mcv,756,2,1,False,0,0,0,0.0,0.0
3,mcv:802,mcv,462,3,2,False,0,0,0,0.0,0.0
3,fd:86,fd,27,6,1,False,0,0,0,0.0,0.0
3,mcv:630,mcv,1234,4,1,False,0,0,0,0.0,0.0
3,fd:104,fd,41,6,1,False,0,0,0,0.0,0.0
3,mcv:281,mcv,178,6,1,True,0,0,0,0.0,0.0
3,fd:398,fd,27,4,1,False,0,0,0,0.0,0.0
3,mcv:636,mcv,440,3,2,False,0,0,0,0.0,0.0
3,mcv:699,mcv,318,4,1,False,0,0,0,0.0,0.0
3,mcv:1001,mcv,196,2,3,False,0,0,0,0.0,0.0
3,fd:406,fd,27,2,3,False,0,0,0,0.0,0.0
3,mcv:142,mcv,626,6,2,False,0,0,0,0.0,0.0
3,mcv:1612,mcv,576,2,1,False,0,0,0,0.0,0.0
3,mcv:1511,mcv,362,2,1,False,0,0,0,0.0,0.0
3,mcv:509,mcv,218,3,3,False,0,0,0,0.0,0.0
3,mcv:1512,mcv,256,2,1,True,0,0,0,0.0,0.0
3,fd:491,fd,27,3,1,False,0,0,0,0.0,0.0
3,mcv:2039,mcv,378,1,1,False,0,0,0,0.0,0.0
3,mcv:1425,mcv,714,2,2,False,0,0,0,0.0,0.0
3,mcv:1992,mcv,274,1,1,False,0,0,0,0.0,0.0
3,mcv:1472,mcv,348,2,1,False,0,0,0,0.0,0.0
3,mcv:2191,mcv,572,0,1,False,0,0,0,0.0,0.0
3,mcv:633,mcv,948,2,3,False,0,0,0,0.0,0.0
3,mcv:1508,mcv,910,1,2,False,0,0,0,0.0,0.0
3,mcv:278,mcv,690,6,1,False,0,0,0,0.0,0.0
3,mcv:1427,mcv,296,3,1,False,0,0,0,0.0,0.0
3,mcv:1990,mcv,704,1,1,False,0,0,0,0.0,0.0
3,fd:538,fd,27,3,1,False,0,0,0,0.0,0.0
3,fd:556,fd,27,1,2,False,0,0,0,0.0,0.0
3,fd:106,fd,27,6,1,False,0,0,0,0.0,0.0
3,mcv:1996,mcv,278,1,1,False,0,0,0,0.0,0.0
3,mcv:190,mcv,936,5,2,False,0,0,0,0.0,0.0
3,fd:78,fd,27,5,2,False,0,0,0,0.0,0.0
3,mcv:2081,mcv,378,1,1,False,0,0,0,0.0,0.0
3,mcv:612,mcv,218,5,1,False,0,0,0,0.0,0.0
3,mcv:524,mcv,808,5,1,False,0,0,0,0.0,0.0
3,fd:725,fd,27,1,1,False,0,0,0,0.0,0.0
3,mcv:1955,mcv,716,1,1,False,0,0,0,0.0,0.0
3,fd:545,fd,41,3,1,False,0,0,0,0.0,0.0
3,fd:41,fd,41,7,1,False,0,0,0,0.0,0.0
3,mcv:1473,mcv,896,2,1,False,0,0,0,0.0,0.0
3,fd:311,fd,27,3,2,False,0,0,0,0.0,0.0
3,mcv:873,mcv,536,4,1,False,0,0,0,0.0,0.0
3,mcv:1308,mcv,912,3,1,False,0,0,0,0.0,0.0
3,mcv:1435,mcv,148,3,1,False,0,0,0,0.0,0.0
3,mcv:936,mcv,426,3,2,False,0,0,0,0.0,0.0
3,fd:711,fd,27,1,1,False,0,0,0,0.0,0.0
3,mcv:1475,mcv,348,1,2,False,0,0,0,0.0,0.0
3,mcv:800,mcv,1054,4,1,False,0,0,0,0.0,0.0
3,mcv:597,mcv,248,5,1,False,0,0,0,0.0,0.0
3,mcv:60,mcv,218,8,1,False,0,0,0,0.0,0.0
3,mcv:1829,mcv,218,2,1,False,0,0,0,0.0,0.0
3,mcv:59,mcv,244,8,1,False,0,0,0,0.0,0.0
3,mcv:847,mcv,218,4,1,False,0,0,0,0.0,0.0
3,mcv:1269,mcv,304,2,2,True,1,1,0,1.176463331995648,0.0
3,fd:245,fd,27,5,1,False,0,0,0,0.0,0.0
3,fd:481,fd,27,2,2,False,0,0,0,0.0,0.0
3,mcv:61,mcv,358,7,2,False,0,0,0,0.0,0.0
3,mcv:838,mcv,546,2,3,False,0,0,0,0.0,0.0
3,mcv:353,mcv,270,6,1,True,0,0,0,0.0,0.0
3,mcv:38,mcv,196,9,1,False,0,0,0,0.0,0.0
3,mcv:84,mcv,222,8,1,False,0,0,0,0.0,0.0
3,fd:23,fd,27,8,1,False,0,0,0,0.0,0.0
3,fd:260,fd,27,5,1,False,0,0,0,0.0,0.0
3,mcv:1667,mcv,388,2,1,False,0,0,0,0.0,0.0
3,mcv:1670,mcv,388,2,1,False,0,0,0,0.0,0.0
3,mcv:624,mcv,222,5,1,False,0,0,0,0.0,0.0
3,mcv:1965,mcv,278,1,1,False,0,0,0,0.0,0.0
3,mcv:1855,mcv,274,1,1,False,0,0,0,0.0,0.0
3,fd:689,fd,27,1,1,False,0,0,0,0.0,0.0
3,mcv:201,mcv,868,6,1,False,0,0,0,0.0,0.0
3,fd:19,fd,27,6,3,False,0,0,0,0.0,0.0
3,fd:663,fd,27,1,1,False,0,0,0,0.0,0.0
3,mcv:1537,mcv,344,2,1,False,0,0,0,0.0,0.0
3,mcv:1039,mcv,426,3,1,False,0,0,0,0.0,0.0
3,fd:567,fd,27,2,1,False,0,0,0,0.0,0.0
3,mcv:42,mcv,318,6,3,False,0,0,0,0.0,0.0
3,mcv:12,mcv,476,9,1,False,0,0,0,0.0,0.0
3,mcv:1809,mcv,296,2,1,False,0,0,0,0.0,0.0
3,fd:650,fd,27,2,1,False,0,0,0,0.0,0.0
3,mcv:143,mcv,196,7,1,False,0,0,0,0.0,0.0
3,mcv:1487,mcv,800,2,1,False,0,0,0,0.0,0.0
3,mcv:993,mcv,170,3,2,False,0,0,0,0.0,0.0
3,mcv:388,mcv,362,5,1,False,0,0,0,0.0,0.0
3,mcv:1271,mcv,388,3,1,False,0,0,0,0.0,0.0
3,mcv:209,mcv,362,5,2,False,0,0,0,0.0,0.0
3,mcv:1273,mcv,410,2,2,False,0,0,0,0.0,0.0
3,mcv:2012,mcv,664,0,2,False,0,0,0,0.0,0.0
3,fd:322,fd,27,4,1,True,0,0,0,0.0,0.0
3,mcv:1282,mcv,244,3,1,False,0,0,0,0.0,0.0
3,fd:40,fd,41,7,1,False,0,0,0,0.0,0.0
3,fd:343,fd,27,4,1,False,0,0,0,0.0,0.0
3,mcv:169,mcv,170,7,1,False,0,0,0,0.0,0.0
3,mcv:888,mcv,500,4,1,False,0,0,0,0.0,0.0
3,mcv:2204,mcv,222,0,1,False,0,0,0,0.0,0.0
3,mcv:853,mcv,196,4,1,False,0,0,0,0.0,0.0
3,fd:258,fd,27,5,1,False,0,0,0,0.0,0.0
3,mcv:1450,mcv,1226,3,1,False,0,0,0,0.0,0.0
3,mcv:541,mcv,218,5,1,False,0,0,0,0.0,0.0
3,fd:484,fd,27,3,1,False,0,0,0,0.0,0.0
3,mcv:102,mcv,564,7,1,False,0,0,0,0.0,0.0
3,mcv:352,mcv,938,5,2,False,0,0,0,0.0,0.0
3,mcv:619,mcv,474,5,1,False,0,0,0,0.0,0.0
3,fd:577,fd,27,1,2,False,0,0,0,0.0,0.0
3,mcv:449,mcv,196,4,2,False,0,0,0,0.0,0.0
3,mcv:1322,mcv,196,2,2,False,0,0,0,0.0,0.0
3,mcv:1451,mcv,314,3,1,False,0,0,0,0.0,0.0
3,mcv:2043,mcv,292,1,1,False,0,0,0,0.0,0.0
3,fd:179,fd,27,4,2,False,0,0,0,0.0,0.0
3,fd:303,fd,27,3,2,False,0,0,0,0.0,0.0
3,mcv:774,mcv,512,3,2,False,0,0,0,0.0,0.0
3,mcv:1595,mcv,170,2,1,False,0,0,0,0.0,0.0
3,mcv:1593,mcv,222,1,2,False,0,0,0,0.0,0.0
3,fd:713,fd,27,1,1,False,0,0,0,0.0,0.0
3,mcv:775,mcv,296,4,1,False,0,0,0,0.0,0.0
3,fd:497,fd,27,2,2,False,0,0,0,0.0,0.0
3,mcv:879,mcv,714,3,2,False,0,0,0,0.0,0.0
3,mcv:1318,mcv,322,2,2,False,0,0,0,0.0,0.0
3,mcv:779,mcv,196,4,1,False,0,0,0,0.0,0.0
3,mcv:1038,mcv,956,2,2,False,0,0,0,0.0,0.0
3,mcv:1467,mcv,756,2,1,False,0,0,0,0.0,0.0
3,mcv:2091,mcv,330,1,1,False,0,0,0,0.0,0.0
3,mcv:1198,mcv,1414,2,2,False,0,0,0,0.0,0.0
3,mcv:1437,mcv,686,2,2,False,0,0,0,0.0,0.0
3,fd:733,fd,41,1,1,False,0,0,0,0.0,0.0
3,mcv:1265,mcv,432,2,2,False,0,0,0,0.0,0.0
3,mcv:2092,mcv,148,1,1,False,0,0,0,0.0,0.0
3,mcv:1012,mcv,304,2,2,False,0,0,0,0.0,0.0
3,mcv:1263,mcv,1002,1,3,False,0,0,0,0.0,0.0
3,mcv:191,mcv,348,6,1,True,1,0,1,0.0,0.026799088658722825
3,mcv:375,mcv,252,5,1,False,0,0,0,0.0,0.0
3,mcv:654,mcv,594,3,2,False,0,0,0,0.0,0.0
3,fd:149,fd,27,5,1,False,0,0,0,0.0,0.0
3,mcv:548,mcv,148,5,1,False,0,0,0,0.0,0.0
3,mcv:1340,mcv,148,3,1,False,0,0,0,0.0,0.0
3,mcv:1436,mcv,418,3,1,False,0,0,0,0.0,0.0
3,fd:274,fd,27,4,1,False,0,0,0,0.0,0.0
3,mcv:363,mcv,370,5,1,False,0,0,0,0.0,0.0
3,mcv:189,mcv,800,6,1,False,0,0,0,0.0,0.0
3,mcv:1016,mcv,572,3,1,False,0,0,0,0.0,0.0
3,mcv:635,mcv,1366,4,1,False,0,0,0,0.0,0.0
3,mcv:1454,mcv,196,3,1,False,0,0,0,0.0,0.0
3,mcv:1610,mcv,434,2,1,False,0,0,0,0.0,0.0
3,fd:699,fd,27,1,1,False,0,0,0,0.0,0.0
3,fd:77,fd,27,6,1,False,0,0,0,0.0,0.0
3,mcv:2000,mcv,252,1,1,False,0,0,0,0.0,0.0
3,mcv:834,mcv,318,4,1,False,0,0,0,0.0,0.0
3,mcv:1465,mcv,1620,2,1,False,0,0,0,0.0,0.0
3,mcv:790,mcv,1804,2,3,False,0,0,0,0.0,0.0
3,mcv:837,mcv,296,4,1,False,0,0,0,0.0,0.0
3,fd:546,fd,27,3,1,False,0,0,0,0.0,0.0
3,mcv:667,mcv,274,4,1,False,0,0,0,0.0,0.0
3,fd:732,fd,27,1,1,False,0,0,0,0.0,0.0
3,mcv:372,mcv,318,5,1,False,0,0,0,0.0,0.0
3,mcv:19,mcv,196,8,2,False,0,0,0,0.0,0.0
3,mcv:1157,mcv,512,3,1,False,0,0,0,0.0,0.0
3,fd:7,fd,27,8,2,False,0,0,0,0.0,0.0
3,mcv:1044,mcv,968,2,2,True,1,1,0,0.09193777467366804,0.0
3,fd:457,fd,27,3,1,True,0,0,0,0.0,0.0
3,mcv:1709,mcv,222,2,1,False,0,0,0,0.0,0.0
3,mcv:1567,mcv,196,2,1,False,0,0,0,0.0,0.0
3,mcv:753,mcv,410,3,2,False,0,0,0,0.0,0.0
3,fd:480,fd,27,3,1,False,0,0,0,0.0,0.0
3,mcv:655,mcv,756,4,1,False,0,0,0,0.0,0.0
3,mcv:1041,mcv,454,3,1,False,0,0,0,0.0,0.0
3,fd:482,fd,27,3,1,False,0,0,0,0.0,0.0
3,fd:608,fd,27,2,1,False,0,0,0,0.0,0.0
3,mcv:1399,mcv,736,3,1,False,0,0,0,0.0,0.0
3,mcv:1267,mcv,436,3,1,False,0,0,0,0.0,0.0
3,fd:146,fd,27,5,1,False,0,0,0,0.0,0.0
3,mcv:1270,mcv,664,3,1,False,0,0,0,0.0,0.0
3,fd:270,fd,27,4,1,True,0,0,0,0.0,0.0
3,mcv:660,mcv,410,4,1,False,0,0,0,0.0,0.0
3,fd:98,fd,27,6,1,False,0,0,0,0.0,0.0
3,fd:253,fd,27,5,1,False,0,0,0,0.0,0.0
3,mcv:608,mcv,318,5,1,False,0,0,0,0.0,0.0
3,mcv:256,mcv,296,6,1,False,0,0,0,0.0,0.0
3,fd:111,fd,27,6,1,False,0,0,0,0.0,0.0
3,mcv:291,mcv,378,6,1,True,1,1,0,1.5816614684638353e-09,0.0
3,mcv:1177,mcv,488,2,2,False,0,0,0,0.0,0.0
3,mcv:1591,mcv,148,1,2,False,0,0,0,0.0,0.0
3,mcv:644,mcv,986,4,1,True,1,0,1,0.0,0.049425248133321276
3,mcv:311,mcv,1956,4,3,False,0,0,0,0.0,0.0
3,mcv:650,mcv,610,4,1,False,0,0,0,0.0,0.0
3,mcv:68,mcv,1012,7,2,False,0,0,0,0.0,0.0
3,fd:214,fd,27,3,3,False,0,0,0,0.0,0.0
3,mcv:553,mcv,456,3,3,False,0,0,0,0.0,0.0
3,mcv:75,mcv,1458,7,2,False,0,0,0,0.0,0.0
3,mcv:198,mcv,2208,6,1,False,0,0,0,0.0,0.0
3,mcv:159,mcv,574,5,3,False,0,0,0,0.0,0.0
3,mcv:188,mcv,814,5,3,False,0,0,0,0.0,0.0
3,mcv:1481,mcv,514,2,1,False,0,0,0,0.0,0.0
3,fd:61,fd,27,5,3,False,0,0,0,0.0,0.0
3,mcv:125,mcv,996,6,2,False,0,0,0,0.0,0.0
3,mcv:1884,mcv,248,1,1,False,0,0,0,0.0,0.0
3,mcv:1885,mcv,1260,1,1,False,0,0,0,0.0,0.0
3,mcv:850,mcv,318,3,2,False,0,0,0,0.0,0.0
3,mcv:205,mcv,1484,6,1,False,0,0,0,0.0,0.0
3,mcv:1053,mcv,770,3,1,False,0,0,0,0.0,0.0
3,mcv:718,mcv,546,4,1,False,0,0,0,0.0,0.0
3,mcv:206,mcv,704,6,1,False,0,0,0,0.0,0.0
3,fd:83,fd,27,6,1,False,0,0,0,0.0,0.0
3,mcv:717,mcv,406,3,2,False,0,0,0,0.0,0.0
3,mcv:384,mcv,388,5,1,False,0,0,0,0.0,0.0
3,mcv:1166,mcv,196,2,2,False,0,0,0,0.0,0.0
3,fd:461,fd,27,2,2,False,0,0,0,0.0,0.0
3,fd:669,fd,27,1,1,False,0,0,0,0.0,0.0
3,mcv:380,mcv,498,5,1,False,0,0,0,0.0,0.0
3,fd:153,fd,27,5,1,False,0,0,0,0.0,0.0
3,mcv:448,mcv,340,3,3,False,0,0,0,0.0,0.0
3,mcv:2193,mcv,474,0,1,False,0,0,0,0.0,0.0
3,mcv:591,mcv,470,4,2,False,0,0,0,0.0,0.0
3,mcv:1127,mcv,318,3,1,False,0,0,0,0.0,0.0
3,mcv:236,mcv,148,6,1,False,0,0,0,0.0,0.0
3,mcv:1767,mcv,270,2,1,False,0,0,0,0.0,0.0
3,mcv:1935,mcv,436,1,1,False,0,0,0,0.0,0.0
3,mcv:1017,mcv,1032,3,1,False,0,0,0,0.0,0.0
3,fd:93,fd,41,6,1,True,1,1,0,0.0005159418784734804,0.0
3,mcv:1839,mcv,392,1,1,False,0,0,0,0.0,0.0
3,mcv:1097,mcv,292,2,2,False,0,0,0,0.0,0.0
3,mcv:255,mcv,270,5,2,False,0,0,0,0.0,0.0
3,mcv:1528,mcv,292,2,1,False,0,0,0,0.0,0.0
3,mcv:123,mcv,148,6,2,False,0,0,0,0.0,0.0
3,mcv:1910,mcv,326,1,1,False,0,0,0,0.0,0.0
3,fd:683,fd,27,1,1,False,0,0,0,0.0,0.0
3,fd:632,fd,27,2,1,False,0,0,0,0.0,0.0
3,mcv:1903,mcv,248,1,1,False,0,0,0,0.0,0.0
3,fd:97,fd,27,5,2,False,0,0,0,0.0,0.0
3,mcv:1893,mcv,448,1,1,False,0,0,0,0.0,0.0
3,mcv:1830,mcv,414,2,1,False,0,0,0,0.0,0.0
3,mcv:716,mcv,396,4,1,False,0,0,0,0.0,0.0
3,mcv:1124,mcv,148,3,1,False,0,0,0,0.0,0.0
3,fd:679,fd,27,1,1,False,0,0,0,0.0,0.0
3,fd:44,fd,27,6,2,False,0,0,0,0.0,0.0
3,mcv:1474,mcv,436,2,1,False,0,0,0,0.0,0.0
3,fd:676,fd,27,1,1,False,0,0,0,0.0,0.0
3,fd:243,fd,41,4,2,False,0,0,0,0.0,0.0
3,mcv:2022,mcv,362,1,1,False,0,0,0,0.0,0.0
3,fd:202,fd,27,4,2,False,0,0,0,0.0,0.0
3,mcv:2202,mcv,244,0,1,False,0,0,0,0.0,0.0
3,mcv:528,mcv,244,4,2,False,0,0,0,0.0,0.0
3,mcv:293,mcv,540,6,1,False,0,0,0,0.0,0.0
3,mcv:1373,mcv,278,3,1,False,0,0,0,0.0,0.0
3,mcv:1353,mcv,650,3,1,False,0,0,0,0.0,0.0
3,fd:518,fd,41,3,1,False,0,0,0,0.0,0.0
3,fd:506,fd,27,3,1,False,0,0,0,0.0,0.0
3,fd:227,fd,27,5,1,True,0,0,0,0.0,0.0
3,mcv:1344,mcv,962,3,1,False,0,0,0,0.0,0.0
3,mcv:570,mcv,340,5,1,False,0,0,0,0.0,0.0
3,mcv:1145,mcv,196,3,1,False,0,0,0,0.0,0.0
3,mcv:2072,mcv,270,1,1,False,0,0,0,0.0,0.0
3,mcv:1346,mcv,540,3,1,False,0,0,0,0.0,0.0
3,fd:27,fd,27,8,1,False,0,0,0,0.0,0.0
3,mcv:71,mcv,456,8,1,False,0,0,0,0.0,0.0
3,mcv:744,mcv,314,4,1,False,0,0,0,0.0,0.0
3,fd:451,fd,27,3,1,True,0,0,0,0.0,0.0
3,mcv:216,mcv,304,6,1,False,0,0,0,0.0,0.0
3,fd:85,fd,27,6,1,False,0,0,0,0.0,0.0
3,fd:252,fd,41,5,1,False,0,0,0,0.0,0.0
3,mcv:2010,mcv,840,1,1,False,0,0,0,0.0,0.0
3,mcv:1266,mcv,304,2,2,True,1,0,1,0.0,4.432500810835904e-09
3,mcv:1501,mcv,514,2,1,False,0,0,0,0.0,0.0
3,mcv:607,mcv,304,5,1,False,0,0,0,0.0,0.0
3,mcv:519,mcv,196,5,1,False,0,0,0,0.0,0.0
3,fd:479,fd,41,2,2,False,0,0,0,0.0,0.0
3,mcv:2232,mcv,366,0,1,False,0,0,0,0.0,0.0
3,mcv:1286,mcv,362,3,1,False,0,0,0,0.0,0.0
3,mcv:2244,mcv,410,0,1,False,0,0,0,0.0,0.0
3,mcv:689,mcv,444,4,1,False,0,0,0,0.0,0.0
3,mcv:518,mcv,292,4,2,False,0,0,0,0.0,0.0
3,mcv:2007,mcv,686,1,1,False,0,0,0,0.0,0.0
3,mcv:1687,mcv,274,2,1,False,0,0,0,0.0,0.0
3,fd:600,fd,27,2,1,False,0,0,0,0.0,0.0
3,mcv:2028,mcv,278,1,1,False,0,0,0,0.0,0.0
3,mcv:1607,mcv,1708,2,1,False,0,0,0,0.0,0.0
3,mcv:1831,mcv,222,2,1,False,0,0,0,0.0,0.0
3,mcv:1204,mcv,838,3,1,False,0,0,0,0.0,0.0
3,mcv:941,mcv,348,3,2,False,0,0,0,0.0,0.0
3,mcv:1944,mcv,864,1,1,False,0,0,0,0.0,0.0
3,fd:578,fd,27,2,1,False,0,0,0,0.0,0.0
3,mcv:301,mcv,384,5,2,False,0,0,0,0.0,0.0
3,mcv:1586,mcv,218,2,1,False,0,0,0,0.0,0.0
3,mcv:1334,mcv,278,3,1,False,0,0,0,0.0,0.0
3,mcv:925,mcv,292,4,1,False,0,0,0,0.0,0.0
3,mcv:1594,mcv,200,2,1,False,0,0,0,0.0,0.0
3,mcv:254,mcv,218,6,1,False,0,0,0,0.0,0.0
3,mcv:2190,mcv,410,0,1,False,0,0,0,0.0,0.0
3,mcv:1304,mcv,720,3,1,False,0,0,0,0.0,0.0
3,mcv:2020,mcv,624,1,1,False,0,0,0,0.0,0.0
3,mcv:1306,mcv,646,3,1,True,1,0,1,0.0,0.11558860706017393
3,mcv:253,mcv,270,3,4,True,4,3,1,0.00998476941433779,0.0010606605033363081
3,mcv:782,mcv,218,4,1,False,0,0,0,0.0,0.0
3,mcv:2177,mcv,1106,0,1,False,0,0,0,0.0,0.0
3,mcv:1447,mcv,386,3,1,False,0,0,0,0.0,0.0
3,mcv:1448,mcv,518,3,1,False,0,0,0,0.0,0.0
3,mcv:2068,mcv,244,1,1,False,0,0,0,0.0,0.0
3,fd:552,fd,27,3,1,False,0,0,0,0.0,0.0
3,fd:553,fd,27,3,1,False,0,0,0,0.0,0.0
3,mcv:1718,mcv,552,2,1,False,0,0,0,0.0,0.0
3,mcv:1195,mcv,496,3,1,False,0,0,0,0.0,0.0
3,mcv:1187,mcv,248,3,1,False,0,0,0,0.0,0.0
3,mcv:472,mcv,620,4,2,False,0,0,0,0.0,0.0
3,mcv:1602,mcv,218,2,1,False,0,0,0,0.0,0.0
3,mcv:461,mcv,170,5,1,False,0,0,0,0.0,0.0
3,mcv:1197,mcv,218,2,2,True,0,0,0,0.0,0.0
3,mcv:1376,mcv,218,3,1,False,0,0,0,0.0,0.0
3,mcv:257,mcv,462,6,1,False,0,0,0,0.0,0.0
3,mcv:408,mcv,634,4,2,False,0,0,0,0.0,0.0
3,mcv:410,mcv,278,5,1,True,0,0,0,0.0,0.0
3,mcv:1690,mcv,270,2,1,False,0,0,0,0.0,0.0
3,mcv:1925,mcv,218,1,1,False,0,0,0,0.0,0.0
3,mcv:436,mcv,196,5,1,False,0,0,0,0.0,0.0
3,fd:591,fd,27,2,1,False,0,0,0,0.0,0.0
3,mcv:1238,mcv,358,2,2,False,0,0,0,0.0,0.0
3,fd:161,fd,41,5,1,False,0,0,0,0.0,0.0
3,mcv:2011,mcv,1228,1,1,False,0,0,0,0.0,0.0
3,mcv:26,mcv,574,8,2,False,0,0,0,0.0,0.0
3,mcv:705,mcv,362,4,1,False,0,0,0,0.0,0.0
3,mcv:1796,mcv,886,2,1,False,0,0,0,0.0,0.0
3,mcv:115,mcv,592,7,1,False,0,0,0,0.0,0.0
3,mcv:1981,mcv,450,1,1,False,0,0,0,0.0,0.0
3,mcv:1160,mcv,222,2,2,False,0,0,0,0.0,0.0
3,mcv:23,mcv,1106,8,2,False,0,0,0,0.0,0.0
3,mcv:922,mcv,904,4,1,False,0,0,0,0.0,0.0
3,mcv:22,mcv,314,7,3,False,0,0,0,0.0,0.0
3,fd:459,fd,27,2,2,False,0,0,0,0.0,0.0
3,mcv:1235,mcv,704,3,1,False,0,0,0,0.0,0.0
3,mcv:1523,mcv,502,2,1,False,0,0,0,0.0,0.0
3,mcv:1668,mcv,572,2,1,False,0,0,0,0.0,0.0
3,mcv:1249,mcv,638,3,1,False,0,0,0,0.0,0.0
3,mcv:272,mcv,358,6,1,False,0,0,0,0.0,0.0
3,mcv:489,mcv,270,4,2,False,0,0,0,0.0,0.0
3,mcv:1247,mcv,550,3,1,False,0,0,0,0.0,0.0
3,mcv:822,mcv,384,4,1,False,0,0,0,0.0,0.0
3,mcv:1975,mcv,546,1,1,False,0,0,0,0.0,0.0
3,mcv:62,mcv,340,7,2,False,0,0,0,0.0,0.0
3,mcv:493,mcv,542,4,2,False,0,0,0,0.0,0.0
3,mcv:1969,mcv,340,1,1,False,0,0,0,0.0,0.0
3,fd:10,fd,27,9,1,False,0,0,0,0.0,0.0
3,mcv:521,mcv,300,5,1,False,0,0,0,0.0,0.0
3,mcv:482,mcv,344,5,1,False,0,0,0,0.0,0.0
3,mcv:483,mcv,222,5,1,False,0,0,0,0.0,0.0
3,mcv:1633,mcv,406,2,1,False,0,0,0,0.0,0.0
3,fd:188,fd,27,4,2,True,1,0,1,0.0,0.0006395314081439896
3,mcv:1293,mcv,480,2,2,False,0,0,0,0.0,0.0
3,mcv:1985,mcv,366,1,1,False,0,0,0,0.0,0.0
3,mcv:27,mcv,248,9,1,False,0,0,0,0.0,0.0
3,fd:8,fd,27,9,1,False,0,0,0,0.0,0.0
3,fd:278,fd,27,4,1,False,0,0,0,0.0,0.0
3,mcv:585,mcv,460,4,2,False,0,0,0,0.0,0.0
3,fd:238,fd,41,4,2,False,0,0,0,0.0,0.0
3,mcv:1655,mcv,546,2,1,False,0,0,0,0.0,0.0
3,fd:478,fd,27,3,1,False,0,0,0,0.0,0.0
3,mcv:24,mcv,340,9,1,False,0,0,0,0.0,0.0
3,mcv:379,mcv,748,5,1,False,0,0,0,0.0,0.0
3,mcv:2104,mcv,352,1,1,False,0,0,0,0.0,0.0
3,mcv:1651,mcv,694,2,1,False,0,0,0,0.0,0.0
3,mcv:1260,mcv,326,3,1,False,0,0,0,0.0,0.0
3,mcv:673,mcv,330,4,1,False,0,0,0,0.0,0.0
3,mcv:354,mcv,222,6,1,False,0,0,0,0.0,0.0
3,mcv:288,mcv,174,5,2,False,0,0,0,0.0,0.0
3,mcv:1048,mcv,414,3,1,False,0,0,0,0.0,0.0
3,mcv:1787,mcv,196,2,1,False,0,0,0,0.0,0.0
3,fd:421,fd,27,3,1,False,0,0,0,0.0,0.0
3,fd:531,fd,27,3,1,False,0,0,0,0.0,0.0
3,fd:105,fd,27,6,1,False,0,0,0,0.0,0.0
3,mcv:1255,mcv,366,3,1,False,0,0,0,0.0,0.0
3,fd:422,fd,27,2,2,True,1,1,0,0.0004091153434075956,0.0
3,mcv:1259,mcv,344,2,2,False,0,0,0,0.0,0.0
3,mcv:2003,mcv,480,1,1,False,0,0,0,0.0,0.0
3,fd:643,fd,27,2,1,True,0,0,0,0.0,0.0
3,mcv:1405,mcv,248,3,1,False,0,0,0,0.0,0.0
3,mcv:277,mcv,318,6,1,False,0,0,0,0.0,0.0
3,mcv:1050,mcv,274,2,2,False,0,0,0,0.0,0.0
3,mcv:2154,mcv,170,0,1,False,0,0,0,0.0,0.0
3,fd:264,fd,27,4,1,False,0,0,0,0.0,0.0
3,fd:408,fd,27,3,1,False,0,0,0,0.0,0.0
3,fd:681,fd,27,1,1,False,0,0,0,0.0,0.0
3,mcv:730,mcv,512,2,3,False,0,0,0,0.0,0.0
3,mcv:338,mcv,736,6,1,False,0,0,0,0.0,0.0
3,mcv:634,mcv,440,4,1,False,0,0,0,0.0,0.0
3,fd:288,fd,27,2,3,False,0,0,0,0.0,0.0
3,mcv:2082,mcv,766,1,1,False,0,0,0,0.0,0.0
3,mcv:1168,mcv,512,3,1,False,0,0,0,0.0,0.0
3,mcv:1118,mcv,196,3,1,False,0,0,0,0.0,0.0
3,mcv:1006,mcv,414,3,1,False,0,0,0,0.0,0.0
3,mcv:767,mcv,148,4,1,False,0,0,0,0.0,0.0
3,fd:462,fd,27,3,1,False,0,0,0,0.0,0.0
3,mcv:1929,mcv,248,1,1,False,0,0,0,0.0,0.0
3,fd:443,fd,27,3,1,True,0,0,0,0.0,0.0
3,mcv:724,mcv,148,4,1,False,0,0,0,0.0,0.0
3,mcv:1843,mcv,356,1,1,False,0,0,0,0.0,0.0
3,mcv:2095,mcv,348,1,1,False,0,0,0,0.0,0.0
3,mcv:364,mcv,510,4,2,False,0,0,0,0.0,0.0
3,mcv:1421,mcv,330,3,1,False,0,0,0,0.0,0.0
3,mcv:1471,mcv,712,2,1,False,0,0,0,0.0,0.0
3,mcv:2229,mcv,742,0,1,False,0,0,0,0.0,0.0
3,fd:658,fd,27,1,1,False,0,0,0,0.0,0.0
3,mcv:406,mcv,378,4,2,False,0,0,0,0.0,0.0
3,mcv:701,mcv,392,4,1,False,0,0,0,0.0,0.0
3,mcv:1084,mcv,770,3,1,False,0,0,0,0.0,0.0
3,mcv:769,mcv,462,4,1,False,0,0,0,0.0,0.0
3,mcv:247,mcv,270,4,3,False,0,0,0,0.0,0.0
3,mcv:1861,mcv,304,1,1,False,0,0,0,0.0,0.0
3,fd:665,fd,27,1,1,False,0,0,0,0.0,0.0
3,fd:454,fd,27,3,1,False,0,0,0,0.0,0.0
3,fd:372,fd,27,2,3,False,0,0,0,0.0,0.0
3,mcv:244,mcv,292,6,1,False,0,0,0,0.0,0.0
3,mcv:438,mcv,170,4,2,True,1,0,1,0.0,0.2894982601530369
3,mcv:1066,mcv,304,3,1,False,0,0,0,0.0,0.0
3,mcv:1181,mcv,148,2,2,True,1,1,0,2.9180613703161384e-08,0.0
3,mcv:1502,mcv,392,2,1,False,0,0,0,0.0,0.0
3,fd:300,fd,27,4,1,False,0,0,0,0.0,0.0
3,mcv:2242,mcv,248,0,1,False,0,0,0,0.0,0.0
3,mcv:942,mcv,248,2,3,False,0,0,0,0.0,0.0
3,mcv:751,mcv,170,4,1,True,0,0,0,0.0,0.0
3,fd:426,fd,27,3,1,False,0,0,0,0.0,0.0
3,mcv:152,mcv,568,6,2,False,0,0,0,0.0,0.0
3,mcv:1332,mcv,292,3,1,False,0,0,0,0.0,0.0
3,mcv:1954,mcv,800,1,1,False,0,0,0,0.0,0.0
3,fd:751,fd,27,0,1,False,0,0,0,0.0,0.0
3,mcv:1149,mcv,462,3,1,False,0,0,0,0.0,0.0
3,mcv:1934,mcv,248,0,2,False,0,0,0,0.0,0.0
3,mcv:336,mcv,174,5,2,False,0,0,0,0.0,0.0
3,fd:425,fd,27,3,1,False,0,0,0,0.0,0.0
3,fd:371,fd,41,4,1,False,0,0,0,0.0,0.0
3,fd:152,fd,27,4,2,False,0,0,0,0.0,0.0
3,mcv:939,mcv,274,4,1,True,1,0,1,0.0,0.36197461410911225
3,fd:523,fd,27,3,1,False,0,0,0,0.0,0.0
3,mcv:1055,mcv,362,3,1,False,0,0,0,0.0,0.0
3,mcv:383,mcv,278,4,2,False,0,0,0,0.0,0.0
3,mcv:1063,mcv,594,3,1,False,0,0,0,0.0,0.0
3,mcv:1391,mcv,226,3,1,False,0,0,0,0.0,0.0
3,fd:135,fd,27,5,2,False,0,0,0,0.0,0.0
3,fd:102,fd,27,6,1,False,0,0,0,0.0,0.0
3,mcv:267,mcv,610,6,1,False,0,0,0,0.0,0.0
3,fd:547,fd,27,3,1,False,0,0,0,0.0,0.0
3,mcv:1000,mcv,148,4,1,False,0,0,0,0.0,0.0
3,fd:304,fd,27,4,1,False,0,0,0,0.0,0.0
3,fd:389,fd,27,3,2,False,0,0,0,0.0,0.0
3,mcv:1577,mcv,196,2,1,False,0,0,0,0.0,0.0
3,fd:338,fd,27,4,1,False,0,0,0,0.0,0.0
3,mcv:1609,mcv,658,2,1,False,0,0,0,0.0,0.0
3,fd:397,fd,41,4,1,False,0,0,0,0.0,0.0
3,fd:532,fd,27,3,1,True,0,0,0,0.0,0.0
3,mcv:2045,mcv,218,1,1,False,0,0,0,0.0,0.0
3,mcv:120,mcv,170,6,2,False,0,0,0,0.0,0.0
3,mcv:2115,mcv,396,1,1,False,0,0,0,0.0,0.0
3,mcv:776,mcv,462,4,1,False,0,0,0,0.0,0.0
3,mcv:1408,mcv,248,3,1,False,0,0,0,0.0,0.0
3,fd:737,fd,27,1,1,False,0,0,0,0.0,0.0
3,mcv:468,mcv,522,5,1,True,0,0,0,0.0,0.0
3,mcv:882,mcv,196,4,1,False,0,0,0,0.0,0.0
3,mcv:1336,mcv,248,3,1,False,0,0,0,0.0,0.0
3,mcv:1173,mcv,170,3,1,False,0,0,0,0.0,0.0
3,mcv:1583,mcv,632,2,1,False,0,0,0,0.0,0.0
3,mcv:1948,mcv,522,1,1,False,0,0,0,0.0,0.0
3,mcv:2100,mcv,248,1,1,False,0,0,0,0.0,0.0
3,fd:187,fd,27,5,1,False,0,0,0,0.0,0.0
3,mcv:451,mcv,170,4,2,False,0,0,0,0.0,0.0
3,mcv:1438,mcv,440,3,1,False,0,0,0,0.0,0.0
3,mcv:986,mcv,148,4,1,False,0,0,0,0.0,0.0
3,mcv:977,mcv,484,3,2,False,0,0,0,0.0,0.0
3,fd:405,fd,27,4,1,False,0,0,0,0.0,0.0
3,mcv:1571,mcv,170,2,1,False,0,0,0,0.0,0.0
3,mcv:435,mcv,322,5,1,False,0,0,0,0.0,0.0
3,mcv:359,mcv,822,5,1,False,0,0,0,0.0,0.0
3,mcv:117,mcv,200,6,2,False,0,0,0,0.0,0.0
3,mcv:1719,mcv,366,2,1,False,0,0,0,0.0,0.0
3,mcv:1010,mcv,866,3,1,False,0,0,0,0.0,0.0
3,fd:612,fd,27,2,1,True,0,0,0,0.0,0.0
3,fd:410,fd,27,3,1,False,0,0,0,0.0,0.0
3,mcv:3,mcv,326,10,1,False,0,0,0,0.0,0.0
3,fd:2,fd,27,10,1,False,0,0,0,0.0,0.0
3,mcv:1011,mcv,1128,3,1,False,0,0,0,0.0,0.0
3,mcv:362,mcv,576,5,1,False,0,0,0,0.0,0.0
3,mcv:1678,mcv,252,2,1,False,0,0,0,0.0,0.0
3,mcv:974,mcv,148,3,2,False,0,0,0,0.0,0.0
3,mcv:1682,mcv,174,2,1,False,0,0,0,0.0,0.0
3,fd:244,fd,27,5,1,True,0,0,0,0.0,0.0
3,mcv:593,mcv,566,5,1,False,0,0,0,0.0,0.0
3,fd:597,fd,27,2,1,False,0,0,0,0.0,0.0
3,mcv:181,mcv,408,7,1,False,0,0,0,0.0,0.0
3,fd:594,fd,27,2,1,False,0,0,0,0.0,0.0
3,fd:727,fd,41,1,1,False,0,0,0,0.0,0.0
3,mcv:2085,mcv,508,1,1,False,0,0,0,0.0,0.0
3,fd:72,fd,27,7,1,False,0,0,0,0.0,0.0
3,mcv:1764,mcv,248,1,2,False,0,0,0,0.0,0.0
3,mcv:960,mcv,218,4,1,True,0,0,0,0.0,0.0
3,fd:522,fd,27,3,1,False,0,0,0,0.0,0.0
3,mcv:1389,mcv,318,3,1,False,0,0,0,0.0,0.0
3,mcv:332,mcv,218,6,1,False,0,0,0,0.0,0.0
3,mcv:1900,mcv,326,1,1,False,0,0,0,0.0,0.0
3,mcv:1563,mcv,458,2,1,False,0,0,0,0.0,0.0
3,mcv:555,mcv,1366,5,1,False,0,0,0,0.0,0.0
3,mcv:2048,mcv,800,1,1,False,0,0,0,0.0,0.0
3,mcv:727,mcv,270,4,1,False,0,0,0,0.0,0.0
3,fd:674,fd,27,1,1,False,0,0,0,0.0,0.0
3,mcv:1360,mcv,200,2,2,False,0,0,0,0.0,0.0
3,mcv:952,mcv,620,4,1,False,0,0,0,0.0,0.0
3,fd:390,fd,27,4,1,False,0,0,0,0.0,0.0
3,mcv:1347,mcv,1308,2,2,False,0,0,0,0.0,0.0
3,mcv:1817,mcv,690,2,1,False,0,0,0,0.0,0.0
3,fd:119,fd,27,5,2,False,0,0,0,0.0,0.0
3,mcv:309,mcv,434,5,2,False,0,0,0,0.0,0.0
3,fd:507,fd,27,2,2,False,0,0,0,0.0,0.0
3,fd:512,fd,27,2,2,False,0,0,0,0.0,0.0
3,mcv:978,mcv,1208,4,1,False,0,0,0,0.0,0.0
3,mcv:351,mcv,266,6,1,False,0,0,0,0.0,0.0
3,mcv:917,mcv,218,4,1,False,0,0,0,0.0,0.0
3,mcv:1740,mcv,514,2,1,False,0,0,0,0.0,0.0
3,mcv:164,mcv,292,6,2,False,0,0,0,0.0,0.0
3,fd:275,fd,27,4,1,False,0,0,0,0.0,0.0
3,mcv:203,mcv,1320,6,1,False,0,0,0,0.0,0.0
3,mcv:329,mcv,1244,6,1,True,1,1,0,0.038126667398692415,0.0
3,mcv:622,mcv,170,5,1,False,0,0,0,0.0,0.0
3,fd:169,fd,27,5,1,False,0,0,0,0.0,0.0
3,fd:622,fd,41,2,1,False,0,0,0,0.0,0.0
3,mcv:625,mcv,806,5,1,False,0,0,0,0.0,0.0
3,mcv:230,mcv,170,5,2,False,0,0,0,0.0,0.0
3,fd:36,fd,27,7,1,False,0,0,0,0.0,0.0
3,mcv:428,mcv,828,5,1,False,0,0,0,0.0,0.0
3,mcv:376,mcv,274,5,1,False,0,0,0,0.0,0.0
3,fd:261,fd,27,5,1,False,0,0,0,0.0,0.0
3,mcv:668,mcv,370,4,1,False,0,0,0,0.0,0.0
3,mcv:92,mcv,410,7,1,False,0,0,0,0.0,0.0
3,fd:150,fd,41,5,1,False,0,0,0,0.0,0.0
3,mcv:508,mcv,314,4,2,False,0,0,0,0.0,0.0
3,mcv:1252,mcv,436,3,1,False,0,0,0,0.0,0.0
3,fd:190,fd,27,4,2,False,0,0,0,0.0,0.0
3,mcv:2023,mcv,270,1,1,False,0,0,0,0.0,0.0
3,fd:703,fd,27,1,1,False,0,0,0,0.0,0.0
3,mcv:132,mcv,196,7,1,False,0,0,0,0.0,0.0
3,mcv:1459,mcv,270,2,2,False,0,0,0,0.0,0.0
3,mcv:163,mcv,218,7,1,False,0,0,0,0.0,0.0
3,mcv:1171,mcv,222,3,1,False,0,0,0,0.0,0.0
3,mcv:918,mcv,244,4,1,False,0,0,0,0.0,0.0
3,mcv:490,mcv,288,5,1,False,0,0,0,0.0,0.0
3,mcv:1368,mcv,484,3,1,False,0,0,0,0.0,0.0
3,mcv:1834,mcv,308,2,1,True,1,1,0,0.482073338833094,0.0
3,mcv:130,mcv,288,7,1,False,0,0,0,0.0,0.0
3,fd:48,fd,27,7,1,False,0,0,0,0.0,0.0
3,mcv:1440,mcv,218,3,1,False,0,0,0,0.0,0.0
3,mcv:762,mcv,196,4,1,False,0,0,0,0.0,0.0
3,mcv:1442,mcv,370,3,1,False,0,0,0,0.0,0.0
3,mcv:1161,mcv,218,3,1,False,0,0,0,0.0,0.0
3,fd:360,fd,27,4,1,False,0,0,0,0.0,0.0
3,fd:297,fd,27,4,1,False,0,0,0,0.0,0.0
3,mcv:1681,mcv,554,2,1,False,0,0,0,0.0,0.0
3,mcv:498,mcv,432,5,1,True,1,0,1,0.0,0.07060666367957169
3,mcv:687,mcv,574,4,1,False,0,0,0,0.0,0.0
3,mcv:1862,mcv,536,1,1,False,0,0,0,0.0,0.0
3,fd:596,fd,27,2,1,False,0,0,0,0.0,0.0
3,mcv:684,mcv,396,4,1,False,0,0,0,0.0,0.0
3,mcv:1845,mcv,988,1,1,False,0,0,0,0.0,0.0
3,mcv:1091,mcv,274,3,1,False,0,0,0,0.0,0.0
3,fd:416,fd,27,3,1,False,0,0,0,0.0,0.0
3,fd:741,fd,27,0,1,False,0,0,0,0.0,0.0
3,mcv:2130,mcv,448,0,1,False,0,0,0,0.0,0.0
3,mcv:1030,mcv,514,3,1,False,0,0,0,0.0,0.0
3,mcv:534,mcv,606,5,1,False,0,0,0,0.0,0.0
3,mcv:552,mcv,434,4,2,False,0,0,0,0.0,0.0
3,fd:281,fd,41,4,1,True,1,0,1,0.0,5.5041034203284767e-05
3,mcv:870,mcv,356,4,1,False,0,0,0,0.0,0.0
3,mcv:2042,mcv,2000,1,1,False,0,0,0,0.0,0.0
3,fd:334,fd,27,4,1,False,0,0,0,0.0,0.0
3,mcv:598,mcv,538,4,2,False,0,0,0,0.0,0.0
3,fd:637,fd,27,2,1,False,0,0,0,0.0,0.0
3,mcv:688,mcv,444,4,1,False,0,0,0,0.0,0.0
3,fd:157,fd,27,5,1,False,0,0,0,0.0,0.0
3,mcv:1827,mcv,1166,2,1,False,0,0,0,0.0,0.0
3,fd:246,fd,27,4,2,False,0,0,0,0.0,0.0
3,mcv:393,mcv,644,5,1,False,0,0,0,0.0,0.0
3,mcv:1777,mcv,200,2,1,False,0,0,0,0.0,0.0
3,fd:198,fd,41,5,1,False,0,0,0,0.0,0.0
3,fd:213,fd,27,4,2,False,0,0,0,0.0,0.0
3,mcv:683,mcv,304,4,1,False,0,0,0,0.0,0.0
3,mcv:101,mcv,562,7,1,False,0,0,0,0.0,0.0
3,mcv:522,mcv,470,5,1,False,0,0,0,0.0,0.0
3,fd:147,fd,27,5,1,False,0,0,0,0.0,0.0
3,mcv:417,mcv,314,4,2,False,0,0,0,0.0,0.0
3,mcv:373,mcv,480,5,1,False,0,0,0,0.0,0.0
3,mcv:371,mcv,594,5,1,False,0,0,0,0.0,0.0
3,mcv:824,mcv,244,3,2,True,1,1,0,0.004154247013427703,0.0
3,mcv:1098,mcv,520,2,2,False,0,0,0,0.0,0.0
3,fd:211,fd,27,5,1,False,0,0,0,0.0,0.0
3,mcv:20,mcv,382,8,2,False,0,0,0,0.0,0.0
3,mcv:1685,mcv,244,2,1,False,0,0,0,0.0,0.0
3,mcv:259,mcv,544,6,1,False,0,0,0,0.0,0.0
3,mcv:418,mcv,1522,5,1,False,0,0,0,0.0,0.0
3,mcv:1778,mcv,200,2,1,False,0,0,0,0.0,0.0
3,mcv:1771,mcv,244,1,2,False,0,0,0,0.0,0.0
3,fd:183,fd,27,5,1,False,0,0,0,0.0,0.0
3,mcv:550,mcv,606,5,1,True,0,0,0,0.0,0.0
3,mcv:2220,mcv,738,0,1,False,0,0,0,0.0,0.0
3,mcv:720,mcv,900,4,1,False,0,0,0,0.0,0.0
3,mcv:246,mcv,426,6,1,False,0,0,0,0.0,0.0
3,mcv:1531,mcv,314,2,1,False,0,0,0,0.0,0.0
3,fd:175,fd,27,5,1,False,0,0,0,0.0,0.0
3,mcv:1564,mcv,170,2,1,False,0,0,0,0.0,0.0
3,mcv:781,mcv,218,4,1,False,0,0,0,0.0,0.0
3,mcv:459,mcv,200,5,1,False,0,0,0,0.0,0.0
3,mcv:626,mcv,964,5,1,False,0,0,0,0.0,0.0
3,mcv:72,mcv,606,8,1,False,0,0,0,0.0,0.0
3,mcv:245,mcv,532,6,1,False,0,0,0,0.0,0.0
3,fd:638,fd,27,2,1,False,0,0,0,0.0,0.0
3,mcv:715,mcv,292,4,1,False,0,0,0,0.0,0.0
3,mcv:1190,mcv,148,3,1,False,0,0,0,0.0,0.0
3,mcv:1363,mcv,196,3,1,False,0,0,0,0.0,0.0
3,mcv:1154,mcv,148,3,1,False,0,0,0,0.0,0.0
3,mcv:1677,mcv,196,2,1,False,0,0,0,0.0,0.0
3,mcv:440,mcv,196,5,1,True,0,0,0,0.0,0.0
3,fd:593,fd,27,2,1,False,0,0,0,0.0,0.0
3,mcv:437,mcv,196,5,1,False,0,0,0,0.0,0.0
3,fd:513,fd,27,3,1,False,0,0,0,0.0,0.0
3,mcv:1361,mcv,200,3,1,False,0,0,0,0.0,0.0
3,mcv:1923,mcv,218,1,1,False,0,0,0,0.0,0.0
3,fd:262,fd,27,5,1,False,0,0,0,0.0,0.0
3,mcv:1530,mcv,966,2,1,False,0,0,0,0.0,0.0
3,mcv:756,mcv,170,3,2,False,0,0,0,0.0,0.0
3,mcv:958,mcv,174,3,2,False,0,0,0,0.0,0.0
3,mcv:2149,mcv,292,0,1,False,0,0,0,0.0,0.0
3,mcv:441,mcv,850,5,1,False,0,0,0,0.0,0.0
3,mcv:1418,mcv,304,3,1,False,0,0,0,0.0,0.0
3,mcv:966,mcv,352,4,1,False,0,0,0,0.0,0.0
3,mcv:52,mcv,170,8,1,True,1,0,1,0.0,0.35836084234443644
3,fd:127,fd,41,6,1,False,0,0,0,0.0,0.0
3,mcv:318,mcv,148,6,1,False,0,0,0,0.0,0.0
3,fd:535,fd,41,3,1,False,0,0,0,0.0,0.0
3,fd:381,fd,27,4,1,False,0,0,0,0.0,0.0
3,fd:620,fd,27,2,1,False,0,0,0,0.0,0.0
3,mcv:758,mcv,278,4,1,False,0,0,0,0.0,0.0
3,fd:510,fd,41,3,1,True,0,0,0,0.0,0.0
3,mcv:1356,mcv,226,3,1,False,0,0,0,0.0,0.0
3,fd:631,fd,41,2,1,False,0,0,0,0.0,0.0
3,mcv:1762,mcv,378,2,1,False,0,0,0,0.0,0.0
3,mcv:1734,mcv,304,2,1,False,0,0,0,0.0,0.0
3,mcv:1765,mcv,366,2,1,True,0,0,0,0.0,0.0
3,mcv:1077,mcv,498,3,1,False,0,0,0,0.0,0.0
3,mcv:474,mcv,1926,5,1,False,0,0,0,0.0,0.0
3,mcv:697,mcv,498,4,1,False,0,0,0,0.0,0.0
3,mcv:1371,mcv,300,3,1,False,0,0,0,0.0,0.0
3,fd:517,fd,27,3,1,False,0,0,0,0.0,0.0
3,mcv:263,mcv,548,6,1,True,1,1,0,0.006471924696678899,0.0
3,fd:29,fd,27,8,1,True,0,0,0,0.0,0.0
3,fd:527,fd,27,3,1,True,0,0,0,0.0,0.0
3,fd:100,fd,27,6,1,False,0,0,0,0.0,0.0
3,mcv:78,mcv,196,8,1,False,0,0,0,0.0,0.0
3,mcv:1400,mcv,174,3,1,False,0,0,0,0.0,0.0
3,fd:225,fd,27,5,1,False,0,0,0,0.0,0.0
3,mcv:262,mcv,658,6,1,False,0,0,0,0.0,0.0
3,mcv:568,mcv,196,5,1,False,0,0,0,0.0,0.0
3,mcv:237,mcv,174,6,1,False,0,0,0,0.0,0.0
3,mcv:1908,mcv,170,1,1,False,0,0,0,0.0,0.0
3,mcv:957,mcv,148,4,1,False,0,0,0,0.0,0.0
3,mcv:1014,mcv,458,3,1,False,0,0,0,0.0,0.0
3,mcv:1828,mcv,218,2,1,False,0,0,0,0.0,0.0
3,mcv:1134,mcv,148,3,1,False,0,0,0,0.0,0.0
3,fd:91,fd,27,6,1,False,0,0,0,0.0,0.0
3,mcv:1842,mcv,462,1,1,True,0,0,0,0.0,0.0
3,fd:94,fd,27,6,1,False,0,0,0,0.0,0.0
3,fd:448,fd,41,3,1,False,0,0,0,0.0,0.0
3,mcv:234,mcv,400,6,1,False,0,0,0,0.0,0.0
3,mcv:1348,mcv,434,3,1,False,0,0,0,0.0,0.0
3,mcv:1244,mcv,266,3,1,False,0,0,0,0.0,0.0
3,mcv:835,mcv,922,4,1,True,0,0,0,0.0,0.0
3,mcv:501,mcv,314,5,1,False,0,0,0,0.0,0.0
3,mcv:1976,mcv,520,1,1,False,0,0,0,0.0,0.0
3,fd:475,fd,27,3,1,False,0,0,0,0.0,0.0
3,mcv:924,mcv,218,4,1,False,0,0,0,0.0,0.0
3,fd:444,fd,27,3,1,False,0,0,0,0.0,0.0
3,mcv:1539,mcv,318,2,1,False,0,0,0,0.0,0.0
3,fd:722,fd,27,1,1,False,0,0,0,0.0,0.0
3,mcv:2002,mcv,274,1,1,False,0,0,0,0.0,0.0
3,mcv:1241,mcv,844,3,1,False,0,0,0,0.0,0.0
3,mcv:139,mcv,432,7,1,False,0,0,0,0.0,0.0
3,mcv:2067,mcv,642,1,1,False,0,0,0,0.0,0.0
3,mcv:409,mcv,748,5,1,False,0,0,0,0.0,0.0
3,mcv:1114,mcv,244,3,1,False,0,0,0,0.0,0.0
3,mcv:817,mcv,848,4,1,False,0,0,0,0.0,0.0
3,mcv:707,mcv,1124,4,1,False,0,0,0,0.0,0.0
3,mcv:1374,mcv,218,3,1,False,0,0,0,0.0,0.0
3,mcv:1092,mcv,274,3,1,False,0,0,0,0.0,0.0
3,mcv:821,mcv,266,4,1,False,0,0,0,0.0,0.0
3,mcv:1120,mcv,462,3,1,False,0,0,0,0.0,0.0
3,mcv:412,mcv,362,5,1,False,0,0,0,0.0,0.0
3,mcv:386,mcv,296,5,1,False,0,0,0,0.0,0.0
3,mcv:2101,mcv,482,1,1,False,0,0,0,0.0,0.0
3,fd:305,fd,27,4,1,False,0,0,0,0.0,0.0
3,mcv:39,mcv,1014,9,1,False,0,0,0,0.0,0.0
3,mcv:113,mcv,218,7,1,False,0,0,0,0.0,0.0
3,fd:37,fd,27,7,1,False,0,0,0,0.0,0.0
3,mcv:1486,mcv,362,2,1,False,0,0,0,0.0,0.0
3,mcv:378,mcv,362,5,1,False,0,0,0,0.0,0.0
3,mcv:773,mcv,196,3,2,False,0,0,0,0.0,0.0
3,mcv:1912,mcv,170,1,1,False,0,0,0,0.0,0.0
3,mcv:434,mcv,850,5,1,False,0,0,0,0.0,0.0
3,mcv:1144,mcv,196,3,1,False,0,0,0,0.0,0.0
3,mcv:174,mcv,728,7,1,False,0,0,0,0.0,0.0
3,mcv:1180,mcv,526,2,2,False,0,0,0,0.0,0.0
3,mcv:1559,mcv,170,2,1,False,0,0,0,0.0,0.0
3,fd:738,fd,27,1,1,False,0,0,0,0.0,0.0
3,mcv:94,mcv,1224,7,1,False,0,0,0,0.0,0.0
3,mcv:98,mcv,1878,7,1,False,0,0,0,0.0,0.0
3,mcv:1596,mcv,218,2,1,False,0,0,0,0.0,0.0
3,mcv:1800,mcv,2170,2,1,True,1,1,0,0.30021686808174985,0.0
3,mcv:83,mcv,740,8,1,False,0,0,0,0.0,0.0
3,mcv:780,mcv,850,4,1,False,0,0,0,0.0,0.0
3,fd:302,fd,27,3,2,False,0,0,0,0.0,0.0
3,mcv:129,mcv,196,7,1,False,0,0,0,0.0,0.0
3,mcv:430,mcv,382,5,1,False,0,0,0,0.0,0.0
3,mcv:1597,mcv,610,2,1,False,0,0,0,0.0,0.0
3,fd:182,fd,27,5,1,True,0,0,0,0.0,0.0
3,fd:692,fd,27,1,1,False,0,0,0,0.0,0.0
3,mcv:728,mcv,382,4,1,False,0,0,0,0.0,0.0
3,fd:164,fd,27,5,1,False,0,0,0,0.0,0.0
3,mcv:1112,mcv,170,3,1,False,0,0,0,0.0,0.0
3,fd:173,fd,27,5,1,False,0,0,0,0.0,0.0
3,mcv:456,mcv,534,5,1,False,0,0,0,0.0,0.0
3,fd:621,fd,41,2,1,True,0,0,0,0.0,0.0
3,mcv:466,mcv,610,5,1,False,0,0,0,0.0,0.0
3,fd:267,fd,27,4,1,False,0,0,0,0.0,0.0
3,fd:269,fd,27,4,1,False,0,0,0,0.0,0.0
3,mcv:653,mcv,366,4,1,False,0,0,0,0.0,0.0
3,mcv:421,mcv,610,5,1,False,0,0,0,0.0,0.0
3,fd:186,fd,27,5,1,False,0,0,0,0.0,0.0
3,mcv:432,mcv,512,5,1,False,0,0,0,0.0,0.0
3,mcv:1972,mcv,754,1,1,False,0,0,0,0.0,0.0
3,fd:268,fd,27,4,1,False,0,0,0,0.0,0.0
3,mcv:1970,mcv,562,1,1,False,0,0,0,0.0,0.0
3,mcv:1113,mcv,196,3,1,False,0,0,0,0.0,0.0
3,fd:557,fd,27,2,1,False,0,0,0,0.0,0.0
3,mcv:657,mcv,274,4,1,False,0,0,0,0.0,0.0
3,mcv:1483,mcv,318,2,1,False,0,0,0,0.0,0.0
3,fd:171,fd,27,5,1,False,0,0,0,0.0,0.0
3,mcv:1735,mcv,512,2,1,False,0,0,0,0.0,0.0
3,mcv:652,mcv,274,4,1,False,0,0,0,0.0,0.0
3,mcv:463,mcv,790,5,1,False,0,0,0,0.0,0.0
3,mcv:419,mcv,170,5,1,False,0,0,0,0.0,0.0
3,mcv:1,mcv,244,12,1,False,0,0,0,0.0,0.0
3,fd:575,fd,27,2,1,False,0,0,0,0.0,0.0
3,mcv:1544,mcv,222,2,1,False,0,0,0,0.0,0.0
3,mcv:1115,mcv,174,3,1,False,0,0,0,0.0,0.0
3,fd:568,fd,27,2,1,True,0,0,0,0.0,0.0
3,mcv:567,mcv,314,5,1,False,0,0,0,0.0,0.0
3,mcv:537,mcv,714,5,1,False,0,0,0,0.0,0.0
3,mcv:1585,mcv,218,2,1,False,0,0,0,0.0,0.0
3,mcv:843,mcv,244,4,1,True,1,0,1,0.0,0.0521928620678227
3,fd:441,fd,27,3,1,True,0,0,0,0.0,0.0
3,fd:180,fd,27,5,1,True,0,0,0,0.0,0.0
3,mcv:8,mcv,952,10,1,False,0,0,0,0.0,0.0
3,mcv:1588,mcv,196,2,1,True,1,0,1,0.0,0.02133108246380644
3,fd:224,fd,27,5,1,False,0,0,0,0.0,0.0
3,fd:1,fd,27,12,1,False,0,0,0,0.0,0.0
3,mcv:450,mcv,196,5,1,False,0,0,0,0.0,0.0
3,mcv:702,mcv,362,4,1,False,0,0,0,0.0,0.0
3,mcv:405,mcv,1356,5,1,False,0,0,0,0.0,0.0
3,mcv:1819,mcv,344,2,1,False,0,0,0,0.0,0.0
3,mcv:1696,mcv,846,2,1,False,0,0,0,0.0,0.0
3,mcv:1379,mcv,268,3,1,False,0,0,0,0.0,0.0
3,mcv:1411,mcv,1052,3,1,False,0,0,0,0.0,0.0
3,mcv:1103,mcv,612,3,1,True,1,1,0,4.660651642396374e-09,0.0
3,fd:654,fd,27,2,1,False,0,0,0,0.0,0.0
3,mcv:695,mcv,594,4,1,False,0,0,0,0.0,0.0
3,mcv:1587,mcv,270,2,1,False,0,0,0,0.0,0.0
3,mcv:1100,mcv,524,3,1,False,0,0,0,0.0,0.0
3,fd:687,fd,41,1,1,True,1,1,0,0.14002071389444004,0.0
3,fd:690,fd,27,1,1,False,0,0,0,0.0,0.0
3,mcv:1075,mcv,362,3,1,False,0,0,0,0.0,0.0
3,mcv:1179,mcv,292,3,1,False,0,0,0,0.0,0.0
3,fd:163,fd,27,5,1,False,0,0,0,0.0,0.0
3,mcv:477,mcv,850,5,1,False,0,0,0,0.0,0.0
3,mcv:1967,mcv,278,1,1,False,0,0,0,0.0,0.0
3,mcv:1962,mcv,396,1,1,False,0,0,0,0.0,0.0
3,mcv:770,mcv,322,4,1,False,0,0,0,0.0,0.0
3,mcv:694,mcv,410,4,1,False,0,0,0,0.0,0.0
3,mcv:415,mcv,730,5,1,False,0,0,0,0.0,0.0
3,mcv:1081,mcv,748,3,1,False,0,0,0,0.0,0.0
3,mcv:1592,mcv,366,2,1,False,0,0,0,0.0,0.0
3,mcv:1961,mcv,480,1,1,False,0,0,0,0.0,0.0
3,mcv:1889,mcv,340,1,1,False,0,0,0,0.0,0.0
3,mcv:602,mcv,482,5,1,True,1,0,1,0.0,0.03904420685462795
3,mcv:808,mcv,550,4,1,False,0,0,0,0.0,0.0
3,mcv:1176,mcv,196,3,1,False,0,0,0,0.0,0.0
3,mcv:1698,mcv,620,2,1,False,0,0,0,0.0,0.0
3,mcv:326,mcv,292,6,1,False,0,0,0,0.0,0.0
3,mcv:1242,mcv,726,3,1,False,0,0,0,0.0,0.0
3,mcv:1302,mcv,248,3,1,False,0,0,0,0.0,0.0
3,mcv:414,mcv,1110,5,1,False,0,0,0,0.0,0.0
3,mcv:693,mcv,634,4,1,False,0,0,0,0.0,0.0
3,mcv:324,mcv,846,6,1,False,0,0,0,0.0,0.0
3,mcv:806,mcv,326,4,1,False,0,0,0,0.0,0.0
3,mcv:1584,mcv,266,2,1,False,0,0,0,0.0,0.0
3,fd:301,fd,27,4,1,False,0,0,0,0.0,0.0
3,fd:248,fd,27,5,1,False,0,0,0,0.0,0.0
3,mcv:151,mcv,384,7,1,False,0,0,0,0.0,0.0
4,mcv:448,mcv,340,4,2,False,0,0,0,0.0,0.0
4,mcv:419,mcv,170,4,2,False,0,0,0,0.0,0.0
4,mcv:427,mcv,222,5,1,False,0,0,0,0.0,0.0
4,mcv:1254,mcv,502,2,2,False,0,0,0,0.0,0.0
4,mcv:623,mcv,266,4,2,True,2,2,0,0.19823861169996015,0.0
4,mcv:230,mcv,170,4,3,False,0,0,0,0.0,0.0
4,mcv:1253,mcv,340,1,3,True,1,0,1,0.0,9.601853534491056e-07
4,mcv:1538,mcv,318,0,3,False,0,0,0,0.0,0.0
4,mcv:777,mcv,170,3,2,False,0,0,0,0.0,0.0
4,mcv:778,mcv,222,2,3,False,0,0,0,0.0,0.0
4,fd:87,fd,41,4,3,False,0,0,0,0.0,0.0
4,mcv:534,mcv,606,3,3,False,0,0,0,0.0,0.0
4,fd:14,fd,27,8,2,False,0,0,0,0.0,0.0
4,mcv:334,mcv,314,6,1,False,0,0,0,0.0,0.0
4,mcv:540,mcv,414,4,2,False,0,0,0,0.0,0.0
4,mcv:2088,mcv,642,1,1,False,0,0,0,0.0,0.0
4,fd:221,fd,41,5,1,False,0,0,0,0.0,0.0
4,mcv:711,mcv,888,2,3,False,0,0,0,0.0,0.0
4,mcv:946,mcv,436,4,1,True,0,0,0,0.0,0.0
4,mcv:1676,mcv,526,2,1,False,0,0,0,0.0,0.0
4,mcv:1681,mcv,554,1,2,False,0,0,0,0.0,0.0
4,mcv:1282,mcv,244,2,2,False,0,0,0,0.0,0.0
4,mcv:1515,mcv,1506,2,1,False,0,0,0,0.0,0.0
4,fd:211,fd,27,5,1,False,0,0,0,0.0,0.0
4,mcv:164,mcv,292,5,3,False,0,0,0,0.0,0.0
4,fd:516,fd,27,2,2,False,0,0,0,0.0,0.0
4,mcv:1943,mcv,1544,1,1,False,0,0,0,0.0,0.0
4,mcv:464,mcv,592,5,1,False,0,0,0,0.0,0.0
4,mcv:262,mcv,658,6,1,False,0,0,0,0.0,0.0
4,mcv:852,mcv,244,4,1,False,0,0,0,0.0,0.0
4,fd:284,fd,27,2,3,False,0,0,0,0.0,0.0
4,mcv:55,mcv,856,6,3,False,0,0,0,0.0,0.0
4,mcv:1519,mcv,388,2,1,False,0,0,0,0.0,0.0
4,mcv:159,mcv,574,6,2,False,0,0,0,0.0,0.0
4,fd:207,fd,27,4,2,False,0,0,0,0.0,0.0
4,mcv:1443,mcv,396,2,2,False,0,0,0,0.0,0.0
4,fd:192,fd,27,3,3,False,0,0,0,0.0,0.0
4,mcv:265,mcv,618,4,3,False,0,0,0,0.0,0.0
4,mcv:791,mcv,1290,4,1,False,0,0,0,0.0,0.0
4,mcv:981,mcv,404,4,1,False,0,0,0,0.0,0.0
4,fd:340,fd,27,3,2,False,0,0,0,0.0,0.0
4,fd:108,fd,27,4,3,False,0,0,0,0.0,0.0
4,mcv:411,mcv,388,4,2,False,0,0,0,0.0,0.0
4,mcv:884,mcv,244,3,2,False,0,0,0,0.0,0.0
4,fd:390,fd,27,2,3,False,0,0,0,0.0,0.0
4,mcv:539,mcv,642,4,2,False,0,0,0,0.0,0.0
4,mcv:1347,mcv,1308,1,3,False,0,0,0,0.0,0.0
4,fd:321,fd,27,4,1,True,1,0,1,0.0,0.06731205527886974
4,mcv:512,mcv,480,3,3,False,0,0,0,0.0,0.0
4,mcv:554,mcv,1102,5,1,False,0,0,0,0.0,0.0
4,fd:162,fd,27,4,2,True,1,0,1,0.0,0.12793847104277667
4,mcv:710,mcv,1138,2,3,False,0,0,0,0.0,0.0
4,mcv:550,mcv,606,5,1,True,1,0,1,0.0,0.04086847585137843
4,fd:208,fd,27,4,2,False,0,0,0,0.0,0.0
4,fd:129,fd,27,6,1,False,0,0,0,0.0,0.0
4,mcv:284,mcv,226,4,3,False,0,0,0,0.0,0.0
4,fd:374,fd,27,4,1,False,0,0,0,0.0,0.0
4,fd:215,fd,27,5,1,False,0,0,0,0.0,0.0
4,fd:549,fd,27,2,2,False,0,0,0,0.0,0.0
4,mcv:1516,mcv,476,2,1,False,0,0,0,0.0,0.0
4,fd:484,fd,27,2,2,False,0,0,0,0.0,0.0
4,mcv:296,mcv,244,6,1,False,0,0,0,0.0,0.0
4,fd:107,fd,27,6,1,False,0,0,0,0.0,0.0
4,fd:113,fd,27,6,1,False,0,0,0,0.0,0.0
4,mcv:1200,mcv,680,2,2,False,0,0,0,0.0,0.0
4,mcv:320,mcv,436,6,1,False,0,0,0,0.0,0.0
4,mcv:707,mcv,1124,3,2,False,0,0,0,0.0,0.0
4,mcv:299,mcv,226,5,2,False,0,0,0,0.0,0.0
4,mcv:1367,mcv,620,2,2,False,0,0,0,0.0,0.0
4,fd:596,fd,27,1,2,False,0,0,0,0.0,0.0
4,fd:729,fd,27,1,1,False,0,0,0,0.0,0.0
4,fd:101,fd,27,4,3,False,0,0,0,0.0,0.0
4,mcv:283,mcv,244,6,1,False,0,0,0,0.0,0.0
4,fd:507,fd,27,1,3,False,0,0,0,0.0,0.0
4,mcv:790,mcv,1804,4,1,False,0,0,0,0.0,0.0
4,fd:592,fd,27,2,1,False,0,0,0,0.0,0.0
4,fd:285,fd,27,2,3,False,0,0,0,0.0,0.0
4,mcv:712,mcv,370,2,3,False,0,0,0,0.0,0.0
4,fd:393,fd,27,4,1,False,0,0,0,0.0,0.0
4,mcv:978,mcv,1208,2,3,False,0,0,0,0.0,0.0
4,fd:563,fd,27,2,1,False,0,0,0,0.0,0.0
4,mcv:221,mcv,278,4,3,False,0,0,0,0.0,0.0
4,fd:61,fd,27,6,2,False,0,0,0,0.0,0.0
4,mcv:34,mcv,536,8,2,False,0,0,0,0.0,0.0
4,mcv:564,mcv,200,5,1,False,0,0,0,0.0,0.0
4,fd:375,fd,27,4,1,False,0,0,0,0.0,0.0
4,fd:136,fd,27,4,3,False,0,0,0,0.0,0.0
4,mcv:341,mcv,196,4,3,False,0,0,0,0.0,0.0
4,mcv:947,mcv,196,4,1,False,0,0,0,0.0,0.0
4,mcv:943,mcv,244,4,1,False,0,0,0,0.0,0.0
4,mcv:314,mcv,768,4,3,False,0,0,0,0.0,0.0
4,mcv:404,mcv,388,5,1,False,0,0,0,0.0,0.0
4,fd:531,fd,27,1,3,False,0,0,0,0.0,0.0
4,fd:252,fd,41,5,1,False,0,0,0,0.0,0.0
4,mcv:338,mcv,736,5,2,False,0,0,0,0.0,0.0
4,mcv:698,mcv,616,2,3,False,0,0,0,0.0,0.0
4,mcv:1726,mcv,540,1,2,False,0,0,0,0.0,0.0
4,mcv:559,mcv,724,5,1,False,0,0,0,0.0,0.0
4,fd:86,fd,27,5,2,True,0,0,0,0.0,0.0
4,mcv:1178,mcv,404,3,1,False,0,0,0,0.0,0.0
4,fd:384,fd,41,3,2,False,0,0,0,0.0,0.0
4,fd:303,fd,27,4,1,False,0,0,0,0.0,0.0
4,mcv:969,mcv,660,3,2,False,0,0,0,0.0,0.0
4,mcv:1086,mcv,546,3,1,False,0,0,0,0.0,0.0
4,mcv:774,mcv,512,4,1,False,0,0,0,0.0,0.0
4,mcv:607,mcv,304,5,1,False,0,0,0,0.0,0.0
4,mcv:1405,mcv,248,1,3,False,0,0,0,0.0,0.0
4,mcv:1075,mcv,362,3,1,True,1,1,0,0.035417422784643326,0.0
4,mcv:1080,mcv,838,2,2,False,0,0,0,0.0,0.0
4,mcv:54,mcv,196,5,4,False,0,0,0,0.0,0.0
4,mcv:775,mcv,296,3,2,False,0,0,0,0.0,0.0
4,mcv:1402,mcv,322,2,2,False,0,0,0,0.0,0.0
4,mcv:179,mcv,674,5,3,False,0,0,0,0.0,0.0
4,mcv:161,mcv,654,6,2,False,0,0,0,0.0,0.0
4,fd:123,fd,27,4,3,False,0,0,0,0.0,0.0
4,fd:22,fd,27,5,4,True,0,0,0,0.0,0.0
4,mcv:219,mcv,704,5,2,False,0,0,0,0.0,0.0
4,mcv:53,mcv,404,8,1,False,0,0,0,0.0,0.0
4,mcv:1040,mcv,620,3,1,False,0,0,0,0.0,0.0
4,mcv:664,mcv,598,4,1,False,0,0,0,0.0,0.0
4,mcv:1119,mcv,296,2,2,False,0,0,0,0.0,0.0
4,mcv:875,mcv,606,4,1,False,0,0,0,0.0,0.0
4,mcv:1991,mcv,576,1,1,True,1,1,0,0.04424522052061852,0.0
4,mcv:765,mcv,296,4,1,False,0,0,0,0.0,0.0
4,mcv:1164,mcv,514,3,1,False,0,0,0,0.0,0.0
4,mcv:1896,mcv,314,1,1,False,0,0,0,0.0,0.0
4,mcv:1727,mcv,746,2,1,False,0,0,0,0.0,0.0
4,mcv:2053,mcv,772,1,1,True,0,0,0,0.0,0.0
4,fd:697,fd,27,1,1,False,0,0,0,0.0,0.0
4,mcv:728,mcv,382,3,2,False,0,0,0,0.0,0.0
4,mcv:1894,mcv,196,1,1,False,0,0,0,0.0,0.0
4,mcv:158,mcv,838,7,1,False,0,0,0,0.0,0.0
4,mcv:42,mcv,318,7,2,False,0,0,0,0.0,0.0
4,fd:82,fd,27,4,3,False,0,0,0,0.0,0.0
4,fd:616,fd,27,2,1,False,0,0,0,0.0,0.0
4,fd:298,fd,27,4,1,False,0,0,0,0.0,0.0
4,mcv:878,mcv,362,2,3,False,0,0,0,0.0,0.0
4,mcv:1577,mcv,196,2,1,False,0,0,0,0.0,0.0
4,mcv:1162,mcv,274,2,2,False,0,0,0,0.0,0.0
4,mcv:49,mcv,544,6,3,False,0,0,0,0.0,0.0
4,mcv:136,mcv,926,7,1,False,0,0,0,0.0,0.0
4,mcv:202,mcv,486,4,3,False,0,0,0,0.0,0.0
4,fd:671,fd,27,1,1,False,0,0,0,0.0,0.0
4,mcv:1647,mcv,616,2,1,False,0,0,0,0.0,0.0
4,fd:60,fd,27,7,1,False,0,0,0,0.0,0.0
4,mcv:68,mcv,1012,5,4,True,4,3,1,0.13491772895959753,0.0015195930535834012
4,mcv:1037,mcv,274,3,1,False,0,0,0,0.0,0.0
4,mcv:1729,mcv,816,2,1,False,0,0,0,0.0,0.0
4,mcv:2188,mcv,366,0,1,False,0,0,0,0.0,0.0
4,mcv:1041,mcv,454,2,2,False,0,0,0,0.0,0.0
4,mcv:445,mcv,314,5,1,False,0,0,0,0.0,0.0
4,mcv:662,mcv,572,4,1,False,0,0,0,0.0,0.0
4,mcv:201,mcv,868,6,1,False,0,0,0,0.0,0.0
4,fd:19,fd,27,7,2,False,0,0,0,0.0,0.0
4,mcv:293,mcv,540,6,1,False,0,0,0,0.0,0.0
4,mcv:1407,mcv,550,3,1,False,0,0,0,0.0,0.0
4,fd:203,fd,41,4,2,False,0,0,0,0.0,0.0
4,fd:418,fd,27,3,1,False,0,0,0,0.0,0.0
4,fd:21,fd,27,6,3,False,0,0,0,0.0,0.0
4,mcv:828,mcv,1014,4,1,False,0,0,0,0.0,0.0
4,mcv:724,mcv,148,4,1,False,0,0,0,0.0,0.0
4,mcv:529,mcv,322,4,2,False,0,0,0,0.0,0.0
4,mcv:1950,mcv,756,1,1,False,0,0,0,0.0,0.0
4,mcv:2176,mcv,1584,0,1,False,0,0,0,0.0,0.0
4,mcv:23,mcv,1106,6,4,False,0,0,0,0.0,0.0
4,mcv:1216,mcv,772,2,2,True,1,0,1,0.0,0.004938571625079824
4,mcv:1415,mcv,1386,2,2,False,0,0,0,0.0,0.0
4,mcv:1983,mcv,774,0,2,False,0,0,0,0.0,0.0
4,mcv:1535,mcv,248,2,1,False,0,0,0,0.0,0.0
4,mcv:1719,mcv,366,1,2,False,0,0,0,0.0,0.0
4,mcv:476,mcv,572,5,1,False,0,0,0,0.0,0.0
4,mcv:108,mcv,572,5,3,False,0,0,0,0.0,0.0
4,mcv:1222,mcv,462,3,1,False,0,0,0,0.0,0.0
4,mcv:976,mcv,266,4,1,True,1,0,1,0.0,1.7049391898282806e-08
4,mcv:1380,mcv,366,3,1,False,0,0,0,0.0,0.0
4,fd:612,fd,27,1,2,False,0,0,0,0.0,0.0
4,mcv:1103,mcv,612,3,1,False,0,0,0,0.0,0.0
4,mcv:302,mcv,568,5,2,False,0,0,0,0.0,0.0
4,mcv:1892,mcv,410,1,1,False,0,0,0,0.0,0.0
4,mcv:1332,mcv,292,3,1,False,0,0,0,0.0,0.0
4,mcv:1378,mcv,226,3,1,False,0,0,0,0.0,0.0
4,mcv:718,mcv,546,4,1,False,0,0,0,0.0,0.0
4,mcv:478,mcv,344,5,1,False,0,0,0,0.0,0.0
4,mcv:808,mcv,550,3,2,False,0,0,0,0.0,0.0
4,mcv:1292,mcv,588,3,1,False,0,0,0,0.0,0.0
4,fd:155,fd,27,4,2,False,0,0,0,0.0,0.0
4,mcv:883,mcv,196,3,2,False,0,0,0,0.0,0.0
4,mcv:20,mcv,382,6,4,False,0,0,0,0.0,0.0
4,mcv:1290,mcv,362,3,1,False,0,0,0,0.0,0.0
4,fd:35,fd,27,5,3,False,0,0,0,0.0,0.0
4,mcv:1767,mcv,270,2,1,False,0,0,0,0.0,0.0
4,mcv:397,mcv,304,5,1,False,0,0,0,0.0,0.0
4,mcv:162,mcv,382,5,3,False,0,0,0,0.0,0.0
4,fd:63,fd,27,5,3,False,0,0,0,0.0,0.0
4,mcv:1599,mcv,266,1,2,False,0,0,0,0.0,0.0
4,mcv:1497,mcv,444,2,1,False,0,0,0,0.0,0.0
4,mcv:1978,mcv,476,1,1,False,0,0,0,0.0,0.0
4,mcv:1699,mcv,248,2,1,False,0,0,0,0.0,0.0
4,mcv:1713,mcv,252,1,2,False,0,0,0,0.0,0.0
4,fd:610,fd,41,1,2,False,0,0,0,0.0,0.0
4,mcv:1186,mcv,270,3,1,False,0,0,0,0.0,0.0
4,fd:147,fd,27,5,1,False,0,0,0,0.0,0.0
4,mcv:370,mcv,408,5,1,False,0,0,0,0.0,0.0
4,mcv:1484,mcv,432,2,1,False,0,0,0,0.0,0.0
4,mcv:157,mcv,148,6,2,False,0,0,0,0.0,0.0
4,mcv:330,mcv,248,5,2,False,0,0,0,0.0,0.0
4,fd:605,fd,27,2,1,False,0,0,0,0.0,0.0
4,mcv:1858,mcv,296,1,1,False,0,0,0,0.0,0.0
4,fd:557,fd,27,1,2,False,0,0,0,0.0,0.0
4,mcv:453,mcv,170,4,2,False,0,0,0,0.0,0.0
4,mcv:1640,mcv,244,1,2,False,0,0,0,0.0,0.0
4,fd:145,fd,41,5,1,False,0,0,0,0.0,0.0
4,mcv:99,mcv,492,6,2,False,0,0,0,0.0,0.0
4,mcv:783,mcv,218,3,2,False,0,0,0,0.0,0.0
4,mcv:1641,mcv,676,1,2,False,0,0,0,0.0,0.0
4,fd:661,fd,27,1,1,False,0,0,0,0.0,0.0
4,mcv:823,mcv,244,4,1,False,0,0,0,0.0,0.0
4,fd:184,fd,27,4,2,False,0,0,0,0.0,0.0
4,fd:56,fd,27,7,1,False,0,0,0,0.0,0.0
4,fd:358,fd,27,4,1,False,0,0,0,0.0,0.0
4,mcv:216,mcv,304,4,3,False,0,0,0,0.0,0.0
4,mcv:520,mcv,226,3,3,False,0,0,0,0.0,0.0
4,mcv:889,mcv,218,4,1,False,0,0,0,0.0,0.0
4,mcv:373,mcv,480,5,1,False,0,0,0,0.0,0.0
4,fd:346,fd,27,3,2,False,0,0,0,0.0,0.0
4,mcv:16,mcv,304,7,3,True,3,2,1,0.02572458590993265,0.0005153029853635083
4,mcv:91,mcv,274,5,3,False,0,0,0,0.0,0.0
4,mcv:213,mcv,556,5,2,False,0,0,0,0.0,0.0
4,mcv:214,mcv,470,5,2,False,0,0,0,0.0,0.0
4,fd:85,fd,27,4,3,False,0,0,0,0.0,0.0
4,mcv:1189,mcv,292,3,1,False,0,0,0,0.0,0.0
4,mcv:911,mcv,382,4,1,False,0,0,0,0.0,0.0
4,mcv:2056,mcv,614,1,1,False,0,0,0,0.0,0.0
4,mcv:15,mcv,418,6,4,False,0,0,0,0.0,0.0
4,fd:611,fd,27,1,2,False,0,0,0,0.0,0.0
4,fd:133,fd,27,5,2,False,0,0,0,0.0,0.0
4,fd:632,fd,27,2,1,False,0,0,0,0.0,0.0
4,fd:488,fd,41,3,1,True,1,1,0,0.12074062400349383,0.0
4,mcv:461,mcv,170,1,5,False,0,0,0,0.0,0.0
4,fd:757,fd,27,0,1,False,0,0,0,0.0,0.0
4,mcv:2252,mcv,148,0,1,False,0,0,0,0.0,0.0
4,fd:339,fd,27,3,2,False,0,0,0,0.0,0.0
4,mcv:1236,mcv,358,2,2,False,0,0,0,0.0,0.0
4,fd:159,fd,41,5,1,False,0,0,0,0.0,0.0
4,mcv:816,mcv,476,4,1,False,0,0,0,0.0,0.0
4,mcv:28,mcv,540,7,3,False,0,0,0,0.0,0.0
4,mcv:460,mcv,170,4,2,False,0,0,0,0.0,0.0
4,mcv:1852,mcv,352,1,1,False,0,0,0,0.0,0.0
4,mcv:1042,mcv,550,2,2,False,0,0,0,0.0,0.0
4,mcv:1715,mcv,196,1,2,False,0,0,0,0.0,0.0
4,mcv:1700,mcv,226,2,1,False,0,0,0,0.0,0.0
4,fd:664,fd,27,1,1,False,0,0,0,0.0,0.0
4,fd:59,fd,27,6,2,False,0,0,0,0.0,0.0
4,fd:5,fd,27,7,3,False,0,0,0,0.0,0.0
4,mcv:895,mcv,226,3,2,False,0,0,0,0.0,0.0
4,mcv:1483,mcv,318,1,2,False,0,0,0,0.0,0.0
4,mcv:1982,mcv,266,0,2,False,0,0,0,0.0,0.0
4,mcv:376,mcv,274,4,2,False,0,0,0,0.0,0.0
4,mcv:391,mcv,304,4,2,False,0,0,0,0.0,0.0
4,mcv:1693,mcv,392,1,2,False,0,0,0,0.0,0.0
4,fd:150,fd,41,4,2,False,0,0,0,0.0,0.0
4,mcv:307,mcv,170,6,1,False,0,0,0,0.0,0.0
4,mcv:154,mcv,382,7,1,False,0,0,0,0.0,0.0
4,mcv:229,mcv,148,4,3,True,3,3,0,0.17107200857169436,0.0
4,mcv:739,mcv,148,4,1,False,0,0,0,0.0,0.0
4,mcv:1112,mcv,170,2,2,False,0,0,0,0.0,0.0
4,fd:194,fd,27,5,1,False,0,0,0,0.0,0.0
4,mcv:769,mcv,462,4,1,False,0,0,0,0.0,0.0
4,mcv:449,mcv,196,4,2,False,0,0,0,0.0,0.0
4,mcv:514,mcv,174,5,1,False,0,0,0,0.0,0.0
4,mcv:129,mcv,196,5,3,False,0,0,0,0.0,0.0
4,mcv:1935,mcv,436,1,1,False,0,0,0,0.0,0.0
4,mcv:490,mcv,288,3,3,False,0,0,0,0.0,0.0
4,fd:45,fd,41,6,2,False,0,0,0,0.0,0.0
4,mcv:1834,mcv,308,1,2,False,0,0,0,0.0,0.0
4,fd:514,fd,27,2,2,False,0,0,0,0.0,0.0
4,fd:179,fd,27,4,2,True,0,0,0,0.0,0.0
4,mcv:1363,mcv,196,3,1,False,0,0,0,0.0,0.0
4,fd:683,fd,27,1,1,True,0,0,0,0.0,0.0
4,fd:98,fd,27,6,1,False,0,0,0,0.0,0.0
4,fd:112,fd,41,4,3,False,0,0,0,0.0,0.0
4,mcv:864,mcv,244,3,2,False,0,0,0,0.0,0.0
4,fd:330,fd,27,3,2,True,0,0,0,0.0,0.0
4,mcv:1364,mcv,392,2,2,False,0,0,0,0.0,0.0
4,mcv:256,mcv,296,6,1,False,0,0,0,0.0,0.0
4,mcv:516,mcv,300,5,1,False,0,0,0,0.0,0.0
4,mcv:772,mcv,170,4,1,False,0,0,0,0.0,0.0
4,fd:300,fd,27,4,1,False,0,0,0,0.0,0.0
4,fd:327,fd,27,3,2,False,0,0,0,0.0,0.0
4,mcv:1617,mcv,466,0,3,False,0,0,0,0.0,0.0
4,fd:336,fd,27,3,2,False,0,0,0,0.0,0.0
4,mcv:779,mcv,196,1,4,False,0,0,0,0.0,0.0
4,mcv:295,mcv,200,4,3,False,0,0,0,0.0,0.0
4,mcv:860,mcv,222,3,2,False,0,0,0,0.0,0.0
4,mcv:1433,mcv,300,3,1,False,0,0,0,0.0,0.0
4,mcv:274,mcv,432,5,2,False,0,0,0,0.0,0.0
4,mcv:1323,mcv,440,2,2,False,0,0,0,0.0,0.0
4,fd:110,fd,27,5,2,False,0,0,0,0.0,0.0
4,mcv:811,mcv,288,2,3,False,0,0,0,0.0,0.0
4,mcv:492,mcv,594,3,3,False,0,0,0,0.0,0.0
4,mcv:1358,mcv,274,2,2,False,0,0,0,0.0,0.0
4,mcv:1213,mcv,808,2,2,False,0,0,0,0.0,0.0
4,mcv:1434,mcv,518,3,1,True,1,0,1,0.0,2.601388215950351e-09
4,mcv:1176,mcv,196,2,2,False,0,0,0,0.0,0.0
4,mcv:793,mcv,620,3,2,False,0,0,0,0.0,0.0
4,mcv:1932,mcv,196,1,1,False,0,0,0,0.0,0.0
4,mcv:483,mcv,222,5,1,False,0,0,0,0.0,0.0
4,mcv:126,mcv,488,6,2,True,2,1,1,0.46219878676260584,0.023426483800952802
4,mcv:1210,mcv,510,3,1,False,0,0,0,0.0,0.0
4,mcv:876,mcv,196,3,2,False,0,0,0,0.0,0.0
4,fd:471,fd,41,2,2,False,0,0,0,0.0,0.0
4,mcv:1212,mcv,440,3,1,False,0,0,0,0.0,0.0
4,fd:196,fd,27,5,1,False,0,0,0,0.0,0.0
4,mcv:289,mcv,462,5,2,False,0,0,0,0.0,0.0
4,mcv:530,mcv,414,4,2,True,1,0,1,0.0,0.5579049277670538
4,mcv:178,mcv,512,6,2,False,0,0,0,0.0,0.0
4,fd:714,fd,27,1,1,False,0,0,0,0.0,0.0
4,fd:70,fd,27,6,2,True,0,0,0,0.0,0.0
4,mcv:40,mcv,840,6,4,True,4,3,1,0.7145428101584066,0.26835846526083196
4,fd:18,fd,27,6,4,False,0,0,0,0.0,0.0
4,fd:204,fd,27,4,2,False,0,0,0,0.0,0.0
4,mcv:879,mcv,714,3,2,False,0,0,0,0.0,0.0
4,mcv:183,mcv,506,5,3,False,0,0,0,0.0,0.0
4,mcv:988,mcv,344,2,3,False,0,0,0,0.0,0.0
4,fd:496,fd,27,2,2,False,0,0,0,0.0,0.0
4,mcv:2044,mcv,174,1,1,False,0,0,0,0.0,0.0
4,mcv:621,mcv,222,3,3,False,0,0,0,0.0,0.0
4,mcv:1321,mcv,270,2,2,False,0,0,0,0.0,0.0
4,fd:73,fd,27,5,3,False,0,0,0,0.0,0.0
4,fd:146,fd,27,4,2,False,0,0,0,0.0,0.0
4,mcv:372,mcv,318,4,2,False,0,0,0,0.0,0.0
4,mcv:753,mcv,410,2,3,False,0,0,0,0.0,0.0
4,mcv:655,mcv,756,3,2,False,0,0,0,0.0,0.0
4,mcv:421,mcv,610,4,2,False,0,0,0,0.0,0.0
4,mcv:1607,mcv,1708,2,1,False,0,0,0,0.0,0.0
4,fd:164,fd,27,4,2,False,0,0,0,0.0,0.0
4,mcv:350,mcv,218,6,1,False,0,0,0,0.0,0.0
4,mcv:1487,mcv,800,2,1,False,0,0,0,0.0,0.0
4,mcv:733,mcv,218,3,2,False,0,0,0,0.0,0.0
4,mcv:674,mcv,296,3,2,False,0,0,0,0.0,0.0
4,mcv:1054,mcv,362,2,2,False,0,0,0,0.0,0.0
4,mcv:1667,mcv,388,2,1,False,0,0,0,0.0,0.0
4,mcv:205,mcv,1484,6,1,False,0,0,0,0.0,0.0
4,mcv:469,mcv,856,5,1,True,0,0,0,0.0,0.0
4,mcv:502,mcv,458,4,2,True,1,1,0,0.5374653194815284,0.0
4,mcv:725,mcv,410,4,1,False,0,0,0,0.0,0.0
4,fd:187,fd,27,5,1,False,0,0,0,0.0,0.0
4,mcv:468,mcv,522,5,1,False,0,0,0,0.0,0.0
4,fd:83,fd,27,6,1,False,0,0,0,0.0,0.0
4,mcv:14,mcv,410,7,3,True,2,2,0,0.919801700594284,0.0
4,mcv:390,mcv,536,4,2,False,0,0,0,0.0,0.0
4,mcv:1110,mcv,314,3,1,False,0,0,0,0.0,0.0
4,mcv:1348,mcv,434,1,3,True,0,0,0,0.0,0.0
4,fd:258,fd,27,4,2,False,0,0,0,0.0,0.0
4,fd:550,fd,41,3,1,True,1,0,1,0.0,0.0003976757846317902
4,mcv:749,mcv,244,4,1,True,1,1,0,0.08821225788216536,0.0
4,fd:120,fd,41,4,3,False,0,0,0,0.0,0.0
4,mcv:74,mcv,434,7,2,False,0,0,0,0.0,0.0
4,mcv:351,mcv,266,5,2,False,0,0,0,0.0,0.0
4,mcv:1825,mcv,318,2,1,False,0,0,0,0.0,0.0
4,mcv:1354,mcv,588,3,1,False,0,0,0,0.0,0.0
4,mcv:1147,mcv,488,3,1,False,0,0,0,0.0,0.0
4,fd:618,fd,41,2,1,False,0,0,0,0.0,0.0
4,fd:296,fd,27,4,1,False,0,0,0,0.0,0.0
4,mcv:1141,mcv,514,3,1,False,0,0,0,0.0,0.0
4,fd:26,fd,41,8,1,False,0,0,0,0.0,0.0
4,mcv:1731,mcv,664,2,1,False,0,0,0,0.0,0.0
4,mcv:1445,mcv,460,3,1,False,0,0,0,0.0,0.0
4,mcv:51,mcv,562,8,1,False,0,0,0,0.0,0.0
4,mcv:1561,mcv,170,2,1,True,0,0,0,0.0,0.0
4,mcv:619,mcv,474,4,2,False,0,0,0,0.0,0.0
4,mcv:618,mcv,504,5,1,False,0,0,0,0.0,0.0
4,fd:257,fd,41,5,1,False,0,0,0,0.0,0.0
4,mcv:243,mcv,200,5,2,False,0,0,0,0.0,0.0
4,mcv:70,mcv,662,8,1,False,0,0,0,0.0,0.0
4,mcv:1824,mcv,266,2,1,False,0,0,0,0.0,0.0
4,mcv:310,mcv,694,4,3,False,0,0,0,0.0,0.0
4,mcv:910,mcv,602,3,2,False,0,0,0,0.0,0.0
4,mcv:442,mcv,314,5,1,False,0,0,0,0.0,0.0
4,mcv:118,mcv,196,7,1,False,0,0,0,0.0,0.0
4,mcv:533,mcv,384,4,2,False,0,0,0,0.0,0.0
4,mcv:169,mcv,170,4,4,False,0,0,0,0.0,0.0
4,mcv:798,mcv,382,4,1,True,0,0,0,0.0,0.0
4,mcv:270,mcv,488,6,1,True,1,1,0,0.0004866165671226774,0.0
4,mcv:1230,mcv,304,2,2,False,0,0,0,0.0,0.0
4,fd:128,fd,27,5,2,True,0,0,0,0.0,0.0
4,mcv:1802,mcv,296,2,1,False,0,0,0,0.0,0.0
4,mcv:915,mcv,274,4,1,False,0,0,0,0.0,0.0
4,mcv:917,mcv,218,3,2,False,0,0,0,0.0,0.0
4,mcv:130,mcv,288,5,3,False,0,0,0,0.0,0.0
4,mcv:957,mcv,148,4,1,False,0,0,0,0.0,0.0
4,fd:474,fd,41,2,2,True,2,2,0,0.0008003178196576144,0.0
4,fd:634,fd,27,2,1,False,0,0,0,0.0,0.0
4,mcv:21,mcv,218,7,3,False,0,0,0,0.0,0.0
4,mcv:1615,mcv,330,2,1,False,0,0,0,0.0,0.0
4,fd:579,fd,27,2,1,False,0,0,0,0.0,0.0
4,mcv:1635,mcv,174,1,2,False,0,0,0,0.0,0.0
4,mcv:319,mcv,174,5,2,False,0,0,0,0.0,0.0
4,fd:310,fd,27,4,1,False,0,0,0,0.0,0.0
4,mcv:1616,mcv,462,2,1,False,0,0,0,0.0,0.0
4,mcv:1774,mcv,304,2,1,False,0,0,0,0.0,0.0
4,mcv:866,mcv,508,3,2,False,0,0,0,0.0,0.0
4,mcv:1169,mcv,430,2,2,False,0,0,0,0.0,0.0
4,mcv:991,mcv,408,4,1,False,0,0,0,0.0,0.0
4,fd:331,fd,27,3,2,False,0,0,0,0.0,0.0
4,fd:463,fd,27,2,2,False,0,0,0,0.0,0.0
4,mcv:1301,mcv,226,2,2,False,0,0,0,0.0,0.0
4,mcv:1580,mcv,148,1,2,False,0,0,0,0.0,0.0
4,fd:399,fd,27,4,1,False,0,0,0,0.0,0.0
4,mcv:761,mcv,292,3,2,False,0,0,0,0.0,0.0
4,mcv:1822,mcv,666,1,2,False,0,0,0,0.0,0.0
4,mcv:1195,mcv,496,1,3,False,0,0,0,0.0,0.0
4,fd:181,fd,27,4,2,False,0,0,0,0.0,0.0
4,mcv:551,mcv,588,5,1,True,0,0,0,0.0,0.0
4,mcv:785,mcv,458,3,2,False,0,0,0,0.0,0.0
4,mcv:37,mcv,456,7,3,False,0,0,0,0.0,0.0
4,fd:212,fd,27,5,1,False,0,0,0,0.0,0.0
4,mcv:455,mcv,196,4,2,True,2,1,1,0.04376831574289497,0.3583258072238107
4,mcv:555,mcv,1366,4,2,False,0,0,0,0.0,0.0
4,mcv:259,mcv,544,5,2,False,0,0,0,0.0,0.0
4,fd:17,fd,41,7,3,False,0,0,0,0.0,0.0
4,mcv:1773,mcv,462,0,3,False,0,0,0,0.0,0.0
4,mcv:1217,mcv,476,3,1,False,0,0,0,0.0,0.0
4,mcv:171,mcv,804,5,3,False,0,0,0,0.0,0.0
4,mcv:425,mcv,422,5,1,False,0,0,0,0.0,0.0
4,fd:353,fd,27,4,1,False,0,0,0,0.0,0.0
4,mcv:1122,mcv,174,2,2,False,0,0,0,0.0,0.0
4,fd:319,fd,27,4,1,False,0,0,0,0.0,0.0
4,mcv:1503,mcv,506,2,1,False,0,0,0,0.0,0.0
4,mcv:504,mcv,558,1,5,False,0,0,0,0.0,0.0
4,mcv:255,mcv,270,4,3,False,0,0,0,0.0,0.0
4,mcv:1585,mcv,218,2,1,False,0,0,0,0.0,0.0
4,fd:304,fd,27,3,2,False,0,0,0,0.0,0.0
4,mcv:1066,mcv,304,3,1,False,0,0,0,0.0,0.0
4,fd:560,fd,27,2,1,False,0,0,0,0.0,0.0
4,mcv:1496,mcv,500,2,1,False,0,0,0,0.0,0.0
4,fd:582,fd,27,2,1,False,0,0,0,0.0,0.0
4,mcv:122,mcv,540,5,3,False,0,0,0,0.0,0.0
4,mcv:1537,mcv,344,2,1,False,0,0,0,0.0,0.0
4,mcv:0,mcv,196,10,3,False,0,0,0,0.0,0.0
4,fd:97,fd,27,4,3,False,0,0,0,0.0,0.0
4,fd:444,fd,27,2,2,False,0,0,0,0.0,0.0
4,mcv:1756,mcv,540,1,2,False,0,0,0,0.0,0.0
4,mcv:549,mcv,1052,5,1,False,0,0,0,0.0,0.0
4,mcv:1590,mcv,378,2,1,False,0,0,0,0.0,0.0
4,fd:167,fd,27,5,1,False,0,0,0,0.0,0.0
4,fd:158,fd,27,4,2,False,0,0,0,0.0,0.0
4,fd:287,fd,27,4,1,False,0,0,0,0.0,0.0
4,fd:301,fd,27,3,2,False,0,0,0,0.0,0.0
4,mcv:809,mcv,500,4,1,True,1,1,0,0.1043768058322756,0.0
4,mcv:279,mcv,716,5,2,False,0,0,0,0.0,0.0
4,mcv:904,mcv,600,4,1,True,0,0,0,0.0,0.0
4,fd:576,fd,27,2,1,False,0,0,0,0.0,0.0
4,fd:0,fd,27,10,3,False,0,0,0,0.0,0.0
4,mcv:211,mcv,550,5,2,False,0,0,0,0.0,0.0
4,mcv:770,mcv,322,3,2,False,0,0,0,0.0,0.0
4,mcv:1494,mcv,304,2,1,False,0,0,0,0.0,0.0
4,fd:426,fd,27,3,1,False,0,0,0,0.0,0.0
4,mcv:810,mcv,454,4,1,False,0,0,0,0.0,0.0
4,mcv:776,mcv,462,3,2,False,0,0,0,0.0,0.0
4,mcv:687,mcv,574,3,2,False,0,0,0,0.0,0.0
4,fd:562,fd,27,2,1,False,0,0,0,0.0,0.0
4,mcv:46,mcv,634,7,2,False,0,0,0,0.0,0.0
4,fd:65,fd,27,5,3,False,0,0,0,0.0,0.0
4,mcv:1218,mcv,772,3,1,False,0,0,0,0.0,0.0
4,mcv:983,mcv,686,3,2,False,0,0,0,0.0,0.0
4,mcv:1392,mcv,274,2,2,False,0,0,0,0.0,0.0
4,mcv:1674,mcv,708,1,2,False,0,0,0,0.0,0.0
4,mcv:281,mcv,178,5,2,False,0,0,0,0.0,0.0
4,mcv:729,mcv,270,4,1,False,0,0,0,0.0,0.0
4,mcv:844,mcv,362,4,1,True,1,1,0,0.536261072672984,0.0
4,mcv:395,mcv,644,4,2,False,0,0,0,0.0,0.0
4,mcv:1758,mcv,930,2,1,False,0,0,0,0.0,0.0
4,mcv:936,mcv,426,2,3,True,3,1,2,30.065280188783433,0.057365797154562914
4,fd:315,fd,27,4,1,False,0,0,0,0.0,0.0
4,fd:567,fd,27,2,1,False,0,0,0,0.0,0.0
4,mcv:1220,mcv,466,2,2,False,0,0,0,0.0,0.0
4,fd:629,fd,41,1,2,True,0,0,0,0.0,0.0
4,mcv:1120,mcv,462,2,2,False,0,0,0,0.0,0.0
4,mcv:72,mcv,606,6,3,False,0,0,0,0.0,0.0
4,mcv:1623,mcv,614,2,1,False,0,0,0,0.0,0.0
4,mcv:1986,mcv,296,1,1,False,0,0,0,0.0,0.0
4,mcv:1460,mcv,292,2,2,False,0,0,0,0.0,0.0
4,fd:344,fd,27,4,1,False,0,0,0,0.0,0.0
4,fd:165,fd,27,4,2,False,0,0,0,0.0,0.0
4,mcv:276,mcv,966,4,3,False,0,0,0,0.0,0.0
4,mcv:422,mcv,466,4,2,True,2,0,2,0.0,3.8910619536004925
4,mcv:1307,mcv,378,3,1,False,0,0,0,0.0,0.0
4,mcv:110,mcv,148,7,1,False,0,0,0,0.0,0.0
4,mcv:138,mcv,392,5,3,False,0,0,0,0.0,0.0
4,mcv:1649,mcv,410,2,1,False,0,0,0,0.0,0.0
4,fd:490,fd,27,3,1,False,0,0,0,0.0,0.0
4,mcv:1707,mcv,532,1,2,False,0,0,0,0.0,0.0
4,mcv:1312,mcv,690,2,2,True,0,0,0,0.0,0.0
4,mcv:525,mcv,452,4,2,False,0,0,0,0.0,0.0
4,fd:695,fd,27,1,1,False,0,0,0,0.0,0.0
4,mcv:1334,mcv,278,2,2,False,0,0,0,0.0,0.0
4,mcv:583,mcv,196,3,3,False,0,0,0,0.0,0.0
4,mcv:426,mcv,200,4,2,False,0,0,0,0.0,0.0
4,mcv:2078,mcv,200,1,1,False,0,0,0,0.0,0.0
4,fd:168,fd,27,4,2,True,1,0,1,0.0,0.002894268384352472
4,mcv:1304,mcv,720,2,2,False,0,0,0,0.0,0.0
4,mcv:153,mcv,428,7,1,False,0,0,0,0.0,0.0
4,fd:724,fd,27,1,1,False,0,0,0,0.0,0.0
4,mcv:135,mcv,572,6,2,False,0,0,0,0.0,0.0
4,mcv:996,mcv,218,2,3,False,0,0,0,0.0,0.0
4,mcv:727,mcv,270,4,1,False,0,0,0,0.0,0.0
4,fd:50,fd,27,5,3,False,0,0,0,0.0,0.0
4,mcv:892,mcv,226,4,1,False,0,0,0,0.0,0.0
4,mcv:1720,mcv,314,2,1,False,0,0,0,0.0,0.0
4,fd:554,fd,27,3,1,True,0,0,0,0.0,0.0
4,mcv:1997,mcv,406,1,1,False,0,0,0,0.0,0.0
4,mcv:1198,mcv,1414,3,1,False,0,0,0,0.0,0.0
4,mcv:268,mcv,2382,5,2,False,0,0,0,0.0,0.0
4,mcv:41,mcv,968,7,3,False,0,0,0,0.0,0.0
4,mcv:242,mcv,170,6,1,False,0,0,0,0.0,0.0
4,mcv:434,mcv,850,4,2,False,0,0,0,0.0,0.0
4,mcv:1916,mcv,318,1,1,False,0,0,0,0.0,0.0
4,mcv:282,mcv,1184,4,3,False,0,0,0,0.0,0.0
4,mcv:2003,mcv,480,0,2,False,0,0,0,0.0,0.0
4,mcv:61,mcv,358,5,4,False,0,0,0,0.0,0.0
4,mcv:124,mcv,856,7,1,False,0,0,0,0.0,0.0
4,mcv:792,mcv,544,3,2,False,0,0,0,0.0,0.0
4,mcv:1659,mcv,1544,2,1,False,0,0,0,0.0,0.0
4,mcv:1455,mcv,608,3,1,False,0,0,0,0.0,0.0
4,mcv:143,mcv,196,4,4,False,0,0,0,0.0,0.0
4,mcv:1204,mcv,838,2,2,False,0,0,0,0.0,0.0
4,mcv:1913,mcv,676,1,1,False,0,0,0,0.0,0.0
4,mcv:837,mcv,296,3,2,False,0,0,0,0.0,0.0
4,fd:103,fd,27,5,2,False,0,0,0,0.0,0.0
4,mcv:239,mcv,218,5,2,False,0,0,0,0.0,0.0
4,mcv:1562,mcv,266,2,1,False,0,0,0,0.0,0.0
4,mcv:1342,mcv,196,3,1,False,0,0,0,0.0,0.0
4,mcv:2091,mcv,330,1,1,False,0,0,0,0.0,0.0
4,fd:693,fd,27,1,1,False,0,0,0,0.0,0.0
4,mcv:918,mcv,244,1,4,False,0,0,0,0.0,0.0
4,fd:503,fd,27,3,1,False,0,0,0,0.0,0.0
4,mcv:899,mcv,418,4,1,False,0,0,0,0.0,0.0
4,fd:57,fd,27,7,1,True,0,0,0,0.0,0.0
4,mcv:1973,mcv,620,1,1,False,0,0,0,0.0,0.0
4,mcv:958,mcv,174,3,2,False,0,0,0,0.0,0.0
4,fd:350,fd,27,4,1,False,0,0,0,0.0,0.0
4,mcv:485,mcv,174,4,2,False,0,0,0,0.0,0.0
4,mcv:548,mcv,148,3,3,False,0,0,0,0.0,0.0
4,fd:360,fd,27,1,4,False,0,0,0,0.0,0.0
4,fd:732,fd,27,1,1,False,0,0,0,0.0,0.0
4,mcv:155,mcv,196,7,1,False,0,0,0,0.0,0.0
4,mcv:368,mcv,668,4,2,True,2,0,2,0.0,0.07944179993679823
4,fd:373,fd,27,3,2,False,0,0,0,0.0,0.0
4,mcv:1480,mcv,764,2,1,False,0,0,0,0.0,0.0
4,fd:39,fd,27,4,4,False,0,0,0,0.0,0.0
4,mcv:365,mcv,988,3,3,False,0,0,0,0.0,0.0
4,fd:4,fd,41,6,4,False,0,0,0,0.0,0.0
4,mcv:643,mcv,628,3,2,False,0,0,0,0.0,0.0
4,mcv:588,mcv,540,4,2,False,0,0,0,0.0,0.0
4,mcv:594,mcv,314,4,2,False,0,0,0,0.0,0.0
4,mcv:586,mcv,438,2,4,False,0,0,0,0.0,0.0
4,fd:240,fd,41,4,2,False,0,0,0,0.0,0.0
4,mcv:382,mcv,388,4,2,True,0,0,0,0.0,0.0
4,mcv:675,mcv,502,3,2,False,0,0,0,0.0,0.0
4,mcv:13,mcv,278,6,4,False,0,0,0,0.0,0.0
4,mcv:645,mcv,956,3,2,False,0,0,0,0.0,0.0
4,mcv:538,mcv,278,4,2,True,0,0,0,0.0,0.0
4,mcv:208,mcv,654,4,3,False,0,0,0,0.0,0.0
4,fd:151,fd,27,4,2,False,0,0,0,0.0,0.0
4,fd:16,fd,41,8,2,False,0,0,0,0.0,0.0
4,mcv:36,mcv,510,8,2,False,0,0,0,0.0,0.0
4,fd:386,fd,27,3,2,False,0,0,0,0.0,0.0
4,fd:279,fd,27,3,2,False,0,0,0,0.0,0.0
4,mcv:369,mcv,786,5,1,False,0,0,0,0.0,0.0
4,mcv:945,mcv,340,3,2,False,0,0,0,0.0,0.0
4,mcv:150,mcv,292,7,1,False,0,0,0,0.0,0.0
4,fd:55,fd,27,7,1,False,0,0,0,0.0,0.0
4,mcv:972,mcv,366,3,2,False,0,0,0,0.0,0.0
4,mcv:96,mcv,594,4,4,True,4,3,1,0.42912487435537416,0.024039769623198204
4,mcv:64,mcv,382,6,3,False,0,0,0,0.0,0.0
4,fd:206,fd,41,4,2,False,0,0,0,0.0,0.0
4,mcv:886,mcv,300,3,2,False,0,0,0,0.0,0.0
4,fd:210,fd,27,5,1,False,0,0,0,0.0,0.0
4,fd:278,fd,27,3,2,False,0,0,0,0.0,0.0
4,mcv:1492,mcv,940,2,1,False,0,0,0,0.0,0.0
4,fd:491,fd,27,2,2,False,0,0,0,0.0,0.0
4,mcv:1305,mcv,466,2,2,False,0,0,0,0.0,0.0
4,mcv:1489,mcv,1054,2,1,False,0,0,0,0.0,0.0
4,fd:40,fd,41,6,2,False,0,0,0,0.0,0.0
4,fd:343,fd,27,3,2,False,0,0,0,0.0,0.0
4,mcv:1501,mcv,514,2,1,False,0,0,0,0.0,0.0
4,mcv:905,mcv,486,4,1,False,0,0,0,0.0,0.0
4,fd:536,fd,41,3,1,False,0,0,0,0.0,0.0
4,mcv:1309,mcv,720,2,2,False,0,0,0,0.0,0.0
4,mcv:888,mcv,500,3,2,False,0,0,0,0.0,0.0
4,fd:606,fd,27,2,1,False,0,0,0,0.0,0.0
4,mcv:2109,mcv,706,1,1,False,0,0,0,0.0,0.0
4,fd:58,fd,27,5,3,True,0,0,0,0.0,0.0
4,mcv:898,mcv,296,4,1,False,0,0,0,0.0,0.0
4,mcv:673,mcv,330,3,2,False,0,0,0,0.0,0.0
4,fd:157,fd,27,5,1,False,0,0,0,0.0,0.0
4,mcv:377,mcv,452,5,1,False,0,0,0,0.0,0.0
4,fd:348,fd,27,4,1,False,0,0,0,0.0,0.0
4,mcv:47,mcv,434,8,1,False,0,0,0,0.0,0.0
4,fd:354,fd,27,4,1,False,0,0,0,0.0,0.0
4,mcv:897,mcv,304,4,1,False,0,0,0,0.0,0.0
4,fd:349,fd,27,4,1,False,0,0,0,0.0,0.0
4,mcv:867,mcv,1356,4,1,False,0,0,0,0.0,0.0
4,mcv:1420,mcv,538,3,1,False,0,0,0,0.0,0.0
4,mcv:1705,mcv,482,2,1,False,0,0,0,0.0,0.0
4,mcv:393,mcv,644,5,1,False,0,0,0,0.0,0.0
4,mcv:156,mcv,430,5,3,False,0,0,0,0.0,0.0
4,mcv:1059,mcv,1128,2,2,False,0,0,0,0.0,0.0
4,mcv:2054,mcv,820,1,1,False,0,0,0,0.0,0.0
4,mcv:102,mcv,564,6,2,False,0,0,0,0.0,0.0
4,fd:198,fd,41,5,1,False,0,0,0,0.0,0.0
4,mcv:381,mcv,362,5,1,False,0,0,0,0.0,0.0
4,mcv:2104,mcv,352,0,2,False,0,0,0,0.0,0.0
4,mcv:1310,mcv,982,2,2,False,0,0,0,0.0,0.0
4,mcv:547,mcv,434,5,1,False,0,0,0,0.0,0.0
4,mcv:522,mcv,470,5,1,False,0,0,0,0.0,0.0
4,mcv:584,mcv,356,5,1,False,0,0,0,0.0,0.0
4,mcv:298,mcv,174,5,2,False,0,0,0,0.0,0.0
4,mcv:292,mcv,406,4,3,False,0,0,0,0.0,0.0
4,mcv:1314,mcv,340,3,1,False,0,0,0,0.0,0.0
4,mcv:928,mcv,650,4,1,False,0,0,0,0.0,0.0
4,mcv:527,mcv,178,4,2,False,0,0,0,0.0,0.0
4,fd:607,fd,41,1,2,False,0,0,0,0.0,0.0
4,fd:500,fd,27,3,1,False,0,0,0,0.0,0.0
4,fd:237,fd,27,5,1,False,0,0,0,0.0,0.0
4,mcv:2069,mcv,458,1,1,False,0,0,0,0.0,0.0
4,mcv:1710,mcv,174,2,1,False,0,0,0,0.0,0.0
4,mcv:546,mcv,406,4,2,False,0,0,0,0.0,0.0
4,mcv:2074,mcv,340,0,2,False,0,0,0,0.0,0.0
4,mcv:1315,mcv,470,2,2,False,0,0,0,0.0,0.0
4,mcv:5,mcv,414,9,2,False,0,0,0,0.0,0.0
4,mcv:1748,mcv,226,2,1,False,0,0,0,0.0,0.0
4,mcv:2231,mcv,226,0,1,False,0,0,0,0.0,0.0
4,fd:747,fd,27,0,1,False,0,0,0,0.0,0.0
4,fd:114,fd,27,5,2,False,0,0,0,0.0,0.0
4,fd:609,fd,27,2,1,False,0,0,0,0.0,0.0
4,mcv:1329,mcv,610,3,1,False,0,0,0,0.0,0.0
4,mcv:1708,mcv,274,1,2,False,0,0,0,0.0,0.0
4,mcv:2217,mcv,226,0,1,False,0,0,0,0.0,0.0
4,fd:749,fd,41,0,1,False,0,0,0,0.0,0.0
4,fd:201,fd,41,4,2,False,0,0,0,0.0,0.0
4,mcv:1716,mcv,200,2,1,False,0,0,0,0.0,0.0
4,mcv:535,mcv,340,5,1,False,0,0,0,0.0,0.0
4,mcv:237,mcv,174,5,2,False,0,0,0,0.0,0.0
4,mcv:236,mcv,148,4,3,False,0,0,0,0.0,0.0
4,mcv:737,mcv,434,4,1,False,0,0,0,0.0,0.0
4,fd:93,fd,41,4,3,True,0,0,0,0.0,0.0
4,mcv:18,mcv,174,9,1,False,0,0,0,0.0,0.0
4,mcv:111,mcv,174,5,3,False,0,0,0,0.0,0.0
4,fd:466,fd,27,3,1,False,0,0,0,0.0,0.0
4,mcv:123,mcv,148,7,1,False,0,0,0,0.0,0.0
4,fd:292,fd,27,4,1,False,0,0,0,0.0,0.0
4,mcv:906,mcv,522,4,1,False,0,0,0,0.0,0.0
4,mcv:1786,mcv,196,1,2,False,0,0,0,0.0,0.0
4,mcv:768,mcv,170,4,1,False,0,0,0,0.0,0.0
4,mcv:1346,mcv,540,2,2,True,2,0,2,0.0,0.04213779285530572
4,mcv:1197,mcv,218,2,2,False,0,0,0,0.0,0.0
4,mcv:232,mcv,148,4,3,False,0,0,0,0.0,0.0
4,mcv:566,mcv,244,5,1,False,0,0,0,0.0,0.0
4,mcv:1406,mcv,222,2,2,False,0,0,0,0.0,0.0
4,fd:506,fd,27,2,2,False,0,0,0,0.0,0.0
4,fd:223,fd,27,5,1,False,0,0,0,0.0,0.0
4,mcv:165,mcv,218,7,1,False,0,0,0,0.0,0.0
4,fd:43,fd,27,5,3,False,0,0,0,0.0,0.0
4,fd:467,fd,27,1,3,False,0,0,0,0.0,0.0
4,mcv:1124,mcv,148,2,2,False,0,0,0,0.0,0.0
4,fd:44,fd,27,7,1,False,0,0,0,0.0,0.0
4,mcv:1191,mcv,196,1,3,False,0,0,0,0.0,0.0
4,fd:180,fd,27,5,1,True,1,1,0,0.0053392558724609795,0.0
4,fd:6,fd,27,9,1,True,1,1,0,0.0005830788569687329,0.0
4,fd:94,fd,27,5,2,False,0,0,0,0.0,0.0
4,mcv:2119,mcv,218,1,1,False,0,0,0,0.0,0.0
4,mcv:1188,mcv,196,3,1,False,0,0,0,0.0,0.0
4,mcv:450,mcv,196,5,1,False,0,0,0,0.0,0.0
4,mcv:127,mcv,694,7,1,False,0,0,0,0.0,0.0
4,fd:20,fd,27,7,2,True,0,0,0,0.0,0.0
4,mcv:2037,mcv,632,1,1,False,0,0,0,0.0,0.0
4,mcv:2083,mcv,374,1,1,False,0,0,0,0.0,0.0
4,mcv:1108,mcv,572,3,1,False,0,0,0,0.0,0.0
4,mcv:1706,mcv,702,1,2,False,0,0,0,0.0,0.0
4,mcv:1886,mcv,760,1,1,False,0,0,0,0.0,0.0
4,mcv:1101,mcv,896,3,1,True,0,0,0,0.0,0.0
4,mcv:48,mcv,524,7,2,False,0,0,0,0.0,0.0
4,mcv:794,mcv,1044,3,2,True,2,2,0,9.382658185280594,0.0
4,fd:46,fd,27,7,1,False,0,0,0,0.0,0.0
4,mcv:336,mcv,174,5,2,False,0,0,0,0.0,0.0
4,mcv:508,mcv,314,5,1,False,0,0,0,0.0,0.0
4,mcv:987,mcv,484,4,1,True,1,1,0,0.1421711162439223,0.0
4,mcv:2110,mcv,408,1,1,True,0,0,0,0.0,0.0
4,mcv:703,mcv,496,3,2,False,0,0,0,0.0,0.0
4,fd:152,fd,27,4,2,False,0,0,0,0.0,0.0
4,mcv:383,mcv,278,4,2,False,0,0,0,0.0,0.0
4,mcv:209,mcv,362,5,2,False,0,0,0,0.0,0.0
4,mcv:1761,mcv,512,1,2,False,0,0,0,0.0,0.0
4,fd:30,fd,41,7,2,False,0,0,0,0.0,0.0
4,mcv:25,mcv,524,5,5,False,0,0,0,0.0,0.0
4,fd:67,fd,27,6,2,False,0,0,0,0.0,0.0
4,mcv:12,mcv,476,8,2,False,0,0,0,0.0,0.0
4,mcv:1508,mcv,910,1,2,False,0,0,0,0.0,0.0
4,mcv:218,mcv,804,5,2,False,0,0,0,0.0,0.0
4,mcv:105,mcv,344,6,2,False,0,0,0,0.0,0.0
4,fd:190,fd,27,5,1,False,0,0,0,0.0,0.0
4,mcv:387,mcv,932,3,3,False,0,0,0,0.0,0.0
4,fd:656,fd,27,2,1,False,0,0,0,0.0,0.0
4,mcv:507,mcv,384,4,2,False,0,0,0,0.0,0.0
4,fd:64,fd,41,5,3,False,0,0,0,0.0,0.0
4,mcv:934,mcv,404,3,2,False,0,0,0,0.0,0.0
4,mcv:1823,mcv,222,2,1,False,0,0,0,0.0,0.0
4,fd:401,fd,27,3,2,False,0,0,0,0.0,0.0
4,mcv:79,mcv,392,7,2,False,0,0,0,0.0,0.0
4,fd:283,fd,27,3,2,True,0,0,0,0.0,0.0
4,mcv:1388,mcv,374,3,1,False,0,0,0,0.0,0.0
4,mcv:403,mcv,322,4,2,False,0,0,0,0.0,0.0
4,fd:135,fd,27,5,2,False,0,0,0,0.0,0.0
4,mcv:59,mcv,244,7,2,True,1,0,0,0.0,0.0
4,mcv:175,mcv,292,6,2,False,0,0,0,0.0,0.0
4,mcv:995,mcv,304,3,2,False,0,0,0,0.0,0.0
4,mcv:1444,mcv,940,3,1,False,0,0,0,0.0,0.0
4,mcv:343,mcv,576,5,2,False,0,0,0,0.0,0.0
4,mcv:170,mcv,724,5,3,False,0,0,0,0.0,0.0
4,fd:41,fd,41,6,2,False,0,0,0,0.0,0.0
4,fd:9,fd,27,5,5,False,0,0,0,0.0,0.0
4,mcv:949,mcv,300,4,1,False,0,0,0,0.0,0.0
4,mcv:1051,mcv,884,2,2,False,0,0,0,0.0,0.0
4,mcv:1281,mcv,352,2,2,False,0,0,0,0.0,0.0
4,mcv:1453,mcv,576,3,1,False,0,0,0,0.0,0.0
4,mcv:1809,mcv,296,2,1,False,0,0,0,0.0,0.0
4,fd:23,fd,27,7,2,False,0,0,0,0.0,0.0
4,mcv:700,mcv,524,4,1,False,0,0,0,0.0,0.0
4,fd:154,fd,41,3,3,False,0,0,0,0.0,0.0
4,mcv:1509,mcv,318,2,1,False,0,0,0,0.0,0.0
4,fd:650,fd,27,2,1,False,0,0,0,0.0,0.0
4,mcv:389,mcv,408,3,3,True,2,2,0,0.3047433410731917,0.0
4,mcv:872,mcv,510,3,2,False,0,0,0,0.0,0.0
4,mcv:1032,mcv,532,2,2,False,0,0,0,0.0,0.0
4,mcv:355,mcv,348,5,2,False,0,0,0,0.0,0.0
4,fd:332,fd,27,4,1,False,0,0,0,0.0,0.0
4,fd:492,fd,27,2,2,False,0,0,0,0.0,0.0
4,mcv:868,mcv,536,4,1,False,0,0,0,0.0,0.0
4,mcv:1368,mcv,484,2,2,False,0,0,0,0.0,0.0
4,mcv:524,mcv,808,2,4,False,0,0,0,0.0,0.0
4,fd:143,fd,27,5,2,False,0,0,0,0.0,0.0
4,mcv:1630,mcv,278,1,2,False,0,0,0,0.0,0.0
4,mcv:1632,mcv,738,2,1,False,0,0,0,0.0,0.0
4,mcv:475,mcv,658,5,1,False,0,0,0,0.0,0.0
4,mcv:1457,mcv,458,3,1,False,0,0,0,0.0,0.0
4,fd:266,fd,27,4,1,False,0,0,0,0.0,0.0
4,mcv:480,mcv,362,5,1,False,0,0,0,0.0,0.0
4,mcv:568,mcv,196,5,1,False,0,0,0,0.0,0.0
4,fd:587,fd,27,1,2,True,0,0,0,0.0,0.0
4,fd:3,fd,41,7,4,True,1,0,1,0.0,0.008477425832740026
4,mcv:1424,mcv,772,1,3,False,0,0,0,0.0,0.0
4,mcv:1807,mcv,888,2,1,False,0,0,0,0.0,0.0
4,mcv:651,mcv,470,2,3,False,0,0,0,0.0,0.0
4,mcv:1313,mcv,798,2,2,True,1,1,0,0.009807399587327348,0.0
4,mcv:2178,mcv,392,0,1,False,0,0,0,0.0,0.0
4,mcv:1023,mcv,684,3,1,False,0,0,0,0.0,0.0
4,mcv:367,mcv,1242,4,2,False,0,0,0,0.0,0.0
4,mcv:647,mcv,1350,4,1,False,0,0,0,0.0,0.0
4,mcv:85,mcv,170,6,3,False,0,0,0,0.0,0.0
4,mcv:8,mcv,952,10,1,False,0,0,0,0.0,0.0
4,fd:200,fd,41,2,4,True,0,0,0,0.0,0.0
4,mcv:90,mcv,1194,3,5,False,0,0,0,0.0,0.0
4,mcv:9,mcv,512,7,4,False,0,0,0,0.0,0.0
4,fd:225,fd,27,5,1,True,0,0,0,0.0,0.0
4,mcv:1221,mcv,664,3,1,False,0,0,0,0.0,0.0
4,mcv:197,mcv,646,6,1,False,0,0,0,0.0,0.0
4,mcv:132,mcv,196,6,2,False,0,0,0,0.0,0.0
4,fd:31,fd,27,8,1,False,0,0,0,0.0,0.0
4,fd:239,fd,27,3,3,False,0,0,0,0.0,0.0
4,mcv:1418,mcv,304,3,1,False,0,0,0,0.0,0.0
4,mcv:974,mcv,148,4,1,False,0,0,0,0.0,0.0
4,mcv:1,mcv,244,10,3,False,0,0,0,0.0,0.0
4,mcv:81,mcv,322,8,1,False,0,0,0,0.0,0.0
4,fd:535,fd,41,3,1,False,0,0,0,0.0,0.0
4,mcv:585,mcv,460,4,2,False,0,0,0,0.0,0.0
4,mcv:1227,mcv,288,2,2,False,0,0,0,0.0,0.0
4,fd:238,fd,41,4,2,False,0,0,0,0.0,0.0
4,fd:483,fd,27,2,2,False,0,0,0,0.0,0.0
4,fd:48,fd,27,6,2,False,0,0,0,0.0,0.0
4,mcv:65,mcv,196,8,1,True,1,1,0,5.936734148725975e-08,0.0
4,mcv:587,mcv,400,3,3,False,0,0,0,0.0,0.0
4,mcv:1275,mcv,244,2,2,False,0,0,0,0.0,0.0
4,mcv:1317,mcv,300,3,1,False,0,0,0,0.0,0.0
4,fd:47,fd,27,7,1,False,0,0,0,0.0,0.0
4,mcv:60,mcv,218,8,1,False,0,0,0,0.0,0.0
4,mcv:1226,mcv,288,2,2,False,0,0,0,0.0,0.0
4,mcv:1759,mcv,400,2,1,False,0,0,0,0.0,0.0
4,mcv:2,mcv,218,9,3,True,3,1,1,1.3199656923035263e-09,107.23451238012666
4,mcv:1673,mcv,274,2,1,False,0,0,0,0.0,0.0
4,fd:691,fd,27,0,2,False,0,0,0,0.0,0.0
4,mcv:131,mcv,196,7,1,False,0,0,0,0.0,0.0
4,mcv:1971,mcv,514,0,2,False,0,0,0,0.0,0.0
4,fd:1,fd,27,10,3,False,0,0,0,0.0,0.0
4,mcv:1326,mcv,196,3,1,False,0,0,0,0.0,0.0
4,mcv:294,mcv,196,6,1,True,0,0,0,0.0,0.0
4,mcv:880,mcv,196,4,1,False,0,0,0,0.0,0.0
4,mcv:235,mcv,300,5,2,False,0,0,0,0.0,0.0
4,mcv:433,mcv,200,3,3,False,0,0,0,0.0,0.0
4,mcv:1148,mcv,170,3,1,False,0,0,0,0.0,0.0
4,fd:402,fd,41,4,1,False,0,0,0,0.0,0.0
4,mcv:1094,mcv,318,3,1,False,0,0,0,0.0,0.0
4,mcv:1171,mcv,222,2,2,False,0,0,0,0.0,0.0
4,fd:295,fd,27,4,1,False,0,0,0,0.0,0.0
4,mcv:1123,mcv,170,3,1,False,0,0,0,0.0,0.0
4,mcv:997,mcv,178,4,1,False,0,0,0,0.0,0.0
4,fd:178,fd,27,5,1,False,0,0,0,0.0,0.0
4,mcv:447,mcv,388,5,1,True,1,1,0,0.02257507138173409,0.0
4,mcv:1911,mcv,170,1,1,False,0,0,0,0.0,0.0
4,mcv:766,mcv,170,4,1,False,0,0,0,0.0,0.0
4,mcv:704,mcv,318,4,1,False,0,0,0,0.0,0.0
4,mcv:617,mcv,366,4,2,False,0,0,0,0.0,0.0
4,mcv:113,mcv,218,5,3,True,1,1,0,1.4895842337381282e-09,0.0
4,mcv:1514,mcv,362,2,1,False,0,0,0,0.0,0.0
4,mcv:1829,mcv,218,1,2,False,0,0,0,0.0,0.0
4,fd:299,fd,27,4,1,False,0,0,0,0.0,0.0
4,mcv:741,mcv,196,4,1,False,0,0,0,0.0,0.0
4,mcv:1096,mcv,410,2,2,False,0,0,0,0.0,0.0
4,fd:174,fd,41,3,3,True,3,1,1,0.00031614355332720834,0.0015919248965916566
4,fd:92,fd,27,5,2,False,0,0,0,0.0,0.0
4,mcv:407,mcv,318,5,1,False,0,0,0,0.0,0.0
4,mcv:121,mcv,218,7,1,False,0,0,0,0.0,0.0
4,mcv:748,mcv,388,4,1,False,0,0,0,0.0,0.0
4,mcv:1545,mcv,148,2,1,False,0,0,0,0.0,0.0
4,mcv:10,mcv,546,6,5,False,0,0,0,0.0,0.0
4,fd:453,fd,27,3,1,False,0,0,0,0.0,0.0
4,mcv:1608,mcv,886,1,2,False,0,0,0,0.0,0.0
4,mcv:2035,mcv,690,1,1,False,0,0,0,0.0,0.0
4,mcv:45,mcv,652,6,3,False,0,0,0,0.0,0.0
4,mcv:678,mcv,326,4,1,False,0,0,0,0.0,0.0
4,mcv:1478,mcv,628,2,1,False,0,0,0,0.0,0.0
4,fd:95,fd,27,6,1,False,0,0,0,0.0,0.0
4,mcv:1025,mcv,856,3,1,True,1,1,0,0.07002602133232716,0.0
4,mcv:1377,mcv,572,2,2,True,1,1,0,0.001165143760363918,0.0
4,fd:485,fd,27,2,2,False,0,0,0,0.0,0.0
4,mcv:859,mcv,274,3,2,False,0,0,0,0.0,0.0
4,mcv:1498,mcv,396,1,2,False,0,0,0,0.0,0.0
4,mcv:642,mcv,518,4,1,False,0,0,0,0.0,0.0
4,mcv:1031,mcv,448,2,2,False,0,0,0,0.0,0.0
4,fd:413,fd,27,3,1,False,0,0,0,0.0,0.0
4,mcv:638,mcv,1518,3,2,False,0,0,0,0.0,0.0
4,fd:603,fd,27,2,1,False,0,0,0,0.0,0.0
4,mcv:1284,mcv,222,2,2,False,0,0,0,0.0,0.0
4,fd:84,fd,27,5,2,False,0,0,0,0.0,0.0
4,mcv:763,mcv,218,4,1,False,0,0,0,0.0,0.0
4,mcv:1199,mcv,812,2,2,False,0,0,0,0.0,0.0
4,mcv:2208,mcv,362,0,1,False,0,0,0,0.0,0.0
4,mcv:2168,mcv,196,0,1,False,0,0,0,0.0,0.0
4,mcv:215,mcv,304,5,2,False,0,0,0,0.0,0.0
4,mcv:249,mcv,544,6,1,False,0,0,0,0.0,0.0
4,fd:519,fd,27,2,2,False,0,0,0,0.0,0.0
4,mcv:1174,mcv,436,2,2,False,0,0,0,0.0,0.0
4,mcv:1691,mcv,174,2,1,False,0,0,0,0.0,0.0
4,mcv:261,mcv,614,5,2,False,0,0,0,0.0,0.0
4,mcv:1949,mcv,1008,1,1,False,0,0,0,0.0,0.0
4,mcv:1022,mcv,492,3,1,False,0,0,0,0.0,0.0
4,mcv:167,mcv,196,6,2,False,0,0,0,0.0,0.0
4,mcv:681,mcv,330,4,1,False,0,0,0,0.0,0.0
4,mcv:637,mcv,560,3,2,False,0,0,0,0.0,0.0
4,mcv:1073,mcv,544,3,1,False,0,0,0,0.0,0.0
4,fd:250,fd,27,5,1,False,0,0,0,0.0,0.0
4,mcv:604,mcv,538,5,1,False,0,0,0,0.0,0.0
4,mcv:1671,mcv,2142,2,1,True,1,1,0,0.013168178838345534,0.0
4,mcv:840,mcv,356,4,1,False,0,0,0,0.0,0.0
4,mcv:66,mcv,248,8,1,False,0,0,0,0.0,0.0
4,mcv:1325,mcv,728,3,1,True,0,0,0,0.0,0.0
4,fd:11,fd,27,7,3,False,0,0,0,0.0,0.0
4,mcv:826,mcv,366,2,3,True,2,1,1,114.04715662941254,0.004973094783994325
4,fd:24,fd,27,8,1,False,0,0,0,0.0,0.0
4,mcv:1458,mcv,296,2,2,False,0,0,0,0.0,0.0
4,mcv:494,mcv,300,5,1,False,0,0,0,0.0,0.0
4,mcv:1799,mcv,886,2,1,False,0,0,0,0.0,0.0
4,mcv:846,mcv,314,4,1,True,0,0,0,0.0,0.0
4,mcv:188,mcv,814,6,2,False,0,0,0,0.0,0.0
4,mcv:137,mcv,1136,5,3,False,0,0,0,0.0,0.0
4,mcv:1798,mcv,578,2,1,False,0,0,0,0.0,0.0
4,mcv:29,mcv,876,7,3,True,3,0,3,0.0,0.16523755371439708
4,mcv:1800,mcv,2170,1,2,True,1,1,0,0.3002168706870647,0.0
4,mcv:506,mcv,992,4,2,False,0,0,0,0.0,0.0
4,mcv:832,mcv,1500,4,1,True,0,0,0,0.0,0.0
4,mcv:186,mcv,200,7,1,False,0,0,0,0.0,0.0
4,mcv:1121,mcv,148,2,2,False,0,0,0,0.0,0.0
4,mcv:925,mcv,292,2,3,False,0,0,0,0.0,0.0
4,fd:424,fd,27,3,1,False,0,0,0,0.0,0.0
4,mcv:1860,mcv,278,1,1,True,0,0,0,0.0,0.0
4,fd:423,fd,27,2,2,False,0,0,0,0.0,0.0
4,mcv:1657,mcv,392,2,1,False,0,0,0,0.0,0.0
4,mcv:106,mcv,362,6,2,False,0,0,0,0.0,0.0
4,mcv:78,mcv,196,8,1,False,0,0,0,0.0,0.0
4,mcv:563,mcv,244,5,1,False,0,0,0,0.0,0.0
4,mcv:1539,mcv,318,1,2,False,0,0,0,0.0,0.0
4,mcv:1064,mcv,366,3,1,False,0,0,0,0.0,0.0
4,fd:42,fd,41,4,4,False,0,0,0,0.0,0.0
4,fd:400,fd,27,4,1,False,0,0,0,0.0,0.0
4,mcv:423,mcv,196,5,1,False,0,0,0,0.0,0.0
4,mcv:499,mcv,366,5,1,False,0,0,0,0.0,0.0
4,mcv:139,mcv,432,6,2,False,0,0,0,0.0,0.0
4,mcv:2004,mcv,388,1,1,False,0,0,0,0.0,0.0
4,mcv:107,mcv,278,4,4,False,0,0,0,0.0,0.0
4,mcv:1061,mcv,388,3,1,False,0,0,0,0.0,0.0
4,mcv:1459,mcv,270,2,2,False,0,0,0,0.0,0.0
4,mcv:1525,mcv,366,2,1,False,0,0,0,0.0,0.0
4,mcv:2068,mcv,244,0,2,False,0,0,0,0.0,0.0
4,fd:75,fd,27,7,1,False,0,0,0,0.0,0.0
4,mcv:409,mcv,748,4,2,False,0,0,0,0.0,0.0
4,mcv:1052,mcv,796,2,2,True,2,0,2,0.0,2.4132429718050936
4,fd:589,fd,27,2,1,False,0,0,0,0.0,0.0
4,mcv:379,mcv,748,4,2,False,0,0,0,0.0,0.0
4,fd:29,fd,27,8,1,True,1,0,1,0.0,0.009604510015831735
4,mcv:424,mcv,218,4,2,False,0,0,0,0.0,0.0
4,mcv:210,mcv,392,5,2,False,0,0,0,0.0,0.0
4,mcv:994,mcv,174,4,1,False,0,0,0,0.0,0.0
4,fd:166,fd,27,5,1,False,0,0,0,0.0,0.0
4,mcv:1093,mcv,340,3,1,False,0,0,0,0.0,0.0
4,fd:220,fd,27,5,1,True,1,0,1,0.0,0.14333712580979885
4,mcv:168,mcv,314,6,2,False,0,0,0,0.0,0.0
4,mcv:146,mcv,942,6,2,False,0,0,0,0.0,0.0
4,fd:131,fd,27,6,1,False,0,0,0,0.0,0.0
4,mcv:323,mcv,1052,6,1,False,0,0,0,0.0,0.0
4,mcv:511,mcv,266,4,2,False,0,0,0,0.0,0.0
4,mcv:2024,mcv,314,1,1,False,0,0,0,0.0,0.0
4,mcv:1597,mcv,610,1,2,False,0,0,0,0.0,0.0
4,mcv:196,mcv,448,4,3,False,0,0,0,0.0,0.0
4,mcv:1432,mcv,318,3,1,False,0,0,0,0.0,0.0
4,fd:79,fd,27,5,2,False,0,0,0,0.0,0.0
4,mcv:784,mcv,378,4,1,False,0,0,0,0.0,0.0
4,mcv:1757,mcv,434,2,1,True,1,0,1,0.0,0.6564278327970923
4,fd:282,fd,27,4,1,False,0,0,0,0.0,0.0
4,fd:80,fd,27,4,3,False,0,0,0,0.0,0.0
4,mcv:1362,mcv,170,3,1,False,0,0,0,0.0,0.0
4,mcv:266,mcv,654,6,1,False,0,0,0,0.0,0.0
4,mcv:258,mcv,218,5,2,False,0,0,0,0.0,0.0
4,fd:509,fd,27,3,1,False,0,0,0,0.0,0.0
4,mcv:454,mcv,170,4,2,False,0,0,0,0.0,0.0
4,fd:544,fd,27,3,1,False,0,0,0,0.0,0.0
4,mcv:1069,mcv,304,3,1,False,0,0,0,0.0,0.0
4,mcv:686,mcv,536,4,1,False,0,0,0,0.0,0.0
4,mcv:466,mcv,610,4,2,False,0,0,0,0.0,0.0
4,fd:306,fd,27,4,1,False,0,0,0,0.0,0.0
4,mcv:467,mcv,1074,4,2,False,0,0,0,0.0,0.0
4,fd:186,fd,27,4,2,False,0,0,0,0.0,0.0
4,mcv:2081,mcv,378,0,2,False,0,0,0,0.0,0.0
4,fd:725,fd,27,0,2,False,0,0,0,0.0,0.0
4,mcv:1233,mcv,196,3,1,False,0,0,0,0.0,0.0
4,mcv:1947,mcv,912,1,1,False,0,0,0,0.0,0.0
4,mcv:457,mcv,318,4,2,False,0,0,0,0.0,0.0
4,mcv:1029,mcv,830,3,1,False,0,0,0,0.0,0.0
4,fd:429,fd,27,3,1,False,0,0,0,0.0,0.0
4,mcv:679,mcv,374,3,2,False,0,0,0,0.0,0.0
4,mcv:2127,mcv,606,0,1,False,0,0,0,0.0,0.0
4,mcv:1355,mcv,378,3,1,False,0,0,0,0.0,0.0
4,mcv:195,mcv,470,5,2,False,0,0,0,0.0,0.0
4,mcv:463,mcv,790,3,3,False,0,0,0,0.0,0.0
4,mcv:495,mcv,716,4,2,False,0,0,0,0.0,0.0
4,fd:323,fd,27,3,2,False,0,0,0,0.0,0.0
4,mcv:827,mcv,432,3,2,False,0,0,0,0.0,0.0
4,mcv:1606,mcv,1260,2,1,True,1,1,0,0.3986556258667442,0.0
4,mcv:854,mcv,444,3,2,False,0,0,0,0.0,0.0
4,fd:314,fd,27,4,1,True,0,0,0,0.0,0.0
4,mcv:405,mcv,1356,5,1,False,0,0,0,0.0,0.0
4,mcv:1165,mcv,196,3,1,False,0,0,0,0.0,0.0
4,mcv:1464,mcv,414,1,2,False,0,0,0,0.0,0.0
4,fd:408,fd,27,3,1,False,0,0,0,0.0,0.0
4,fd:460,fd,27,3,1,False,0,0,0,0.0,0.0
4,mcv:181,mcv,408,6,2,False,0,0,0,0.0,0.0
4,mcv:601,mcv,548,4,2,False,0,0,0,0.0,0.0
4,mcv:2071,mcv,662,1,1,False,0,0,0,0.0,0.0
4,mcv:398,mcv,362,4,2,False,0,0,0,0.0,0.0
4,mcv:1627,mcv,344,2,1,False,0,0,0,0.0,0.0
4,mcv:1008,mcv,756,2,2,False,0,0,0,0.0,0.0
4,mcv:900,mcv,148,3,2,False,0,0,0,0.0,0.0
4,mcv:1507,mcv,318,2,1,False,0,0,0,0.0,0.0
4,mcv:128,mcv,414,7,1,False,0,0,0,0.0,0.0
4,mcv:477,mcv,850,3,3,False,0,0,0,0.0,0.0
4,fd:247,fd,27,4,2,False,0,0,0,0.0,0.0
4,mcv:1575,mcv,266,2,1,False,0,0,0,0.0,0.0
4,mcv:830,mcv,322,4,1,False,0,0,0,0.0,0.0
4,mcv:401,mcv,318,5,1,False,0,0,0,0.0,0.0
4,mcv:194,mcv,692,5,2,False,0,0,0,0.0,0.0
4,mcv:120,mcv,170,6,2,True,2,1,1,1.1798936263772997,0.005415231383496977
4,mcv:359,mcv,822,5,1,False,0,0,0,0.0,0.0
4,mcv:1574,mcv,366,2,1,False,0,0,0,0.0,0.0
4,fd:228,fd,27,4,2,False,0,0,0,0.0,0.0
4,mcv:1504,mcv,318,2,1,False,0,0,0,0.0,0.0
4,mcv:1470,mcv,734,2,1,False,0,0,0,0.0,0.0
4,mcv:803,mcv,620,4,1,False,0,0,0,0.0,0.0
4,mcv:1936,mcv,314,1,1,False,0,0,0,0.0,0.0
4,fd:34,fd,27,7,1,False,0,0,0,0.0,0.0
4,mcv:1975,mcv,546,1,1,False,0,0,0,0.0,0.0
4,mcv:929,mcv,340,3,2,False,0,0,0,0.0,0.0
4,fd:12,fd,27,6,4,False,0,0,0,0.0,0.0
4,fd:77,fd,27,5,2,False,0,0,0,0.0,0.0
4,mcv:1994,mcv,900,1,1,False,0,0,0,0.0,0.0
4,mcv:1006,mcv,414,3,1,False,0,0,0,0.0,0.0
4,mcv:1578,mcv,314,2,1,False,0,0,0,0.0,0.0
4,mcv:693,mcv,634,4,1,False,0,0,0,0.0,0.0
4,mcv:324,mcv,846,4,3,True,3,2,1,0.280458777827967,0.03580201569656305
4,mcv:1604,mcv,170,2,1,False,0,0,0,0.0,0.0
4,fd:2,fd,27,9,2,False,0,0,0,0.0,0.0
4,mcv:953,mcv,196,4,1,True,0,0,0,0.0,0.0
4,fd:585,fd,41,2,1,False,0,0,0,0.0,0.0
4,mcv:119,mcv,148,7,1,False,0,0,0,0.0,0.0
4,mcv:1243,mcv,650,3,1,False,0,0,0,0.0,0.0
4,mcv:1249,mcv,638,2,2,False,0,0,0,0.0,0.0
4,fd:351,fd,41,3,2,False,0,0,0,0.0,0.0
4,mcv:192,mcv,1408,4,3,False,0,0,0,0.0,0.0
4,mcv:87,mcv,418,7,1,False,0,0,0,0.0,0.0
4,mcv:493,mcv,542,4,2,False,0,0,0,0.0,0.0
4,fd:317,fd,41,4,1,False,0,0,0,0.0,0.0
4,mcv:1167,mcv,548,3,1,False,0,0,0,0.0,0.0
4,mcv:1722,mcv,270,2,1,False,0,0,0,0.0,0.0
4,mcv:191,mcv,348,5,2,True,1,0,1,0.0,0.05963843215312692
4,mcv:1248,mcv,340,3,1,False,0,0,0,0.0,0.0
4,mcv:692,mcv,708,4,1,False,0,0,0,0.0,0.0
4,mcv:819,mcv,358,3,2,False,0,0,0,0.0,0.0
4,mcv:807,mcv,278,4,1,False,0,0,0,0.0,0.0
4,mcv:220,mcv,852,6,1,False,0,0,0,0.0,0.0
4,mcv:1007,mcv,796,2,2,False,0,0,0,0.0,0.0
4,mcv:1076,mcv,594,2,2,True,0,0,0,0.0,0.0
4,mcv:190,mcv,936,5,2,True,2,0,2,0.0,9.143117146853367
4,mcv:1081,mcv,748,3,1,False,0,0,0,0.0,0.0
4,mcv:1961,mcv,480,1,1,False,0,0,0,0.0,0.0
4,mcv:1251,mcv,274,2,2,True,1,0,1,0.0,0.006327661907192139
4,fd:347,fd,27,4,1,False,0,0,0,0.0,0.0
4,mcv:1183,mcv,318,3,1,False,0,0,0,0.0,0.0
4,fd:72,fd,27,6,2,False,0,0,0,0.0,0.0
4,mcv:896,mcv,174,4,1,False,0,0,0,0.0,0.0
4,mcv:1628,mcv,538,2,1,False,0,0,0,0.0,0.0
4,mcv:174,mcv,728,4,4,False,0,0,0,0.0,0.0
4,mcv:1598,mcv,300,2,1,False,0,0,0,0.0,0.0
4,fd:573,fd,27,2,1,False,0,0,0,0.0,0.0
4,mcv:1192,mcv,526,3,1,False,0,0,0,0.0,0.0
4,fd:555,fd,27,1,2,False,0,0,0,0.0,0.0
4,mcv:821,mcv,266,3,2,False,0,0,0,0.0,0.0
4,mcv:1412,mcv,874,2,2,True,1,0,1,0.0,0.18990203337505296
4,mcv:571,mcv,226,4,2,False,0,0,0,0.0,0.0
4,mcv:3,mcv,326,9,2,False,0,0,0,0.0,0.0
4,mcv:31,mcv,482,6,4,False,0,0,0,0.0,0.0
4,mcv:1572,mcv,170,2,1,False,0,0,0,0.0,0.0
4,mcv:2107,mcv,814,1,1,True,0,0,0,0.0,0.0
4,mcv:420,mcv,170,4,2,False,0,0,0,0.0,0.0
4,mcv:58,mcv,288,6,3,False,0,0,0,0.0,0.0
4,mcv:142,mcv,626,6,2,False,0,0,0,0.0,0.0
4,mcv:730,mcv,512,3,2,False,0,0,0,0.0,0.0
4,fd:182,fd,27,3,3,True,0,0,0,0.0,0.0
4,mcv:1430,mcv,274,3,1,False,0,0,0,0.0,0.0
4,mcv:278,mcv,690,4,3,False,0,0,0,0.0,0.0
4,mcv:452,mcv,488,5,1,False,0,0,0,0.0,0.0
4,mcv:456,mcv,534,3,3,False,0,0,0,0.0,0.0
4,mcv:1680,mcv,388,2,1,False,0,0,0,0.0,0.0
4,fd:325,fd,41,4,1,True,0,0,0,0.0,0.0
4,fd:106,fd,27,4,3,False,0,0,0,0.0,0.0
4,fd:739,fd,27,1,1,False,0,0,0,0.0,0.0
4,mcv:1605,mcv,170,2,1,False,0,0,0,0.0,0.0
4,mcv:1683,mcv,196,2,1,False,0,0,0,0.0,0.0
4,mcv:149,mcv,378,5,3,False,0,0,0,0.0,0.0
4,mcv:1600,mcv,218,2,1,False,0,0,0,0.0,0.0
4,fd:542,fd,27,3,1,False,0,0,0,0.0,0.0
4,fd:288,fd,27,3,2,True,0,0,0,0.0,0.0
4,mcv:1540,mcv,218,1,2,False,0,0,0,0.0,0.0
4,mcv:857,mcv,538,4,1,False,0,0,0,0.0,0.0
4,mcv:781,mcv,218,4,1,False,0,0,0,0.0,0.0
4,mcv:2020,mcv,624,0,2,False,0,0,0,0.0,0.0
4,fd:54,fd,27,5,3,False,0,0,0,0.0,0.0
4,fd:598,fd,27,2,1,False,0,0,0,0.0,0.0
4,mcv:845,mcv,410,4,1,True,1,0,1,0.0,6.023077405557075
4,mcv:1704,mcv,958,2,1,False,0,0,0,0.0,0.0
4,mcv:1151,mcv,532,1,3,False,0,0,0,0.0,0.0
4,mcv:187,mcv,148,7,1,False,0,0,0,0.0,0.0
4,mcv:1482,mcv,470,2,1,False,0,0,0,0.0,0.0
4,mcv:114,mcv,266,5,3,False,0,0,0,0.0,0.0
4,mcv:1644,mcv,244,2,1,False,0,0,0,0.0,0.0
4,mcv:1156,mcv,270,3,1,False,0,0,0,0.0,0.0
4,mcv:1642,mcv,542,2,1,False,0,0,0,0.0,0.0
4,mcv:526,mcv,378,3,3,False,0,0,0,0.0,0.0
4,mcv:1155,mcv,196,2,2,False,0,0,0,0.0,0.0
4,fd:176,fd,27,5,1,False,0,0,0,0.0,0.0
4,mcv:523,mcv,448,5,1,False,0,0,0,0.0,0.0
4,fd:414,fd,27,2,2,False,0,0,0,0.0,0.0
4,mcv:116,mcv,148,5,3,False,0,0,0,0.0,0.0
4,mcv:1785,mcv,174,2,1,False,0,0,0,0.0,0.0
4,fd:199,fd,27,5,1,False,0,0,0,0.0,0.0
4,mcv:959,mcv,340,4,1,False,0,0,0,0.0,0.0
4,mcv:1026,mcv,628,2,2,False,0,0,0,0.0,0.0
4,mcv:1846,mcv,492,1,1,False,0,0,0,0.0,0.0
4,mcv:1027,mcv,896,2,2,False,0,0,0,0.0,0.0
4,mcv:439,mcv,170,5,1,False,0,0,0,0.0,0.0
4,fd:456,fd,27,2,2,True,1,0,1,0.0,0.1765726397411269
4,fd:642,fd,27,2,1,False,0,0,0,0.0,0.0
4,mcv:1638,mcv,826,1,2,False,0,0,0,0.0,0.0
4,mcv:962,mcv,248,4,1,False,0,0,0,0.0,0.0
4,mcv:134,mcv,358,6,2,False,0,0,0,0.0,0.0
4,mcv:1792,mcv,314,2,1,False,0,0,0,0.0,0.0
4,fd:76,fd,27,7,1,False,0,0,0,0.0,0.0
4,mcv:366,mcv,760,2,4,False,0,0,0,0.0,0.0
4,fd:707,fd,41,1,1,False,0,0,0,0.0,0.0
4,fd:8,fd,27,8,2,False,0,0,0,0.0,0.0
4,fd:710,fd,27,1,1,False,0,0,0,0.0,0.0
4,fd:132,fd,41,5,2,False,0,0,0,0.0,0.0
4,mcv:325,mcv,590,5,2,False,0,0,0,0.0,0.0
4,fd:625,fd,27,1,2,False,0,0,0,0.0,0.0
4,mcv:335,mcv,218,5,2,False,0,0,0,0.0,0.0
4,mcv:1261,mcv,704,3,1,False,0,0,0,0.0,0.0
4,mcv:1650,mcv,660,2,1,False,0,0,0,0.0,0.0
4,mcv:331,mcv,992,6,1,False,0,0,0,0.0,0.0
4,mcv:1255,mcv,366,2,2,False,0,0,0,0.0,0.0
4,mcv:1658,mcv,296,2,1,False,0,0,0,0.0,0.0
4,mcv:1703,mcv,896,1,2,False,0,0,0,0.0,0.0
4,fd:624,fd,27,2,1,True,1,0,1,0.0,0.09833794695069065
4,mcv:24,mcv,340,8,2,False,0,0,0,0.0,0.0
4,mcv:62,mcv,340,7,2,False,0,0,0,0.0,0.0
4,mcv:286,mcv,492,4,3,False,0,0,0,0.0,0.0
4,mcv:2038,mcv,558,1,1,False,0,0,0,0.0,0.0
4,mcv:1747,mcv,340,2,1,False,0,0,0,0.0,0.0
4,mcv:147,mcv,538,7,1,False,0,0,0,0.0,0.0
4,mcv:863,mcv,244,4,1,False,0,0,0,0.0,0.0
4,fd:329,fd,27,4,1,False,0,0,0,0.0,0.0
4,mcv:2030,mcv,196,1,1,False,0,0,0,0.0,0.0
4,mcv:1751,mcv,270,1,2,False,0,0,0,0.0,0.0
4,mcv:1998,mcv,1076,1,1,False,0,0,0,0.0,0.0
4,fd:53,fd,27,7,1,True,0,0,0,0.0,0.0
4,mcv:2108,mcv,574,1,1,False,0,0,0,0.0,0.0
4,mcv:1536,mcv,476,2,1,False,0,0,0,0.0,0.0
4,mcv:1966,mcv,392,1,1,False,0,0,0,0.0,0.0
4,fd:125,fd,27,6,1,True,0,0,0,0.0,0.0
4,mcv:659,mcv,432,4,1,False,0,0,0,0.0,0.0
4,fd:510,fd,41,3,1,False,0,0,0,0.0,0.0
4,mcv:316,mcv,196,6,1,False,0,0,0,0.0,0.0
4,mcv:1479,mcv,742,1,2,False,0,0,0,0.0,0.0
4,mcv:1018,mcv,614,3,1,True,0,0,0,0.0,0.0
4,fd:522,fd,27,3,1,False,0,0,0,0.0,0.0
4,mcv:657,mcv,274,3,2,False,0,0,0,0.0,0.0
4,fd:411,fd,27,3,1,False,0,0,0,0.0,0.0
4,mcv:1356,mcv,226,3,1,False,0,0,0,0.0,0.0
4,mcv:1389,mcv,318,3,1,True,0,0,0,0.0,0.0
4,fd:269,fd,27,3,2,False,0,0,0,0.0,0.0
4,mcv:890,mcv,266,3,2,False,0,0,0,0.0,0.0
4,mcv:1268,mcv,304,2,2,False,0,0,0,0.0,0.0
4,fd:437,fd,27,3,1,False,0,0,0,0.0,0.0
4,mcv:1065,mcv,518,3,1,False,0,0,0,0.0,0.0
4,mcv:1088,mcv,910,2,2,False,0,0,0,0.0,0.0
4,mcv:1887,mcv,884,1,1,False,0,0,0,0.0,0.0
4,mcv:413,mcv,384,5,1,False,0,0,0,0.0,0.0
4,mcv:1663,mcv,304,2,1,True,0,0,0,0.0,0.0
4,mcv:1225,mcv,480,3,1,True,0,0,0,0.0,0.0
4,mcv:103,mcv,502,6,2,False,0,0,0,0.0,0.0
4,mcv:491,mcv,288,3,3,False,0,0,0,0.0,0.0
4,mcv:1102,mcv,274,3,1,False,0,0,0,0.0,0.0
4,fd:590,fd,41,2,1,False,0,0,0,0.0,0.0
4,mcv:1529,mcv,318,1,2,False,0,0,0,0.0,0.0
4,mcv:1087,mcv,454,3,1,False,0,0,0,0.0,0.0
4,mcv:680,mcv,478,4,1,False,0,0,0,0.0,0.0
4,mcv:486,mcv,288,3,3,False,0,0,0,0.0,0.0
4,mcv:927,mcv,244,3,2,False,0,0,0,0.0,0.0
4,mcv:1111,mcv,384,2,2,False,0,0,0,0.0,0.0
4,mcv:1513,mcv,726,2,1,False,0,0,0,0.0,0.0
4,mcv:297,mcv,222,6,1,False,0,0,0,0.0,0.0
4,mcv:144,mcv,174,7,1,False,0,0,0,0.0,0.0
4,fd:193,fd,27,4,2,False,0,0,0,0.0,0.0
4,mcv:658,mcv,588,4,1,False,0,0,0,0.0,0.0
4,fd:197,fd,27,5,1,False,0,0,0,0.0,0.0
4,mcv:1045,mcv,362,3,1,True,0,0,0,0.0,0.0
4,fd:116,fd,27,6,1,False,0,0,0,0.0,0.0
4,fd:118,fd,41,6,1,False,0,0,0,0.0,0.0
4,mcv:32,mcv,322,8,2,True,2,0,2,0.0,0.08199839785459684
4,mcv:513,mcv,174,4,2,False,0,0,0,0.0,0.0
4,mcv:656,mcv,432,4,1,False,0,0,0,0.0,0.0
4,mcv:510,mcv,196,5,1,False,0,0,0,0.0,0.0
4,fd:660,fd,27,1,1,False,0,0,0,0.0,0.0
4,mcv:855,mcv,222,4,1,False,0,0,0,0.0,0.0
4,mcv:1276,mcv,218,3,1,False,0,0,0,0.0,0.0
4,fd:324,fd,27,4,1,False,0,0,0,0.0,0.0
4,mcv:2080,mcv,404,1,1,False,0,0,0,0.0,0.0
4,mcv:989,mcv,410,1,4,False,0,0,0,0.0,0.0
4,mcv:280,mcv,244,6,1,False,0,0,0,0.0,0.0
4,mcv:285,mcv,266,5,2,False,0,0,0,0.0,0.0
4,fd:640,fd,41,1,2,False,0,0,0,0.0,0.0
4,mcv:937,mcv,448,4,1,True,1,0,0,0.0,0.0
4,fd:369,fd,27,4,1,False,0,0,0,0.0,0.0
4,mcv:4,mcv,288,7,4,True,3,2,1,0.6316701995910159,2.7522833789817014e-08
4,fd:81,fd,27,5,2,False,0,0,0,0.0,0.0
4,mcv:613,mcv,218,4,2,False,0,0,0,0.0,0.0
4,mcv:661,mcv,388,3,2,False,0,0,0,0.0,0.0
4,mcv:961,mcv,218,2,3,False,0,0,0,0.0,0.0
4,fd:195,fd,27,3,3,False,0,0,0,0.0,0.0
4,mcv:1851,mcv,366,1,1,False,0,0,0,0.0,0.0
4,mcv:145,mcv,218,6,2,False,0,0,0,0.0,0.0
4,fd:502,fd,27,3,1,False,0,0,0,0.0,0.0
4,mcv:517,mcv,414,5,1,False,0,0,0,0.0,0.0
4,fd:52,fd,27,7,1,False,0,0,0,0.0,0.0
4,fd:32,fd,27,7,2,False,0,0,0,0.0,0.0
4,mcv:665,mcv,664,3,2,True,0,0,0,0.0,0.0
4,mcv:306,mcv,148,6,1,False,0,0,0,0.0,0.0
4,mcv:328,mcv,510,6,1,False,0,0,0,0.0,0.0
4,mcv:1047,mcv,362,2,2,False,0,0,0,0.0,0.0
4,mcv:2019,mcv,218,1,1,False,0,0,0,0.0,0.0
4,mcv:304,mcv,378,6,1,False,0,0,0,0.0,0.0
4,mcv:339,mcv,218,6,1,True,0,0,0,0.0,0.0
4,fd:420,fd,27,2,2,False,0,0,0,0.0,0.0
4,mcv:93,mcv,454,7,1,False,0,0,0,0.0,0.0
4,mcv:2029,mcv,218,1,1,False,0,0,0,0.0,0.0
4,mcv:82,mcv,300,7,2,True,0,0,0,0.0,0.0
4,mcv:862,mcv,382,4,1,False,0,0,0,0.0,0.0
4,mcv:1274,mcv,266,3,1,False,0,0,0,0.0,0.0
4,mcv:610,mcv,170,5,1,False,0,0,0,0.0,0.0
4,fd:13,fd,27,8,2,False,0,0,0,0.0,0.0
4,mcv:600,mcv,288,5,1,False,0,0,0,0.0,0.0
4,mcv:865,mcv,200,4,1,False,0,0,0,0.0,0.0
4,mcv:200,mcv,322,5,2,False,0,0,0,0.0,0.0
4,fd:191,fd,27,5,1,True,0,0,0,0.0,0.0
4,mcv:1341,mcv,148,2,2,False,0,0,0,0.0,0.0
4,mcv:515,mcv,222,3,3,False,0,0,0,0.0,0.0
4,mcv:1339,mcv,174,3,1,False,0,0,0,0.0,0.0
4,mcv:1287,mcv,196,3,1,False,0,0,0,0.0,0.0
4,mcv:849,mcv,222,4,1,False,0,0,0,0.0,0.0
4,fd:271,fd,27,3,2,False,0,0,0,0.0,0.0
4,mcv:33,mcv,196,9,1,False,0,0,0,0.0,0.0
4,mcv:1783,mcv,392,1,2,False,0,0,0,0.0,0.0
4,fd:231,fd,27,4,2,False,0,0,0,0.0,0.0
4,fd:236,fd,27,5,1,False,0,0,0,0.0,0.0
4,mcv:39,mcv,1014,7,3,False,0,0,0,0.0,0.0
4,mcv:273,mcv,750,5,2,False,0,0,0,0.0,0.0
4,mcv:581,mcv,148,5,1,False,0,0,0,0.0,0.0
4,fd:49,fd,27,4,4,False,0,0,0,0.0,0.0
4,fd:137,fd,27,4,3,False,0,0,0,0.0,0.0
4,mcv:569,mcv,270,5,1,False,0,0,0,0.0,0.0
4,mcv:622,mcv,170,4,2,False,0,0,0,0.0,0.0
4,mcv:487,mcv,174,5,1,False,0,0,0,0.0,0.0
4,mcv:342,mcv,548,4,3,True,1,1,0,0.008987102028298555,0.0
4,mcv:1633,mcv,406,2,1,False,0,0,0,0.0,0.0
4,mcv:574,mcv,406,5,1,False,0,0,0,0.0,0.0
4,mcv:133,mcv,196,4,4,False,0,0,0,0.0,0.0
4,mcv:1381,mcv,314,2,2,False,0,0,0,0.0,0.0
4,mcv:576,mcv,482,4,2,False,0,0,0,0.0,0.0
4,fd:226,fd,27,5,1,False,0,0,0,0.0,0.0
4,mcv:1797,mcv,746,1,2,False,0,0,0,0.0,0.0
4,mcv:1228,mcv,628,3,1,False,0,0,0,0.0,0.0
4,mcv:542,mcv,808,5,1,False,0,0,0,0.0,0.0
4,mcv:244,mcv,292,6,1,False,0,0,0,0.0,0.0
4,mcv:1150,mcv,218,3,1,False,0,0,0,0.0,0.0
4,mcv:1970,mcv,562,0,2,False,0,0,0,0.0,0.0
4,mcv:812,mcv,384,4,1,False,0,0,0,0.0,0.0
4,mcv:543,mcv,1098,5,1,False,0,0,0,0.0,0.0
4,mcv:245,mcv,532,6,1,False,0,0,0,0.0,0.0
4,mcv:246,mcv,426,5,2,False,0,0,0,0.0,0.0
4,mcv:38,mcv,196,9,1,False,0,0,0,0.0,0.0
4,fd:242,fd,27,5,1,False,0,0,0,0.0,0.0
4,fd:368,fd,27,4,1,False,0,0,0,0.0,0.0
4,mcv:590,mcv,378,5,1,False,0,0,0,0.0,0.0
4,mcv:935,mcv,1082,4,1,False,0,0,0,0.0,0.0
4,mcv:1830,mcv,414,1,2,False,0,0,0,0.0,0.0
4,mcv:1499,mcv,484,2,1,False,0,0,0,0.0,0.0
4,mcv:125,mcv,996,7,1,False,0,0,0,0.0,0.0
4,mcv:1203,mcv,772,3,1,True,0,0,0,0.0,0.0
4,mcv:263,mcv,548,5,2,True,2,1,1,0.18461655808454003,1.247738193102365
4,mcv:1330,mcv,340,3,1,False,0,0,0,0.0,0.0
4,mcv:152,mcv,568,6,2,False,0,0,0,0.0,0.0
4,mcv:2097,mcv,432,1,1,False,0,0,0,0.0,0.0
4,mcv:264,mcv,1124,6,1,False,0,0,0,0.0,0.0
4,mcv:1398,mcv,318,3,1,False,0,0,0,0.0,0.0
4,mcv:212,mcv,532,6,1,False,0,0,0,0.0,0.0
4,mcv:151,mcv,384,7,1,False,0,0,0,0.0,0.0
4,mcv:1394,mcv,244,3,1,False,0,0,0,0.0,0.0
4,fd:524,fd,27,3,1,False,0,0,0,0.0,0.0
4,mcv:100,mcv,396,5,3,False,0,0,0,0.0,0.0
4,fd:100,fd,27,5,2,False,0,0,0,0.0,0.0
4,mcv:944,mcv,362,4,1,False,0,0,0,0.0,0.0
4,mcv:396,mcv,492,5,1,False,0,0,0,0.0,0.0
4,mcv:688,mcv,444,4,1,False,0,0,0,0.0,0.0
4,fd:501,fd,27,3,1,False,0,0,0,0.0,0.0
4,mcv:1637,mcv,358,1,2,False,0,0,0,0.0,0.0
4,mcv:360,mcv,348,5,1,False,0,0,0,0.0,0.0
4,mcv:1836,mcv,1182,0,2,False,0,0,0,0.0,0.0
4,mcv:89,mcv,426,5,3,False,0,0,0,0.0,0.0
4,mcv:628,mcv,550,3,2,True,1,1,0,0.8532868665249826,0.0
4,mcv:1239,mcv,244,3,1,False,0,0,0,0.0,0.0
4,mcv:641,mcv,668,3,2,False,0,0,0,0.0,0.0
4,mcv:503,mcv,196,5,1,False,0,0,0,0.0,0.0
4,mcv:782,mcv,218,3,2,False,0,0,0,0.0,0.0
4,mcv:1187,mcv,248,2,2,False,0,0,0,0.0,0.0
4,mcv:1556,mcv,314,1,2,False,0,0,0,0.0,0.0
4,mcv:241,mcv,292,6,1,False,0,0,0,0.0,0.0
4,mcv:1937,mcv,314,1,1,False,0,0,0,0.0,0.0
4,mcv:1137,mcv,170,3,1,False,0,0,0,0.0,0.0
4,mcv:1552,mcv,218,2,1,False,0,0,0,0.0,0.0
4,mcv:913,mcv,226,4,1,False,0,0,0,0.0,0.0
4,mcv:1754,mcv,396,1,2,False,0,0,0,0.0,0.0
4,mcv:877,mcv,174,4,1,False,0,0,0,0.0,0.0
4,mcv:1439,mcv,1388,3,1,False,0,0,0,0.0,0.0
4,fd:359,fd,27,4,1,False,0,0,0,0.0,0.0
4,mcv:1793,mcv,910,2,1,False,0,0,0,0.0,0.0
4,fd:391,fd,27,4,1,False,0,0,0,0.0,0.0
4,fd:235,fd,27,4,2,False,0,0,0,0.0,0.0
4,fd:494,fd,27,3,1,False,0,0,0,0.0,0.0
4,fd:548,fd,27,3,1,False,0,0,0,0.0,0.0
4,mcv:327,mcv,226,6,1,False,0,0,0,0.0,0.0
4,mcv:2079,mcv,304,1,1,False,0,0,0,0.0,0.0
4,mcv:2128,mcv,650,0,1,False,0,0,0,0.0,0.0
4,mcv:2133,mcv,946,0,1,False,0,0,0,0.0,0.0
4,mcv:1789,mcv,958,2,1,False,0,0,0,0.0,0.0
4,fd:219,fd,27,5,1,True,1,0,1,0.0,0.02006705435397116
4,mcv:1359,mcv,418,3,1,False,0,0,0,0.0,0.0
4,mcv:1320,mcv,496,2,2,False,0,0,0,0.0,0.0
4,mcv:580,mcv,408,4,2,False,0,0,0,0.0,0.0
4,mcv:979,mcv,904,4,1,False,0,0,0,0.0,0.0
4,mcv:1319,mcv,642,3,1,False,0,0,0,0.0,0.0
4,fd:337,fd,27,4,1,False,0,0,0,0.0,0.0
4,fd:628,fd,27,1,2,False,0,0,0,0.0,0.0
4,fd:644,fd,27,2,1,False,0,0,0,0.0,0.0
4,fd:495,fd,27,2,2,False,0,0,0,0.0,0.0
4,mcv:76,mcv,148,7,2,False,0,0,0,0.0,0.0
4,mcv:562,mcv,386,5,1,False,0,0,0,0.0,0.0
4,mcv:648,mcv,1242,2,3,False,0,0,0,0.0,0.0
4,mcv:1791,mcv,530,2,1,False,0,0,0,0.0,0.0
4,fd:511,fd,27,3,1,False,0,0,0,0.0,0.0
4,mcv:505,mcv,174,5,1,False,0,0,0,0.0,0.0
4,mcv:552,mcv,434,5,1,False,0,0,0,0.0,0.0
4,mcv:311,mcv,1956,6,1,False,0,0,0,0.0,0.0
4,mcv:7,mcv,738,9,2,False,0,0,0,0.0,0.0
4,mcv:1645,mcv,358,2,1,False,0,0,0,0.0,0.0
4,fd:122,fd,27,6,1,False,0,0,0,0.0,0.0
4,fd:735,fd,27,1,1,False,0,0,0,0.0,0.0
4,mcv:2047,mcv,440,1,1,False,0,0,0,0.0,0.0
4,mcv:313,mcv,382,6,1,False,0,0,0,0.0,0.0
4,mcv:1780,mcv,174,2,1,False,0,0,0,0.0,0.0
4,mcv:598,mcv,538,5,1,False,0,0,0,0.0,0.0
4,fd:558,fd,27,2,1,False,0,0,0,0.0,0.0
4,mcv:1058,mcv,634,3,1,False,0,0,0,0.0,0.0
4,mcv:2134,mcv,620,0,1,False,0,0,0,0.0,0.0
4,mcv:11,mcv,1162,9,2,False,0,0,0,0.0,0.0
4,fd:265,fd,27,4,1,False,0,0,0,0.0,0.0
4,mcv:644,mcv,986,3,2,False,0,0,0,0.0,0.0
4,mcv:1003,mcv,1974,4,1,False,0,0,0,0.0,0.0
4,mcv:1835,mcv,506,2,1,True,0,0,0,0.0,0.0
4,mcv:2185,mcv,200,0,1,False,0,0,0,0.0,0.0
4,mcv:825,mcv,1562,4,1,False,0,0,0,0.0,0.0
4,mcv:1490,mcv,252,2,1,False,0,0,0,0.0,0.0
4,fd:246,fd,27,5,1,False,0,0,0,0.0,0.0
4,mcv:75,mcv,1458,8,1,False,0,0,0,0.0,0.0
4,mcv:141,mcv,848,6,2,False,0,0,0,0.0,0.0
4,mcv:198,mcv,2208,6,1,False,0,0,0,0.0,0.0
4,mcv:88,mcv,1272,6,2,False,0,0,0,0.0,0.0
4,mcv:817,mcv,848,2,3,False,0,0,0,0.0,0.0
4,mcv:207,mcv,1036,4,3,False,0,0,0,0.0,0.0
4,mcv:1350,mcv,694,3,1,False,0,0,0,0.0,0.0
4,fd:213,fd,27,5,1,False,0,0,0,0.0,0.0
4,mcv:2058,mcv,824,0,2,False,0,0,0,0.0,0.0
4,mcv:2094,mcv,278,1,1,False,0,0,0,0.0,0.0
4,mcv:98,mcv,1878,6,2,False,0,0,0,0.0,0.0
4,mcv:646,mcv,382,4,1,False,0,0,0,0.0,0.0
4,mcv:1925,mcv,218,0,2,False,0,0,0,0.0,0.0
4,mcv:115,mcv,592,5,3,False,0,0,0,0.0,0.0
4,mcv:922,mcv,904,3,2,False,0,0,0,0.0,0.0
4,fd:440,fd,27,3,1,False,0,0,0,0.0,0.0
4,mcv:635,mcv,1366,4,1,True,0,0,0,0.0,0.0
4,mcv:1849,mcv,1540,1,1,False,0,0,0,0.0,0.0
4,mcv:1476,mcv,874,2,1,False,0,0,0,0.0,0.0
4,mcv:357,mcv,756,5,1,True,1,0,1,0.0,0.3915079846123404
4,mcv:414,mcv,1110,3,3,False,0,0,0,0.0,0.0
4,mcv:1109,mcv,958,3,1,False,0,0,0,0.0,0.0
4,mcv:1390,mcv,824,2,2,False,0,0,0,0.0,0.0
4,mcv:2102,mcv,1500,1,1,False,0,0,0,0.0,0.0
4,mcv:361,mcv,580,5,1,True,0,0,0,0.0,0.0
4,mcv:371,mcv,594,5,1,False,0,0,0,0.0,0.0
4,mcv:1411,mcv,1052,2,2,False,0,0,0,0.0,0.0
4,mcv:1528,mcv,292,2,1,False,0,0,0,0.0,0.0
4,mcv:1125,mcv,174,1,3,False,0,0,0,0.0,0.0
4,mcv:1043,mcv,916,3,1,False,0,0,0,0.0,0.0
4,fd:163,fd,27,4,2,False,0,0,0,0.0,0.0
4,mcv:225,mcv,314,6,1,False,0,0,0,0.0,0.0
4,fd:267,fd,27,3,2,False,0,0,0,0.0,0.0
4,mcv:719,mcv,314,4,1,False,0,0,0,0.0,0.0
4,mcv:653,mcv,366,3,2,False,0,0,0,0.0,0.0
4,mcv:1908,mcv,170,1,1,False,0,0,0,0.0,0.0
4,mcv:1231,mcv,524,2,2,False,0,0,0,0.0,0.0
4,mcv:415,mcv,730,4,2,False,0,0,0,0.0,0.0
4,fd:268,fd,27,3,2,False,0,0,0,0.0,0.0
4,mcv:1135,mcv,504,1,3,False,0,0,0,0.0,0.0
4,mcv:1131,mcv,148,3,1,False,0,0,0,0.0,0.0
4,mcv:109,mcv,270,7,1,True,1,1,0,0.04965378326097469,0.0
4,fd:449,fd,27,1,3,False,0,0,0,0.0,0.0
4,mcv:652,mcv,274,3,2,False,0,0,0,0.0,0.0
4,mcv:1423,mcv,552,3,1,False,0,0,0,0.0,0.0
4,mcv:1013,mcv,690,3,1,False,0,0,0,0.0,0.0
4,mcv:473,mcv,926,5,1,False,0,0,0,0.0,0.0
4,mcv:973,mcv,296,4,1,True,0,0,0,0.0,0.0
4,mcv:799,mcv,418,4,1,True,0,0,0,0.0,0.0
4,fd:74,fd,27,5,3,False,0,0,0,0.0,0.0
4,mcv:1387,mcv,786,3,1,False,0,0,0,0.0,0.0
4,mcv:271,mcv,804,6,1,True,0,0,0,0.0,0.0
4,mcv:193,mcv,976,6,1,False,0,0,0,0.0,0.0
4,mcv:990,mcv,414,4,1,True,0,0,0,0.0,0.0
4,mcv:1840,mcv,1120,1,1,False,0,0,0,0.0,0.0
4,mcv:1207,mcv,804,3,1,True,0,0,0,0.0,0.0
4,fd:698,fd,27,1,1,False,0,0,0,0.0,0.0
4,fd:387,fd,41,4,1,False,0,0,0,0.0,0.0
4,mcv:1648,mcv,756,1,2,False,0,0,0,0.0,0.0
4,mcv:802,mcv,462,2,3,False,0,0,0,0.0,0.0
4,mcv:630,mcv,1234,3,2,False,0,0,0,0.0,0.0
4,fd:104,fd,41,6,1,False,0,0,0,0.0,0.0
4,mcv:184,mcv,344,5,3,False,0,0,0,0.0,0.0
4,fd:398,fd,27,4,1,False,0,0,0,0.0,0.0
4,mcv:636,mcv,440,4,1,False,0,0,0,0.0,0.0
4,mcv:699,mcv,318,4,1,False,0,0,0,0.0,0.0
4,mcv:1001,mcv,196,3,2,False,0,0,0,0.0,0.0
4,mcv:831,mcv,340,3,2,False,0,0,0,0.0,0.0
4,fd:406,fd,27,3,2,False,0,0,0,0.0,0.0
4,mcv:1612,mcv,576,2,1,False,0,0,0,0.0,0.0
4,mcv:1511,mcv,362,1,2,False,0,0,0,0.0,0.0
4,mcv:509,mcv,218,5,1,False,0,0,0,0.0,0.0
4,mcv:1512,mcv,256,2,1,False,0,0,0,0.0,0.0
4,mcv:2039,mcv,378,1,1,False,0,0,0,0.0,0.0
4,mcv:1425,mcv,714,3,1,False,0,0,0,0.0,0.0
4,mcv:1992,mcv,274,1,1,False,0,0,0,0.0,0.0
4,mcv:1472,mcv,348,2,1,False,0,0,0,0.0,0.0
4,mcv:2191,mcv,572,0,1,False,0,0,0,0.0,0.0
4,mcv:633,mcv,948,4,1,False,0,0,0,0.0,0.0
4,mcv:1427,mcv,296,3,1,False,0,0,0,0.0,0.0
4,mcv:1990,mcv,704,0,2,False,0,0,0,0.0,0.0
4,fd:538,fd,27,3,1,False,0,0,0,0.0,0.0
4,fd:556,fd,27,2,1,False,0,0,0,0.0,0.0
4,fd:138,fd,27,5,2,False,0,0,0,0.0,0.0
4,mcv:148,mcv,992,6,2,False,0,0,0,0.0,0.0
4,mcv:344,mcv,296,5,2,False,0,0,0,0.0,0.0
4,mcv:1996,mcv,278,1,1,False,0,0,0,0.0,0.0
4,fd:78,fd,27,6,1,False,0,0,0,0.0,0.0
4,mcv:612,mcv,218,5,1,False,0,0,0,0.0,0.0
4,mcv:1955,mcv,716,1,1,False,0,0,0,0.0,0.0
4,fd:545,fd,41,3,1,False,0,0,0,0.0,0.0
4,mcv:1473,mcv,896,2,1,True,0,0,0,0.0,0.0
4,fd:311,fd,27,4,1,False,0,0,0,0.0,0.0
4,mcv:873,mcv,536,3,2,False,0,0,0,0.0,0.0
4,mcv:1308,mcv,912,3,1,False,0,0,0,0.0,0.0
4,mcv:1435,mcv,148,3,1,False,0,0,0,0.0,0.0
4,mcv:691,mcv,958,4,1,True,0,0,0,0.0,0.0
4,fd:711,fd,27,1,1,False,0,0,0,0.0,0.0
4,mcv:1475,mcv,348,2,1,False,0,0,0,0.0,0.0
4,mcv:800,mcv,1054,4,1,False,0,0,0,0.0,0.0
4,mcv:1505,mcv,1142,2,1,False,0,0,0,0.0,0.0
4,fd:130,fd,27,6,1,False,0,0,0,0.0,0.0
4,fd:202,fd,27,4,2,False,0,0,0,0.0,0.0
4,mcv:321,mcv,502,6,1,False,0,0,0,0.0,0.0
4,mcv:484,mcv,646,4,2,False,0,0,0,0.0,0.0
4,mcv:353,mcv,270,5,2,True,0,0,0,0.0,0.0
4,mcv:1303,mcv,536,3,1,True,0,0,0,0.0,0.0
4,mcv:528,mcv,244,4,2,False,0,0,0,0.0,0.0
4,mcv:1306,mcv,646,1,3,True,3,2,1,0.10503658439454289,0.1158482174905151
4,mcv:1311,mcv,584,3,1,True,0,0,0,0.0,0.0
4,mcv:531,mcv,288,5,1,False,0,0,0,0.0,0.0
4,mcv:1278,mcv,288,3,1,False,0,0,0,0.0,0.0
4,mcv:1232,mcv,314,3,1,False,0,0,0,0.0,0.0
4,mcv:998,mcv,200,4,1,False,0,0,0,0.0,0.0
4,fd:183,fd,27,4,2,True,2,0,2,0.0,0.0023520171434845416
4,mcv:204,mcv,362,5,2,False,0,0,0,0.0,0.0
4,mcv:650,mcv,610,4,1,False,0,0,0,0.0,0.0
4,mcv:1461,mcv,400,2,2,False,0,0,0,0.0,0.0
4,mcv:701,mcv,392,3,2,False,0,0,0,0.0,0.0
4,fd:403,fd,27,4,1,False,0,0,0,0.0,0.0
4,mcv:459,mcv,200,4,2,False,0,0,0,0.0,0.0
4,mcv:388,mcv,362,3,3,False,0,0,0,0.0,0.0
4,mcv:1019,mcv,1054,3,1,False,0,0,0,0.0,0.0
4,mcv:1386,mcv,630,3,1,False,0,0,0,0.0,0.0
4,fd:205,fd,27,5,1,False,0,0,0,0.0,0.0
4,fd:322,fd,27,3,2,True,2,0,2,0.0,0.10495438464616447
4,mcv:104,mcv,734,7,1,False,0,0,0,0.0,0.0
4,mcv:1324,mcv,222,3,1,True,0,0,0,0.0,0.0
4,fd:430,fd,27,3,1,True,0,0,0,0.0,0.0
4,mcv:1864,mcv,458,1,1,False,0,0,0,0.0,0.0
4,mcv:931,mcv,174,4,1,False,0,0,0,0.0,0.0
4,mcv:536,mcv,174,5,1,True,0,0,0,0.0,0.0
4,mcv:1068,mcv,330,3,1,False,0,0,0,0.0,0.0
4,mcv:176,mcv,854,6,2,False,0,0,0,0.0,0.0
4,fd:68,fd,27,6,2,False,0,0,0,0.0,0.0
4,mcv:2204,mcv,222,0,1,False,0,0,0,0.0,0.0
4,fd:428,fd,27,3,1,True,1,0,1,0.0,1.3205530577486968e-05
4,mcv:853,mcv,196,3,2,False,0,0,0,0.0,0.0
4,mcv:1450,mcv,1226,3,1,False,0,0,0,0.0,0.0
4,mcv:541,mcv,218,4,2,False,0,0,0,0.0,0.0
4,mcv:596,mcv,218,5,1,False,0,0,0,0.0,0.0
4,fd:326,fd,41,4,1,True,1,0,1,0.0,0.14816879480213374
4,mcv:352,mcv,938,6,1,False,0,0,0,0.0,0.0
4,mcv:1070,mcv,304,3,1,False,0,0,0,0.0,0.0
4,mcv:858,mcv,478,4,1,False,0,0,0,0.0,0.0
4,fd:366,fd,27,4,1,False,0,0,0,0.0,0.0
4,mcv:19,mcv,196,7,3,False,0,0,0,0.0,0.0
4,mcv:1157,mcv,512,3,1,False,0,0,0,0.0,0.0
4,fd:7,fd,27,7,3,False,0,0,0,0.0,0.0
4,mcv:1044,mcv,968,2,2,True,2,1,1,0.09193777467366804,0.06547613275809927
4,fd:457,fd,27,3,1,False,0,0,0,0.0,0.0
4,mcv:1709,mcv,222,2,1,False,0,0,0,0.0,0.0
4,mcv:1567,mcv,196,2,1,False,0,0,0,0.0,0.0
4,mcv:1269,mcv,304,3,1,True,1,1,0,1.176463331995648,0.0
4,fd:481,fd,27,3,1,False,0,0,0,0.0,0.0
4,fd:480,fd,27,3,1,False,0,0,0,0.0,0.0
4,fd:482,fd,27,3,1,False,0,0,0,0.0,0.0
4,fd:608,fd,27,2,1,False,0,0,0,0.0,0.0
4,mcv:1399,mcv,736,3,1,False,0,0,0,0.0,0.0
4,mcv:1267,mcv,436,3,1,False,0,0,0,0.0,0.0
4,mcv:1270,mcv,664,3,1,False,0,0,0,0.0,0.0
4,fd:270,fd,27,4,1,False,0,0,0,0.0,0.0
4,mcv:660,mcv,410,4,1,False,0,0,0,0.0,0.0
4,fd:102,fd,27,6,1,False,0,0,0,0.0,0.0
4,fd:333,fd,27,4,1,False,0,0,0,0.0,0.0
4,mcv:267,mcv,610,6,1,False,0,0,0,0.0,0.0
4,mcv:1942,mcv,1082,1,1,False,0,0,0,0.0,0.0
4,mcv:2103,mcv,882,1,1,False,0,0,0,0.0,0.0
4,mcv:869,mcv,448,4,1,True,0,0,0,0.0,0.0
4,mcv:1126,mcv,244,3,1,False,0,0,0,0.0,0.0
4,mcv:2164,mcv,170,0,1,False,0,0,0,0.0,0.0
4,mcv:1945,mcv,1556,1,1,False,0,0,0,0.0,0.0
4,mcv:26,mcv,574,6,4,False,0,0,0,0.0,0.0
4,fd:172,fd,27,5,1,True,0,0,0,0.0,0.0
4,mcv:1772,mcv,196,2,1,False,0,0,0,0.0,0.0
4,fd:712,fd,27,1,1,False,0,0,0,0.0,0.0
4,mcv:1129,mcv,378,3,1,False,0,0,0,0.0,0.0
4,fd:378,fd,27,4,1,False,0,0,0,0.0,0.0
4,mcv:440,mcv,196,5,1,False,0,0,0,0.0,0.0
4,mcv:871,mcv,1236,3,2,False,0,0,0,0.0,0.0
4,mcv:1833,mcv,196,2,1,False,0,0,0,0.0,0.0
4,mcv:752,mcv,632,4,1,False,0,0,0,0.0,0.0
4,fd:633,fd,27,2,1,False,0,0,0,0.0,0.0
4,mcv:56,mcv,1128,8,1,False,0,0,0,0.0,0.0
4,fd:445,fd,27,3,1,False,0,0,0,0.0,0.0
4,fd:248,fd,27,4,2,False,0,0,0,0.0,0.0
4,mcv:2041,mcv,488,1,1,False,0,0,0,0.0,0.0
4,mcv:954,mcv,222,4,1,False,0,0,0,0.0,0.0
4,fd:109,fd,27,6,1,False,0,0,0,0.0,0.0
4,mcv:288,mcv,174,5,2,False,0,0,0,0.0,0.0
4,mcv:1205,mcv,636,3,1,True,0,0,0,0.0,0.0
4,mcv:1546,mcv,174,1,2,False,0,0,0,0.0,0.0
4,mcv:436,mcv,196,4,2,False,0,0,0,0.0,0.0
4,mcv:231,mcv,170,5,2,False,0,0,0,0.0,0.0
4,mcv:1941,mcv,1058,1,1,False,0,0,0,0.0,0.0
4,mcv:429,mcv,478,3,3,False,0,0,0,0.0,0.0
4,mcv:1152,mcv,314,3,1,False,0,0,0,0.0,0.0
4,mcv:602,mcv,482,4,2,False,0,0,0,0.0,0.0
4,fd:569,fd,27,1,2,False,0,0,0,0.0,0.0
4,mcv:1246,mcv,358,2,2,False,0,0,0,0.0,0.0
4,mcv:738,mcv,248,4,1,False,0,0,0,0.0,0.0
4,fd:170,fd,27,3,3,False,0,0,0,0.0,0.0
4,mcv:824,mcv,244,4,1,True,1,1,0,0.010571695770349443,0.0
4,mcv:326,mcv,292,6,1,False,0,0,0,0.0,0.0
4,mcv:1909,mcv,148,1,1,False,0,0,0,0.0,0.0
4,mcv:22,mcv,314,8,2,False,0,0,0,0.0,0.0
4,mcv:287,mcv,200,6,1,False,0,0,0,0.0,0.0
4,mcv:431,mcv,174,5,1,False,0,0,0,0.0,0.0
4,fd:578,fd,27,2,1,False,0,0,0,0.0,0.0
4,mcv:850,mcv,318,3,2,False,0,0,0,0.0,0.0
4,mcv:301,mcv,384,5,2,False,0,0,0,0.0,0.0
4,mcv:1586,mcv,218,1,2,False,0,0,0,0.0,0.0
4,mcv:1594,mcv,200,2,1,False,0,0,0,0.0,0.0
4,mcv:254,mcv,218,6,1,False,0,0,0,0.0,0.0
4,mcv:2190,mcv,410,0,1,False,0,0,0,0.0,0.0
4,mcv:1177,mcv,488,3,1,False,0,0,0,0.0,0.0
4,mcv:253,mcv,270,5,2,False,0,0,0,0.0,0.0
4,mcv:2177,mcv,1106,0,1,False,0,0,0,0.0,0.0
4,mcv:1447,mcv,386,3,1,False,0,0,0,0.0,0.0
4,mcv:1448,mcv,518,3,1,False,0,0,0,0.0,0.0
4,mcv:1375,mcv,562,3,1,False,0,0,0,0.0,0.0
4,mcv:1322,mcv,196,2,2,False,0,0,0,0.0,0.0
4,fd:552,fd,27,3,1,False,0,0,0,0.0,0.0
4,fd:553,fd,27,3,1,False,0,0,0,0.0,0.0
4,mcv:1721,mcv,248,2,1,False,0,0,0,0.0,0.0
4,mcv:795,mcv,804,4,1,False,0,0,0,0.0,0.0
4,mcv:1718,mcv,552,2,1,False,0,0,0,0.0,0.0
4,fd:613,fd,27,2,1,True,1,0,1,0.0,0.0003279234981445889
4,mcv:472,mcv,620,5,1,False,0,0,0,0.0,0.0
4,mcv:1602,mcv,218,2,1,False,0,0,0,0.0,0.0
4,fd:497,fd,27,2,2,False,0,0,0,0.0,0.0
4,mcv:1376,mcv,218,3,1,False,0,0,0,0.0,0.0
4,mcv:257,mcv,462,6,1,False,0,0,0,0.0,0.0
4,mcv:1500,mcv,814,2,1,False,0,0,0,0.0,0.0
4,fd:528,fd,27,2,2,False,0,0,0,0.0,0.0
4,fd:281,fd,41,4,1,False,0,0,0,0.0,0.0
4,mcv:1401,mcv,460,2,2,False,0,0,0,0.0,0.0
4,mcv:1781,mcv,148,2,1,False,0,0,0,0.0,0.0
4,mcv:683,mcv,304,4,1,False,0,0,0,0.0,0.0
4,mcv:308,mcv,170,6,1,False,0,0,0,0.0,0.0
4,mcv:1072,mcv,304,3,1,False,0,0,0,0.0,0.0
4,fd:432,fd,27,3,1,False,0,0,0,0.0,0.0
4,mcv:489,mcv,270,4,2,False,0,0,0,0.0,0.0
4,mcv:399,mcv,1484,5,1,True,1,1,0,0.011208411234419513,0.0
4,mcv:690,mcv,318,4,1,False,0,0,0,0.0,0.0
4,mcv:1547,mcv,226,2,1,False,0,0,0,0.0,0.0
4,mcv:695,mcv,594,4,1,False,0,0,0,0.0,0.0
4,mcv:1969,mcv,340,1,1,False,0,0,0,0.0,0.0
4,mcv:1868,mcv,476,1,1,False,0,0,0,0.0,0.0
4,mcv:521,mcv,300,5,1,False,0,0,0,0.0,0.0
4,fd:188,fd,27,4,2,False,0,0,0,0.0,0.0
4,mcv:408,mcv,634,4,2,False,0,0,0,0.0,0.0
4,mcv:222,mcv,1202,6,1,False,0,0,0,0.0,0.0
4,mcv:410,mcv,278,5,1,True,1,0,1,0.0,1.815748951194962e-08
4,mcv:1690,mcv,270,2,1,False,0,0,0,0.0,0.0
4,fd:591,fd,27,2,1,False,0,0,0,0.0,0.0
4,mcv:1238,mcv,358,2,2,False,0,0,0,0.0,0.0
4,fd:161,fd,41,5,1,False,0,0,0,0.0,0.0
4,mcv:2011,mcv,1228,1,1,False,0,0,0,0.0,0.0
4,mcv:923,mcv,314,4,1,False,0,0,0,0.0,0.0
4,mcv:705,mcv,362,4,1,False,0,0,0,0.0,0.0
4,mcv:1796,mcv,886,2,1,False,0,0,0,0.0,0.0
4,mcv:1266,mcv,304,3,1,False,0,0,0,0.0,0.0
4,mcv:1981,mcv,450,1,1,False,0,0,0,0.0,0.0
4,mcv:1160,mcv,222,3,1,False,0,0,0,0.0,0.0
4,fd:363,fd,27,4,1,False,0,0,0,0.0,0.0
4,fd:459,fd,27,3,1,False,0,0,0,0.0,0.0
4,fd:479,fd,41,3,1,False,0,0,0,0.0,0.0
4,mcv:1235,mcv,704,3,1,False,0,0,0,0.0,0.0
4,mcv:1523,mcv,502,2,1,False,0,0,0,0.0,0.0
4,mcv:1668,mcv,572,2,1,False,0,0,0,0.0,0.0
4,mcv:1625,mcv,436,2,1,False,0,0,0,0.0,0.0
4,mcv:1902,mcv,196,1,1,False,0,0,0,0.0,0.0
4,mcv:1795,mcv,934,2,1,False,0,0,0,0.0,0.0
4,mcv:1595,mcv,170,2,1,True,1,1,0,0.004463781102924225,0.0
4,mcv:519,mcv,196,5,1,False,0,0,0,0.0,0.0
4,mcv:1903,mcv,248,1,1,False,0,0,0,0.0,0.0
4,fd:675,fd,27,1,1,False,0,0,0,0.0,0.0
4,mcv:735,mcv,278,4,1,False,0,0,0,0.0,0.0
4,mcv:1318,mcv,322,3,1,True,1,0,1,0.0,0.01032010550073914
4,mcv:2180,mcv,484,0,1,False,0,0,0,0.0,0.0
4,mcv:1711,mcv,750,2,1,True,0,0,0,0.0,0.0
4,mcv:940,mcv,274,4,1,False,0,0,0,0.0,0.0
4,fd:493,fd,27,3,1,False,0,0,0,0.0,0.0
4,mcv:599,mcv,728,5,1,False,0,0,0,0.0,0.0
4,mcv:1316,mcv,222,3,1,False,0,0,0,0.0,0.0
4,mcv:1180,mcv,526,2,2,False,0,0,0,0.0,0.0
4,mcv:1414,mcv,504,3,1,False,0,0,0,0.0,0.0
4,mcv:1136,mcv,170,3,1,False,0,0,0,0.0,0.0
4,mcv:1687,mcv,274,2,1,False,0,0,0,0.0,0.0
4,mcv:1763,mcv,436,2,1,False,0,0,0,0.0,0.0
4,mcv:2028,mcv,278,1,1,False,0,0,0,0.0,0.0
4,mcv:1621,mcv,458,2,1,False,0,0,0,0.0,0.0
4,fd:600,fd,27,2,1,False,0,0,0,0.0,0.0
4,fd:676,fd,27,1,1,False,0,0,0,0.0,0.0
4,mcv:1905,mcv,274,1,1,False,0,0,0,0.0,0.0
4,fd:291,fd,27,4,1,False,0,0,0,0.0,0.0
4,mcv:806,mcv,326,4,1,False,0,0,0,0.0,0.0
4,fd:746,fd,41,0,1,False,0,0,0,0.0,0.0
4,mcv:1696,mcv,846,2,1,False,0,0,0,0.0,0.0
4,mcv:870,mcv,356,4,1,False,0,0,0,0.0,0.0
4,mcv:629,mcv,440,4,1,True,0,0,0,0.0,0.0
4,mcv:1012,mcv,304,3,1,False,0,0,0,0.0,0.0
4,fd:604,fd,27,2,1,False,0,0,0,0.0,0.0
4,fd:334,fd,27,4,1,False,0,0,0,0.0,0.0
4,mcv:1697,mcv,292,2,1,False,0,0,0,0.0,0.0
4,mcv:955,mcv,148,4,1,False,0,0,0,0.0,0.0
4,mcv:63,mcv,196,8,1,False,0,0,0,0.0,0.0
4,fd:636,fd,27,2,1,False,0,0,0,0.0,0.0
4,mcv:1468,mcv,734,2,1,False,0,0,0,0.0,0.0
4,mcv:1776,mcv,386,2,1,False,0,0,0,0.0,0.0
4,fd:111,fd,27,6,1,False,0,0,0,0.0,0.0
4,fd:379,fd,41,4,1,False,0,0,0,0.0,0.0
4,mcv:1689,mcv,456,2,1,False,0,0,0,0.0,0.0
4,mcv:291,mcv,378,6,1,True,1,1,0,0.001056410838202071,0.0
4,fd:602,fd,27,2,1,False,0,0,0,0.0,0.0
4,mcv:1692,mcv,698,2,1,False,0,0,0,0.0,0.0
4,mcv:2206,mcv,174,0,1,False,0,0,0,0.0,0.0
4,mcv:1694,mcv,226,2,1,False,0,0,0,0.0,0.0
4,mcv:1655,mcv,546,2,1,False,0,0,0,0.0,0.0
4,fd:478,fd,27,3,1,False,0,0,0,0.0,0.0
4,mcv:1651,mcv,694,2,1,False,0,0,0,0.0,0.0
4,mcv:1260,mcv,326,3,1,False,0,0,0,0.0,0.0
4,mcv:592,mcv,300,5,1,False,0,0,0,0.0,0.0
4,mcv:354,mcv,222,5,2,False,0,0,0,0.0,0.0
4,mcv:1048,mcv,414,3,1,False,0,0,0,0.0,0.0
4,mcv:518,mcv,292,5,1,False,0,0,0,0.0,0.0
4,mcv:1787,mcv,196,2,1,False,0,0,0,0.0,0.0
4,fd:421,fd,27,3,1,True,1,1,0,0.00011887951146394293,0.0
4,fd:105,fd,27,6,1,False,0,0,0,0.0,0.0
4,fd:422,fd,27,3,1,False,0,0,0,0.0,0.0
4,mcv:1259,mcv,344,3,1,False,0,0,0,0.0,0.0
4,fd:643,fd,27,2,1,True,0,0,0,0.0,0.0
4,mcv:654,mcv,594,4,1,False,0,0,0,0.0,0.0
4,mcv:277,mcv,318,6,1,False,0,0,0,0.0,0.0
4,mcv:1050,mcv,274,3,1,False,0,0,0,0.0,0.0
4,mcv:97,mcv,362,6,2,False,0,0,0,0.0,0.0
4,mcv:2145,mcv,362,0,1,False,0,0,0,0.0,0.0
4,fd:565,fd,27,2,1,False,0,0,0,0.0,0.0
4,fd:341,fd,27,4,1,False,0,0,0,0.0,0.0
4,mcv:537,mcv,714,5,1,False,0,0,0,0.0,0.0
4,fd:469,fd,27,3,1,False,0,0,0,0.0,0.0
4,mcv:384,mcv,388,5,1,False,0,0,0,0.0,0.0
4,mcv:1491,mcv,1116,1,2,False,0,0,0,0.0,0.0
4,mcv:1194,mcv,366,3,1,False,0,0,0,0.0,0.0
4,fd:684,fd,27,1,1,False,0,0,0,0.0,0.0
4,mcv:885,mcv,222,4,1,True,1,1,0,0.6417900065733466,0.0
4,mcv:458,mcv,170,5,1,False,0,0,0,0.0,0.0
4,mcv:2245,mcv,1046,0,1,False,0,0,0,0.0,0.0
4,mcv:1939,mcv,462,1,1,False,0,0,0,0.0,0.0
4,fd:392,fd,27,3,2,False,0,0,0,0.0,0.0
4,mcv:1521,mcv,704,2,1,False,0,0,0,0.0,0.0
4,fd:753,fd,27,0,1,False,0,0,0,0.0,0.0
4,mcv:982,mcv,418,4,1,False,0,0,0,0.0,0.0
4,mcv:1403,mcv,620,3,1,False,0,0,0,0.0,0.0
4,mcv:1730,mcv,692,1,2,False,0,0,0,0.0,0.0
4,mcv:6,mcv,842,9,2,False,0,0,0,0.0,0.0
4,mcv:1524,mcv,362,2,1,False,0,0,0,0.0,0.0
4,fd:38,fd,27,6,2,False,0,0,0,0.0,0.0
4,mcv:980,mcv,506,3,2,False,0,0,0,0.0,0.0
4,fd:153,fd,27,5,1,False,0,0,0,0.0,0.0
4,fd:529,fd,27,3,1,False,0,0,0,0.0,0.0
4,fd:394,fd,27,4,1,False,0,0,0,0.0,0.0
4,mcv:708,mcv,816,4,1,False,0,0,0,0.0,0.0
4,fd:617,fd,27,1,2,True,0,0,0,0.0,0.0
4,mcv:95,mcv,682,6,2,False,0,0,0,0.0,0.0
4,mcv:1090,mcv,388,3,1,False,0,0,0,0.0,0.0
4,mcv:412,mcv,362,4,2,False,0,0,0,0.0,0.0
4,mcv:1965,mcv,278,1,1,False,0,0,0,0.0,0.0
4,fd:689,fd,27,1,1,False,0,0,0,0.0,0.0
4,fd:436,fd,27,3,1,False,0,0,0,0.0,0.0
4,fd:234,fd,27,5,1,False,0,0,0,0.0,0.0
4,mcv:1654,mcv,1088,2,1,False,0,0,0,0.0,0.0
4,mcv:1265,mcv,432,3,1,False,0,0,0,0.0,0.0
4,mcv:498,mcv,432,5,1,False,0,0,0,0.0,0.0
4,mcv:1258,mcv,296,3,1,True,0,0,0,0.0,0.0
4,mcv:1631,mcv,476,2,1,False,0,0,0,0.0,0.0
4,mcv:1532,mcv,292,2,1,False,0,0,0,0.0,0.0
4,mcv:1677,mcv,196,2,1,False,0,0,0,0.0,0.0
4,mcv:1257,mcv,318,3,1,False,0,0,0,0.0,0.0
4,fd:593,fd,27,2,1,False,0,0,0,0.0,0.0
4,mcv:1357,mcv,482,3,1,False,0,0,0,0.0,0.0
4,mcv:2205,mcv,662,0,1,False,0,0,0,0.0,0.0
4,mcv:1099,mcv,418,3,1,True,1,0,1,0.0,4.409491809663511
4,mcv:804,mcv,664,4,1,False,0,0,0,0.0,0.0
4,mcv:1738,mcv,196,2,1,False,0,0,0,0.0,0.0
4,fd:688,fd,27,1,1,False,0,0,0,0.0,0.0
4,fd:313,fd,27,4,1,True,1,0,1,0.0,0.0013813226750656327
4,mcv:500,mcv,752,5,1,False,0,0,0,0.0,0.0
4,mcv:1736,mcv,322,2,1,False,0,0,0,0.0,0.0
4,mcv:1964,mcv,278,1,1,False,0,0,0,0.0,0.0
4,mcv:717,mcv,406,4,1,False,0,0,0,0.0,0.0
4,mcv:579,mcv,322,5,1,False,0,0,0,0.0,0.0
4,mcv:1531,mcv,314,2,1,False,0,0,0,0.0,0.0
4,mcv:805,mcv,348,4,1,False,0,0,0,0.0,0.0
4,fd:477,fd,27,3,1,False,0,0,0,0.0,0.0
4,mcv:479,mcv,690,5,1,False,0,0,0,0.0,0.0
4,mcv:970,mcv,512,4,1,True,0,0,0,0.0,0.0
4,mcv:1062,mcv,770,3,1,False,0,0,0,0.0,0.0
4,mcv:984,mcv,300,4,1,True,0,0,0,0.0,0.0
4,mcv:1379,mcv,268,3,1,False,0,0,0,0.0,0.0
4,mcv:573,mcv,292,5,1,False,0,0,0,0.0,0.0
4,fd:385,fd,41,4,1,False,0,0,0,0.0,0.0
4,fd:396,fd,41,4,1,False,0,0,0,0.0,0.0
4,fd:395,fd,27,4,1,False,0,0,0,0.0,0.0
4,mcv:669,mcv,774,4,1,False,0,0,0,0.0,0.0
4,mcv:985,mcv,148,4,1,False,0,0,0,0.0,0.0
4,mcv:615,mcv,170,4,2,False,0,0,0,0.0,0.0
4,mcv:1678,mcv,252,2,1,False,0,0,0,0.0,0.0
4,fd:425,fd,27,3,1,False,0,0,0,0.0,0.0
4,fd:345,fd,27,4,1,False,0,0,0,0.0,0.0
4,mcv:378,mcv,362,4,2,False,0,0,0,0.0,0.0
4,mcv:1063,mcv,594,3,1,False,0,0,0,0.0,0.0
4,fd:594,fd,27,2,1,True,0,0,0,0.0,0.0
4,mcv:206,mcv,704,6,1,False,0,0,0,0.0,0.0
4,mcv:894,mcv,694,4,1,False,0,0,0,0.0,0.0
4,mcv:380,mcv,498,5,1,False,0,0,0,0.0,0.0
4,fd:458,fd,27,3,1,False,0,0,0,0.0,0.0
4,mcv:597,mcv,248,5,1,False,0,0,0,0.0,0.0
4,mcv:1437,mcv,686,3,1,False,0,0,0,0.0,0.0
4,mcv:248,mcv,218,6,1,False,0,0,0,0.0,0.0
4,mcv:1861,mcv,304,1,1,False,0,0,0,0.0,0.0
4,fd:665,fd,27,1,1,False,0,0,0,0.0,0.0
4,fd:217,fd,27,5,1,False,0,0,0,0.0,0.0
4,mcv:952,mcv,620,4,1,False,0,0,0,0.0,0.0
4,mcv:560,mcv,382,5,1,False,0,0,0,0.0,0.0
4,mcv:1436,mcv,418,3,1,False,0,0,0,0.0,0.0
4,mcv:754,mcv,218,4,1,False,0,0,0,0.0,0.0
4,mcv:689,mcv,444,4,1,False,0,0,0,0.0,0.0
4,fd:653,fd,27,2,1,False,0,0,0,0.0,0.0
4,mcv:1158,mcv,462,3,1,False,0,0,0,0.0,0.0
4,mcv:1454,mcv,196,3,1,False,0,0,0,0.0,0.0
4,mcv:760,mcv,222,4,1,False,0,0,0,0.0,0.0
4,mcv:1818,mcv,624,2,1,False,0,0,0,0.0,0.0
4,fd:245,fd,27,5,1,False,0,0,0,0.0,0.0
4,mcv:558,mcv,540,5,1,True,1,0,0,0.0,0.0
4,mcv:80,mcv,288,7,2,False,0,0,0,0.0,0.0
4,mcv:101,mcv,562,7,1,False,0,0,0,0.0,0.0
4,mcv:1159,mcv,388,3,1,False,0,0,0,0.0,0.0
4,fd:546,fd,27,3,1,False,0,0,0,0.0,0.0
4,mcv:163,mcv,218,7,1,False,0,0,0,0.0,0.0
4,mcv:348,mcv,200,6,1,True,0,0,0,0.0,0.0
4,mcv:1440,mcv,218,3,1,False,0,0,0,0.0,0.0
4,fd:142,fd,27,6,1,False,0,0,0,0.0,0.0
4,mcv:762,mcv,196,4,1,False,0,0,0,0.0,0.0
4,mcv:1442,mcv,370,3,1,False,0,0,0,0.0,0.0
4,mcv:1161,mcv,218,3,1,False,0,0,0,0.0,0.0
4,fd:297,fd,27,4,1,True,0,0,0,0.0,0.0
4,mcv:1172,mcv,196,3,1,False,0,0,0,0.0,0.0
4,fd:264,fd,27,4,1,False,0,0,0,0.0,0.0
4,fd:144,fd,27,5,1,False,0,0,0,0.0,0.0
4,mcv:340,mcv,248,6,1,False,0,0,0,0.0,0.0
4,mcv:634,mcv,440,4,1,False,0,0,0,0.0,0.0
4,mcv:86,mcv,414,7,1,False,0,0,0,0.0,0.0
4,mcv:358,mcv,392,5,1,False,0,0,0,0.0,0.0
4,mcv:364,mcv,510,5,1,False,0,0,0,0.0,0.0
4,mcv:1564,mcv,170,2,1,False,0,0,0,0.0,0.0
4,fd:33,fd,27,7,1,False,0,0,0,0.0,0.0
4,mcv:117,mcv,200,7,1,False,0,0,0,0.0,0.0
4,mcv:1244,mcv,266,2,2,False,0,0,0,0.0,0.0
4,mcv:2120,mcv,292,1,1,False,0,0,0,0.0,0.0
4,mcv:1349,mcv,694,3,1,False,0,0,0,0.0,0.0
4,mcv:1033,mcv,654,3,1,False,0,0,0,0.0,0.0
4,mcv:1245,mcv,406,3,1,False,0,0,0,0.0,0.0
4,mcv:1828,mcv,218,2,1,False,0,0,0,0.0,0.0
4,mcv:1034,mcv,620,3,1,False,0,0,0,0.0,0.0
4,mcv:1847,mcv,492,1,1,False,0,0,0,0.0,0.0
4,fd:659,fd,27,1,1,False,0,0,0,0.0,0.0
4,mcv:1584,mcv,266,2,1,False,0,0,0,0.0,0.0
4,mcv:1426,mcv,512,3,1,False,0,0,0,0.0,0.0
4,fd:539,fd,41,3,1,False,0,0,0,0.0,0.0
4,mcv:2249,mcv,484,0,1,False,0,0,0,0.0,0.0
4,mcv:1753,mcv,148,2,1,False,0,0,0,0.0,0.0
4,fd:755,fd,27,0,1,False,0,0,0,0.0,0.0
4,fd:416,fd,27,3,1,False,0,0,0,0.0,0.0
4,fd:627,fd,41,2,1,False,0,0,0,0.0,0.0
4,mcv:1030,mcv,514,3,1,False,0,0,0,0.0,0.0
4,mcv:1140,mcv,292,3,1,False,0,0,0,0.0,0.0
4,mcv:1918,mcv,218,1,1,True,1,1,0,0.040461247054744076,0.0
4,mcv:1541,mcv,270,2,1,False,0,0,0,0.0,0.0
4,mcv:2017,mcv,428,1,1,False,0,0,0,0.0,0.0
4,mcv:227,mcv,170,6,1,False,0,0,0,0.0,0.0
4,mcv:1675,mcv,274,2,1,False,0,0,0,0.0,0.0
4,mcv:488,mcv,288,5,1,False,0,0,0,0.0,0.0
4,mcv:926,mcv,218,4,1,False,0,0,0,0.0,0.0
4,fd:364,fd,27,4,1,False,0,0,0,0.0,0.0
4,mcv:835,mcv,922,4,1,True,1,1,0,0.49328442022512053,0.0
4,fd:214,fd,27,5,1,False,0,0,0,0.0,0.0
4,mcv:501,mcv,314,5,1,False,0,0,0,0.0,0.0
4,mcv:1976,mcv,520,1,1,False,0,0,0,0.0,0.0
4,mcv:1263,mcv,1002,3,1,True,0,0,0,0.0,0.0
4,mcv:903,mcv,672,4,1,False,0,0,0,0.0,0.0
4,fd:475,fd,27,3,1,False,0,0,0,0.0,0.0
4,fd:389,fd,27,4,1,False,0,0,0,0.0,0.0
4,mcv:924,mcv,218,4,1,False,0,0,0,0.0,0.0
4,fd:722,fd,27,1,1,False,0,0,0,0.0,0.0
4,mcv:2002,mcv,274,1,1,False,0,0,0,0.0,0.0
4,mcv:1241,mcv,844,3,1,False,0,0,0,0.0,0.0
4,mcv:2067,mcv,642,1,1,False,0,0,0,0.0,0.0
4,mcv:553,mcv,456,5,1,False,0,0,0,0.0,0.0
4,mcv:1114,mcv,244,3,1,False,0,0,0,0.0,0.0
4,mcv:1374,mcv,218,3,1,False,0,0,0,0.0,0.0
4,mcv:1092,mcv,274,3,1,False,0,0,0,0.0,0.0
4,mcv:977,mcv,484,4,1,False,0,0,0,0.0,0.0
4,mcv:386,mcv,296,5,1,False,0,0,0,0.0,0.0
4,mcv:2101,mcv,482,1,1,False,0,0,0,0.0,0.0
4,fd:305,fd,27,4,1,False,0,0,0,0.0,0.0
4,fd:37,fd,27,7,1,False,0,0,0,0.0,0.0
4,mcv:951,mcv,196,4,1,False,0,0,0,0.0,0.0
4,mcv:1486,mcv,362,2,1,False,0,0,0,0.0,0.0
4,mcv:773,mcv,196,4,1,True,1,0,1,0.0,1.0739627631650706e-08
4,mcv:1912,mcv,170,1,1,False,0,0,0,0.0,0.0
4,mcv:1144,mcv,196,3,1,False,0,0,0,0.0,0.0
4,mcv:1559,mcv,170,2,1,False,0,0,0,0.0,0.0
4,mcv:1181,mcv,148,3,1,True,0,0,0,0.0,0.0
4,fd:738,fd,27,1,1,False,0,0,0,0.0,0.0
4,mcv:94,mcv,1224,7,1,False,0,0,0,0.0,0.0
4,mcv:1596,mcv,218,2,1,False,0,0,0,0.0,0.0
4,mcv:746,mcv,636,4,1,False,0,0,0,0.0,0.0
4,mcv:83,mcv,740,8,1,False,0,0,0,0.0,0.0
4,mcv:780,mcv,850,4,1,False,0,0,0,0.0,0.0
4,fd:302,fd,27,4,1,False,0,0,0,0.0,0.0
4,mcv:1038,mcv,956,3,1,False,0,0,0,0.0,0.0
4,mcv:465,mcv,1306,5,1,False,0,0,0,0.0,0.0
4,mcv:430,mcv,382,5,1,False,0,0,0,0.0,0.0
4,fd:692,fd,27,1,1,False,0,0,0,0.0,0.0
4,mcv:789,mcv,886,4,1,False,0,0,0,0.0,0.0
4,fd:173,fd,27,5,1,False,0,0,0,0.0,0.0
4,fd:621,fd,41,2,1,True,0,0,0,0.0,0.0
4,fd:308,fd,41,4,1,False,0,0,0,0.0,0.0
4,mcv:228,mcv,170,6,1,False,0,0,0,0.0,0.0
4,mcv:432,mcv,512,5,1,False,0,0,0,0.0,0.0
4,mcv:1972,mcv,754,1,1,False,0,0,0,0.0,0.0
4,mcv:1113,mcv,196,3,1,True,1,1,0,0.007918696041255835,0.0
4,mcv:556,mcv,382,5,1,False,0,0,0,0.0,0.0
4,fd:216,fd,27,5,1,True,1,0,1,0.0,0.0025906869865601756
4,mcv:1132,mcv,148,3,1,False,0,0,0,0.0,0.0
4,fd:171,fd,27,5,1,False,0,0,0,0.0,0.0
4,mcv:1735,mcv,512,2,1,False,0,0,0,0.0,0.0
4,mcv:742,mcv,462,4,1,False,0,0,0,0.0,0.0
4,mcv:2099,mcv,406,1,1,False,0,0,0,0.0,0.0
4,mcv:964,mcv,226,4,1,False,0,0,0,0.0,0.0
4,mcv:1618,mcv,620,2,1,False,0,0,0,0.0,0.0
4,mcv:112,mcv,170,7,1,True,1,1,0,0.08712493311037517,0.0
4,mcv:1954,mcv,800,1,1,False,0,0,0,0.0,0.0
4,mcv:1462,mcv,218,3,1,False,0,0,0,0.0,0.0
5,mcv:1704,mcv,958,1,2,False,0,0,0,0.0,0.0
5,fd:194,fd,27,5,1,False,0,0,0,0.0,0.0
5,mcv:913,mcv,226,3,2,False,0,0,0,0.0,0.0
5,mcv:63,mcv,196,7,2,False,0,0,0,0.0,0.0
5,mcv:1285,mcv,174,3,1,False,0,0,0,0.0,0.0
5,mcv:514,mcv,174,5,1,False,0,0,0,0.0,0.0
5,mcv:35,mcv,148,5,5,True,5,2,3,0.006492472291553808,0.023380433321483096
5,mcv:1307,mcv,378,2,2,False,0,0,0,0.0,0.0
5,fd:111,fd,27,5,2,False,0,0,0,0.0,0.0
5,mcv:77,mcv,148,6,3,False,0,0,0,0.0,0.0
5,fd:359,fd,27,3,2,False,0,0,0,0.0,0.0
5,mcv:1408,mcv,248,2,2,False,0,0,0,0.0,0.0
5,fd:15,fd,41,5,5,False,0,0,0,0.0,0.0
5,fd:490,fd,27,2,2,False,0,0,0,0.0,0.0
5,fd:28,fd,41,6,3,False,0,0,0,0.0,0.0
5,mcv:291,mcv,378,5,2,False,0,0,0,0.0,0.0
5,mcv:286,mcv,492,4,3,True,3,1,2,0.0003299603196889045,0.06677431015912205
5,fd:709,fd,27,1,1,False,0,0,0,0.0,0.0
5,mcv:76,mcv,148,7,2,False,0,0,0,0.0,0.0
5,fd:486,fd,27,3,1,False,0,0,0,0.0,0.0
5,mcv:327,mcv,226,4,3,False,0,0,0,0.0,0.0
5,mcv:1286,mcv,362,3,1,False,0,0,0,0.0,0.0
5,fd:532,fd,27,2,2,False,0,0,0,0.0,0.0
5,mcv:2036,mcv,466,1,1,False,0,0,0,0.0,0.0
5,mcv:435,mcv,322,5,1,False,0,0,0,0.0,0.0
5,mcv:1923,mcv,218,1,1,False,0,0,0,0.0,0.0
5,mcv:144,mcv,174,4,4,False,0,0,0,0.0,0.0
5,mcv:2090,mcv,148,0,2,False,0,0,0,0.0,0.0
5,mcv:759,mcv,170,2,3,False,0,0,0,0.0,0.0
5,fd:313,fd,27,2,3,True,2,1,1,0.00015756192264837487,0.00017275533115568287
5,fd:52,fd,27,4,4,False,0,0,0,0.0,0.0
5,mcv:1624,mcv,278,2,1,False,0,0,0,0.0,0.0
5,fd:731,fd,41,0,2,False,0,0,0,0.0,0.0
5,mcv:1679,mcv,174,2,1,False,0,0,0,0.0,0.0
5,mcv:478,mcv,344,4,2,False,0,0,0,0.0,0.0
5,mcv:957,mcv,148,3,2,False,0,0,0,0.0,0.0
5,mcv:480,mcv,362,4,2,False,0,0,0,0.0,0.0
5,mcv:1154,mcv,148,2,2,False,0,0,0,0.0,0.0
5,mcv:438,mcv,170,4,2,False,0,0,0,0.0,0.0
5,fd:583,fd,27,2,1,False,0,0,0,0.0,0.0
5,mcv:610,mcv,170,3,3,False,0,0,0,0.0,0.0
5,mcv:805,mcv,348,2,3,False,0,0,0,0.0,0.0
5,mcv:145,mcv,218,6,2,False,0,0,0,0.0,0.0
5,fd:595,fd,27,2,1,False,0,0,0,0.0,0.0
5,mcv:1790,mcv,708,1,2,False,0,0,0,0.0,0.0
5,mcv:1333,mcv,774,2,2,False,0,0,0,0.0,0.0
5,fd:476,fd,41,2,2,False,0,0,0,0.0,0.0
5,mcv:965,mcv,1632,3,2,False,0,0,0,0.0,0.0
5,mcv:1249,mcv,638,2,2,False,0,0,0,0.0,0.0
5,mcv:2131,mcv,852,0,1,False,0,0,0,0.0,0.0
5,mcv:1379,mcv,268,3,1,False,0,0,0,0.0,0.0
5,mcv:152,mcv,568,6,2,False,0,0,0,0.0,0.0
5,mcv:639,mcv,900,3,2,False,0,0,0,0.0,0.0
5,mcv:1647,mcv,616,1,2,False,0,0,0,0.0,0.0
5,mcv:302,mcv,568,4,3,False,0,0,0,0.0,0.0
5,mcv:1648,mcv,756,2,1,False,0,0,0,0.0,0.0
5,fd:69,fd,27,6,2,False,0,0,0,0.0,0.0
5,fd:640,fd,41,2,1,False,0,0,0,0.0,0.0
5,mcv:649,mcv,1032,3,2,False,0,0,0,0.0,0.0
5,mcv:1749,mcv,612,0,3,False,0,0,0,0.0,0.0
5,fd:227,fd,27,5,1,True,1,1,0,0.11007817064121972,0.0
5,mcv:185,mcv,1750,6,2,False,0,0,0,0.0,0.0
5,fd:414,fd,27,2,2,False,0,0,0,0.0,0.0
5,mcv:198,mcv,2208,5,2,True,1,0,1,0.0,0.3430181451535661
5,mcv:570,mcv,340,5,1,False,0,0,0,0.0,0.0
5,mcv:959,mcv,340,4,1,False,0,0,0,0.0,0.0
5,mcv:177,mcv,854,6,2,False,0,0,0,0.0,0.0
5,mcv:1026,mcv,628,2,2,False,0,0,0,0.0,0.0
5,mcv:2129,mcv,812,0,1,False,0,0,0,0.0,0.0
5,mcv:1250,mcv,344,2,2,False,0,0,0,0.0,0.0
5,mcv:67,mcv,384,7,2,False,0,0,0,0.0,0.0
5,mcv:1027,mcv,896,3,1,False,0,0,0,0.0,0.0
5,mcv:135,mcv,572,4,4,False,0,0,0,0.0,0.0
5,mcv:1382,mcv,1500,2,2,False,0,0,0,0.0,0.0
5,mcv:1783,mcv,392,2,1,False,0,0,0,0.0,0.0
5,mcv:832,mcv,1500,3,2,True,0,0,0,0.0,0.0
5,mcv:1337,mcv,1346,3,1,False,0,0,0,0.0,0.0
5,mcv:57,mcv,544,6,3,False,0,0,0,0.0,0.0
5,mcv:987,mcv,484,4,1,True,0,0,0,0.0,0.0
5,mcv:1203,mcv,772,3,1,True,1,1,0,0.16283276483625442,0.0
5,mcv:1146,mcv,556,3,1,False,0,0,0,0.0,0.0
5,mcv:1946,mcv,948,1,1,True,0,0,0,0.0,0.0
5,fd:452,fd,27,3,1,False,0,0,0,0.0,0.0
5,mcv:465,mcv,1306,4,2,False,0,0,0,0.0,0.0
5,fd:234,fd,27,3,3,False,0,0,0,0.0,0.0
5,mcv:40,mcv,840,8,2,True,2,1,1,0.3233121183660197,0.16535744897760618
5,mcv:964,mcv,226,4,1,False,0,0,0,0.0,0.0
5,fd:295,fd,27,4,1,False,0,0,0,0.0,0.0
5,mcv:6,mcv,842,9,2,False,0,0,0,0.0,0.0
5,mcv:1354,mcv,588,1,3,False,0,0,0,0.0,0.0
5,mcv:1727,mcv,746,1,2,False,0,0,0,0.0,0.0
5,mcv:112,mcv,170,6,2,True,2,2,0,0.16321806809520445,0.0
5,mcv:162,mcv,382,5,3,False,0,0,0,0.0,0.0
5,mcv:559,mcv,724,5,1,False,0,0,0,0.0,0.0
5,fd:63,fd,27,5,3,False,0,0,0,0.0,0.0
5,fd:384,fd,41,3,2,False,0,0,0,0.0,0.0
5,mcv:789,mcv,886,4,1,True,0,0,0,0.0,0.0
5,mcv:582,mcv,170,4,2,False,0,0,0,0.0,0.0
5,mcv:1922,mcv,292,1,1,False,0,0,0,0.0,0.0
5,mcv:969,mcv,660,3,2,False,0,0,0,0.0,0.0
5,mcv:1141,mcv,514,3,1,False,0,0,0,0.0,0.0
5,fd:259,fd,27,4,2,False,0,0,0,0.0,0.0
5,fd:74,fd,27,7,1,False,0,0,0,0.0,0.0
5,mcv:266,mcv,654,6,1,False,0,0,0,0.0,0.0
5,fd:386,fd,27,4,1,False,0,0,0,0.0,0.0
5,mcv:791,mcv,1290,4,1,False,0,0,0,0.0,0.0
5,mcv:1556,mcv,314,1,2,False,0,0,0,0.0,0.0
5,fd:18,fd,27,8,2,False,0,0,0,0.0,0.0
5,mcv:578,mcv,512,4,2,False,0,0,0,0.0,0.0
5,mcv:1913,mcv,676,1,1,False,0,0,0,0.0,0.0
5,fd:123,fd,27,5,2,True,0,0,0,0.0,0.0
5,fd:138,fd,27,5,2,False,0,0,0,0.0,0.0
5,mcv:620,mcv,222,4,2,False,0,0,0,0.0,0.0
5,mcv:2076,mcv,200,1,1,False,0,0,0,0.0,0.0
5,fd:308,fd,41,4,1,False,0,0,0,0.0,0.0
5,mcv:606,mcv,1000,5,1,False,0,0,0,0.0,0.0
5,mcv:2096,mcv,850,1,1,False,0,0,0,0.0,0.0
5,mcv:312,mcv,382,2,5,False,0,0,0,0.0,0.0
5,mcv:314,mcv,768,5,2,False,0,0,0,0.0,0.0
5,mcv:344,mcv,296,5,2,False,0,0,0,0.0,0.0
5,mcv:749,mcv,244,4,1,True,0,0,0,0.0,0.0
5,mcv:2097,mcv,432,1,1,False,0,0,0,0.0,0.0
5,mcv:264,mcv,1124,6,1,False,0,0,0,0.0,0.0
5,mcv:1920,mcv,170,1,1,False,0,0,0,0.0,0.0
5,mcv:1384,mcv,274,2,2,False,0,0,0,0.0,0.0
5,fd:121,fd,27,2,5,True,1,1,0,0.0007870536991934074,0.0
5,fd:521,fd,27,2,2,False,0,0,0,0.0,0.0
5,fd:233,fd,41,4,2,False,0,0,0,0.0,0.0
5,mcv:343,mcv,576,6,1,False,0,0,0,0.0,0.0
5,fd:296,fd,27,4,1,False,0,0,0,0.0,0.0
5,mcv:579,mcv,322,3,3,False,0,0,0,0.0,0.0
5,mcv:184,mcv,344,7,1,False,0,0,0,0.0,0.0
5,mcv:1788,mcv,524,1,2,False,0,0,0,0.0,0.0
5,fd:3,fd,41,10,1,True,0,0,0,0.0,0.0
5,mcv:748,mcv,388,4,1,False,0,0,0,0.0,0.0
5,mcv:972,mcv,366,4,1,False,0,0,0,0.0,0.0
5,mcv:9,mcv,512,10,1,False,0,0,0,0.0,0.0
5,fd:736,fd,27,1,1,True,0,0,0,0.0,0.0
5,fd:47,fd,27,6,2,False,0,0,0,0.0,0.0
5,mcv:21,mcv,218,7,3,False,0,0,0,0.0,0.0
5,mcv:1150,mcv,218,2,2,False,0,0,0,0.0,0.0
5,mcv:1666,mcv,366,1,2,False,0,0,0,0.0,0.0
5,mcv:1225,mcv,480,3,1,False,0,0,0,0.0,0.0
5,mcv:131,mcv,196,6,2,False,0,0,0,0.0,0.0
5,mcv:753,mcv,410,2,3,True,3,1,2,0.11664939063342561,1.1764633188268034
5,mcv:1669,mcv,410,1,2,False,0,0,0,0.0,0.0
5,mcv:394,mcv,418,4,2,False,0,0,0,0.0,0.0
5,fd:14,fd,27,8,2,False,0,0,0,0.0,0.0
5,mcv:856,mcv,274,3,2,False,0,0,0,0.0,0.0
5,mcv:1676,mcv,526,2,1,False,0,0,0,0.0,0.0
5,mcv:1742,mcv,362,1,2,False,0,0,0,0.0,0.0
5,mcv:1646,mcv,366,1,2,False,0,0,0,0.0,0.0
5,mcv:46,mcv,634,7,2,False,0,0,0,0.0,0.0
5,mcv:2053,mcv,772,1,1,False,0,0,0,0.0,0.0
5,fd:427,fd,27,3,1,False,0,0,0,0.0,0.0
5,fd:321,fd,27,3,2,False,0,0,0,0.0,0.0
5,mcv:852,mcv,244,3,2,False,0,0,0,0.0,0.0
5,mcv:827,mcv,432,3,2,False,0,0,0,0.0,0.0
5,fd:588,fd,27,1,2,False,0,0,0,0.0,0.0
5,fd:592,fd,27,2,1,False,0,0,0,0.0,0.0
5,mcv:1068,mcv,330,3,1,False,0,0,0,0.0,0.0
5,mcv:396,mcv,492,5,1,True,1,1,0,0.0053546799563402026,0.0
5,mcv:1067,mcv,562,3,1,False,0,0,0,0.0,0.0
5,fd:428,fd,27,3,1,False,0,0,0,0.0,0.0
5,mcv:34,mcv,536,8,2,False,0,0,0,0.0,0.0
5,mcv:136,mcv,926,6,2,False,0,0,0,0.0,0.0
5,fd:723,fd,41,0,2,False,0,0,0,0.0,0.0
5,mcv:1986,mcv,296,1,1,False,0,0,0,0.0,0.0
5,mcv:273,mcv,750,5,2,False,0,0,0,0.0,0.0
5,fd:408,fd,27,1,3,False,0,0,0,0.0,0.0
5,fd:95,fd,27,4,3,False,0,0,0,0.0,0.0
5,fd:37,fd,27,6,2,False,0,0,0,0.0,0.0
5,mcv:764,mcv,148,2,3,False,0,0,0,0.0,0.0
5,mcv:192,mcv,1408,5,2,False,0,0,0,0.0,0.0
5,fd:696,fd,27,0,2,False,0,0,0,0.0,0.0
5,mcv:1945,mcv,1556,1,1,False,0,0,0,0.0,0.0
5,fd:695,fd,27,1,1,False,0,0,0,0.0,0.0
5,mcv:1988,mcv,252,0,2,False,0,0,0,0.0,0.0
5,fd:83,fd,27,6,1,False,0,0,0,0.0,0.0
5,mcv:1167,mcv,548,1,3,False,0,0,0,0.0,0.0
5,mcv:1012,mcv,304,3,1,False,0,0,0,0.0,0.0
5,mcv:482,mcv,344,5,1,False,0,0,0,0.0,0.0
5,mcv:1057,mcv,410,1,3,False,0,0,0,0.0,0.0
5,mcv:1008,mcv,756,2,2,False,0,0,0,0.0,0.0
5,mcv:94,mcv,1224,6,2,False,0,0,0,0.0,0.0
5,mcv:1161,mcv,218,3,1,False,0,0,0,0.0,0.0
5,mcv:1162,mcv,274,2,2,False,0,0,0,0.0,0.0
5,mcv:576,mcv,482,4,2,False,0,0,0,0.0,0.0
5,fd:558,fd,27,2,1,False,0,0,0,0.0,0.0
5,mcv:669,mcv,774,4,1,False,0,0,0,0.0,0.0
5,mcv:443,mcv,148,1,5,False,0,0,0,0.0,0.0
5,fd:231,fd,27,4,2,False,0,0,0,0.0,0.0
5,mcv:1466,mcv,572,1,2,False,0,0,0,0.0,0.0
5,mcv:1837,mcv,936,1,1,False,0,0,0,0.0,0.0
5,mcv:360,mcv,348,4,2,False,0,0,0,0.0,0.0
5,fd:528,fd,27,2,2,False,0,0,0,0.0,0.0
5,mcv:1401,mcv,460,2,2,False,0,0,0,0.0,0.0
5,mcv:1606,mcv,1260,1,2,False,0,0,0,0.0,0.0
5,mcv:672,mcv,340,1,4,False,0,0,0,0.0,0.0
5,mcv:1490,mcv,252,2,1,False,0,0,0,0.0,0.0
5,mcv:1610,mcv,434,1,2,False,0,0,0,0.0,0.0
5,mcv:205,mcv,1484,6,1,False,0,0,0,0.0,0.0
5,mcv:249,mcv,544,4,3,False,0,0,0,0.0,0.0
5,mcv:1465,mcv,1620,2,1,False,0,0,0,0.0,0.0
5,mcv:43,mcv,340,5,4,False,0,0,0,0.0,0.0
5,mcv:1006,mcv,414,1,3,False,0,0,0,0.0,0.0
5,mcv:2075,mcv,148,0,2,False,0,0,0,0.0,0.0
5,mcv:487,mcv,174,5,1,False,0,0,0,0.0,0.0
5,mcv:137,mcv,1136,4,4,False,0,0,0,0.0,0.0
5,mcv:1635,mcv,174,2,1,False,0,0,0,0.0,0.0
5,mcv:463,mcv,790,4,2,False,0,0,0,0.0,0.0
5,mcv:1567,mcv,196,0,3,False,0,0,0,0.0,0.0
5,mcv:589,mcv,452,3,3,False,0,0,0,0.0,0.0
5,mcv:74,mcv,434,7,2,False,0,0,0,0.0,0.0
5,mcv:334,mcv,314,6,1,False,0,0,0,0.0,0.0
5,mcv:1825,mcv,318,2,1,False,0,0,0,0.0,0.0
5,mcv:348,mcv,200,5,2,False,0,0,0,0.0,0.0
5,mcv:160,mcv,810,6,2,False,0,0,0,0.0,0.0
5,fd:229,fd,27,4,2,False,0,0,0,0.0,0.0
5,fd:241,fd,27,3,3,False,0,0,0,0.0,0.0
5,fd:624,fd,27,2,1,False,0,0,0,0.0,0.0
5,mcv:594,mcv,314,3,3,False,0,0,0,0.0,0.0
5,mcv:928,mcv,650,3,2,False,0,0,0,0.0,0.0
5,mcv:65,mcv,196,8,1,True,1,0,1,0.0,0.600959308183616
5,fd:240,fd,41,5,1,False,0,0,0,0.0,0.0
5,mcv:1747,mcv,340,2,1,True,1,0,1,0.0,0.5334555051217649
5,fd:340,fd,27,4,1,False,0,0,0,0.0,0.0
5,mcv:1380,mcv,366,3,1,False,0,0,0,0.0,0.0
5,mcv:73,mcv,658,6,3,False,0,0,0,0.0,0.0
5,mcv:884,mcv,244,4,1,True,0,0,0,0.0,0.0
5,fd:55,fd,27,7,1,False,0,0,0,0.0,0.0
5,mcv:150,mcv,292,7,1,False,0,0,0,0.0,0.0
5,mcv:182,mcv,244,7,1,True,0,0,0,0.0,0.0
5,fd:62,fd,27,6,2,False,0,0,0,0.0,0.0
5,mcv:557,mcv,628,5,1,False,0,0,0,0.0,0.0
5,mcv:1759,mcv,400,2,1,False,0,0,0,0.0,0.0
5,fd:228,fd,27,3,3,False,0,0,0,0.0,0.0
5,mcv:1770,mcv,218,1,2,False,0,0,0,0.0,0.0
5,mcv:28,mcv,540,7,3,False,0,0,0,0.0,0.0
5,mcv:588,mcv,540,5,1,False,0,0,0,0.0,0.0
5,mcv:572,mcv,322,4,2,False,0,0,0,0.0,0.0
5,mcv:909,mcv,492,3,2,False,0,0,0,0.0,0.0
5,fd:142,fd,27,5,2,False,0,0,0,0.0,0.0
5,mcv:299,mcv,226,4,3,True,0,0,0,0.0,0.0
5,fd:16,fd,41,6,4,False,0,0,0,0.0,0.0
5,mcv:36,mcv,510,6,4,False,0,0,0,0.0,0.0
5,fd:357,fd,27,3,2,False,0,0,0,0.0,0.0
5,mcv:571,mcv,226,3,3,True,0,0,0,0.0,0.0
5,mcv:64,mcv,382,6,3,False,0,0,0,0.0,0.0
5,mcv:535,mcv,340,2,4,False,0,0,0,0.0,0.0
5,mcv:999,mcv,200,2,3,False,0,0,0,0.0,0.0
5,mcv:426,mcv,200,4,2,False,0,0,0,0.0,0.0
5,fd:168,fd,27,4,2,False,0,0,0,0.0,0.0
5,mcv:734,mcv,170,4,1,False,0,0,0,0.0,0.0
5,mcv:322,mcv,196,6,1,False,0,0,0,0.0,0.0
5,fd:404,fd,27,2,3,False,0,0,0,0.0,0.0
5,mcv:925,mcv,292,4,1,False,0,0,0,0.0,0.0
5,mcv:424,mcv,218,4,2,True,1,1,0,1.244576486314486e-08,0.0
5,fd:146,fd,27,4,2,False,0,0,0,0.0,0.0
5,mcv:372,mcv,318,4,2,False,0,0,0,0.0,0.0
5,mcv:655,mcv,756,2,3,False,0,0,0,0.0,0.0
5,mcv:584,mcv,356,3,3,False,0,0,0,0.0,0.0
5,mcv:173,mcv,964,6,2,True,2,1,1,0.025565553203853453,1.5030371159767366
5,mcv:462,mcv,784,4,2,False,0,0,0,0.0,0.0
5,mcv:1295,mcv,566,2,2,False,0,0,0,0.0,0.0
5,fd:246,fd,27,3,3,False,0,0,0,0.0,0.0
5,mcv:784,mcv,378,3,2,False,0,0,0,0.0,0.0
5,mcv:1190,mcv,148,2,2,False,0,0,0,0.0,0.0
5,fd:185,fd,27,4,2,False,0,0,0,0.0,0.0
5,mcv:329,mcv,1244,5,2,True,1,1,0,0.037318628817821775,0.0
5,mcv:260,mcv,196,4,3,False,0,0,0,0.0,0.0
5,mcv:1186,mcv,270,3,1,False,0,0,0,0.0,0.0
5,mcv:172,mcv,174,5,3,False,0,0,0,0.0,0.0
5,fd:237,fd,27,3,3,False,0,0,0,0.0,0.0
5,fd:604,fd,27,2,1,False,0,0,0,0.0,0.0
5,fd:66,fd,27,5,3,False,0,0,0,0.0,0.0
5,mcv:1701,mcv,1148,2,1,False,0,0,0,0.0,0.0
5,fd:99,fd,27,4,3,False,0,0,0,0.0,0.0
5,mcv:598,mcv,538,3,3,False,0,0,0,0.0,0.0
5,fd:306,fd,27,3,2,True,0,0,0,0.0,0.0
5,mcv:1694,mcv,226,2,1,False,0,0,0,0.0,0.0
5,mcv:1296,mcv,362,3,1,False,0,0,0,0.0,0.0
5,fd:153,fd,27,5,1,False,0,0,0,0.0,0.0
5,mcv:97,mcv,362,7,1,False,0,0,0,0.0,0.0
5,mcv:1244,mcv,266,2,2,False,0,0,0,0.0,0.0
5,fd:277,fd,27,3,2,False,0,0,0,0.0,0.0
5,fd:493,fd,27,3,1,False,0,0,0,0.0,0.0
5,mcv:272,mcv,358,6,1,False,0,0,0,0.0,0.0
5,mcv:1654,mcv,1088,1,2,False,0,0,0,0.0,0.0
5,mcv:1639,mcv,358,2,1,False,0,0,0,0.0,0.0
5,mcv:599,mcv,728,5,1,False,0,0,0,0.0,0.0
5,mcv:1224,mcv,318,1,3,False,0,0,0,0.0,0.0
5,mcv:811,mcv,288,4,1,False,0,0,0,0.0,0.0
5,mcv:833,mcv,388,2,3,False,0,0,0,0.0,0.0
5,mcv:501,mcv,314,4,2,False,0,0,0,0.0,0.0
5,mcv:1976,mcv,520,0,2,False,0,0,0,0.0,0.0
5,mcv:1712,mcv,218,2,1,False,0,0,0,0.0,0.0
5,mcv:1316,mcv,222,3,1,True,1,1,0,0.0007390607955046757,0.0
5,mcv:1259,mcv,344,3,1,False,0,0,0,0.0,0.0
5,mcv:961,mcv,218,4,1,False,0,0,0,0.0,0.0
5,mcv:23,mcv,1106,7,3,False,0,0,0,0.0,0.0
5,mcv:1229,mcv,288,3,1,False,0,0,0,0.0,0.0
5,mcv:384,mcv,388,5,1,False,0,0,0,0.0,0.0
5,mcv:379,mcv,748,2,4,False,0,0,0,0.0,0.0
5,mcv:134,mcv,358,6,2,False,0,0,0,0.0,0.0
5,mcv:1797,mcv,746,2,1,False,0,0,0,0.0,0.0
5,mcv:1058,mcv,634,3,1,False,0,0,0,0.0,0.0
5,mcv:671,mcv,388,3,2,False,0,0,0,0.0,0.0
5,mcv:1711,mcv,750,2,1,False,0,0,0,0.0,0.0
5,fd:159,fd,41,5,1,False,0,0,0,0.0,0.0
5,mcv:617,mcv,366,4,2,False,0,0,0,0.0,0.0
5,mcv:16,mcv,304,8,2,False,0,0,0,0.0,0.0
5,mcv:79,mcv,392,7,2,False,0,0,0,0.0,0.0
5,fd:347,fd,27,3,2,False,0,0,0,0.0,0.0
5,mcv:157,mcv,148,6,2,False,0,0,0,0.0,0.0
5,fd:34,fd,27,6,2,False,0,0,0,0.0,0.0
5,mcv:397,mcv,304,5,1,False,0,0,0,0.0,0.0
5,mcv:87,mcv,418,6,2,True,2,1,1,0.7046336568583227,1.2307093793458797
5,fd:59,fd,27,6,2,False,0,0,0,0.0,0.0
5,fd:77,fd,27,4,3,False,0,0,0,0.0,0.0
5,fd:5,fd,27,8,2,False,0,0,0,0.0,0.0
5,mcv:896,mcv,174,3,2,False,0,0,0,0.0,0.0
5,fd:30,fd,41,7,2,False,0,0,0,0.0,0.0
5,mcv:100,mcv,396,6,2,False,0,0,0,0.0,0.0
5,mcv:1474,mcv,436,2,1,False,0,0,0,0.0,0.0
5,mcv:191,mcv,348,4,3,False,0,0,0,0.0,0.0
5,mcv:32,mcv,322,9,1,False,0,0,0,0.0,0.0
5,mcv:1473,mcv,896,2,1,False,0,0,0,0.0,0.0
5,mcv:38,mcv,196,7,3,False,0,0,0,0.0,0.0
5,mcv:101,mcv,562,7,1,False,0,0,0,0.0,0.0
5,mcv:627,mcv,562,3,2,False,0,0,0,0.0,0.0
5,fd:13,fd,27,9,1,False,0,0,0,0.0,0.0
5,fd:554,fd,27,3,1,False,0,0,0,0.0,0.0
5,fd:387,fd,41,4,1,False,0,0,0,0.0,0.0
5,fd:262,fd,27,4,2,False,0,0,0,0.0,0.0
5,mcv:490,mcv,288,4,2,False,0,0,0,0.0,0.0
5,mcv:1013,mcv,690,2,2,False,0,0,0,0.0,0.0
5,fd:400,fd,27,4,1,False,0,0,0,0.0,0.0
5,mcv:973,mcv,296,4,1,True,1,1,0,5.939319958468515,0.0
5,mcv:2126,mcv,2058,0,1,False,0,0,0,0.0,0.0
5,mcv:1014,mcv,458,2,2,False,0,0,0,0.0,0.0
5,mcv:345,mcv,1192,5,2,False,0,0,0,0.0,0.0
5,mcv:814,mcv,340,4,1,False,0,0,0,0.0,0.0
5,mcv:1234,mcv,1052,3,1,False,0,0,0,0.0,0.0
5,mcv:992,mcv,170,3,2,False,0,0,0,0.0,0.0
5,mcv:1455,mcv,608,3,1,False,0,0,0,0.0,0.0
5,mcv:275,mcv,218,6,1,True,1,1,0,0.0035766349673216347,0.0
5,mcv:636,mcv,440,4,1,False,0,0,0,0.0,0.0
5,mcv:1809,mcv,296,1,2,False,0,0,0,0.0,0.0
5,mcv:352,mcv,938,4,3,False,0,0,0,0.0,0.0
5,mcv:1810,mcv,314,2,1,False,0,0,0,0.0,0.0
5,mcv:994,mcv,174,4,1,False,0,0,0,0.0,0.0
5,fd:139,fd,27,5,2,False,0,0,0,0.0,0.0
5,fd:650,fd,27,1,2,False,0,0,0,0.0,0.0
5,mcv:363,mcv,370,5,1,False,0,0,0,0.0,0.0
5,mcv:626,mcv,964,4,2,False,0,0,0,0.0,0.0
5,mcv:1828,mcv,218,2,1,False,0,0,0,0.0,0.0
5,mcv:390,mcv,536,5,1,False,0,0,0,0.0,0.0
5,mcv:216,mcv,304,6,1,False,0,0,0,0.0,0.0
5,fd:85,fd,27,6,1,False,0,0,0,0.0,0.0
5,mcv:1110,mcv,314,3,1,False,0,0,0,0.0,0.0
5,fd:156,fd,27,4,2,False,0,0,0,0.0,0.0
5,fd:547,fd,27,3,1,False,0,0,0,0.0,0.0
5,mcv:635,mcv,1366,4,1,False,0,0,0,0.0,0.0
5,fd:370,fd,27,3,2,False,0,0,0,0.0,0.0
5,mcv:1072,mcv,304,3,1,False,0,0,0,0.0,0.0
5,fd:432,fd,27,3,1,False,0,0,0,0.0,0.0
5,fd:45,fd,41,5,3,False,0,0,0,0.0,0.0
5,mcv:687,mcv,574,3,2,False,0,0,0,0.0,0.0
5,mcv:473,mcv,926,4,2,False,0,0,0,0.0,0.0
5,mcv:1319,mcv,642,3,1,True,0,0,0,0.0,0.0
5,mcv:1619,mcv,462,0,3,False,0,0,0,0.0,0.0
5,mcv:1469,mcv,440,2,1,False,0,0,0,0.0,0.0
5,mcv:1214,mcv,1282,2,2,False,0,0,0,0.0,0.0
5,mcv:882,mcv,196,3,2,False,0,0,0,0.0,0.0
5,mcv:2125,mcv,326,0,1,False,0,0,0,0.0,0.0
5,mcv:633,mcv,948,3,2,True,2,0,2,0.0,0.3567643803939662
5,fd:494,fd,27,3,1,False,0,0,0,0.0,0.0
5,mcv:395,mcv,644,4,2,False,0,0,0,0.0,0.0
5,mcv:1438,mcv,440,3,1,False,0,0,0,0.0,0.0
5,mcv:1840,mcv,1120,1,1,False,0,0,0,0.0,0.0
5,mcv:682,mcv,440,4,1,False,0,0,0,0.0,0.0
5,mcv:1758,mcv,930,1,2,False,0,0,0,0.0,0.0
5,mcv:392,mcv,592,4,2,False,0,0,0,0.0,0.0
5,mcv:126,mcv,488,5,3,True,3,2,1,5.799612894602207,0.023426483800952802
5,fd:338,fd,27,3,2,True,0,0,0,0.0,0.0
5,fd:158,fd,27,4,2,False,0,0,0,0.0,0.0
5,fd:580,fd,27,0,3,False,0,0,0,0.0,0.0
5,mcv:938,mcv,400,3,2,False,0,0,0,0.0,0.0
5,mcv:1315,mcv,470,2,2,False,0,0,0,0.0,0.0
5,mcv:1403,mcv,620,3,1,False,0,0,0,0.0,0.0
5,mcv:1625,mcv,436,2,1,False,0,0,0,0.0,0.0
5,mcv:171,mcv,804,5,3,False,0,0,0,0.0,0.0
5,mcv:404,mcv,388,5,1,False,0,0,0,0.0,0.0
5,fd:341,fd,27,3,2,False,0,0,0,0.0,0.0
5,mcv:1713,mcv,252,1,2,True,2,2,0,0.5857922938909716,0.0
5,mcv:127,mcv,694,6,2,False,0,0,0,0.0,0.0
5,fd:207,fd,27,5,1,False,0,0,0,0.0,0.0
5,fd:610,fd,41,1,2,False,0,0,0,0.0,0.0
5,fd:46,fd,27,6,2,False,0,0,0,0.0,0.0
5,mcv:692,mcv,708,3,2,False,0,0,0,0.0,0.0
5,mcv:476,mcv,572,5,1,False,0,0,0,0.0,0.0
5,mcv:533,mcv,384,4,2,False,0,0,0,0.0,0.0
5,mcv:1082,mcv,550,3,1,False,0,0,0,0.0,0.0
5,mcv:539,mcv,642,5,1,False,0,0,0,0.0,0.0
5,mcv:1207,mcv,804,3,1,False,0,0,0,0.0,0.0
5,mcv:885,mcv,222,3,2,False,0,0,0,0.0,0.0
5,mcv:1993,mcv,1006,1,1,False,0,0,0,0.0,0.0
5,mcv:1078,mcv,322,3,1,True,0,0,0,0.0,0.0
5,mcv:809,mcv,500,3,2,True,2,1,1,0.15435974130195818,0.10211469583572597
5,fd:529,fd,27,3,1,False,0,0,0,0.0,0.0
5,mcv:1076,mcv,594,2,2,True,1,0,1,0.0,0.04386959567169768
5,mcv:940,mcv,274,3,2,False,0,0,0,0.0,0.0
5,mcv:471,mcv,466,4,2,False,0,0,0,0.0,0.0
5,mcv:1953,mcv,488,1,1,False,0,0,0,0.0,0.0
5,fd:316,fd,27,3,2,False,0,0,0,0.0,0.0
5,mcv:5,mcv,414,6,5,False,0,0,0,0.0,0.0
5,fd:345,fd,27,3,2,False,0,0,0,0.0,0.0
5,mcv:803,mcv,620,3,2,False,0,0,0,0.0,0.0
5,mcv:400,mcv,616,4,2,False,0,0,0,0.0,0.0
5,fd:65,fd,27,5,3,True,0,0,0,0.0,0.0
5,mcv:1871,mcv,1138,1,1,False,0,0,0,0.0,0.0
5,mcv:1963,mcv,414,1,1,False,0,0,0,0.0,0.0
5,mcv:829,mcv,550,3,2,False,0,0,0,0.0,0.0
5,mcv:494,mcv,300,4,2,False,0,0,0,0.0,0.0
5,mcv:1206,mcv,786,3,1,False,0,0,0,0.0,0.0
5,mcv:894,mcv,694,3,2,False,0,0,0,0.0,0.0
5,mcv:795,mcv,804,3,2,False,0,0,0,0.0,0.0
5,mcv:691,mcv,958,4,1,True,1,1,0,0.00204381660983044,0.0
5,fd:315,fd,27,3,2,False,0,0,0,0.0,0.0
5,fd:433,fd,27,3,1,False,0,0,0,0.0,0.0
5,mcv:1220,mcv,466,2,2,False,0,0,0,0.0,0.0
5,mcv:169,mcv,170,7,1,False,0,0,0,0.0,0.0
5,mcv:190,mcv,936,4,3,False,0,0,0,0.0,0.0
5,mcv:114,mcv,266,6,2,False,0,0,0,0.0,0.0
5,mcv:760,mcv,222,3,2,False,0,0,0,0.0,0.0
5,mcv:1011,mcv,1128,3,1,False,0,0,0,0.0,0.0
5,mcv:1349,mcv,694,3,1,False,0,0,0,0.0,0.0
5,mcv:1867,mcv,362,1,1,False,0,0,0,0.0,0.0
5,mcv:86,mcv,414,7,1,True,1,0,1,0.0,4.901658456901714e-08
5,mcv:631,mcv,326,4,1,False,0,0,0,0.0,0.0
5,mcv:1245,mcv,406,3,1,False,0,0,0,0.0,0.0
5,fd:119,fd,27,6,1,False,0,0,0,0.0,0.0
5,mcv:2222,mcv,222,0,1,False,0,0,0,0.0,0.0
5,mcv:756,mcv,170,3,2,False,0,0,0,0.0,0.0
5,mcv:309,mcv,434,6,1,False,0,0,0,0.0,0.0
5,mcv:1086,mcv,546,3,1,True,1,0,1,0.0,0.0006027614812678106
5,mcv:817,mcv,848,3,2,False,0,0,0,0.0,0.0
5,mcv:1015,mcv,598,3,1,False,0,0,0,0.0,0.0
5,fd:33,fd,27,7,1,False,0,0,0,0.0,0.0
5,mcv:818,mcv,244,4,1,False,0,0,0,0.0,0.0
5,mcv:693,mcv,634,3,2,False,0,0,0,0.0,0.0
5,fd:410,fd,27,3,1,True,0,0,0,0.0,0.0
5,mcv:696,mcv,362,3,2,False,0,0,0,0.0,0.0
5,mcv:1007,mcv,796,2,2,False,0,0,0,0.0,0.0
5,mcv:245,mcv,532,6,1,False,0,0,0,0.0,0.0
5,mcv:1079,mcv,1168,2,2,False,0,0,0,0.0,0.0
5,mcv:53,mcv,404,7,2,False,0,0,0,0.0,0.0
5,mcv:1292,mcv,588,3,1,False,0,0,0,0.0,0.0
5,fd:205,fd,27,4,2,True,1,0,1,0.0,0.0046286397472945495
5,mcv:269,mcv,1312,6,1,False,0,0,0,0.0,0.0
5,mcv:1290,mcv,362,3,1,False,0,0,0,0.0,0.0
5,mcv:930,mcv,378,4,1,False,0,0,0,0.0,0.0
5,mcv:561,mcv,404,4,2,False,0,0,0,0.0,0.0
5,fd:38,fd,27,7,1,False,0,0,0,0.0,0.0
5,mcv:537,mcv,714,5,1,False,0,0,0,0.0,0.0
5,mcv:1168,mcv,512,2,2,False,0,0,0,0.0,0.0
5,mcv:1573,mcv,440,2,1,False,0,0,0,0.0,0.0
5,mcv:1387,mcv,786,3,1,False,0,0,0,0.0,0.0
5,fd:177,fd,27,4,2,False,0,0,0,0.0,0.0
5,mcv:1951,mcv,694,1,1,False,0,0,0,0.0,0.0
5,mcv:271,mcv,804,5,2,False,0,0,0,0.0,0.0
5,fd:488,fd,41,3,1,True,0,0,0,0.0,0.0
5,fd:115,fd,27,6,1,True,0,0,0,0.0,0.0
5,mcv:536,mcv,174,4,2,False,0,0,0,0.0,0.0
5,fd:462,fd,27,2,2,False,0,0,0,0.0,0.0
5,mcv:761,mcv,292,3,2,False,0,0,0,0.0,0.0
5,mcv:1294,mcv,226,3,1,False,0,0,0,0.0,0.0
5,mcv:44,mcv,340,6,3,False,0,0,0,0.0,0.0
5,mcv:300,mcv,196,6,1,False,0,0,0,0.0,0.0
5,fd:4,fd,41,9,1,False,0,0,0,0.0,0.0
5,mcv:1056,mcv,936,2,2,True,1,0,1,0.0,0.5409697279721786
5,fd:365,fd,27,4,1,False,0,0,0,0.0,0.0
5,mcv:1299,mcv,634,3,1,False,0,0,0,0.0,0.0
5,mcv:1173,mcv,170,3,1,False,0,0,0,0.0,0.0
5,fd:104,fd,41,5,2,False,0,0,0,0.0,0.0
5,fd:218,fd,27,4,2,False,0,0,0,0.0,0.0
5,mcv:13,mcv,278,9,1,False,0,0,0,0.0,0.0
5,mcv:207,mcv,1036,5,2,False,0,0,0,0.0,0.0
5,mcv:208,mcv,654,6,1,False,0,0,0,0.0,0.0
5,mcv:444,mcv,378,4,2,False,0,0,0,0.0,0.0
5,mcv:95,mcv,682,7,1,False,0,0,0,0.0,0.0
5,mcv:1488,mcv,572,2,1,False,0,0,0,0.0,0.0
5,mcv:1302,mcv,248,3,1,False,0,0,0,0.0,0.0
5,mcv:1613,mcv,418,1,2,False,0,0,0,0.0,0.0
5,mcv:118,mcv,196,6,2,False,0,0,0,0.0,0.0
5,fd:539,fd,41,3,1,False,0,0,0,0.0,0.0
5,mcv:1385,mcv,148,2,2,False,0,0,0,0.0,0.0
5,mcv:1426,mcv,512,3,1,False,0,0,0,0.0,0.0
5,mcv:1153,mcv,422,3,1,False,0,0,0,0.0,0.0
5,mcv:1579,mcv,196,2,1,False,0,0,0,0.0,0.0
5,mcv:119,mcv,148,5,3,False,0,0,0,0.0,0.0
5,mcv:1395,mcv,838,3,1,False,0,0,0,0.0,0.0
5,mcv:2162,mcv,170,0,1,False,0,0,0,0.0,0.0
5,mcv:2050,mcv,196,1,1,False,0,0,0,0.0,0.0
5,fd:455,fd,27,3,1,False,0,0,0,0.0,0.0
5,fd:368,fd,27,4,1,False,0,0,0,0.0,0.0
5,fd:12,fd,27,7,3,False,0,0,0,0.0,0.0
5,mcv:304,mcv,378,5,2,False,0,0,0,0.0,0.0
5,mcv:115,mcv,592,7,1,False,0,0,0,0.0,0.0
5,fd:574,fd,27,2,1,False,0,0,0,0.0,0.0
5,fd:116,fd,27,5,2,False,0,0,0,0.0,0.0
5,fd:175,fd,27,5,1,False,0,0,0,0.0,0.0
5,mcv:437,mcv,196,5,1,False,0,0,0,0.0,0.0
5,mcv:548,mcv,148,5,1,False,0,0,0,0.0,0.0
5,fd:715,fd,27,1,1,False,0,0,0,0.0,0.0
5,mcv:31,mcv,482,7,3,False,0,0,0,0.0,0.0
5,mcv:935,mcv,1082,4,1,False,0,0,0,0.0,0.0
5,mcv:755,mcv,170,4,1,False,0,0,0,0.0,0.0
5,mcv:731,mcv,344,2,3,False,0,0,0,0.0,0.0
5,mcv:373,mcv,480,5,1,False,0,0,0,0.0,0.0
5,mcv:371,mcv,594,5,1,False,0,0,0,0.0,0.0
5,mcv:415,mcv,730,4,2,False,0,0,0,0.0,0.0
5,mcv:665,mcv,664,4,1,False,0,0,0,0.0,0.0
5,mcv:1887,mcv,884,1,1,False,0,0,0,0.0,0.0
5,mcv:1411,mcv,1052,2,2,False,0,0,0,0.0,0.0
5,mcv:140,mcv,1002,5,3,False,0,0,0,0.0,0.0
5,mcv:2011,mcv,1228,1,1,False,0,0,0,0.0,0.0
5,mcv:725,mcv,410,3,2,False,0,0,0,0.0,0.0
5,mcv:1114,mcv,244,2,2,False,0,0,0,0.0,0.0
5,mcv:42,mcv,318,7,2,False,0,0,0,0.0,0.0
5,fd:147,fd,27,5,1,False,0,0,0,0.0,0.0
5,fd:289,fd,27,2,3,False,0,0,0,0.0,0.0
5,mcv:1043,mcv,916,3,1,False,0,0,0,0.0,0.0
5,mcv:1242,mcv,726,3,1,False,0,0,0,0.0,0.0
5,fd:19,fd,27,7,2,False,0,0,0,0.0,0.0
5,fd:163,fd,27,4,2,False,0,0,0,0.0,0.0
5,mcv:414,mcv,1110,4,2,False,0,0,0,0.0,0.0
5,mcv:1897,mcv,504,1,1,False,0,0,0,0.0,0.0
5,mcv:1235,mcv,704,3,1,False,0,0,0,0.0,0.0
5,fd:51,fd,27,5,3,False,0,0,0,0.0,0.0
5,mcv:1098,mcv,520,3,1,False,0,0,0,0.0,0.0
5,mcv:1527,mcv,314,2,1,False,0,0,0,0.0,0.0
5,mcv:1217,mcv,476,3,1,False,0,0,0,0.0,0.0
5,mcv:419,mcv,170,5,1,False,0,0,0,0.0,0.0
5,mcv:425,mcv,422,4,2,False,0,0,0,0.0,0.0
5,fd:353,fd,27,2,3,False,0,0,0,0.0,0.0
5,mcv:214,mcv,470,5,2,False,0,0,0,0.0,0.0
5,mcv:1122,mcv,174,3,1,True,1,0,1,0.0,0.06784778777006384
5,fd:319,fd,27,3,2,True,0,0,0,0.0,0.0
5,mcv:1503,mcv,506,2,1,False,0,0,0,0.0,0.0
5,mcv:504,mcv,558,5,1,False,0,0,0,0.0,0.0
5,mcv:255,mcv,270,5,2,False,0,0,0,0.0,0.0
5,mcv:1585,mcv,218,2,1,False,0,0,0,0.0,0.0
5,fd:304,fd,27,3,2,False,0,0,0,0.0,0.0
5,mcv:1066,mcv,304,3,1,False,0,0,0,0.0,0.0
5,fd:560,fd,27,2,1,False,0,0,0,0.0,0.0
5,mcv:1496,mcv,500,2,1,False,0,0,0,0.0,0.0
5,fd:582,fd,27,2,1,False,0,0,0,0.0,0.0
5,mcv:122,mcv,540,6,2,False,0,0,0,0.0,0.0
5,mcv:1537,mcv,344,2,1,False,0,0,0,0.0,0.0
5,mcv:0,mcv,196,9,4,False,0,0,0,0.0,0.0
5,fd:97,fd,27,5,2,False,0,0,0,0.0,0.0
5,fd:444,fd,27,2,2,False,0,0,0,0.0,0.0
5,mcv:1756,mcv,540,1,2,False,0,0,0,0.0,0.0
5,mcv:549,mcv,1052,4,2,False,0,0,0,0.0,0.0
5,mcv:1590,mcv,378,2,1,False,0,0,0,0.0,0.0
5,mcv:49,mcv,544,7,2,False,0,0,0,0.0,0.0
5,fd:167,fd,27,4,2,False,0,0,0,0.0,0.0
5,fd:287,fd,27,4,1,False,0,0,0,0.0,0.0
5,fd:301,fd,27,4,1,False,0,0,0,0.0,0.0
5,mcv:1347,mcv,1308,2,2,False,0,0,0,0.0,0.0
5,mcv:779,mcv,196,3,2,False,0,0,0,0.0,0.0
5,mcv:279,mcv,716,6,1,False,0,0,0,0.0,0.0
5,mcv:904,mcv,600,2,3,True,3,1,2,0.39815902408438797,1.453092424030598
5,fd:576,fd,27,2,1,False,0,0,0,0.0,0.0
5,fd:0,fd,27,9,4,True,0,0,0,0.0,0.0
5,mcv:211,mcv,550,4,3,False,0,0,0,0.0,0.0
5,mcv:770,mcv,322,4,1,False,0,0,0,0.0,0.0
5,mcv:1494,mcv,304,2,1,False,0,0,0,0.0,0.0
5,fd:426,fd,27,3,1,False,0,0,0,0.0,0.0
5,mcv:810,mcv,454,4,1,False,0,0,0,0.0,0.0
5,mcv:776,mcv,462,3,2,False,0,0,0,0.0,0.0
5,fd:562,fd,27,2,1,False,0,0,0,0.0,0.0
5,mcv:1218,mcv,772,3,1,False,0,0,0,0.0,0.0
5,mcv:983,mcv,686,4,1,False,0,0,0,0.0,0.0
5,mcv:1392,mcv,274,2,2,False,0,0,0,0.0,0.0
5,mcv:1674,mcv,708,2,1,False,0,0,0,0.0,0.0
5,mcv:281,mcv,178,6,1,False,0,0,0,0.0,0.0
5,mcv:729,mcv,270,4,1,False,0,0,0,0.0,0.0
5,mcv:844,mcv,362,3,2,False,0,0,0,0.0,0.0
5,fd:507,fd,27,2,2,False,0,0,0,0.0,0.0
5,mcv:936,mcv,426,3,2,False,0,0,0,0.0,0.0
5,fd:567,fd,27,2,1,False,0,0,0,0.0,0.0
5,fd:629,fd,41,1,2,True,0,0,0,0.0,0.0
5,mcv:1120,mcv,462,2,2,False,0,0,0,0.0,0.0
5,fd:21,fd,27,7,2,True,0,0,0,0.0,0.0
5,mcv:72,mcv,606,7,2,False,0,0,0,0.0,0.0
5,mcv:1623,mcv,614,2,1,False,0,0,0,0.0,0.0
5,mcv:740,mcv,200,4,1,False,0,0,0,0.0,0.0
5,mcv:1040,mcv,620,3,1,False,0,0,0,0.0,0.0
5,mcv:1485,mcv,502,2,1,False,0,0,0,0.0,0.0
5,fd:128,fd,27,6,1,True,0,0,0,0.0,0.0
5,mcv:1127,mcv,318,3,1,False,0,0,0,0.0,0.0
5,mcv:1845,mcv,988,0,2,False,0,0,0,0.0,0.0
5,mcv:1021,mcv,426,3,1,False,0,0,0,0.0,0.0
5,mcv:430,mcv,382,5,1,False,0,0,0,0.0,0.0
5,fd:122,fd,27,5,2,False,0,0,0,0.0,0.0
5,mcv:1252,mcv,436,3,1,True,1,0,1,0.0,0.13426869791200535
5,mcv:567,mcv,314,4,2,False,0,0,0,0.0,0.0
5,mcv:18,mcv,174,7,3,False,0,0,0,0.0,0.0
5,mcv:1352,mcv,650,3,1,False,0,0,0,0.0,0.0
5,fd:82,fd,27,6,1,False,0,0,0,0.0,0.0
5,mcv:313,mcv,382,5,2,False,0,0,0,0.0,0.0
5,mcv:375,mcv,252,5,1,False,0,0,0,0.0,0.0
5,mcv:654,mcv,594,2,3,False,0,0,0,0.0,0.0
5,mcv:411,mcv,388,5,1,True,0,0,0,0.0,0.0
5,fd:149,fd,27,5,1,False,0,0,0,0.0,0.0
5,fd:637,fd,27,2,1,False,0,0,0,0.0,0.0
5,fd:267,fd,27,4,1,True,0,0,0,0.0,0.0
5,fd:265,fd,27,3,2,False,0,0,0,0.0,0.0
5,fd:668,fd,27,1,1,False,0,0,0,0.0,0.0
5,mcv:499,mcv,366,3,3,True,1,1,0,0.00022905041726617448,0.0
5,mcv:197,mcv,646,6,1,True,1,0,1,0.0,0.001090863322004365
5,mcv:1656,mcv,458,1,2,False,0,0,0,0.0,0.0
5,mcv:644,mcv,986,4,1,True,0,0,0,0.0,0.0
5,mcv:199,mcv,686,5,2,False,0,0,0,0.0,0.0
5,mcv:202,mcv,486,6,1,False,0,0,0,0.0,0.0
5,mcv:704,mcv,318,4,1,False,0,0,0,0.0,0.0
5,mcv:1881,mcv,252,1,1,False,0,0,0,0.0,0.0
5,fd:162,fd,27,5,1,False,0,0,0,0.0,0.0
5,mcv:836,mcv,1014,3,2,False,0,0,0,0.0,0.0
5,mcv:409,mcv,748,4,2,True,1,1,0,0.001425874991508591,0.0
5,fd:411,fd,27,2,2,False,0,0,0,0.0,0.0
5,fd:699,fd,27,1,1,False,0,0,0,0.0,0.0
5,mcv:1875,mcv,748,1,1,False,0,0,0,0.0,0.0
5,mcv:1777,mcv,200,2,1,False,0,0,0,0.0,0.0
5,mcv:1134,mcv,148,3,1,False,0,0,0,0.0,0.0
5,mcv:2000,mcv,252,1,1,False,0,0,0,0.0,0.0
5,mcv:708,mcv,816,4,1,False,0,0,0,0.0,0.0
5,fd:36,fd,27,5,3,False,0,0,0,0.0,0.0
5,mcv:2187,mcv,422,0,1,False,0,0,0,0.0,0.0
5,mcv:369,mcv,786,5,1,False,0,0,0,0.0,0.0
5,mcv:1018,mcv,614,2,2,True,1,0,1,0.0,0.011443505106396357
5,fd:6,fd,27,7,3,True,1,1,0,0.000594584482166427,0.0
5,fd:293,fd,27,4,1,False,0,0,0,0.0,0.0
5,fd:171,fd,27,5,1,False,0,0,0,0.0,0.0
5,fd:224,fd,27,4,2,False,0,0,0,0.0,0.0
5,mcv:92,mcv,410,5,3,False,0,0,0,0.0,0.0
5,mcv:319,mcv,174,6,1,False,0,0,0,0.0,0.0
5,mcv:652,mcv,274,4,1,False,0,0,0,0.0,0.0
5,mcv:1128,mcv,318,3,1,False,0,0,0,0.0,0.0
5,fd:448,fd,41,3,1,False,0,0,0,0.0,0.0
5,mcv:1523,mcv,502,2,1,False,0,0,0,0.0,0.0
5,mcv:828,mcv,1014,4,1,False,0,0,0,0.0,0.0
5,mcv:646,mcv,382,3,2,False,0,0,0,0.0,0.0
5,mcv:640,mcv,918,4,1,False,0,0,0,0.0,0.0
5,mcv:270,mcv,488,5,2,True,2,1,1,0.4814045488646632,0.026829485575356582
5,fd:614,fd,41,2,1,False,0,0,0,0.0,0.0
5,fd:155,fd,27,5,1,False,0,0,0,0.0,0.0
5,fd:332,fd,27,4,1,False,0,0,0,0.0,0.0
5,mcv:861,mcv,222,4,1,False,0,0,0,0.0,0.0
5,fd:193,fd,27,5,1,False,0,0,0,0.0,0.0
5,fd:182,fd,27,4,2,False,0,0,0,0.0,0.0
5,fd:328,fd,27,4,1,False,0,0,0,0.0,0.0
5,mcv:1305,mcv,466,3,1,False,0,0,0,0.0,0.0
5,fd:57,fd,27,7,1,True,0,0,0,0.0,0.0
5,fd:466,fd,27,1,3,False,0,0,0,0.0,0.0
5,mcv:452,mcv,488,4,2,False,0,0,0,0.0,0.0
5,mcv:796,mcv,440,3,2,False,0,0,0,0.0,0.0
5,fd:200,fd,41,4,2,False,0,0,0,0.0,0.0
5,mcv:456,mcv,534,4,2,False,0,0,0,0.0,0.0
5,mcv:513,mcv,174,5,1,False,0,0,0,0.0,0.0
5,mcv:1723,mcv,512,2,1,False,0,0,0,0.0,0.0
5,fd:53,fd,27,7,1,True,0,0,0,0.0,0.0
5,mcv:257,mcv,462,4,3,False,0,0,0,0.0,0.0
5,fd:157,fd,27,4,2,False,0,0,0,0.0,0.0
5,mcv:685,mcv,668,3,2,False,0,0,0,0.0,0.0
5,mcv:868,mcv,536,4,1,False,0,0,0,0.0,0.0
5,mcv:453,mcv,170,3,3,False,0,0,0,0.0,0.0
5,mcv:524,mcv,808,4,2,False,0,0,0,0.0,0.0
5,mcv:393,mcv,644,4,2,False,0,0,0,0.0,0.0
5,mcv:794,mcv,1044,4,1,False,0,0,0,0.0,0.0
5,mcv:1601,mcv,196,2,1,False,0,0,0,0.0,0.0
5,mcv:147,mcv,538,7,1,False,0,0,0,0.0,0.0
5,mcv:391,mcv,304,5,1,False,0,0,0,0.0,0.0
5,mcv:1210,mcv,510,3,1,False,0,0,0,0.0,0.0
5,mcv:8,mcv,952,10,1,False,0,0,0,0.0,0.0
5,mcv:1188,mcv,196,1,3,False,0,0,0,0.0,0.0
5,mcv:681,mcv,330,3,2,False,0,0,0,0.0,0.0
5,mcv:155,mcv,196,7,1,False,0,0,0,0.0,0.0
5,mcv:359,mcv,822,4,2,False,0,0,0,0.0,0.0
5,mcv:1047,mcv,362,2,2,False,0,0,0,0.0,0.0
5,mcv:1039,mcv,426,3,1,False,0,0,0,0.0,0.0
5,fd:420,fd,27,2,2,False,0,0,0,0.0,0.0
5,mcv:1707,mcv,532,2,1,False,0,0,0,0.0,0.0
5,mcv:475,mcv,658,5,1,False,0,0,0,0.0,0.0
5,mcv:630,mcv,1234,4,1,False,0,0,0,0.0,0.0
5,mcv:189,mcv,800,6,1,False,0,0,0,0.0,0.0
5,mcv:1853,mcv,812,1,1,False,0,0,0,0.0,0.0
5,mcv:386,mcv,296,4,2,False,0,0,0,0.0,0.0
5,mcv:1396,mcv,196,1,3,True,2,1,1,0.039862799816653194,0.0031616669134153508
5,mcv:920,mcv,196,3,2,False,0,0,0,0.0,0.0
5,mcv:799,mcv,418,4,1,True,0,0,0,0.0,0.0
5,fd:704,fd,27,1,1,False,0,0,0,0.0,0.0
5,mcv:1938,mcv,170,0,2,False,0,0,0,0.0,0.0
5,mcv:1184,mcv,318,3,1,False,0,0,0,0.0,0.0
5,mcv:488,mcv,288,5,1,False,0,0,0,0.0,0.0
5,fd:756,fd,27,0,1,False,0,0,0,0.0,0.0
5,mcv:277,mcv,318,2,5,False,0,0,0,0.0,0.0
5,mcv:1636,mcv,336,2,1,False,0,0,0,0.0,0.0
5,mcv:380,mcv,498,4,2,False,0,0,0,0.0,0.0
5,mcv:470,mcv,620,4,2,False,0,0,0,0.0,0.0
5,mcv:976,mcv,266,4,1,True,1,1,0,0.32237218322855643,0.0
5,mcv:204,mcv,362,6,1,False,0,0,0,0.0,0.0
5,fd:470,fd,27,3,1,False,0,0,0,0.0,0.0
5,mcv:24,mcv,340,7,3,False,0,0,0,0.0,0.0
5,mcv:1208,mcv,914,3,1,False,0,0,0,0.0,0.0
5,fd:465,fd,27,3,1,True,0,0,0,0.0,0.0
5,mcv:382,mcv,388,5,1,False,0,0,0,0.0,0.0
5,fd:151,fd,27,5,1,True,0,0,0,0.0,0.0
5,mcv:916,mcv,218,4,1,False,0,0,0,0.0,0.0
5,fd:525,fd,27,1,3,False,0,0,0,0.0,0.0
5,mcv:781,mcv,218,4,1,False,0,0,0,0.0,0.0
5,mcv:283,mcv,244,5,2,False,0,0,0,0.0,0.0
5,mcv:1956,mcv,624,0,2,False,0,0,0,0.0,0.0
5,fd:703,fd,27,1,1,False,0,0,0,0.0,0.0
5,mcv:2001,mcv,274,1,1,False,0,0,0,0.0,0.0
5,mcv:564,mcv,200,4,2,False,0,0,0,0.0,0.0
5,fd:221,fd,41,4,2,False,0,0,0,0.0,0.0
5,fd:309,fd,27,3,2,False,0,0,0,0.0,0.0
5,fd:105,fd,27,2,5,False,0,0,0,0.0,0.0
5,mcv:498,mcv,432,4,2,False,0,0,0,0.0,0.0
5,mcv:2025,mcv,196,1,1,False,0,0,0,0.0,0.0
5,fd:361,fd,27,3,2,True,0,0,0,0.0,0.0
5,fd:424,fd,27,3,1,False,0,0,0,0.0,0.0
5,mcv:347,mcv,148,6,1,False,0,0,0,0.0,0.0
5,mcv:1196,mcv,244,3,1,False,0,0,0,0.0,0.0
5,mcv:675,mcv,502,4,1,False,0,0,0,0.0,0.0
5,mcv:258,mcv,218,5,2,False,0,0,0,0.0,0.0
5,fd:279,fd,27,4,1,False,0,0,0,0.0,0.0
5,mcv:1968,mcv,266,1,1,False,0,0,0,0.0,0.0
5,mcv:797,mcv,488,3,2,False,0,0,0,0.0,0.0
5,fd:141,fd,41,6,1,True,0,0,0,0.0,0.0
5,mcv:1061,mcv,388,3,1,False,0,0,0,0.0,0.0
5,fd:8,fd,27,7,3,False,0,0,0,0.0,0.0
5,mcv:1940,mcv,170,1,1,False,0,0,0,0.0,0.0
5,mcv:130,mcv,288,7,1,False,0,0,0,0.0,0.0
5,fd:107,fd,27,5,2,True,0,0,0,0.0,0.0
5,mcv:793,mcv,620,4,1,False,0,0,0,0.0,0.0
5,fd:311,fd,27,4,1,False,0,0,0,0.0,0.0
5,mcv:815,mcv,196,3,2,False,0,0,0,0.0,0.0
5,mcv:2251,mcv,200,0,1,False,0,0,0,0.0,0.0
5,mcv:2023,mcv,270,1,1,True,0,0,0,0.0,0.0
5,mcv:332,mcv,218,4,3,False,0,0,0,0.0,0.0
5,mcv:298,mcv,174,4,3,False,0,0,0,0.0,0.0
5,mcv:292,mcv,406,2,5,False,0,0,0,0.0,0.0
5,mcv:1314,mcv,340,2,2,True,1,0,1,0.0,0.5160411760227903
5,mcv:527,mcv,178,4,2,False,0,0,0,0.0,0.0
5,fd:607,fd,41,2,1,False,0,0,0,0.0,0.0
5,fd:500,fd,27,3,1,False,0,0,0,0.0,0.0
5,fd:112,fd,41,4,3,False,0,0,0,0.0,0.0
5,mcv:2069,mcv,458,0,2,False,0,0,0,0.0,0.0
5,mcv:1710,mcv,174,1,2,False,0,0,0,0.0,0.0
5,mcv:546,mcv,406,3,3,False,0,0,0,0.0,0.0
5,mcv:2074,mcv,340,1,1,False,0,0,0,0.0,0.0
5,mcv:295,mcv,200,4,3,False,0,0,0,0.0,0.0
5,mcv:1748,mcv,226,0,3,False,0,0,0,0.0,0.0
5,mcv:2231,mcv,226,0,1,False,0,0,0,0.0,0.0
5,fd:747,fd,27,0,1,False,0,0,0,0.0,0.0
5,fd:114,fd,27,4,3,False,0,0,0,0.0,0.0
5,fd:609,fd,27,1,2,False,0,0,0,0.0,0.0
5,mcv:958,mcv,174,4,1,False,0,0,0,0.0,0.0
5,mcv:1329,mcv,610,3,1,False,0,0,0,0.0,0.0
5,mcv:1708,mcv,274,2,1,False,0,0,0,0.0,0.0
5,mcv:2217,mcv,226,0,1,False,0,0,0,0.0,0.0
5,fd:749,fd,41,0,1,False,0,0,0,0.0,0.0
5,fd:201,fd,41,4,2,False,0,0,0,0.0,0.0
5,mcv:1716,mcv,200,2,1,False,0,0,0,0.0,0.0
5,mcv:237,mcv,174,6,1,False,0,0,0,0.0,0.0
5,mcv:236,mcv,148,4,3,False,0,0,0,0.0,0.0
5,mcv:737,mcv,434,3,2,False,0,0,0,0.0,0.0
5,mcv:259,mcv,544,5,2,False,0,0,0,0.0,0.0
5,fd:93,fd,41,4,3,True,2,2,0,0.0010017361898519983,0.0
5,mcv:111,mcv,174,7,1,False,0,0,0,0.0,0.0
5,mcv:123,mcv,148,7,1,False,0,0,0,0.0,0.0
5,fd:292,fd,27,3,2,False,0,0,0,0.0,0.0
5,mcv:906,mcv,522,3,2,False,0,0,0,0.0,0.0
5,mcv:54,mcv,196,8,1,True,1,0,1,0.0,0.03398905473621183
5,mcv:1786,mcv,196,2,1,False,0,0,0,0.0,0.0
5,fd:22,fd,27,8,1,False,0,0,0,0.0,0.0
5,mcv:768,mcv,170,4,1,False,0,0,0,0.0,0.0
5,mcv:1346,mcv,540,3,1,False,0,0,0,0.0,0.0
5,fd:360,fd,27,4,1,False,0,0,0,0.0,0.0
5,mcv:1197,mcv,218,2,2,False,0,0,0,0.0,0.0
5,mcv:232,mcv,148,4,3,False,0,0,0,0.0,0.0
5,mcv:566,mcv,244,5,1,False,0,0,0,0.0,0.0
5,mcv:1406,mcv,222,3,1,False,0,0,0,0.0,0.0
5,mcv:918,mcv,244,4,1,False,0,0,0,0.0,0.0
5,mcv:460,mcv,170,4,2,False,0,0,0,0.0,0.0
5,fd:506,fd,27,3,1,False,0,0,0,0.0,0.0
5,fd:223,fd,27,5,1,False,0,0,0,0.0,0.0
5,mcv:165,mcv,218,4,4,False,0,0,0,0.0,0.0
5,fd:43,fd,27,7,1,True,0,0,0,0.0,0.0
5,fd:467,fd,27,3,1,True,0,0,0,0.0,0.0
5,mcv:1124,mcv,148,3,1,False,0,0,0,0.0,0.0
5,fd:44,fd,27,7,1,False,0,0,0,0.0,0.0
5,mcv:1191,mcv,196,3,1,False,0,0,0,0.0,0.0
5,fd:180,fd,27,5,1,True,0,0,0,0.0,0.0
5,fd:94,fd,27,6,1,True,0,0,0,0.0,0.0
5,mcv:2119,mcv,218,1,1,False,0,0,0,0.0,0.0
5,mcv:450,mcv,196,5,1,False,0,0,0,0.0,0.0
5,fd:184,fd,27,4,2,False,0,0,0,0.0,0.0
5,mcv:1251,mcv,274,2,2,True,1,1,0,1.3047601443716417e-08,0.0
5,mcv:2189,mcv,340,0,1,False,0,0,0,0.0,0.0
5,mcv:998,mcv,200,4,1,False,0,0,0,0.0,0.0
5,mcv:186,mcv,200,7,1,False,0,0,0,0.0,0.0
5,mcv:351,mcv,266,5,2,False,0,0,0,0.0,0.0
5,fd:75,fd,27,7,1,False,0,0,0,0.0,0.0
5,mcv:1927,mcv,170,1,1,False,0,0,0,0.0,0.0
5,fd:217,fd,27,4,2,True,2,0,2,0.0,0.0005293353821855806
5,fd:403,fd,27,4,1,False,0,0,0,0.0,0.0
5,mcv:246,mcv,426,6,1,False,0,0,0,0.0,0.0
5,mcv:116,mcv,148,7,1,False,0,0,0,0.0,0.0
5,mcv:560,mcv,382,4,2,False,0,0,0,0.0,0.0
5,mcv:993,mcv,170,2,3,False,0,0,0,0.0,0.0
5,mcv:117,mcv,200,6,2,False,0,0,0,0.0,0.0
5,mcv:85,mcv,170,7,2,False,0,0,0,0.0,0.0
5,mcv:910,mcv,602,4,1,False,0,0,0,0.0,0.0
5,mcv:1608,mcv,886,2,1,False,0,0,0,0.0,0.0
5,mcv:2035,mcv,690,1,1,False,0,0,0,0.0,0.0
5,mcv:45,mcv,652,7,2,False,0,0,0,0.0,0.0
5,mcv:678,mcv,326,2,3,False,0,0,0,0.0,0.0
5,mcv:1478,mcv,628,2,1,False,0,0,0,0.0,0.0
5,mcv:1580,mcv,148,1,2,False,0,0,0,0.0,0.0
5,mcv:1025,mcv,856,3,1,True,1,1,0,0.07002602133232716,0.0
5,mcv:1377,mcv,572,2,2,True,2,2,0,0.07892056533737124,0.0
5,fd:485,fd,27,3,1,False,0,0,0,0.0,0.0
5,mcv:792,mcv,544,4,1,False,0,0,0,0.0,0.0
5,mcv:859,mcv,274,4,1,False,0,0,0,0.0,0.0
5,mcv:1498,mcv,396,2,1,False,0,0,0,0.0,0.0
5,mcv:642,mcv,518,4,1,False,0,0,0,0.0,0.0
5,mcv:1031,mcv,448,3,1,False,0,0,0,0.0,0.0
5,fd:413,fd,27,3,1,False,0,0,0,0.0,0.0
5,mcv:90,mcv,1194,7,1,False,0,0,0,0.0,0.0
5,mcv:638,mcv,1518,4,1,False,0,0,0,0.0,0.0
5,fd:603,fd,27,2,1,False,0,0,0,0.0,0.0
5,mcv:1284,mcv,222,3,1,False,0,0,0,0.0,0.0
5,fd:401,fd,27,3,2,False,0,0,0,0.0,0.0
5,fd:84,fd,27,6,1,False,0,0,0,0.0,0.0
5,mcv:763,mcv,218,3,2,False,0,0,0,0.0,0.0
5,mcv:1199,mcv,812,3,1,False,0,0,0,0.0,0.0
5,mcv:1301,mcv,226,3,1,False,0,0,0,0.0,0.0
5,mcv:2208,mcv,362,0,1,False,0,0,0,0.0,0.0
5,mcv:2168,mcv,196,0,1,False,0,0,0,0.0,0.0
5,fd:110,fd,27,6,1,False,0,0,0,0.0,0.0
5,mcv:995,mcv,304,3,2,False,0,0,0,0.0,0.0
5,mcv:215,mcv,304,6,1,False,0,0,0,0.0,0.0
5,fd:519,fd,27,2,2,False,0,0,0,0.0,0.0
5,mcv:1174,mcv,436,3,1,False,0,0,0,0.0,0.0
5,mcv:1691,mcv,174,2,1,False,0,0,0,0.0,0.0
5,mcv:99,mcv,492,7,1,False,0,0,0,0.0,0.0
5,mcv:261,mcv,614,6,1,False,0,0,0,0.0,0.0
5,mcv:1949,mcv,1008,1,1,False,0,0,0,0.0,0.0
5,mcv:1022,mcv,492,3,1,False,0,0,0,0.0,0.0
5,mcv:167,mcv,196,5,3,False,0,0,0,0.0,0.0
5,mcv:637,mcv,560,4,1,False,0,0,0,0.0,0.0
5,mcv:289,mcv,462,6,1,False,0,0,0,0.0,0.0
5,mcv:1073,mcv,544,3,1,False,0,0,0,0.0,0.0
5,mcv:66,mcv,248,8,1,False,0,0,0,0.0,0.0
5,mcv:1325,mcv,728,3,1,True,0,0,0,0.0,0.0
5,fd:11,fd,27,8,2,False,0,0,0,0.0,0.0
5,mcv:1,mcv,244,10,3,False,0,0,0,0.0,0.0
5,mcv:826,mcv,366,4,1,True,1,0,1,0.0,0.004973111682949449
5,mcv:138,mcv,392,7,1,False,0,0,0,0.0,0.0
5,mcv:41,mcv,968,7,3,False,0,0,0,0.0,0.0
5,fd:24,fd,27,8,1,True,0,0,0,0.0,0.0
5,mcv:1458,mcv,296,3,1,False,0,0,0,0.0,0.0
5,mcv:1799,mcv,886,2,1,False,0,0,0,0.0,0.0
5,mcv:282,mcv,1184,5,2,False,0,0,0,0.0,0.0
5,mcv:846,mcv,314,4,1,False,0,0,0,0.0,0.0
5,mcv:61,mcv,358,6,3,False,0,0,0,0.0,0.0
5,mcv:188,mcv,814,4,4,False,0,0,0,0.0,0.0
5,mcv:1254,mcv,502,3,1,False,0,0,0,0.0,0.0
5,mcv:1798,mcv,578,2,1,False,0,0,0,0.0,0.0
5,mcv:29,mcv,876,8,2,True,2,0,2,0.0,0.19574826196095385
5,mcv:1800,mcv,2170,2,1,True,0,0,0,0.0,0.0
5,fd:1,fd,27,10,3,False,0,0,0,0.0,0.0
5,fd:50,fd,27,7,1,False,0,0,0,0.0,0.0
5,mcv:506,mcv,992,5,1,False,0,0,0,0.0,0.0
5,fd:134,fd,27,6,1,True,0,0,0,0.0,0.0
5,mcv:187,mcv,148,7,1,False,0,0,0,0.0,0.0
5,fd:242,fd,27,3,3,False,0,0,0,0.0,0.0
5,mcv:335,mcv,218,5,2,False,0,0,0,0.0,0.0
5,mcv:1388,mcv,374,3,1,False,0,0,0,0.0,0.0
5,mcv:590,mcv,378,3,3,False,0,0,0,0.0,0.0
5,mcv:333,mcv,196,6,1,False,0,0,0,0.0,0.0
5,fd:76,fd,27,7,1,False,0,0,0,0.0,0.0
5,mcv:121,mcv,218,5,3,False,0,0,0,0.0,0.0
5,mcv:656,mcv,432,3,2,False,0,0,0,0.0,0.0
5,mcv:1037,mcv,274,3,1,False,0,0,0,0.0,0.0
5,fd:418,fd,27,3,1,False,0,0,0,0.0,0.0
5,mcv:93,mcv,454,7,1,False,0,0,0,0.0,0.0
5,mcv:4,mcv,288,8,3,False,0,0,0,0.0,0.0
5,mcv:250,mcv,218,4,3,False,0,0,0,0.0,0.0
5,mcv:495,mcv,716,5,1,False,0,0,0,0.0,0.0
5,fd:323,fd,27,4,1,False,0,0,0,0.0,0.0
5,mcv:55,mcv,856,8,1,False,0,0,0,0.0,0.0
5,mcv:854,mcv,444,4,1,False,0,0,0,0.0,0.0
5,mcv:467,mcv,1074,5,1,False,0,0,0,0.0,0.0
5,fd:314,fd,27,4,1,True,0,0,0,0.0,0.0
5,mcv:405,mcv,1356,5,1,False,0,0,0,0.0,0.0
5,mcv:1165,mcv,196,1,3,False,0,0,0,0.0,0.0
5,mcv:1464,mcv,414,2,1,False,0,0,0,0.0,0.0
5,fd:460,fd,27,1,3,False,0,0,0,0.0,0.0
5,mcv:181,mcv,408,5,3,False,0,0,0,0.0,0.0
5,mcv:601,mcv,548,5,1,False,0,0,0,0.0,0.0
5,mcv:2071,mcv,662,1,1,False,0,0,0,0.0,0.0
5,mcv:1599,mcv,266,2,1,False,0,0,0,0.0,0.0
5,fd:17,fd,41,8,2,False,0,0,0,0.0,0.0
5,mcv:398,mcv,362,4,2,False,0,0,0,0.0,0.0
5,mcv:1627,mcv,344,2,1,False,0,0,0,0.0,0.0
5,mcv:900,mcv,148,3,2,False,0,0,0,0.0,0.0
5,mcv:1507,mcv,318,2,1,False,0,0,0,0.0,0.0
5,mcv:128,mcv,414,7,1,False,0,0,0,0.0,0.0
5,mcv:477,mcv,850,4,2,False,0,0,0,0.0,0.0
5,fd:247,fd,27,5,1,False,0,0,0,0.0,0.0
5,mcv:1575,mcv,266,2,1,False,0,0,0,0.0,0.0
5,mcv:830,mcv,322,3,2,False,0,0,0,0.0,0.0
5,mcv:401,mcv,318,4,2,False,0,0,0,0.0,0.0
5,mcv:194,mcv,692,6,1,False,0,0,0,0.0,0.0
5,mcv:120,mcv,170,5,3,True,2,2,0,0.05655262608127343,0.0
5,mcv:1574,mcv,366,2,1,False,0,0,0,0.0,0.0
5,mcv:1504,mcv,318,2,1,False,0,0,0,0.0,0.0
5,mcv:1470,mcv,734,2,1,False,0,0,0,0.0,0.0
5,mcv:403,mcv,322,5,1,False,0,0,0,0.0,0.0
5,mcv:1936,mcv,314,1,1,False,0,0,0,0.0,0.0
5,mcv:1640,mcv,244,2,1,False,0,0,0,0.0,0.0
5,mcv:1975,mcv,546,1,1,False,0,0,0,0.0,0.0
5,mcv:929,mcv,340,4,1,False,0,0,0,0.0,0.0
5,mcv:156,mcv,430,7,1,True,1,0,1,0.0,0.08602073804374655
5,mcv:1994,mcv,900,1,1,False,0,0,0,0.0,0.0
5,mcv:808,mcv,550,4,1,False,0,0,0,0.0,0.0
5,fd:463,fd,27,2,2,False,0,0,0,0.0,0.0
5,mcv:1195,mcv,496,2,2,False,0,0,0,0.0,0.0
5,mcv:1578,mcv,314,1,2,False,0,0,0,0.0,0.0
5,mcv:455,mcv,196,5,1,False,0,0,0,0.0,0.0
5,mcv:324,mcv,846,6,1,True,1,0,1,0.0,0.18523847800714588
5,mcv:1604,mcv,170,2,1,False,0,0,0,0.0,0.0
5,fd:2,fd,27,9,2,False,0,0,0,0.0,0.0
5,mcv:953,mcv,196,3,2,False,0,0,0,0.0,0.0
5,fd:585,fd,41,2,1,True,0,0,0,0.0,0.0
5,fd:181,fd,27,5,1,False,0,0,0,0.0,0.0
5,mcv:1243,mcv,650,3,1,False,0,0,0,0.0,0.0
5,fd:351,fd,41,3,2,False,0,0,0,0.0,0.0
5,mcv:493,mcv,542,4,2,False,0,0,0,0.0,0.0
5,fd:317,fd,41,3,2,False,0,0,0,0.0,0.0
5,mcv:1722,mcv,270,2,1,False,0,0,0,0.0,0.0
5,mcv:1248,mcv,340,2,2,False,0,0,0,0.0,0.0
5,mcv:37,mcv,456,8,2,False,0,0,0,0.0,0.0
5,mcv:819,mcv,358,4,1,False,0,0,0,0.0,0.0
5,mcv:807,mcv,278,4,1,False,0,0,0,0.0,0.0
5,mcv:220,mcv,852,5,2,False,0,0,0,0.0,0.0
5,fd:58,fd,27,7,1,False,0,0,0,0.0,0.0
5,mcv:1169,mcv,430,2,2,False,0,0,0,0.0,0.0
5,mcv:1081,mcv,748,2,2,False,0,0,0,0.0,0.0
5,mcv:1961,mcv,480,1,1,False,0,0,0,0.0,0.0
5,mcv:1183,mcv,318,3,1,False,0,0,0,0.0,0.0
5,fd:72,fd,27,5,3,False,0,0,0,0.0,0.0
5,mcv:1628,mcv,538,2,1,False,0,0,0,0.0,0.0
5,mcv:174,mcv,728,7,1,False,0,0,0,0.0,0.0
5,mcv:1598,mcv,300,2,1,False,0,0,0,0.0,0.0
5,fd:573,fd,27,2,1,False,0,0,0,0.0,0.0
5,mcv:1192,mcv,526,3,1,False,0,0,0,0.0,0.0
5,fd:555,fd,27,2,1,False,0,0,0,0.0,0.0
5,mcv:821,mcv,266,2,3,False,0,0,0,0.0,0.0
5,mcv:1412,mcv,874,3,1,True,0,0,0,0.0,0.0
5,mcv:3,mcv,326,9,2,False,0,0,0,0.0,0.0
5,mcv:1572,mcv,170,2,1,False,0,0,0,0.0,0.0
5,mcv:550,mcv,606,4,2,False,0,0,0,0.0,0.0
5,mcv:875,mcv,606,4,1,False,0,0,0,0.0,0.0
5,fd:211,fd,27,4,2,False,0,0,0,0.0,0.0
5,fd:60,fd,27,7,1,False,0,0,0,0.0,0.0
5,mcv:835,mcv,922,3,2,True,2,1,1,0.3811119285646143,11.664138713838
5,mcv:2216,mcv,244,0,1,False,0,0,0,0.0,0.0
5,mcv:158,mcv,838,7,1,False,0,0,0,0.0,0.0
5,fd:508,fd,27,3,1,True,0,0,0,0.0,0.0
5,mcv:609,mcv,274,4,2,False,0,0,0,0.0,0.0
5,mcv:1351,mcv,434,3,1,False,0,0,0,0.0,0.0
5,fd:203,fd,41,5,1,False,0,0,0,0.0,0.0
5,mcv:1769,mcv,366,2,1,False,0,0,0,0.0,0.0
5,fd:254,fd,27,4,2,False,0,0,0,0.0,0.0
5,mcv:1262,mcv,620,3,1,True,0,0,0,0.0,0.0
5,mcv:529,mcv,322,5,1,False,0,0,0,0.0,0.0
5,fd:31,fd,27,8,1,False,0,0,0,0.0,0.0
5,mcv:1386,mcv,630,3,1,False,0,0,0,0.0,0.0
5,mcv:52,mcv,170,7,2,False,0,0,0,0.0,0.0
5,mcv:532,mcv,964,4,2,True,0,0,0,0.0,0.0
5,mcv:877,mcv,174,3,2,False,0,0,0,0.0,0.0
5,mcv:81,mcv,322,8,1,False,0,0,0,0.0,0.0
5,fd:496,fd,27,3,1,False,0,0,0,0.0,0.0
5,fd:454,fd,27,3,1,False,0,0,0,0.0,0.0
5,fd:472,fd,27,3,1,False,0,0,0,0.0,0.0
5,mcv:474,mcv,1926,5,1,True,0,0,0,0.0,0.0
5,mcv:933,mcv,222,4,1,False,0,0,0,0.0,0.0
5,mcv:1317,mcv,300,2,2,False,0,0,0,0.0,0.0
5,mcv:1321,mcv,270,3,1,False,0,0,0,0.0,0.0
5,mcv:798,mcv,382,4,1,False,0,0,0,0.0,0.0
5,mcv:577,mcv,304,4,2,False,0,0,0,0.0,0.0
5,mcv:604,mcv,538,5,1,False,0,0,0,0.0,0.0
5,mcv:1804,mcv,326,2,1,False,0,0,0,0.0,0.0
5,fd:648,fd,27,2,1,False,0,0,0,0.0,0.0
5,mcv:1215,mcv,418,3,1,False,0,0,0,0.0,0.0
5,mcv:1441,mcv,696,3,1,False,0,0,0,0.0,0.0
5,fd:310,fd,27,4,1,False,0,0,0,0.0,0.0
5,fd:337,fd,27,3,2,False,0,0,0,0.0,0.0
5,mcv:1149,mcv,462,3,1,False,0,0,0,0.0,0.0
5,fd:232,fd,27,4,2,False,0,0,0,0.0,0.0
5,mcv:84,mcv,222,7,2,False,0,0,0,0.0,0.0
5,mcv:758,mcv,278,4,1,False,0,0,0,0.0,0.0
5,fd:250,fd,27,5,1,False,0,0,0,0.0,0.0
5,mcv:441,mcv,850,5,1,False,0,0,0,0.0,0.0
5,mcv:1959,mcv,690,1,1,False,0,0,0,0.0,0.0
5,mcv:294,mcv,196,5,2,True,1,1,0,1.4687227212206722e-08,0.0
5,mcv:757,mcv,148,4,1,False,0,0,0,0.0,0.0
5,fd:333,fd,27,4,1,False,0,0,0,0.0,0.0
5,mcv:597,mcv,248,4,2,False,0,0,0,0.0,0.0
5,mcv:1582,mcv,222,2,1,False,0,0,0,0.0,0.0
5,mcv:869,mcv,448,4,1,True,0,0,0,0.0,0.0
5,mcv:1094,mcv,318,3,1,False,0,0,0,0.0,0.0
5,mcv:711,mcv,888,4,1,False,0,0,0,0.0,0.0
5,mcv:422,mcv,466,4,2,True,2,1,1,2.240913238033543,0.008371961162111585
5,fd:743,fd,27,0,1,False,0,0,0,0.0,0.0
5,mcv:183,mcv,506,6,2,False,0,0,0,0.0,0.0
5,mcv:732,mcv,148,2,3,False,0,0,0,0.0,0.0
5,fd:442,fd,27,3,1,False,0,0,0,0.0,0.0
5,mcv:1163,mcv,444,1,3,False,0,0,0,0.0,0.0
5,mcv:2147,mcv,1120,0,1,False,0,0,0,0.0,0.0
5,fd:260,fd,27,4,2,False,0,0,0,0.0,0.0
5,mcv:106,mcv,362,6,2,False,0,0,0,0.0,0.0
5,fd:178,fd,27,5,1,False,0,0,0,0.0,0.0
5,mcv:1095,mcv,304,3,1,False,0,0,0,0.0,0.0
5,mcv:148,mcv,992,7,1,False,0,0,0,0.0,0.0
5,mcv:447,mcv,388,5,1,False,0,0,0,0.0,0.0
5,mcv:624,mcv,222,4,2,False,0,0,0,0.0,0.0
5,fd:73,fd,27,6,2,False,0,0,0,0.0,0.0
5,mcv:766,mcv,170,4,1,False,0,0,0,0.0,0.0
5,fd:165,fd,27,4,2,False,0,0,0,0.0,0.0
5,fd:299,fd,27,4,1,False,0,0,0,0.0,0.0
5,mcv:427,mcv,222,4,2,False,0,0,0,0.0,0.0
5,fd:667,fd,41,1,1,False,0,0,0,0.0,0.0
5,mcv:526,mcv,378,5,1,False,0,0,0,0.0,0.0
5,mcv:407,mcv,318,5,1,False,0,0,0,0.0,0.0
5,fd:245,fd,27,4,2,False,0,0,0,0.0,0.0
5,mcv:1880,mcv,300,1,1,False,0,0,0,0.0,0.0
5,fd:285,fd,27,4,1,False,0,0,0,0.0,0.0
5,fd:435,fd,41,3,1,False,0,0,0,0.0,0.0
5,mcv:1311,mcv,584,3,1,True,0,0,0,0.0,0.0
5,mcv:1117,mcv,174,3,1,True,0,0,0,0.0,0.0
5,fd:290,fd,27,2,3,False,0,0,0,0.0,0.0
5,mcv:724,mcv,148,3,2,False,0,0,0,0.0,0.0
5,mcv:944,mcv,362,3,2,True,2,1,1,0.0001437709061091752,0.04231792149466984
5,mcv:2138,mcv,760,0,1,False,0,0,0,0.0,0.0
5,fd:376,fd,27,3,2,True,1,1,0,0.2534945912617892,0.0
5,mcv:662,mcv,572,3,2,False,0,0,0,0.0,0.0
5,mcv:1793,mcv,910,2,1,True,0,0,0,0.0,0.0
5,mcv:659,mcv,432,2,3,False,0,0,0,0.0,0.0
5,mcv:948,mcv,484,3,2,False,0,0,0,0.0,0.0
5,fd:352,fd,27,3,2,False,0,0,0,0.0,0.0
5,mcv:901,mcv,200,3,2,False,0,0,0,0.0,0.0
5,fd:517,fd,27,3,1,False,0,0,0,0.0,0.0
5,mcv:2006,mcv,388,1,1,False,0,0,0,0.0,0.0
5,fd:202,fd,27,4,2,False,0,0,0,0.0,0.0
5,mcv:1268,mcv,304,3,1,False,0,0,0,0.0,0.0
5,mcv:321,mcv,502,6,1,False,0,0,0,0.0,0.0
5,fd:344,fd,27,3,2,False,0,0,0,0.0,0.0
5,mcv:1487,mcv,800,1,2,False,0,0,0,0.0,0.0
5,fd:278,fd,27,4,1,False,0,0,0,0.0,0.0
5,mcv:497,mcv,862,5,1,False,0,0,0,0.0,0.0
5,mcv:1258,mcv,296,2,2,True,1,1,0,19.19561664160392,0.0
5,fd:478,fd,27,3,1,False,0,0,0,0.0,0.0
5,fd:480,fd,27,2,2,False,0,0,0,0.0,0.0
5,mcv:1860,mcv,278,1,1,False,0,0,0,0.0,0.0
5,mcv:1267,mcv,436,2,2,False,0,0,0,0.0,0.0
5,mcv:1728,mcv,460,2,1,False,0,0,0,0.0,0.0
5,mcv:2195,mcv,752,0,1,False,0,0,0,0.0,0.0
5,mcv:387,mcv,932,5,1,False,0,0,0,0.0,0.0
5,mcv:543,mcv,1098,5,1,False,0,0,0,0.0,0.0
5,mcv:673,mcv,330,4,1,False,0,0,0,0.0,0.0
5,mcv:139,mcv,432,6,2,False,0,0,0,0.0,0.0
5,fd:130,fd,27,6,1,False,0,0,0,0.0,0.0
5,mcv:1664,mcv,996,2,1,False,0,0,0,0.0,0.0
5,mcv:500,mcv,752,4,2,False,0,0,0,0.0,0.0
5,mcv:1369,mcv,196,3,1,False,0,0,0,0.0,0.0
5,fd:204,fd,27,5,1,False,0,0,0,0.0,0.0
5,mcv:301,mcv,384,5,2,False,0,0,0,0.0,0.0
5,mcv:840,mcv,356,4,1,False,0,0,0,0.0,0.0
5,mcv:206,mcv,704,3,4,False,0,0,0,0.0,0.0
5,mcv:1419,mcv,352,3,1,False,0,0,0,0.0,0.0
5,mcv:530,mcv,414,5,1,False,0,0,0,0.0,0.0
5,mcv:1256,mcv,572,3,1,False,0,0,0,0.0,0.0
5,mcv:1371,mcv,300,3,1,False,0,0,0,0.0,0.0
5,mcv:293,mcv,540,6,1,False,0,0,0,0.0,0.0
5,mcv:528,mcv,244,4,2,False,0,0,0,0.0,0.0
5,mcv:1353,mcv,650,3,1,False,0,0,0,0.0,0.0
5,mcv:1260,mcv,326,3,1,False,0,0,0,0.0,0.0
5,fd:477,fd,27,2,2,False,0,0,0,0.0,0.0
5,mcv:892,mcv,226,3,2,False,0,0,0,0.0,0.0
5,mcv:1331,mcv,304,3,1,False,0,0,0,0.0,0.0
5,mcv:108,mcv,572,5,3,False,0,0,0,0.0,0.0
5,mcv:1536,mcv,476,2,1,False,0,0,0,0.0,0.0
5,mcv:1966,mcv,392,1,1,False,0,0,0,0.0,0.0
5,fd:125,fd,27,5,2,True,0,0,0,0.0,0.0
5,mcv:368,mcv,668,4,2,False,0,0,0,0.0,0.0
5,fd:80,fd,27,6,1,False,0,0,0,0.0,0.0
5,fd:510,fd,41,3,1,False,0,0,0,0.0,0.0
5,mcv:316,mcv,196,5,2,False,0,0,0,0.0,0.0
5,mcv:1479,mcv,742,2,1,False,0,0,0,0.0,0.0
5,mcv:196,mcv,448,6,1,False,0,0,0,0.0,0.0
5,mcv:1042,mcv,550,3,1,False,0,0,0,0.0,0.0
5,fd:522,fd,27,1,3,False,0,0,0,0.0,0.0
5,mcv:657,mcv,274,3,2,False,0,0,0,0.0,0.0
5,mcv:1356,mcv,226,3,1,False,0,0,0,0.0,0.0
5,mcv:1389,mcv,318,1,3,False,0,0,0,0.0,0.0
5,fd:269,fd,27,3,2,False,0,0,0,0.0,0.0
5,mcv:1423,mcv,552,3,1,False,0,0,0,0.0,0.0
5,mcv:2233,mcv,292,0,1,False,0,0,0,0.0,0.0
5,mcv:420,mcv,170,5,1,True,1,0,1,0.0,0.002286340042768842
5,mcv:971,mcv,1880,3,2,False,0,0,0,0.0,0.0
5,fd:79,fd,27,6,1,False,0,0,0,0.0,0.0
5,mcv:1033,mcv,654,3,1,False,0,0,0,0.0,0.0
5,fd:266,fd,27,4,1,False,0,0,0,0.0,0.0
5,fd:169,fd,27,4,2,False,0,0,0,0.0,0.0
5,fd:469,fd,27,3,1,False,0,0,0,0.0,0.0
5,fd:700,fd,27,1,1,False,0,0,0,0.0,0.0
5,mcv:1194,mcv,366,3,1,False,0,0,0,0.0,0.0
5,fd:701,fd,27,1,1,False,0,0,0,0.0,0.0
5,fd:318,fd,41,3,2,False,0,0,0,0.0,0.0
5,mcv:458,mcv,170,5,1,False,0,0,0,0.0,0.0
5,fd:672,fd,27,1,1,False,0,0,0,0.0,0.0
5,mcv:1600,mcv,218,2,1,False,0,0,0,0.0,0.0
5,mcv:1185,mcv,410,3,1,False,0,0,0,0.0,0.0
5,mcv:623,mcv,266,5,1,True,1,0,1,0.0,9.6923129966342e-08
5,mcv:989,mcv,410,4,1,False,0,0,0,0.0,0.0
5,fd:288,fd,27,4,1,False,0,0,0,0.0,0.0
5,fd:639,fd,27,2,1,False,0,0,0,0.0,0.0
5,mcv:1779,mcv,200,2,1,False,0,0,0,0.0,0.0
5,mcv:2008,mcv,436,1,1,False,0,0,0,0.0,0.0
5,fd:9,fd,27,9,1,False,0,0,0,0.0,0.0
5,mcv:595,mcv,218,5,1,False,0,0,0,0.0,0.0
5,mcv:956,mcv,278,4,1,False,0,0,0,0.0,0.0
5,mcv:2172,mcv,244,0,1,False,0,0,0,0.0,0.0
5,mcv:83,mcv,740,7,2,False,0,0,0,0.0,0.0
5,mcv:1542,mcv,148,1,2,False,0,0,0,0.0,0.0
5,mcv:1032,mcv,532,3,1,False,0,0,0,0.0,0.0
5,mcv:505,mcv,174,4,2,False,0,0,0,0.0,0.0
5,fd:635,fd,41,2,1,False,0,0,0,0.0,0.0
5,mcv:142,mcv,626,7,1,False,0,0,0,0.0,0.0
5,fd:32,fd,27,8,1,True,0,0,0,0.0,0.0
5,mcv:2018,mcv,244,1,1,False,0,0,0,0.0,0.0
5,mcv:946,mcv,436,4,1,True,0,0,0,0.0,0.0
5,mcv:730,mcv,512,4,1,False,0,0,0,0.0,0.0
5,fd:416,fd,27,1,3,False,0,0,0,0.0,0.0
5,mcv:2019,mcv,218,1,1,False,0,0,0,0.0,0.0
5,mcv:25,mcv,524,9,1,False,0,0,0,0.0,0.0
5,mcv:1024,mcv,1146,3,1,False,0,0,0,0.0,0.0
5,fd:482,fd,27,2,2,False,0,0,0,0.0,0.0
5,mcv:838,mcv,546,2,3,False,0,0,0,0.0,0.0
5,fd:538,fd,27,3,1,False,0,0,0,0.0,0.0
5,mcv:82,mcv,300,8,1,False,0,0,0,0.0,0.0
5,mcv:179,mcv,674,7,1,False,0,0,0,0.0,0.0
5,mcv:1020,mcv,492,3,1,False,0,0,0,0.0,0.0
5,mcv:1270,mcv,664,2,2,False,0,0,0,0.0,0.0
5,mcv:1895,mcv,196,1,1,False,0,0,0,0.0,0.0
5,mcv:1030,mcv,514,1,3,False,0,0,0,0.0,0.0
5,mcv:2113,mcv,222,1,1,True,0,0,0,0.0,0.0
5,fd:380,fd,27,4,1,False,0,0,0,0.0,0.0
5,mcv:841,mcv,330,3,2,True,0,0,0,0.0,0.0
5,fd:374,fd,27,4,1,False,0,0,0,0.0,0.0
5,mcv:331,mcv,992,6,1,False,0,0,0,0.0,0.0
5,mcv:230,mcv,170,4,3,False,0,0,0,0.0,0.0
5,mcv:641,mcv,668,3,2,False,0,0,0,0.0,0.0
5,mcv:1671,mcv,2142,2,1,False,0,0,0,0.0,0.0
5,mcv:1543,mcv,148,2,1,False,0,0,0,0.0,0.0
5,mcv:2,mcv,218,11,1,False,0,0,0,0.0,0.0
5,mcv:1424,mcv,772,3,1,False,0,0,0,0.0,0.0
5,mcv:428,mcv,828,4,2,False,0,0,0,0.0,0.0
5,mcv:647,mcv,1350,4,1,False,0,0,0,0.0,0.0
5,fd:412,fd,27,3,1,False,0,0,0,0.0,0.0
5,mcv:1775,mcv,512,2,1,False,0,0,0,0.0,0.0
5,mcv:2009,mcv,278,1,1,False,0,0,0,0.0,0.0
5,mcv:195,mcv,470,6,1,False,0,0,0,0.0,0.0
5,fd:320,fd,27,4,1,False,0,0,0,0.0,0.0
5,mcv:1077,mcv,498,3,1,False,0,0,0,0.0,0.0
5,mcv:1080,mcv,838,3,1,False,0,0,0,0.0,0.0
5,fd:598,fd,27,2,1,False,0,0,0,0.0,0.0
5,mcv:1509,mcv,318,2,1,False,0,0,0,0.0,0.0
5,mcv:962,mcv,248,4,1,False,0,0,0,0.0,0.0
5,mcv:851,mcv,452,4,1,False,0,0,0,0.0,0.0
5,mcv:1683,mcv,196,2,1,False,0,0,0,0.0,0.0
5,mcv:1084,mcv,770,1,3,False,0,0,0,0.0,0.0
5,mcv:217,mcv,660,6,1,False,0,0,0,0.0,0.0
5,mcv:1101,mcv,896,3,1,True,1,1,0,0.15264062213845375,0.0
5,mcv:700,mcv,524,4,1,False,0,0,0,0.0,0.0
5,mcv:1505,mcv,1142,2,1,False,0,0,0,0.0,0.0
5,mcv:2040,mcv,606,1,1,False,0,0,0,0.0,0.0
5,mcv:1892,mcv,410,1,1,False,0,0,0,0.0,0.0
5,mcv:891,mcv,248,4,1,False,0,0,0,0.0,0.0
5,fd:346,fd,27,4,1,False,0,0,0,0.0,0.0
5,mcv:30,mcv,912,9,1,False,0,0,0,0.0,0.0
5,fd:210,fd,27,4,2,False,0,0,0,0.0,0.0
5,mcv:1919,mcv,170,1,1,False,0,0,0,0.0,0.0
5,mcv:330,mcv,248,5,2,False,0,0,0,0.0,0.0
5,mcv:831,mcv,340,4,1,False,0,0,0,0.0,0.0
5,mcv:1390,mcv,824,3,1,False,0,0,0,0.0,0.0
5,mcv:907,mcv,434,3,2,False,0,0,0,0.0,0.0
5,mcv:895,mcv,226,4,1,False,0,0,0,0.0,0.0
5,mcv:1721,mcv,248,1,2,False,0,0,0,0.0,0.0
5,mcv:1414,mcv,504,3,1,False,0,0,0,0.0,0.0
5,mcv:542,mcv,808,5,1,False,0,0,0,0.0,0.0
5,fd:133,fd,27,5,2,True,0,0,0,0.0,0.0
5,mcv:745,mcv,314,4,1,False,0,0,0,0.0,0.0
5,mcv:51,mcv,562,8,1,False,0,0,0,0.0,0.0
5,mcv:1725,mcv,1350,2,1,False,0,0,0,0.0,0.0
5,mcv:241,mcv,292,5,2,False,0,0,0,0.0,0.0
5,fd:613,fd,27,1,2,True,1,0,1,0.0,0.0003279234981445889
5,mcv:746,mcv,636,4,1,False,0,0,0,0.0,0.0
5,mcv:547,mcv,434,4,2,False,0,0,0,0.0,0.0
5,mcv:307,mcv,170,6,1,False,0,0,0,0.0,0.0
5,mcv:1139,mcv,362,3,1,True,0,0,0,0.0,0.0
5,fd:355,fd,27,3,2,False,0,0,0,0.0,0.0
5,mcv:1374,mcv,218,2,2,False,0,0,0,0.0,0.0
5,mcv:614,mcv,148,5,1,True,0,0,0,0.0,0.0
5,mcv:1550,mcv,248,2,1,False,0,0,0,0.0,0.0
5,mcv:1129,mcv,378,3,1,False,0,0,0,0.0,0.0
5,mcv:1937,mcv,314,0,2,False,0,0,0,0.0,0.0
5,mcv:484,mcv,646,5,1,False,0,0,0,0.0,0.0
5,mcv:2182,mcv,362,0,1,False,0,0,0,0.0,0.0
5,fd:445,fd,27,3,1,False,0,0,0,0.0,0.0
5,mcv:1125,mcv,174,3,1,False,0,0,0,0.0,0.0
5,fd:81,fd,27,6,1,False,0,0,0,0.0,0.0
5,mcv:200,mcv,322,6,1,False,0,0,0,0.0,0.0
5,fd:161,fd,41,5,1,False,0,0,0,0.0,0.0
5,mcv:410,mcv,278,5,1,False,0,0,0,0.0,0.0
5,mcv:124,mcv,856,5,3,False,0,0,0,0.0,0.0
5,mcv:429,mcv,478,4,2,False,0,0,0,0.0,0.0
5,fd:170,fd,27,4,2,False,0,0,0,0.0,0.0
5,mcv:677,mcv,304,4,1,False,0,0,0,0.0,0.0
5,mcv:736,mcv,196,3,2,False,0,0,0,0.0,0.0
5,fd:280,fd,41,4,1,False,0,0,0,0.0,0.0
5,mcv:782,mcv,218,3,2,False,0,0,0,0.0,0.0
5,mcv:1187,mcv,248,2,2,False,0,0,0,0.0,0.0
5,mcv:878,mcv,362,3,2,False,0,0,0,0.0,0.0
5,mcv:1137,mcv,170,3,1,False,0,0,0,0.0,0.0
5,mcv:1552,mcv,218,2,1,False,0,0,0,0.0,0.0
5,mcv:1997,mcv,406,1,1,False,0,0,0,0.0,0.0
5,fd:527,fd,27,3,1,False,0,0,0,0.0,0.0
5,fd:23,fd,27,6,3,False,0,0,0,0.0,0.0
5,mcv:509,mcv,218,4,2,False,0,0,0,0.0,0.0
5,mcv:1652,mcv,344,2,1,False,0,0,0,0.0,0.0
5,mcv:1264,mcv,318,3,1,False,0,0,0,0.0,0.0
5,mcv:59,mcv,244,6,3,True,3,0,3,0.0,7.447077928410167
5,mcv:1858,mcv,296,1,1,False,0,0,0,0.0,0.0
5,mcv:1400,mcv,174,3,1,False,0,0,0,0.0,0.0
5,fd:664,fd,27,1,1,True,1,0,1,0.0,0.0006240111806228299
5,fd:270,fd,27,3,2,False,0,0,0,0.0,0.0
5,mcv:660,mcv,410,3,2,False,0,0,0,0.0,0.0
5,mcv:1136,mcv,170,3,1,False,0,0,0,0.0,0.0
5,mcv:1548,mcv,196,2,1,False,0,0,0,0.0,0.0
5,mcv:1910,mcv,326,1,1,False,0,0,0,0.0,0.0
5,mcv:355,mcv,348,5,2,False,0,0,0,0.0,0.0
5,fd:679,fd,27,1,1,True,0,0,0,0.0,0.0
5,fd:143,fd,27,5,2,False,0,0,0,0.0,0.0
5,mcv:1376,mcv,218,2,2,False,0,0,0,0.0,0.0
5,mcv:1907,mcv,148,1,1,False,0,0,0,0.0,0.0
5,mcv:60,mcv,218,8,1,False,0,0,0,0.0,0.0
5,mcv:1829,mcv,218,2,1,False,0,0,0,0.0,0.0
5,mcv:502,mcv,458,5,1,False,0,0,0,0.0,0.0
5,mcv:847,mcv,218,3,2,False,0,0,0,0.0,0.0
5,mcv:1269,mcv,304,2,2,True,0,0,0,0.0,0.0
5,fd:481,fd,27,2,2,False,0,0,0,0.0,0.0
5,mcv:80,mcv,288,7,2,False,0,0,0,0.0,0.0
5,mcv:353,mcv,270,6,1,True,1,1,0,0.0004110688092804349,0.0
5,mcv:350,mcv,218,5,2,False,0,0,0,0.0,0.0
5,mcv:349,mcv,170,6,1,False,0,0,0,0.0,0.0
5,mcv:1667,mcv,388,2,1,False,0,0,0,0.0,0.0
5,mcv:1670,mcv,388,2,1,False,0,0,0,0.0,0.0
5,mcv:12,mcv,476,8,2,False,0,0,0,0.0,0.0
5,mcv:143,mcv,196,7,1,False,0,0,0,0.0,0.0
5,fd:39,fd,27,7,1,False,0,0,0,0.0,0.0
5,mcv:388,mcv,362,5,1,False,0,0,0,0.0,0.0
5,mcv:96,mcv,594,7,1,True,1,0,1,0.0,0.08997893792777312
5,mcv:1271,mcv,388,3,1,False,0,0,0,0.0,0.0
5,mcv:209,mcv,362,5,2,False,0,0,0,0.0,0.0
5,mcv:1273,mcv,410,3,1,False,0,0,0,0.0,0.0
5,mcv:2012,mcv,664,1,1,False,0,0,0,0.0,0.0
5,mcv:507,mcv,384,4,2,False,0,0,0,0.0,0.0
5,mcv:19,mcv,196,9,1,False,0,0,0,0.0,0.0
5,mcv:1157,mcv,512,3,1,False,0,0,0,0.0,0.0
5,fd:7,fd,27,9,1,False,0,0,0,0.0,0.0
5,mcv:1044,mcv,968,3,1,True,1,1,0,0.1265775225404404,0.0
5,fd:457,fd,27,3,1,False,0,0,0,0.0,0.0
5,mcv:1709,mcv,222,2,1,False,0,0,0,0.0,0.0
5,mcv:1041,mcv,454,3,1,False,0,0,0,0.0,0.0
5,fd:608,fd,27,2,1,False,0,0,0,0.0,0.0
5,mcv:1399,mcv,736,3,1,False,0,0,0,0.0,0.0
5,mcv:879,mcv,714,4,1,False,0,0,0,0.0,0.0
5,mcv:702,mcv,362,4,1,False,0,0,0,0.0,0.0
5,mcv:1085,mcv,340,1,3,False,0,0,0,0.0,0.0
5,fd:718,fd,27,1,1,False,0,0,0,0.0,0.0
5,mcv:593,mcv,566,4,2,False,0,0,0,0.0,0.0
5,mcv:1083,mcv,388,3,1,False,0,0,0,0.0,0.0
5,mcv:1000,mcv,148,4,1,True,1,0,1,0.0,0.0005600432139236666
5,fd:434,fd,27,3,1,False,0,0,0,0.0,0.0
5,mcv:1653,mcv,590,2,1,True,0,0,0,0.0,0.0
5,fd:422,fd,27,3,1,True,0,0,0,0.0,0.0
5,mcv:1744,mcv,544,2,1,False,0,0,0,0.0,0.0
5,mcv:1821,mcv,386,2,1,False,0,0,0,0.0,0.0
5,fd:273,fd,27,4,1,False,0,0,0,0.0,0.0
5,mcv:2194,mcv,760,0,1,False,0,0,0,0.0,0.0
5,mcv:2061,mcv,148,1,1,False,0,0,0,0.0,0.0
5,mcv:1257,mcv,318,2,2,False,0,0,0,0.0,0.0
5,fd:551,fd,41,3,1,False,0,0,0,0.0,0.0
5,mcv:2142,mcv,682,0,1,False,0,0,0,0.0,0.0
5,mcv:1035,mcv,708,3,1,False,0,0,0,0.0,0.0
5,fd:219,fd,27,4,2,True,2,2,0,0.061760927119621334,0.0
5,fd:244,fd,27,4,2,False,0,0,0,0.0,0.0
5,mcv:1739,mcv,170,2,1,False,0,0,0,0.0,0.0
5,fd:655,fd,27,2,1,False,0,0,0,0.0,0.0
5,mcv:1658,mcv,296,2,1,False,0,0,0,0.0,0.0
5,fd:124,fd,27,6,1,True,0,0,0,0.0,0.0
5,fd:160,fd,27,4,2,False,0,0,0,0.0,0.0
5,mcv:1446,mcv,408,3,1,False,0,0,0,0.0,0.0
5,fd:737,fd,27,1,1,False,0,0,0,0.0,0.0
5,mcv:2100,mcv,248,1,1,False,0,0,0,0.0,0.0
5,mcv:666,mcv,640,4,1,False,0,0,0,0.0,0.0
5,mcv:562,mcv,386,4,2,False,0,0,0,0.0,0.0
5,mcv:1791,mcv,530,2,1,False,0,0,0,0.0,0.0
5,mcv:376,mcv,274,4,2,False,0,0,0,0.0,0.0
5,mcv:315,mcv,196,6,1,False,0,0,0,0.0,0.0
5,mcv:402,mcv,388,4,2,False,0,0,0,0.0,0.0
5,mcv:1050,mcv,274,3,1,False,0,0,0,0.0,0.0
5,fd:150,fd,41,4,2,False,0,0,0,0.0,0.0
5,fd:405,fd,27,4,1,False,0,0,0,0.0,0.0
5,mcv:1792,mcv,314,2,1,False,0,0,0,0.0,0.0
5,fd:599,fd,27,2,1,True,0,0,0,0.0,0.0
5,mcv:1684,mcv,196,2,1,False,0,0,0,0.0,0.0
5,fd:589,fd,27,1,2,False,0,0,0,0.0,0.0
5,mcv:381,mcv,362,5,1,False,0,0,0,0.0,0.0
5,mcv:1657,mcv,392,1,2,False,0,0,0,0.0,0.0
5,mcv:308,mcv,170,6,1,False,0,0,0,0.0,0.0
5,mcv:210,mcv,392,6,1,False,0,0,0,0.0,0.0
5,mcv:834,mcv,318,4,1,False,0,0,0,0.0,0.0
5,fd:626,fd,27,2,1,True,0,0,0,0.0,0.0
5,mcv:1239,mcv,244,3,1,False,0,0,0,0.0,0.0
5,mcv:1752,mcv,174,2,1,False,0,0,0,0.0,0.0
5,mcv:960,mcv,218,3,2,False,0,0,0,0.0,0.0
5,fd:191,fd,27,5,1,True,1,1,0,0.017880881459403364,0.0
5,mcv:510,mcv,196,5,1,False,0,0,0,0.0,0.0
5,fd:406,fd,27,4,1,False,0,0,0,0.0,0.0
5,mcv:2177,mcv,1106,0,1,False,0,0,0,0.0,0.0
5,mcv:1447,mcv,386,3,1,False,0,0,0,0.0,0.0
5,mcv:1320,mcv,496,3,1,False,0,0,0,0.0,0.0
5,mcv:1448,mcv,518,2,2,False,0,0,0,0.0,0.0
5,mcv:1375,mcv,562,3,1,False,0,0,0,0.0,0.0
5,mcv:2068,mcv,244,1,1,False,0,0,0,0.0,0.0
5,mcv:1322,mcv,196,3,1,False,0,0,0,0.0,0.0
5,fd:552,fd,27,3,1,False,0,0,0,0.0,0.0
5,fd:553,fd,27,2,2,False,0,0,0,0.0,0.0
5,mcv:802,mcv,462,3,2,False,0,0,0,0.0,0.0
5,mcv:1718,mcv,552,1,2,False,0,0,0,0.0,0.0
5,mcv:1001,mcv,196,4,1,False,0,0,0,0.0,0.0
5,fd:495,fd,27,3,1,False,0,0,0,0.0,0.0
5,mcv:472,mcv,620,5,1,False,0,0,0,0.0,0.0
5,mcv:1602,mcv,218,2,1,False,0,0,0,0.0,0.0
5,mcv:461,mcv,170,5,1,False,0,0,0,0.0,0.0
5,fd:497,fd,27,3,1,False,0,0,0,0.0,0.0
5,mcv:1617,mcv,466,2,1,False,0,0,0,0.0,0.0
5,mcv:1091,mcv,274,2,2,False,0,0,0,0.0,0.0
5,fd:127,fd,41,6,1,True,1,0,1,0.0,0.004728646229317235
5,mcv:1517,mcv,340,2,1,False,0,0,0,0.0,0.0
5,mcv:318,mcv,148,6,1,False,0,0,0,0.0,0.0
5,mcv:1182,mcv,170,3,1,False,0,0,0,0.0,0.0
5,fd:98,fd,27,6,1,False,0,0,0,0.0,0.0
5,mcv:545,mcv,248,5,1,False,0,0,0,0.0,0.0
5,fd:542,fd,27,3,1,False,0,0,0,0.0,0.0
5,mcv:385,mcv,400,5,1,True,1,0,1,0.0,0.03698853088720022
5,mcv:1060,mcv,362,3,1,False,0,0,0,0.0,0.0
5,mcv:1717,mcv,528,2,1,False,0,0,0,0.0,0.0
5,mcv:1737,mcv,148,2,1,False,0,0,0,0.0,0.0
5,mcv:256,mcv,296,6,1,False,0,0,0,0.0,0.0
5,mcv:378,mcv,362,4,2,False,0,0,0,0.0,0.0
5,mcv:772,mcv,170,4,1,False,0,0,0,0.0,0.0
5,fd:499,fd,27,3,1,True,0,0,0,0.0,0.0
5,mcv:1430,mcv,274,3,1,False,0,0,0,0.0,0.0
5,mcv:1358,mcv,274,3,1,True,0,0,0,0.0,0.0
5,mcv:1328,mcv,248,3,1,False,0,0,0,0.0,0.0
5,mcv:253,mcv,270,4,3,True,3,2,1,0.004190609822761093,0.002986226772332401
5,mcv:591,mcv,470,5,1,False,0,0,0,0.0,0.0
5,mcv:1211,mcv,1242,3,1,False,0,0,0,0.0,0.0
5,mcv:555,mcv,1366,5,1,False,0,0,0,0.0,0.0
5,fd:26,fd,41,8,1,False,0,0,0,0.0,0.0
5,mcv:1453,mcv,576,3,1,False,0,0,0,0.0,0.0
5,mcv:1216,mcv,772,3,1,False,0,0,0,0.0,0.0
5,fd:243,fd,41,5,1,False,0,0,0,0.0,0.0
5,mcv:947,mcv,196,4,1,False,0,0,0,0.0,0.0
5,fd:375,fd,27,4,1,False,0,0,0,0.0,0.0
5,mcv:1765,mcv,366,2,1,False,0,0,0,0.0,0.0
5,mcv:70,mcv,662,8,1,False,0,0,0,0.0,0.0
5,mcv:932,mcv,296,3,2,False,0,0,0,0.0,0.0
5,mcv:2051,mcv,226,1,1,False,0,0,0,0.0,0.0
5,mcv:765,mcv,296,4,1,False,0,0,0,0.0,0.0
5,fd:253,fd,27,4,2,False,0,0,0,0.0,0.0
5,fd:298,fd,27,4,1,False,0,0,0,0.0,0.0
5,fd:716,fd,27,1,1,False,0,0,0,0.0,0.0
5,mcv:1808,mcv,378,2,1,False,0,0,0,0.0,0.0
5,fd:96,fd,27,5,2,False,0,0,0,0.0,0.0
5,mcv:898,mcv,296,4,1,False,0,0,0,0.0,0.0
5,mcv:1338,mcv,170,3,1,False,0,0,0,0.0,0.0
5,mcv:251,mcv,296,5,2,False,0,0,0,0.0,0.0
5,mcv:608,mcv,318,4,2,False,0,0,0,0.0,0.0
5,mcv:305,mcv,274,6,1,False,0,0,0,0.0,0.0
5,fd:349,fd,27,4,1,False,0,0,0,0.0,0.0
5,mcv:1844,mcv,716,1,1,False,0,0,0,0.0,0.0
5,mcv:445,mcv,314,5,1,False,0,0,0,0.0,0.0
5,fd:117,fd,27,6,1,True,0,0,0,0.0,0.0
5,mcv:1471,mcv,712,1,2,False,0,0,0,0.0,0.0
5,fd:367,fd,27,3,2,False,0,0,0,0.0,0.0
5,mcv:1407,mcv,550,3,1,False,0,0,0,0.0,0.0
5,mcv:2246,mcv,296,0,1,False,0,0,0,0.0,0.0
5,mcv:1843,mcv,356,1,1,False,0,0,0,0.0,0.0
5,mcv:2095,mcv,348,1,1,False,0,0,0,0.0,0.0
5,mcv:364,mcv,510,5,1,False,0,0,0,0.0,0.0
5,mcv:1421,mcv,330,3,1,False,0,0,0,0.0,0.0
5,mcv:218,mcv,804,5,2,False,0,0,0,0.0,0.0
5,mcv:2229,mcv,742,0,1,False,0,0,0,0.0,0.0
5,fd:658,fd,27,1,1,False,0,0,0,0.0,0.0
5,mcv:963,mcv,410,3,2,False,0,0,0,0.0,0.0
5,mcv:585,mcv,460,5,1,False,0,0,0,0.0,0.0
5,fd:238,fd,41,5,1,False,0,0,0,0.0,0.0
5,mcv:406,mcv,378,5,1,False,0,0,0,0.0,0.0
5,mcv:701,mcv,392,4,1,False,0,0,0,0.0,0.0
5,mcv:1965,mcv,278,1,1,False,0,0,0,0.0,0.0
5,fd:689,fd,27,1,1,False,0,0,0,0.0,0.0
5,mcv:39,mcv,1014,9,1,False,0,0,0,0.0,0.0
5,fd:436,fd,27,3,1,False,0,0,0,0.0,0.0
5,fd:322,fd,27,4,1,False,0,0,0,0.0,0.0
5,mcv:1265,mcv,432,3,1,False,0,0,0,0.0,0.0
5,mcv:1631,mcv,476,2,1,False,0,0,0,0.0,0.0
5,mcv:1532,mcv,292,2,1,False,0,0,0,0.0,0.0
5,mcv:583,mcv,196,3,3,False,0,0,0,0.0,0.0
5,mcv:1677,mcv,196,2,1,False,0,0,0,0.0,0.0
5,fd:192,fd,27,5,1,False,0,0,0,0.0,0.0
5,fd:593,fd,27,2,1,True,0,0,0,0.0,0.0
5,mcv:1357,mcv,482,3,1,False,0,0,0,0.0,0.0
5,mcv:2205,mcv,662,0,1,False,0,0,0,0.0,0.0
5,mcv:1111,mcv,384,3,1,False,0,0,0,0.0,0.0
5,mcv:512,mcv,480,5,1,True,1,1,0,0.47914416656668735,0.0
5,mcv:853,mcv,196,4,1,False,0,0,0,0.0,0.0
5,mcv:1099,mcv,418,3,1,True,1,0,1,0.0,4.158448356092686
5,mcv:804,mcv,664,4,1,False,0,0,0,0.0,0.0
5,mcv:1738,mcv,196,2,1,False,0,0,0,0.0,0.0
5,fd:688,fd,27,1,1,False,0,0,0,0.0,0.0
5,mcv:285,mcv,266,6,1,False,0,0,0,0.0,0.0
5,mcv:1736,mcv,322,2,1,False,0,0,0,0.0,0.0
5,mcv:1964,mcv,278,1,1,False,0,0,0,0.0,0.0
5,mcv:717,mcv,406,3,2,False,0,0,0,0.0,0.0
5,mcv:1531,mcv,314,2,1,False,0,0,0,0.0,0.0
5,mcv:10,mcv,546,10,1,False,0,0,0,0.0,0.0
5,mcv:479,mcv,690,5,1,False,0,0,0,0.0,0.0
5,mcv:1480,mcv,764,2,1,False,0,0,0,0.0,0.0
5,fd:491,fd,27,2,2,False,0,0,0,0.0,0.0
5,mcv:643,mcv,628,4,1,False,0,0,0,0.0,0.0
5,mcv:280,mcv,244,6,1,False,0,0,0,0.0,0.0
5,mcv:523,mcv,448,4,2,True,2,0,1,0.0,0.005188765799492012
5,fd:199,fd,27,4,2,False,0,0,0,0.0,0.0
5,mcv:538,mcv,278,5,1,False,0,0,0,0.0,0.0
5,mcv:278,mcv,690,5,2,False,0,0,0,0.0,0.0
5,fd:198,fd,41,4,2,False,0,0,0,0.0,0.0
5,mcv:367,mcv,1242,5,1,False,0,0,0,0.0,0.0
5,mcv:1402,mcv,322,2,2,False,0,0,0,0.0,0.0
5,mcv:1309,mcv,720,2,2,False,0,0,0,0.0,0.0
5,fd:106,fd,27,5,2,False,0,0,0,0.0,0.0
5,mcv:522,mcv,470,4,2,False,0,0,0,0.0,0.0
5,fd:206,fd,41,5,1,False,0,0,0,0.0,0.0
5,mcv:1678,mcv,252,1,2,False,0,0,0,0.0,0.0
5,fd:425,fd,27,2,2,False,0,0,0,0.0,0.0
5,mcv:850,mcv,318,4,1,False,0,0,0,0.0,0.0
5,mcv:1063,mcv,594,2,2,False,0,0,0,0.0,0.0
5,mcv:1681,mcv,554,2,1,False,0,0,0,0.0,0.0
5,mcv:1586,mcv,218,2,1,False,0,0,0,0.0,0.0
5,fd:594,fd,27,1,2,True,0,0,0,0.0,0.0
5,fd:596,fd,27,2,1,False,0,0,0,0.0,0.0
5,mcv:1491,mcv,1116,2,1,False,0,0,0,0.0,0.0
5,mcv:613,mcv,218,5,1,False,0,0,0,0.0,0.0
5,mcv:1463,mcv,288,3,1,True,0,0,0,0.0,0.0
5,mcv:1172,mcv,196,3,1,False,0,0,0,0.0,0.0
5,mcv:98,mcv,1878,7,1,False,0,0,0,0.0,0.0
5,mcv:446,mcv,148,5,1,False,0,0,0,0.0,0.0
5,mcv:612,mcv,218,5,1,False,0,0,0,0.0,0.0
5,mcv:1064,mcv,366,3,1,False,0,0,0,0.0,0.0
5,mcv:252,mcv,740,5,2,False,0,0,0,0.0,0.0
5,mcv:11,mcv,1162,10,1,False,0,0,0,0.0,0.0
5,mcv:14,mcv,410,8,2,True,2,2,0,0.3058380239918457,0.0
5,mcv:855,mcv,222,4,1,True,1,0,1,0.0,0.07433305251105837
5,mcv:974,mcv,148,4,1,False,0,0,0,0.0,0.0
5,mcv:942,mcv,248,4,1,False,0,0,0,0.0,0.0
5,mcv:1404,mcv,456,3,1,False,0,0,0,0.0,0.0
5,mcv:1682,mcv,174,2,1,False,0,0,0,0.0,0.0
5,fd:597,fd,27,2,1,False,0,0,0,0.0,0.0
5,fd:324,fd,27,4,1,False,0,0,0,0.0,0.0
5,mcv:339,mcv,218,6,1,False,0,0,0,0.0,0.0
5,fd:727,fd,41,0,2,False,0,0,0,0.0,0.0
5,mcv:2085,mcv,508,0,2,False,0,0,0,0.0,0.0
5,mcv:943,mcv,244,4,1,False,0,0,0,0.0,0.0
5,fd:372,fd,27,4,1,False,0,0,0,0.0,0.0
5,fd:326,fd,41,4,1,False,0,0,0,0.0,0.0
5,mcv:1764,mcv,248,2,1,False,0,0,0,0.0,0.0
5,mcv:975,mcv,408,4,1,False,0,0,0,0.0,0.0
5,fd:530,fd,41,3,1,False,0,0,0,0.0,0.0
5,mcv:858,mcv,478,4,1,False,0,0,0,0.0,0.0
5,fd:388,fd,27,4,1,False,0,0,0,0.0,0.0
5,mcv:1942,mcv,1082,1,1,False,0,0,0,0.0,0.0
5,mcv:870,mcv,356,4,1,False,0,0,0,0.0,0.0
5,mcv:1115,mcv,174,3,1,False,0,0,0,0.0,0.0
5,mcv:110,mcv,148,7,1,False,0,0,0,0.0,0.0
5,mcv:464,mcv,592,5,1,False,0,0,0,0.0,0.0
5,mcv:728,mcv,382,4,1,False,0,0,0,0.0,0.0
5,fd:164,fd,27,4,2,False,0,0,0,0.0,0.0
5,mcv:569,mcv,270,4,2,False,0,0,0,0.0,0.0
5,fd:334,fd,27,4,1,False,0,0,0,0.0,0.0
5,mcv:56,mcv,1128,7,2,False,0,0,0,0.0,0.0
5,fd:226,fd,27,4,2,False,0,0,0,0.0,0.0
5,mcv:1116,mcv,292,2,2,False,0,0,0,0.0,0.0
5,mcv:421,mcv,610,4,2,False,0,0,0,0.0,0.0
5,mcv:1702,mcv,810,2,1,False,0,0,0,0.0,0.0
5,mcv:1703,mcv,896,2,1,False,0,0,0,0.0,0.0
5,mcv:141,mcv,848,7,1,False,0,0,0,0.0,0.0
5,mcv:1279,mcv,428,2,2,False,0,0,0,0.0,0.0
5,fd:441,fd,27,3,1,False,0,0,0,0.0,0.0
5,mcv:503,mcv,196,4,2,False,0,0,0,0.0,0.0
5,mcv:489,mcv,270,4,2,False,0,0,0,0.0,0.0
5,fd:188,fd,27,4,2,False,0,0,0,0.0,0.0
5,mcv:1171,mcv,222,3,1,False,0,0,0,0.0,0.0
5,mcv:340,mcv,248,6,1,False,0,0,0,0.0,0.0
5,mcv:104,mcv,734,7,1,False,0,0,0,0.0,0.0
5,mcv:338,mcv,736,6,1,False,0,0,0,0.0,0.0
5,fd:649,fd,41,2,1,False,0,0,0,0.0,0.0
5,mcv:1501,mcv,514,2,1,False,0,0,0,0.0,0.0
5,fd:754,fd,27,0,1,False,0,0,0,0.0,0.0
5,mcv:2042,mcv,2000,1,1,False,0,0,0,0.0,0.0
5,mcv:2247,mcv,348,0,1,False,0,0,0,0.0,0.0
5,mcv:525,mcv,452,5,1,False,0,0,0,0.0,0.0
5,fd:431,fd,27,3,1,False,0,0,0,0.0,0.0
5,mcv:1805,mcv,604,2,1,False,0,0,0,0.0,0.0
5,mcv:684,mcv,396,4,1,False,0,0,0,0.0,0.0
5,mcv:1071,mcv,356,3,1,False,0,0,0,0.0,0.0
5,mcv:1166,mcv,196,3,1,False,0,0,0,0.0,0.0
5,fd:461,fd,27,3,1,False,0,0,0,0.0,0.0
5,mcv:860,mcv,222,4,1,False,0,0,0,0.0,0.0
5,mcv:1440,mcv,218,2,2,False,0,0,0,0.0,0.0
5,mcv:303,mcv,292,6,1,False,0,0,0,0.0,0.0
5,mcv:873,mcv,536,4,1,False,0,0,0,0.0,0.0
5,mcv:1304,mcv,720,3,1,False,0,0,0,0.0,0.0
5,mcv:1303,mcv,536,3,1,True,0,0,0,0.0,0.0
5,fd:330,fd,27,4,1,False,0,0,0,0.0,0.0
5,fd:327,fd,27,4,1,False,0,0,0,0.0,0.0
5,mcv:1283,mcv,296,3,1,False,0,0,0,0.0,0.0
5,mcv:864,mcv,244,4,1,False,0,0,0,0.0,0.0
5,fd:402,fd,41,4,1,True,1,1,0,0.029607700200017906,0.0
5,mcv:328,mcv,510,6,1,False,0,0,0,0.0,0.0
5,mcv:917,mcv,218,4,1,False,0,0,0,0.0,0.0
5,mcv:1740,mcv,514,2,1,False,0,0,0,0.0,0.0
5,mcv:164,mcv,292,7,1,False,0,0,0,0.0,0.0
5,mcv:658,mcv,588,4,1,False,0,0,0,0.0,0.0
5,fd:275,fd,27,4,1,False,0,0,0,0.0,0.0
5,mcv:203,mcv,1320,6,1,False,0,0,0,0.0,0.0
5,mcv:622,mcv,170,5,1,False,0,0,0,0.0,0.0
5,mcv:997,mcv,178,4,1,False,0,0,0,0.0,0.0
5,mcv:423,mcv,196,4,2,True,2,0,2,0.0,0.058164579460888266
5,mcv:166,mcv,942,7,1,False,0,0,0,0.0,0.0
5,fd:622,fd,41,2,1,False,0,0,0,0.0,0.0
5,mcv:625,mcv,806,5,1,False,0,0,0,0.0,0.0
5,fd:261,fd,27,5,1,False,0,0,0,0.0,0.0
5,mcv:668,mcv,370,4,1,False,0,0,0,0.0,0.0
5,fd:166,fd,27,4,2,False,0,0,0,0.0,0.0
5,mcv:1535,mcv,248,2,1,False,0,0,0,0.0,0.0
5,mcv:416,mcv,344,4,2,False,0,0,0,0.0,0.0
5,mcv:481,mcv,330,5,1,False,0,0,0,0.0,0.0
5,mcv:284,mcv,226,6,1,False,0,0,0,0.0,0.0
5,fd:108,fd,27,6,1,False,0,0,0,0.0,0.0
5,mcv:611,mcv,200,5,1,False,0,0,0,0.0,0.0
5,fd:255,fd,27,5,1,False,0,0,0,0.0,0.0
5,mcv:2089,mcv,226,1,1,False,0,0,0,0.0,0.0
5,fd:437,fd,27,3,1,False,0,0,0,0.0,0.0
5,mcv:1103,mcv,612,3,1,True,1,1,0,0.8502369936810132,0.0
5,fd:638,fd,27,2,1,False,0,0,0,0.0,0.0
5,mcv:418,mcv,1522,5,1,False,0,0,0,0.0,0.0
5,mcv:881,mcv,248,4,1,False,0,0,0,0.0,0.0
5,mcv:1778,mcv,200,2,1,False,0,0,0,0.0,0.0
5,mcv:1106,mcv,226,3,1,False,0,0,0,0.0,0.0
5,mcv:1890,mcv,318,1,1,False,0,0,0,0.0,0.0
5,mcv:1107,mcv,590,3,1,False,0,0,0,0.0,0.0
5,fd:730,fd,27,1,1,False,0,0,0,0.0,0.0
5,fd:439,fd,27,3,1,False,0,0,0,0.0,0.0
5,mcv:1714,mcv,318,2,1,False,0,0,0,0.0,0.0
5,mcv:1102,mcv,274,3,1,False,0,0,0,0.0,0.0
5,fd:118,fd,41,6,1,True,0,0,0,0.0,0.0
5,mcv:1089,mcv,362,3,1,False,0,0,0,0.0,0.0
5,mcv:306,mcv,148,6,1,False,0,0,0,0.0,0.0
5,fd:741,fd,27,0,1,False,0,0,0,0.0,0.0
5,mcv:2130,mcv,448,0,1,False,0,0,0,0.0,0.0
5,fd:628,fd,27,2,1,False,0,0,0,0.0,0.0
5,mcv:2249,mcv,484,0,1,False,0,0,0,0.0,0.0
5,mcv:1754,mcv,396,2,1,False,0,0,0,0.0,0.0
5,mcv:89,mcv,426,7,1,False,0,0,0,0.0,0.0
5,mcv:1753,mcv,148,2,1,False,0,0,0,0.0,0.0
5,mcv:648,mcv,1242,4,1,False,0,0,0,0.0,0.0
5,fd:755,fd,27,0,1,False,0,0,0,0.0,0.0
5,fd:627,fd,41,2,1,False,0,0,0,0.0,0.0
5,fd:183,fd,27,5,1,True,1,0,1,0.0,0.0003607920829360456
5,fd:71,fd,27,7,1,False,0,0,0,0.0,0.0
5,mcv:457,mcv,318,5,1,False,0,0,0,0.0,0.0
5,mcv:180,mcv,370,7,1,False,0,0,0,0.0,0.0
5,mcv:459,mcv,200,5,1,False,0,0,0,0.0,0.0
5,mcv:1978,mcv,476,1,1,False,0,0,0,0.0,0.0
5,mcv:247,mcv,270,6,1,False,0,0,0,0.0,0.0
5,mcv:1152,mcv,314,3,1,False,0,0,0,0.0,0.0
5,mcv:1156,mcv,270,3,1,False,0,0,0,0.0,0.0
5,mcv:1642,mcv,542,2,1,False,0,0,0,0.0,0.0
5,mcv:941,mcv,348,4,1,True,1,0,1,0.0,0.09718971926979436
5,fd:152,fd,27,5,1,False,0,0,0,0.0,0.0
5,mcv:383,mcv,278,5,1,True,0,0,0,0.0,0.0
5,mcv:1492,mcv,940,2,1,False,0,0,0,0.0,0.0
5,mcv:442,mcv,314,5,1,False,0,0,0,0.0,0.0
5,mcv:212,mcv,532,6,1,True,1,0,1,0.0,9.602900163940831e-08
5,mcv:103,mcv,502,7,1,False,0,0,0,0.0,0.0
5,fd:430,fd,27,3,1,False,0,0,0,0.0,0.0
5,fd:40,fd,41,7,1,False,0,0,0,0.0,0.0
5,fd:235,fd,27,5,1,False,0,0,0,0.0,0.0
5,mcv:153,mcv,428,7,1,False,0,0,0,0.0,0.0
5,mcv:939,mcv,274,4,1,True,0,0,0,0.0,0.0
5,mcv:842,mcv,428,3,2,False,0,0,0,0.0,0.0
5,mcv:931,mcv,174,4,1,False,0,0,0,0.0,0.0
5,mcv:1449,mcv,584,3,1,False,0,0,0,0.0,0.0
5,fd:230,fd,27,5,1,True,1,0,1,0.0,0.07828427856169107
5,mcv:1393,mcv,362,3,1,False,0,0,0,0.0,0.0
5,mcv:377,mcv,452,5,1,False,0,0,0,0.0,0.0
5,mcv:580,mcv,408,5,1,False,0,0,0,0.0,0.0
5,fd:681,fd,27,1,1,False,0,0,0,0.0,0.0
5,mcv:1280,mcv,602,3,1,False,0,0,0,0.0,0.0
5,mcv:151,mcv,384,6,2,False,0,0,0,0.0,0.0
5,mcv:102,mcv,564,7,1,False,0,0,0,0.0,0.0
5,mcv:575,mcv,248,5,1,False,0,0,0,0.0,0.0
5,fd:371,fd,41,4,1,False,0,0,0,0.0,0.0
5,mcv:1929,mcv,248,1,1,False,0,0,0,0.0,0.0
5,mcv:1070,mcv,304,3,1,False,0,0,0,0.0,0.0
5,fd:366,fd,27,4,1,True,0,0,0,0.0,0.0
5,mcv:690,mcv,318,3,2,False,0,0,0,0.0,0.0
5,fd:91,fd,27,6,1,False,0,0,0,0.0,0.0
5,mcv:1131,mcv,148,3,1,False,0,0,0,0.0,0.0
5,mcv:234,mcv,400,6,1,False,0,0,0,0.0,0.0
5,mcv:132,mcv,196,7,1,False,0,0,0,0.0,0.0
5,fd:550,fd,41,3,1,False,0,0,0,0.0,0.0
5,mcv:129,mcv,196,7,1,False,0,0,0,0.0,0.0
5,mcv:1570,mcv,448,2,1,False,0,0,0,0.0,0.0
5,mcv:1974,mcv,544,1,1,False,0,0,0,0.0,0.0
5,fd:48,fd,27,7,1,False,0,0,0,0.0,0.0
5,mcv:1363,mcv,196,3,1,False,0,0,0,0.0,0.0
5,mcv:440,mcv,196,5,1,True,1,0,1,0.0,0.07713960871766323
5,mcv:265,mcv,618,6,1,False,0,0,0,0.0,0.0
5,mcv:1445,mcv,460,3,1,False,0,0,0,0.0,0.0
5,mcv:752,mcv,632,4,1,False,0,0,0,0.0,0.0
5,fd:513,fd,27,3,1,False,0,0,0,0.0,0.0
5,mcv:1202,mcv,1390,3,1,False,0,0,0,0.0,0.0
5,mcv:466,mcv,610,5,1,False,0,0,0,0.0,0.0
5,mcv:1361,mcv,200,3,1,False,0,0,0,0.0,0.0
5,mcv:1205,mcv,636,3,1,False,0,0,0,0.0,0.0
5,mcv:1459,mcv,270,3,1,False,0,0,0,0.0,0.0
5,fd:186,fd,27,5,1,False,0,0,0,0.0,0.0
5,mcv:468,mcv,522,5,1,True,1,0,0,0.0,0.0
5,fd:187,fd,27,5,1,False,0,0,0,0.0,0.0
5,fd:694,fd,27,1,1,False,0,0,0,0.0,0.0
5,fd:101,fd,27,6,1,False,0,0,0,0.0,0.0
5,mcv:125,mcv,996,7,1,False,0,0,0,0.0,0.0
5,mcv:1865,mcv,340,1,1,False,0,0,0,0.0,0.0
5,mcv:1130,mcv,226,3,1,False,0,0,0,0.0,0.0
5,mcv:399,mcv,1484,5,1,True,1,0,0,0.0,0.0
5,mcv:262,mcv,658,6,1,False,0,0,0,0.0,0.0
5,mcv:1112,mcv,170,3,1,False,0,0,0,0.0,0.0
5,mcv:105,mcv,344,7,1,False,0,0,0,0.0,0.0
5,fd:209,fd,41,5,1,False,0,0,0,0.0,0.0
5,mcv:1751,mcv,270,2,1,False,0,0,0,0.0,0.0
5,fd:446,fd,27,3,1,False,0,0,0,0.0,0.0
5,fd:625,fd,27,2,1,False,0,0,0,0.0,0.0
5,mcv:544,mcv,230,5,1,True,0,0,0,0.0,0.0
5,mcv:1948,mcv,522,1,1,False,0,0,0,0.0,0.0
5,fd:41,fd,41,7,1,False,0,0,0,0.0,0.0
5,mcv:738,mcv,248,4,1,False,0,0,0,0.0,0.0
5,mcv:843,mcv,244,4,1,True,0,0,0,0.0,0.0
5,mcv:1365,mcv,340,3,1,True,0,0,0,0.0,0.0
5,mcv:1335,mcv,270,3,1,False,0,0,0,0.0,0.0
5,mcv:727,mcv,270,4,1,False,0,0,0,0.0,0.0
5,mcv:1348,mcv,434,3,1,False,0,0,0,0.0,0.0
5,mcv:408,mcv,634,5,1,False,0,0,0,0.0,0.0
5,mcv:229,mcv,148,6,1,False,0,0,0,0.0,0.0
5,fd:214,fd,27,5,1,False,0,0,0,0.0,0.0
5,fd:284,fd,27,4,1,False,0,0,0,0.0,0.0
5,mcv:1263,mcv,1002,3,1,True,0,0,0,0.0,0.0
5,mcv:903,mcv,672,4,1,False,0,0,0,0.0,0.0
5,fd:475,fd,27,3,1,False,0,0,0,0.0,0.0
5,fd:389,fd,27,4,1,False,0,0,0,0.0,0.0
5,mcv:924,mcv,218,4,1,False,0,0,0,0.0,0.0
5,mcv:1539,mcv,318,2,1,False,0,0,0,0.0,0.0
5,fd:722,fd,27,1,1,False,0,0,0,0.0,0.0
5,mcv:2002,mcv,274,1,1,False,0,0,0,0.0,0.0
5,mcv:980,mcv,506,4,1,False,0,0,0,0.0,0.0
5,mcv:1241,mcv,844,3,1,False,0,0,0,0.0,0.0
5,fd:42,fd,41,7,1,False,0,0,0,0.0,0.0
5,mcv:2067,mcv,642,1,1,False,0,0,0,0.0,0.0
5,mcv:107,mcv,278,7,1,True,1,1,0,0.5594680600523891,0.0
5,mcv:710,mcv,1138,4,1,False,0,0,0,0.0,0.0
5,fd:392,fd,27,4,1,False,0,0,0,0.0,0.0
5,mcv:1238,mcv,358,3,1,False,0,0,0,0.0,0.0
5,mcv:553,mcv,456,5,1,False,0,0,0,0.0,0.0
5,mcv:707,mcv,1124,4,1,False,0,0,0,0.0,0.0
5,mcv:1092,mcv,274,3,1,False,0,0,0,0.0,0.0
5,mcv:977,mcv,484,4,1,False,0,0,0,0.0,0.0
5,mcv:615,mcv,170,5,1,False,0,0,0,0.0,0.0
5,mcv:412,mcv,362,5,1,False,0,0,0,0.0,0.0
5,mcv:773,mcv,196,4,1,False,0,0,0,0.0,0.0
5,mcv:448,mcv,340,5,1,False,0,0,0,0.0,0.0
5,fd:302,fd,27,4,1,False,0,0,0,0.0,0.0
5,mcv:7,mcv,738,10,1,True,1,0,1,0.0,0.4080922456549876
5,mcv:573,mcv,292,5,1,False,0,0,0,0.0,0.0
5,mcv:1432,mcv,318,3,1,False,0,0,0,0.0,0.0
5,fd:616,fd,27,2,1,False,0,0,0,0.0,0.0
5,fd:396,fd,41,4,1,False,0,0,0,0.0,0.0
5,mcv:1815,mcv,388,2,1,True,0,0,0,0.0,0.0
5,fd:544,fd,27,3,1,False,0,0,0,0.0,0.0
5,mcv:574,mcv,406,5,1,False,0,0,0,0.0,0.0
5,fd:397,fd,41,4,1,False,0,0,0,0.0,0.0
5,mcv:2070,mcv,528,1,1,False,0,0,0,0.0,0.0
5,mcv:356,mcv,218,6,1,False,0,0,0,0.0,0.0
5,mcv:1462,mcv,218,3,1,False,0,0,0,0.0,0.0
5,mcv:1729,mcv,816,2,1,False,0,0,0,0.0,0.0
5,mcv:1832,mcv,170,2,1,False,0,0,0,0.0,0.0
5,mcv:986,mcv,148,4,1,False,0,0,0,0.0,0.0
5,mcv:326,mcv,292,6,1,False,0,0,0,0.0,0.0
5,mcv:985,mcv,148,4,1,False,0,0,0,0.0,0.0
6,mcv:1704,mcv,958,1,2,False,0,0,0,0.0,0.0
6,fd:194,fd,27,3,3,False,0,0,0,0.0,0.0
6,mcv:913,mcv,226,3,2,False,0,0,0,0.0,0.0
6,mcv:63,mcv,196,8,1,False,0,0,0,0.0,0.0
6,mcv:1285,mcv,174,3,1,False,0,0,0,0.0,0.0
6,mcv:514,mcv,174,3,3,False,0,0,0,0.0,0.0
6,mcv:35,mcv,148,8,2,False,0,0,0,0.0,0.0
6,mcv:1307,mcv,378,2,2,False,0,0,0,0.0,0.0
6,fd:111,fd,27,5,2,False,0,0,0,0.0,0.0
6,mcv:77,mcv,148,8,1,False,0,0,0,0.0,0.0
6,fd:359,fd,27,3,2,False,0,0,0,0.0,0.0
6,mcv:1408,mcv,248,3,1,False,0,0,0,0.0,0.0
6,fd:15,fd,41,8,2,False,0,0,0,0.0,0.0
6,fd:490,fd,27,2,2,False,0,0,0,0.0,0.0
6,fd:28,fd,41,8,1,False,0,0,0,0.0,0.0
6,mcv:291,mcv,378,5,2,False,0,0,0,0.0,0.0
6,mcv:286,mcv,492,6,1,False,0,0,0,0.0,0.0
6,fd:709,fd,27,0,2,False,0,0,0,0.0,0.0
6,mcv:76,mcv,148,8,1,False,0,0,0,0.0,0.0
6,fd:486,fd,27,3,1,False,0,0,0,0.0,0.0
6,mcv:327,mcv,226,6,1,False,0,0,0,0.0,0.0
6,mcv:1286,mcv,362,3,1,False,0,0,0,0.0,0.0
6,fd:532,fd,27,3,1,True,0,0,0,0.0,0.0
6,mcv:2036,mcv,466,0,2,False,0,0,0,0.0,0.0
6,fd:47,fd,27,5,3,False,0,0,0,0.0,0.0
6,mcv:438,mcv,170,3,3,True,2,0,2,0.0,0.2894983021509683
6,mcv:759,mcv,170,2,3,False,0,0,0,0.0,0.0
6,mcv:21,mcv,218,7,3,False,0,0,0,0.0,0.0
6,mcv:1150,mcv,218,3,1,False,0,0,0,0.0,0.0
6,mcv:1666,mcv,366,1,2,False,0,0,0,0.0,0.0
6,mcv:610,mcv,170,4,2,False,0,0,0,0.0,0.0
6,mcv:1225,mcv,480,2,2,False,0,0,0,0.0,0.0
6,mcv:131,mcv,196,5,3,False,0,0,0,0.0,0.0
6,mcv:753,mcv,410,2,3,False,0,0,0,0.0,0.0
6,mcv:1669,mcv,410,1,2,False,0,0,0,0.0,0.0
6,mcv:394,mcv,418,3,3,False,0,0,0,0.0,0.0
6,fd:14,fd,27,6,4,False,0,0,0,0.0,0.0
6,mcv:856,mcv,274,2,3,False,0,0,0,0.0,0.0
6,mcv:1647,mcv,616,1,2,False,0,0,0,0.0,0.0
6,mcv:1676,mcv,526,2,1,False,0,0,0,0.0,0.0
6,mcv:1742,mcv,362,1,2,False,0,0,0,0.0,0.0
6,mcv:1646,mcv,366,1,2,False,0,0,0,0.0,0.0
6,mcv:46,mcv,634,6,3,False,0,0,0,0.0,0.0
6,mcv:2053,mcv,772,0,2,False,0,0,0,0.0,0.0
6,fd:427,fd,27,2,2,False,0,0,0,0.0,0.0
6,fd:321,fd,27,4,1,False,0,0,0,0.0,0.0
6,mcv:852,mcv,244,4,1,False,0,0,0,0.0,0.0
6,mcv:827,mcv,432,4,1,False,0,0,0,0.0,0.0
6,fd:588,fd,27,1,2,False,0,0,0,0.0,0.0
6,fd:592,fd,27,2,1,False,0,0,0,0.0,0.0
6,mcv:1068,mcv,330,3,1,False,0,0,0,0.0,0.0
6,mcv:396,mcv,492,4,2,False,0,0,0,0.0,0.0
6,mcv:1067,mcv,562,2,2,False,0,0,0,0.0,0.0
6,fd:428,fd,27,3,1,True,1,1,0,0.00018353546529192855,0.0
6,mcv:34,mcv,536,6,4,False,0,0,0,0.0,0.0
6,mcv:136,mcv,926,5,3,False,0,0,0,0.0,0.0
6,mcv:589,mcv,452,5,1,False,0,0,0,0.0,0.0
6,mcv:1148,mcv,170,3,1,False,0,0,0,0.0,0.0
6,mcv:416,mcv,344,3,3,False,0,0,0,0.0,0.0
6,fd:402,fd,41,4,1,False,0,0,0,0.0,0.0
6,mcv:186,mcv,200,3,5,False,0,0,0,0.0,0.0
6,mcv:425,mcv,422,3,3,False,0,0,0,0.0,0.0
6,mcv:187,mcv,148,6,2,False,0,0,0,0.0,0.0
6,fd:242,fd,27,4,2,False,0,0,0,0.0,0.0
6,fd:75,fd,27,3,5,False,0,0,0,0.0,0.0
6,mcv:1388,mcv,374,2,2,False,0,0,0,0.0,0.0
6,fd:290,fd,27,2,3,False,0,0,0,0.0,0.0
6,mcv:243,mcv,200,6,1,False,0,0,0,0.0,0.0
6,fd:241,fd,27,5,1,False,0,0,0,0.0,0.0
6,mcv:242,mcv,170,5,2,False,0,0,0,0.0,0.0
6,mcv:1533,mcv,694,2,1,False,0,0,0,0.0,0.0
6,mcv:714,mcv,314,3,2,False,0,0,0,0.0,0.0
6,mcv:1121,mcv,148,1,3,False,0,0,0,0.0,0.0
6,mcv:732,mcv,148,2,3,False,0,0,0,0.0,0.0
6,mcv:426,mcv,200,3,3,False,0,0,0,0.0,0.0
6,fd:168,fd,27,3,3,True,1,0,1,0.0,0.0004450916361908863
6,mcv:1527,mcv,314,2,1,False,0,0,0,0.0,0.0
6,mcv:109,mcv,270,6,2,True,2,2,0,0.22812906678879563,0.0
6,mcv:997,mcv,178,4,1,False,0,0,0,0.0,0.0
6,fd:453,fd,27,3,1,False,0,0,0,0.0,0.0
6,fd:167,fd,27,3,3,False,0,0,0,0.0,0.0
6,mcv:590,mcv,378,4,2,False,0,0,0,0.0,0.0
6,mcv:224,mcv,292,5,2,False,0,0,0,0.0,0.0
6,mcv:227,mcv,170,4,3,False,0,0,0,0.0,0.0
6,fd:76,fd,27,6,2,False,0,0,0,0.0,0.0
6,mcv:1554,mcv,462,2,1,False,0,0,0,0.0,0.0
6,mcv:53,mcv,404,7,2,False,0,0,0,0.0,0.0
6,mcv:1040,mcv,620,2,2,False,0,0,0,0.0,0.0
6,mcv:664,mcv,598,4,1,False,0,0,0,0.0,0.0
6,mcv:1119,mcv,296,2,2,False,0,0,0,0.0,0.0
6,mcv:875,mcv,606,4,1,False,0,0,0,0.0,0.0
6,mcv:1991,mcv,576,0,2,False,0,0,0,0.0,0.0
6,mcv:765,mcv,296,4,1,False,0,0,0,0.0,0.0
6,mcv:1164,mcv,514,3,1,False,0,0,0,0.0,0.0
6,mcv:1896,mcv,314,0,2,False,0,0,0,0.0,0.0
6,mcv:1727,mcv,746,2,1,False,0,0,0,0.0,0.0
6,fd:697,fd,27,0,2,False,0,0,0,0.0,0.0
6,mcv:728,mcv,382,4,1,False,0,0,0,0.0,0.0
6,mcv:1894,mcv,196,1,1,False,0,0,0,0.0,0.0
6,mcv:158,mcv,838,6,2,False,0,0,0,0.0,0.0
6,mcv:42,mcv,318,7,2,False,0,0,0,0.0,0.0
6,fd:82,fd,27,3,4,False,0,0,0,0.0,0.0
6,fd:616,fd,27,2,1,False,0,0,0,0.0,0.0
6,fd:298,fd,27,4,1,False,0,0,0,0.0,0.0
6,mcv:878,mcv,362,4,1,False,0,0,0,0.0,0.0
6,mcv:1577,mcv,196,2,1,False,0,0,0,0.0,0.0
6,mcv:1162,mcv,274,3,1,False,0,0,0,0.0,0.0
6,mcv:1538,mcv,318,2,1,False,0,0,0,0.0,0.0
6,mcv:49,mcv,544,5,4,False,0,0,0,0.0,0.0
6,mcv:202,mcv,486,3,4,False,0,0,0,0.0,0.0
6,fd:671,fd,27,1,1,False,0,0,0,0.0,0.0
6,fd:60,fd,27,6,2,False,0,0,0,0.0,0.0
6,mcv:68,mcv,1012,8,1,True,1,0,1,0.0,0.0035484075022105266
6,mcv:1037,mcv,274,3,1,False,0,0,0,0.0,0.0
6,mcv:1729,mcv,816,2,1,False,0,0,0,0.0,0.0
6,mcv:2188,mcv,366,0,1,False,0,0,0,0.0,0.0
6,mcv:1041,mcv,454,2,2,False,0,0,0,0.0,0.0
6,mcv:445,mcv,314,3,3,False,0,0,0,0.0,0.0
6,mcv:662,mcv,572,3,2,False,0,0,0,0.0,0.0
6,mcv:201,mcv,868,6,1,False,0,0,0,0.0,0.0
6,fd:19,fd,27,7,2,False,0,0,0,0.0,0.0
6,mcv:293,mcv,540,5,2,False,0,0,0,0.0,0.0
6,mcv:1407,mcv,550,3,1,False,0,0,0,0.0,0.0
6,fd:203,fd,41,4,2,False,0,0,0,0.0,0.0
6,fd:418,fd,27,3,1,False,0,0,0,0.0,0.0
6,fd:21,fd,27,5,4,False,0,0,0,0.0,0.0
6,mcv:828,mcv,1014,3,2,False,0,0,0,0.0,0.0
6,mcv:724,mcv,148,2,3,False,0,0,0,0.0,0.0
6,mcv:529,mcv,322,4,2,False,0,0,0,0.0,0.0
6,mcv:1292,mcv,588,3,1,False,0,0,0,0.0,0.0
6,fd:155,fd,27,4,2,False,0,0,0,0.0,0.0
6,mcv:883,mcv,196,4,1,False,0,0,0,0.0,0.0
6,mcv:20,mcv,382,8,2,False,0,0,0,0.0,0.0
6,mcv:1290,mcv,362,2,2,False,0,0,0,0.0,0.0
6,fd:35,fd,27,6,2,False,0,0,0,0.0,0.0
6,mcv:1767,mcv,270,2,1,False,0,0,0,0.0,0.0
6,mcv:397,mcv,304,4,2,False,0,0,0,0.0,0.0
6,mcv:162,mcv,382,5,3,False,0,0,0,0.0,0.0
6,fd:63,fd,27,5,3,False,0,0,0,0.0,0.0
6,mcv:1599,mcv,266,1,2,False,0,0,0,0.0,0.0
6,mcv:1497,mcv,444,2,1,False,0,0,0,0.0,0.0
6,mcv:1978,mcv,476,1,1,False,0,0,0,0.0,0.0
6,mcv:1699,mcv,248,2,1,False,0,0,0,0.0,0.0
6,mcv:1713,mcv,252,2,1,True,1,1,0,0.3175333534001852,0.0
6,fd:610,fd,41,2,1,False,0,0,0,0.0,0.0
6,mcv:1186,mcv,270,3,1,False,0,0,0,0.0,0.0
6,fd:147,fd,27,4,2,False,0,0,0,0.0,0.0
6,mcv:370,mcv,408,5,1,False,0,0,0,0.0,0.0
6,mcv:1484,mcv,432,2,1,False,0,0,0,0.0,0.0
6,mcv:157,mcv,148,5,3,False,0,0,0,0.0,0.0
6,mcv:330,mcv,248,4,3,False,0,0,0,0.0,0.0
6,fd:605,fd,27,2,1,False,0,0,0,0.0,0.0
6,mcv:1858,mcv,296,1,1,False,0,0,0,0.0,0.0
6,fd:557,fd,27,2,1,False,0,0,0,0.0,0.0
6,mcv:453,mcv,170,4,2,False,0,0,0,0.0,0.0
6,mcv:1640,mcv,244,2,1,False,0,0,0,0.0,0.0
6,fd:145,fd,41,5,1,False,0,0,0,0.0,0.0
6,mcv:99,mcv,492,5,3,False,0,0,0,0.0,0.0
6,mcv:783,mcv,218,3,2,False,0,0,0,0.0,0.0
6,mcv:1641,mcv,676,2,1,False,0,0,0,0.0,0.0
6,fd:661,fd,27,1,1,False,0,0,0,0.0,0.0
6,mcv:823,mcv,244,4,1,False,0,0,0,0.0,0.0
6,fd:184,fd,27,4,2,False,0,0,0,0.0,0.0
6,fd:56,fd,27,7,1,False,0,0,0,0.0,0.0
6,fd:358,fd,27,4,1,False,0,0,0,0.0,0.0
6,mcv:216,mcv,304,3,4,False,0,0,0,0.0,0.0
6,mcv:520,mcv,226,3,3,False,0,0,0,0.0,0.0
6,mcv:889,mcv,218,4,1,False,0,0,0,0.0,0.0
6,mcv:373,mcv,480,4,2,False,0,0,0,0.0,0.0
6,fd:346,fd,27,2,3,False,0,0,0,0.0,0.0
6,mcv:16,mcv,304,8,2,True,2,0,2,0.0,0.0006588192255183589
6,mcv:91,mcv,274,6,2,False,0,0,0,0.0,0.0
6,mcv:213,mcv,556,6,1,False,0,0,0,0.0,0.0
6,mcv:214,mcv,470,3,4,False,0,0,0,0.0,0.0
6,fd:85,fd,27,3,4,True,2,1,1,0.0004586186954673721,0.0030607263389459405
6,mcv:1189,mcv,292,3,1,False,0,0,0,0.0,0.0
6,mcv:911,mcv,382,4,1,False,0,0,0,0.0,0.0
6,mcv:2056,mcv,614,1,1,False,0,0,0,0.0,0.0
6,mcv:15,mcv,418,7,3,False,0,0,0,0.0,0.0
6,fd:611,fd,27,1,2,False,0,0,0,0.0,0.0
6,fd:133,fd,27,4,3,False,0,0,0,0.0,0.0
6,fd:632,fd,27,2,1,False,0,0,0,0.0,0.0
6,fd:488,fd,41,3,1,True,1,1,0,0.09254365766857142,0.0
6,mcv:461,mcv,170,3,3,False,0,0,0,0.0,0.0
6,fd:757,fd,27,0,1,False,0,0,0,0.0,0.0
6,mcv:2252,mcv,148,0,1,False,0,0,0,0.0,0.0
6,fd:339,fd,27,4,1,False,0,0,0,0.0,0.0
6,mcv:1236,mcv,358,3,1,False,0,0,0,0.0,0.0
6,fd:159,fd,41,4,2,False,0,0,0,0.0,0.0
6,mcv:816,mcv,476,4,1,False,0,0,0,0.0,0.0
6,mcv:28,mcv,540,7,3,False,0,0,0,0.0,0.0
6,mcv:460,mcv,170,4,2,False,0,0,0,0.0,0.0
6,mcv:1852,mcv,352,1,1,False,0,0,0,0.0,0.0
6,mcv:1042,mcv,550,2,2,False,0,0,0,0.0,0.0
6,mcv:1715,mcv,196,1,2,False,0,0,0,0.0,0.0
6,mcv:1700,mcv,226,1,2,False,0,0,0,0.0,0.0
6,fd:664,fd,27,1,1,False,0,0,0,0.0,0.0
6,fd:59,fd,27,5,3,False,0,0,0,0.0,0.0
6,fd:5,fd,27,8,2,False,0,0,0,0.0,0.0
6,mcv:895,mcv,226,2,3,False,0,0,0,0.0,0.0
6,mcv:1483,mcv,318,2,1,False,0,0,0,0.0,0.0
6,mcv:1982,mcv,266,1,1,False,0,0,0,0.0,0.0
6,mcv:376,mcv,274,4,2,False,0,0,0,0.0,0.0
6,mcv:391,mcv,304,4,2,False,0,0,0,0.0,0.0
6,mcv:1693,mcv,392,1,2,False,0,0,0,0.0,0.0
6,fd:150,fd,41,4,2,False,0,0,0,0.0,0.0
6,mcv:307,mcv,170,6,1,False,0,0,0,0.0,0.0
6,mcv:154,mcv,382,7,1,False,0,0,0,0.0,0.0
6,mcv:769,mcv,462,3,2,False,0,0,0,0.0,0.0
6,mcv:449,mcv,196,5,1,False,0,0,0,0.0,0.0
6,mcv:129,mcv,196,3,5,False,0,0,0,0.0,0.0
6,mcv:1935,mcv,436,1,1,False,0,0,0,0.0,0.0
6,mcv:490,mcv,288,5,1,False,0,0,0,0.0,0.0
6,fd:45,fd,41,7,1,False,0,0,0,0.0,0.0
6,mcv:1834,mcv,308,2,1,True,1,0,1,0.0,0.022144017549873496
6,fd:514,fd,27,2,2,False,0,0,0,0.0,0.0
6,fd:179,fd,27,5,1,False,0,0,0,0.0,0.0
6,mcv:1363,mcv,196,3,1,False,0,0,0,0.0,0.0
6,fd:683,fd,27,1,1,False,0,0,0,0.0,0.0
6,fd:98,fd,27,6,1,False,0,0,0,0.0,0.0
6,fd:112,fd,41,6,1,False,0,0,0,0.0,0.0
6,mcv:864,mcv,244,4,1,False,0,0,0,0.0,0.0
6,mcv:1216,mcv,772,2,2,False,0,0,0,0.0,0.0
6,fd:330,fd,27,4,1,True,0,0,0,0.0,0.0
6,mcv:1364,mcv,392,2,2,False,0,0,0,0.0,0.0
6,mcv:256,mcv,296,6,1,False,0,0,0,0.0,0.0
6,mcv:516,mcv,300,5,1,False,0,0,0,0.0,0.0
6,mcv:772,mcv,170,4,1,False,0,0,0,0.0,0.0
6,fd:300,fd,27,3,2,False,0,0,0,0.0,0.0
6,fd:327,fd,27,3,2,False,0,0,0,0.0,0.0
6,mcv:1617,mcv,466,2,1,False,0,0,0,0.0,0.0
6,fd:336,fd,27,3,2,False,0,0,0,0.0,0.0
6,mcv:779,mcv,196,2,3,False,0,0,0,0.0,0.0
6,mcv:295,mcv,200,6,1,True,0,0,0,0.0,0.0
6,mcv:860,mcv,222,3,2,False,0,0,0,0.0,0.0
6,mcv:1433,mcv,300,3,1,False,0,0,0,0.0,0.0
6,mcv:274,mcv,432,5,2,False,0,0,0,0.0,0.0
6,mcv:1323,mcv,440,2,2,False,0,0,0,0.0,0.0
6,fd:110,fd,27,4,3,False,0,0,0,0.0,0.0
6,mcv:811,mcv,288,2,3,False,0,0,0,0.0,0.0
6,mcv:492,mcv,594,5,1,False,0,0,0,0.0,0.0
6,mcv:1358,mcv,274,2,2,False,0,0,0,0.0,0.0
6,mcv:1213,mcv,808,3,1,True,0,0,0,0.0,0.0
6,mcv:1434,mcv,518,3,1,False,0,0,0,0.0,0.0
6,mcv:1176,mcv,196,3,1,False,0,0,0,0.0,0.0
6,mcv:793,mcv,620,3,2,False,0,0,0,0.0,0.0
6,mcv:1932,mcv,196,1,1,False,0,0,0,0.0,0.0
6,mcv:483,mcv,222,5,1,False,0,0,0,0.0,0.0
6,mcv:126,mcv,488,7,1,True,1,1,0,0.09635787782460992,0.0
6,mcv:1210,mcv,510,3,1,False,0,0,0,0.0,0.0
6,mcv:876,mcv,196,3,2,True,1,0,1,0.0,0.024219114596979452
6,fd:471,fd,41,3,1,False,0,0,0,0.0,0.0
6,mcv:1212,mcv,440,3,1,False,0,0,0,0.0,0.0
6,fd:196,fd,27,5,1,False,0,0,0,0.0,0.0
6,mcv:289,mcv,462,4,3,False,0,0,0,0.0,0.0
6,fd:102,fd,27,5,2,False,0,0,0,0.0,0.0
6,mcv:125,mcv,996,6,2,False,0,0,0,0.0,0.0
6,mcv:267,mcv,610,5,2,False,0,0,0,0.0,0.0
6,mcv:1198,mcv,1414,3,1,False,0,0,0,0.0,0.0
6,mcv:1199,mcv,812,2,2,False,0,0,0,0.0,0.0
6,mcv:322,mcv,196,6,1,False,0,0,0,0.0,0.0
6,mcv:533,mcv,384,5,1,False,0,0,0,0.0,0.0
6,mcv:1256,mcv,572,2,2,False,0,0,0,0.0,0.0
6,mcv:1336,mcv,248,3,1,False,0,0,0,0.0,0.0
6,mcv:300,mcv,196,6,1,False,0,0,0,0.0,0.0
6,fd:115,fd,27,6,1,False,0,0,0,0.0,0.0
6,fd:105,fd,27,3,4,False,0,0,0,0.0,0.0
6,mcv:277,mcv,318,3,4,False,0,0,0,0.0,0.0
6,mcv:301,mcv,384,6,1,False,0,0,0,0.0,0.0
6,mcv:464,mcv,592,4,2,False,0,0,0,0.0,0.0
6,mcv:297,mcv,222,6,1,False,0,0,0,0.0,0.0
6,mcv:1999,mcv,366,1,1,False,0,0,0,0.0,0.0
6,mcv:139,mcv,432,5,3,False,0,0,0,0.0,0.0
6,mcv:804,mcv,664,4,1,False,0,0,0,0.0,0.0
6,fd:313,fd,27,3,2,False,0,0,0,0.0,0.0
6,mcv:476,mcv,572,5,1,False,0,0,0,0.0,0.0
6,mcv:1626,mcv,554,2,1,False,0,0,0,0.0,0.0
6,mcv:1717,mcv,528,2,1,False,0,0,0,0.0,0.0
6,mcv:805,mcv,348,3,2,False,0,0,0,0.0,0.0
6,mcv:850,mcv,318,4,1,False,0,0,0,0.0,0.0
6,mcv:1262,mcv,620,3,1,False,0,0,0,0.0,0.0
6,mcv:498,mcv,432,4,2,False,0,0,0,0.0,0.0
6,mcv:346,mcv,340,5,2,False,0,0,0,0.0,0.0
6,mcv:1680,mcv,388,1,2,False,0,0,0,0.0,0.0
6,fd:140,fd,27,5,2,False,0,0,0,0.0,0.0
6,fd:584,fd,27,2,1,False,0,0,0,0.0,0.0
6,mcv:145,mcv,218,7,1,False,0,0,0,0.0,0.0
6,mcv:501,mcv,314,4,2,False,0,0,0,0.0,0.0
6,mcv:1720,mcv,314,2,1,False,0,0,0,0.0,0.0
6,mcv:480,mcv,362,4,2,False,0,0,0,0.0,0.0
6,mcv:584,mcv,356,5,1,False,0,0,0,0.0,0.0
6,fd:373,fd,27,4,1,False,0,0,0,0.0,0.0
6,mcv:298,mcv,174,6,1,False,0,0,0,0.0,0.0
6,mcv:540,mcv,414,4,2,False,0,0,0,0.0,0.0
6,mcv:946,mcv,436,2,3,True,1,1,0,0.10728916688154078,0.0
6,mcv:6,mcv,842,9,2,False,0,0,0,0.0,0.0
6,mcv:764,mcv,148,4,1,False,0,0,0,0.0,0.0
6,mcv:160,mcv,810,7,1,False,0,0,0,0.0,0.0
6,fd:122,fd,27,5,2,False,0,0,0,0.0,0.0
6,mcv:559,mcv,724,5,1,False,0,0,0,0.0,0.0
6,mcv:2237,mcv,252,0,1,False,0,0,0,0.0,0.0
6,mcv:586,mcv,438,4,2,False,0,0,0,0.0,0.0
6,mcv:2046,mcv,196,1,1,False,0,0,0,0.0,0.0
6,fd:177,fd,27,5,1,False,0,0,0,0.0,0.0
6,mcv:1928,mcv,148,1,1,False,0,0,0,0.0,0.0
6,mcv:2059,mcv,148,1,1,False,0,0,0,0.0,0.0
6,fd:237,fd,27,5,1,False,0,0,0,0.0,0.0
6,mcv:313,mcv,382,5,2,False,0,0,0,0.0,0.0
6,mcv:1060,mcv,362,2,2,False,0,0,0,0.0,0.0
6,fd:340,fd,27,4,1,False,0,0,0,0.0,0.0
6,fd:509,fd,27,2,2,False,0,0,0,0.0,0.0
6,fd:66,fd,27,6,2,True,1,0,1,0.0,0.0002538692605522641
6,fd:717,fd,27,1,1,False,0,0,0,0.0,0.0
6,mcv:884,mcv,244,4,1,False,0,0,0,0.0,0.0
6,fd:178,fd,27,4,2,False,0,0,0,0.0,0.0
6,mcv:387,mcv,932,3,3,False,0,0,0,0.0,0.0
6,mcv:96,mcv,594,6,2,True,2,2,0,1.1609162059103086,0.0
6,fd:558,fd,27,2,1,False,0,0,0,0.0,0.0
6,fd:62,fd,27,7,1,False,0,0,0,0.0,0.0
6,mcv:447,mcv,388,4,2,True,1,0,1,0.0,0.031562072361226656
6,fd:96,fd,27,6,1,False,0,0,0,0.0,0.0
6,fd:64,fd,41,5,3,False,0,0,0,0.0,0.0
6,mcv:251,mcv,296,6,1,False,0,0,0,0.0,0.0
6,mcv:1579,mcv,196,2,1,False,0,0,0,0.0,0.0
6,fd:208,fd,27,4,2,False,0,0,0,0.0,0.0
6,mcv:557,mcv,628,5,1,False,0,0,0,0.0,0.0
6,fd:380,fd,27,3,2,False,0,0,0,0.0,0.0
6,mcv:316,mcv,196,4,3,False,0,0,0,0.0,0.0
6,fd:39,fd,27,6,2,False,0,0,0,0.0,0.0
6,fd:374,fd,27,2,3,False,0,0,0,0.0,0.0
6,mcv:1490,mcv,252,2,1,False,0,0,0,0.0,0.0
6,fd:4,fd,41,8,2,False,0,0,0,0.0,0.0
6,mcv:1736,mcv,322,2,1,False,0,0,0,0.0,0.0
6,fd:125,fd,27,4,3,True,1,1,0,0.00372312216361248,0.0
6,fd:114,fd,27,6,1,False,0,0,0,0.0,0.0
6,mcv:343,mcv,576,5,2,False,0,0,0,0.0,0.0
6,mcv:170,mcv,724,5,3,False,0,0,0,0.0,0.0
6,mcv:382,mcv,388,4,2,False,0,0,0,0.0,0.0
6,mcv:556,mcv,382,4,2,False,0,0,0,0.0,0.0
6,mcv:13,mcv,278,8,2,False,0,0,0,0.0,0.0
6,fd:151,fd,27,4,2,True,1,1,0,0.14770301751260684,0.0
6,mcv:43,mcv,340,7,2,False,0,0,0,0.0,0.0
6,mcv:172,mcv,174,6,2,False,0,0,0,0.0,0.0
6,mcv:207,mcv,1036,5,2,False,0,0,0,0.0,0.0
6,mcv:208,mcv,654,5,2,False,0,0,0,0.0,0.0
6,mcv:444,mcv,378,5,1,True,1,1,0,0.11761543583937284,0.0
6,mcv:36,mcv,510,8,2,False,0,0,0,0.0,0.0
6,mcv:538,mcv,278,5,1,True,0,0,0,0.0,0.0
6,fd:16,fd,41,8,2,False,0,0,0,0.0,0.0
6,fd:216,fd,27,4,2,True,1,1,0,0.0013390183172705683,0.0
6,fd:750,fd,27,0,1,False,0,0,0,0.0,0.0
6,mcv:118,mcv,196,6,2,False,0,0,0,0.0,0.0
6,mcv:945,mcv,340,4,1,False,0,0,0,0.0,0.0
6,mcv:956,mcv,278,3,2,False,0,0,0,0.0,0.0
6,mcv:2060,mcv,296,1,1,False,0,0,0,0.0,0.0
6,mcv:1355,mcv,378,2,2,False,0,0,0,0.0,0.0
6,fd:574,fd,27,2,1,False,0,0,0,0.0,0.0
6,mcv:64,mcv,382,7,2,False,0,0,0,0.0,0.0
6,fd:206,fd,41,5,1,False,0,0,0,0.0,0.0
6,mcv:408,mcv,634,4,2,False,0,0,0,0.0,0.0
6,mcv:861,mcv,222,3,2,False,0,0,0,0.0,0.0
6,mcv:1004,mcv,914,3,1,False,0,0,0,0.0,0.0
6,mcv:629,mcv,440,4,1,True,0,0,0,0.0,0.0
6,mcv:164,mcv,292,6,2,False,0,0,0,0.0,0.0
6,fd:328,fd,27,3,2,False,0,0,0,0.0,0.0
6,fd:275,fd,27,4,1,False,0,0,0,0.0,0.0
6,fd:10,fd,27,8,2,False,0,0,0,0.0,0.0
6,fd:263,fd,27,4,1,False,0,0,0,0.0,0.0
6,mcv:106,mcv,362,5,3,False,0,0,0,0.0,0.0
6,mcv:411,mcv,388,2,4,False,0,0,0,0.0,0.0
6,fd:513,fd,27,3,1,False,0,0,0,0.0,0.0
6,fd:269,fd,27,3,2,False,0,0,0,0.0,0.0
6,mcv:1361,mcv,200,3,1,False,0,0,0,0.0,0.0
6,mcv:189,mcv,800,5,2,False,0,0,0,0.0,0.0
6,mcv:423,mcv,196,1,5,False,0,0,0,0.0,0.0
6,mcv:1007,mcv,796,3,1,False,0,0,0,0.0,0.0
6,fd:162,fd,27,2,4,False,0,0,0,0.0,0.0
6,mcv:199,mcv,686,5,2,False,0,0,0,0.0,0.0
6,mcv:228,mcv,170,6,1,False,0,0,0,0.0,0.0
6,mcv:822,mcv,384,4,1,False,0,0,0,0.0,0.0
6,mcv:1237,mcv,358,1,3,False,0,0,0,0.0,0.0
6,fd:124,fd,27,3,4,True,1,1,0,0.001525127414353733,0.0
6,mcv:657,mcv,274,3,2,False,0,0,0,0.0,0.0
6,mcv:200,mcv,322,6,1,False,0,0,0,0.0,0.0
6,mcv:632,mcv,462,4,1,False,0,0,0,0.0,0.0
6,fd:161,fd,41,4,2,False,0,0,0,0.0,0.0
6,mcv:631,mcv,326,3,2,False,0,0,0,0.0,0.0
6,mcv:1005,mcv,414,2,2,False,0,0,0,0.0,0.0
6,mcv:1114,mcv,244,3,1,False,0,0,0,0.0,0.0
6,fd:81,fd,27,6,1,True,0,0,0,0.0,0.0
6,mcv:364,mcv,510,4,2,False,0,0,0,0.0,0.0
6,fd:36,fd,27,5,3,False,0,0,0,0.0,0.0
6,mcv:1517,mcv,340,1,2,False,0,0,0,0.0,0.0
6,mcv:22,mcv,314,7,3,False,0,0,0,0.0,0.0
6,mcv:315,mcv,196,3,4,False,0,0,0,0.0,0.0
6,mcv:712,mcv,370,3,2,False,0,0,0,0.0,0.0
6,mcv:668,mcv,370,4,1,False,0,0,0,0.0,0.0
6,mcv:726,mcv,196,4,1,False,0,0,0,0.0,0.0
6,mcv:92,mcv,410,5,3,False,0,0,0,0.0,0.0
6,fd:166,fd,27,1,5,False,0,0,0,0.0,0.0
6,mcv:410,mcv,278,4,2,True,1,1,0,0.031398181659674895,0.0
6,mcv:818,mcv,244,2,3,False,0,0,0,0.0,0.0
6,mcv:27,mcv,248,8,2,False,0,0,0,0.0,0.0
6,mcv:235,mcv,300,5,2,False,0,0,0,0.0,0.0
6,mcv:872,mcv,510,4,1,False,0,0,0,0.0,0.0
6,fd:406,fd,27,4,1,False,0,0,0,0.0,0.0
6,mcv:2155,mcv,388,0,1,False,0,0,0,0.0,0.0
6,mcv:237,mcv,174,5,2,False,0,0,0,0.0,0.0
6,mcv:1447,mcv,386,3,1,False,0,0,0,0.0,0.0
6,fd:553,fd,27,3,1,False,0,0,0,0.0,0.0
6,mcv:140,mcv,1002,5,3,False,0,0,0,0.0,0.0
6,mcv:1273,mcv,410,3,1,False,0,0,0,0.0,0.0
6,fd:249,fd,27,4,2,False,0,0,0,0.0,0.0
6,mcv:1129,mcv,378,2,2,False,0,0,0,0.0,0.0
6,fd:74,fd,27,6,2,False,0,0,0,0.0,0.0
6,mcv:603,mcv,304,4,2,False,0,0,0,0.0,0.0
6,fd:536,fd,41,2,2,False,0,0,0,0.0,0.0
6,mcv:990,mcv,414,4,1,False,0,0,0,0.0,0.0
6,mcv:1904,mcv,304,1,1,False,0,0,0,0.0,0.0
6,fd:256,fd,27,4,2,False,0,0,0,0.0,0.0
6,mcv:2105,mcv,348,1,1,False,0,0,0,0.0,0.0
6,fd:606,fd,27,1,2,False,0,0,0,0.0,0.0
6,mcv:148,mcv,992,6,2,False,0,0,0,0.0,0.0
6,fd:445,fd,27,2,2,False,0,0,0,0.0,0.0
6,fd:552,fd,27,3,1,True,1,0,1,0.0,71.65524169876335
6,mcv:1448,mcv,518,3,1,False,0,0,0,0.0,0.0
6,fd:702,fd,27,1,1,False,0,0,0,0.0,0.0
6,mcv:1420,mcv,538,2,2,False,0,0,0,0.0,0.0
6,mcv:2015,mcv,414,1,1,False,0,0,0,0.0,0.0
6,mcv:840,mcv,356,4,1,False,0,0,0,0.0,0.0
6,mcv:1705,mcv,482,1,2,False,0,0,0,0.0,0.0
6,fd:92,fd,27,5,2,False,0,0,0,0.0,0.0
6,mcv:1906,mcv,430,0,2,False,0,0,0,0.0,0.0
6,mcv:1136,mcv,170,3,1,False,0,0,0,0.0,0.0
6,mcv:1419,mcv,352,3,1,False,0,0,0,0.0,0.0
6,mcv:184,mcv,344,6,2,False,0,0,0,0.0,0.0
6,mcv:873,mcv,536,4,1,False,0,0,0,0.0,0.0
6,fd:398,fd,27,4,1,False,0,0,0,0.0,0.0
6,mcv:2014,mcv,1054,1,1,False,0,0,0,0.0,0.0
6,fd:678,fd,27,0,2,False,0,0,0,0.0,0.0
6,fd:677,fd,41,1,1,False,0,0,0,0.0,0.0
6,mcv:1310,mcv,982,2,2,False,0,0,0,0.0,0.0
6,mcv:1662,mcv,1256,1,2,False,0,0,0,0.0,0.0
6,fd:94,fd,27,5,2,False,0,0,0,0.0,0.0
6,mcv:616,mcv,714,4,2,False,0,0,0,0.0,0.0
6,fd:51,fd,27,5,3,False,0,0,0,0.0,0.0
6,mcv:1001,mcv,196,4,1,False,0,0,0,0.0,0.0
6,mcv:390,mcv,536,3,3,False,0,0,0,0.0,0.0
6,mcv:1110,mcv,314,2,2,False,0,0,0,0.0,0.0
6,mcv:1790,mcv,708,2,1,False,0,0,0,0.0,0.0
6,mcv:146,mcv,942,6,2,True,2,1,1,0.010366713080673051,0.06584223355911467
6,mcv:321,mcv,502,6,1,False,0,0,0,0.0,0.0
6,mcv:58,mcv,288,6,3,False,0,0,0,0.0,0.0
6,mcv:965,mcv,1632,4,1,False,0,0,0,0.0,0.0
6,fd:95,fd,27,5,2,False,0,0,0,0.0,0.0
6,mcv:268,mcv,2382,5,2,False,0,0,0,0.0,0.0
6,mcv:469,mcv,856,4,2,True,1,1,0,0.932387412509712,0.0
6,mcv:25,mcv,524,7,3,False,0,0,0,0.0,0.0
6,mcv:55,mcv,856,8,1,False,0,0,0,0.0,0.0
6,fd:192,fd,27,5,1,False,0,0,0,0.0,0.0
6,mcv:791,mcv,1290,4,1,False,0,0,0,0.0,0.0
6,mcv:250,mcv,218,5,2,False,0,0,0,0.0,0.0
6,mcv:11,mcv,1162,10,1,False,0,0,0,0.0,0.0
6,mcv:512,mcv,480,5,1,False,0,0,0,0.0,0.0
6,mcv:1278,mcv,288,3,1,False,0,0,0,0.0,0.0
6,fd:130,fd,27,6,1,False,0,0,0,0.0,0.0
6,mcv:763,mcv,218,4,1,True,0,0,0,0.0,0.0
6,mcv:2066,mcv,428,0,2,False,0,0,0,0.0,0.0
6,fd:131,fd,27,5,2,False,0,0,0,0.0,0.0
6,mcv:1672,mcv,428,2,1,False,0,0,0,0.0,0.0
6,mcv:264,mcv,1124,6,1,False,0,0,0,0.0,0.0
6,mcv:285,mcv,266,6,1,False,0,0,0,0.0,0.0
6,mcv:249,mcv,544,5,2,False,0,0,0,0.0,0.0
6,mcv:282,mcv,1184,5,2,False,0,0,0,0.0,0.0
6,mcv:4,mcv,288,8,3,False,0,0,0,0.0,0.0
6,mcv:185,mcv,1750,5,3,False,0,0,0,0.0,0.0
6,mcv:121,mcv,218,6,2,False,0,0,0,0.0,0.0
6,mcv:124,mcv,856,5,3,False,0,0,0,0.0,0.0
6,fd:9,fd,27,7,3,False,0,0,0,0.0,0.0
6,mcv:2099,mcv,406,1,1,False,0,0,0,0.0,0.0
6,mcv:323,mcv,1052,5,2,False,0,0,0,0.0,0.0
6,mcv:511,mcv,266,4,2,False,0,0,0,0.0,0.0
6,fd:103,fd,27,5,2,False,0,0,0,0.0,0.0
6,mcv:10,mcv,546,10,1,False,0,0,0,0.0,0.0
6,mcv:1576,mcv,196,1,2,False,0,0,0,0.0,0.0
6,mcv:927,mcv,244,4,1,False,0,0,0,0.0,0.0
6,mcv:252,mcv,740,6,1,False,0,0,0,0.0,0.0
6,mcv:1822,mcv,666,2,1,False,0,0,0,0.0,0.0
6,mcv:1195,mcv,496,3,1,True,1,0,1,0.0,0.035145932337911745
6,fd:181,fd,27,4,2,False,0,0,0,0.0,0.0
6,mcv:551,mcv,588,5,1,False,0,0,0,0.0,0.0
6,fd:120,fd,41,6,1,False,0,0,0,0.0,0.0
6,mcv:785,mcv,458,4,1,False,0,0,0,0.0,0.0
6,mcv:37,mcv,456,7,3,False,0,0,0,0.0,0.0
6,fd:212,fd,27,5,1,False,0,0,0,0.0,0.0
6,mcv:455,mcv,196,4,2,False,0,0,0,0.0,0.0
6,mcv:555,mcv,1366,2,4,False,0,0,0,0.0,0.0
6,mcv:259,mcv,544,5,2,False,0,0,0,0.0,0.0
6,fd:17,fd,41,7,3,True,0,0,0,0.0,0.0
6,mcv:1773,mcv,462,1,2,False,0,0,0,0.0,0.0
6,mcv:310,mcv,694,6,1,False,0,0,0,0.0,0.0
6,mcv:1217,mcv,476,3,1,False,0,0,0,0.0,0.0
6,mcv:171,mcv,804,7,1,False,0,0,0,0.0,0.0
6,mcv:419,mcv,170,3,3,False,0,0,0,0.0,0.0
6,fd:353,fd,27,2,3,False,0,0,0,0.0,0.0
6,mcv:1122,mcv,174,2,2,True,1,1,0,0.07210506021978791,0.0
6,fd:319,fd,27,3,2,True,0,0,0,0.0,0.0
6,mcv:1503,mcv,506,1,2,False,0,0,0,0.0,0.0
6,mcv:504,mcv,558,3,3,False,0,0,0,0.0,0.0
6,mcv:255,mcv,270,5,2,False,0,0,0,0.0,0.0
6,mcv:1585,mcv,218,1,2,False,0,0,0,0.0,0.0
6,fd:304,fd,27,4,1,False,0,0,0,0.0,0.0
6,mcv:1066,mcv,304,2,2,False,0,0,0,0.0,0.0
6,fd:560,fd,27,2,1,False,0,0,0,0.0,0.0
6,mcv:1496,mcv,500,1,2,False,0,0,0,0.0,0.0
6,fd:582,fd,27,2,1,False,0,0,0,0.0,0.0
6,mcv:122,mcv,540,6,2,False,0,0,0,0.0,0.0
6,mcv:1537,mcv,344,2,1,False,0,0,0,0.0,0.0
6,mcv:0,mcv,196,7,6,False,0,0,0,0.0,0.0
6,fd:97,fd,27,5,2,False,0,0,0,0.0,0.0
6,fd:444,fd,27,3,1,False,0,0,0,0.0,0.0
6,mcv:1756,mcv,540,2,1,False,0,0,0,0.0,0.0
6,mcv:549,mcv,1052,4,2,False,0,0,0,0.0,0.0
6,mcv:1590,mcv,378,1,2,False,0,0,0,0.0,0.0
6,fd:158,fd,27,4,2,False,0,0,0,0.0,0.0
6,fd:287,fd,27,2,3,False,0,0,0,0.0,0.0
6,fd:301,fd,27,4,1,False,0,0,0,0.0,0.0
6,mcv:1347,mcv,1308,3,1,False,0,0,0,0.0,0.0
6,mcv:809,mcv,500,3,2,True,2,2,0,0.1542296096605782,0.0
6,mcv:279,mcv,716,6,1,False,0,0,0,0.0,0.0
6,mcv:904,mcv,600,2,3,True,0,0,0,0.0,0.0
6,fd:576,fd,27,1,2,False,0,0,0,0.0,0.0
6,fd:0,fd,27,7,6,True,2,2,0,0.07075298885801873,0.0
6,mcv:211,mcv,550,4,3,False,0,0,0,0.0,0.0
6,mcv:770,mcv,322,4,1,False,0,0,0,0.0,0.0
6,mcv:1494,mcv,304,2,1,False,0,0,0,0.0,0.0
6,fd:426,fd,27,2,2,False,0,0,0,0.0,0.0
6,mcv:810,mcv,454,3,2,False,0,0,0,0.0,0.0
6,mcv:776,mcv,462,4,1,False,0,0,0,0.0,0.0
6,mcv:687,mcv,574,3,2,False,0,0,0,0.0,0.0
6,fd:562,fd,27,1,2,False,0,0,0,0.0,0.0
6,fd:65,fd,27,7,1,True,0,0,0,0.0,0.0
6,mcv:1218,mcv,772,3,1,False,0,0,0,0.0,0.0
6,mcv:983,mcv,686,3,2,False,0,0,0,0.0,0.0
6,mcv:1392,mcv,274,3,1,False,0,0,0,0.0,0.0
6,mcv:1674,mcv,708,2,1,False,0,0,0,0.0,0.0
6,mcv:281,mcv,178,6,1,False,0,0,0,0.0,0.0
6,mcv:729,mcv,270,2,3,False,0,0,0,0.0,0.0
6,mcv:844,mcv,362,3,2,False,0,0,0,0.0,0.0
6,mcv:395,mcv,644,4,2,False,0,0,0,0.0,0.0
6,mcv:1758,mcv,930,2,1,False,0,0,0,0.0,0.0
6,fd:507,fd,27,3,1,False,0,0,0,0.0,0.0
6,mcv:936,mcv,426,4,1,True,0,0,0,0.0,0.0
6,fd:315,fd,27,3,2,False,0,0,0,0.0,0.0
6,fd:567,fd,27,2,1,False,0,0,0,0.0,0.0
6,mcv:1220,mcv,466,3,1,False,0,0,0,0.0,0.0
6,fd:629,fd,41,2,1,True,0,0,0,0.0,0.0
6,mcv:1120,mcv,462,3,1,False,0,0,0,0.0,0.0
6,mcv:72,mcv,606,6,3,True,3,1,2,0.025520838790394906,1.3200365764598336
6,mcv:1623,mcv,614,2,1,False,0,0,0,0.0,0.0
6,mcv:740,mcv,200,4,1,False,0,0,0,0.0,0.0
6,mcv:1485,mcv,502,2,1,False,0,0,0,0.0,0.0
6,fd:128,fd,27,5,2,True,1,1,0,9.997583195353599e-05,0.0
6,mcv:1127,mcv,318,3,1,False,0,0,0,0.0,0.0
6,mcv:1845,mcv,988,0,2,False,0,0,0,0.0,0.0
6,mcv:1021,mcv,426,3,1,False,0,0,0,0.0,0.0
6,mcv:430,mcv,382,5,1,False,0,0,0,0.0,0.0
6,mcv:639,mcv,900,4,1,False,0,0,0,0.0,0.0
6,mcv:1354,mcv,588,3,1,True,0,0,0,0.0,0.0
6,fd:696,fd,27,1,1,False,0,0,0,0.0,0.0
6,mcv:1252,mcv,436,3,1,True,1,0,1,0.0,0.12767883184868212
6,mcv:567,mcv,314,3,3,False,0,0,0,0.0,0.0
6,mcv:1988,mcv,252,1,1,False,0,0,0,0.0,0.0
6,mcv:18,mcv,174,7,3,False,0,0,0,0.0,0.0
6,mcv:1352,mcv,650,3,1,False,0,0,0,0.0,0.0
6,mcv:375,mcv,252,4,2,False,0,0,0,0.0,0.0
6,mcv:654,mcv,594,3,2,False,0,0,0,0.0,0.0
6,fd:149,fd,27,4,2,False,0,0,0,0.0,0.0
6,fd:637,fd,27,2,1,True,0,0,0,0.0,0.0
6,fd:267,fd,27,4,1,False,0,0,0,0.0,0.0
6,fd:265,fd,27,3,2,False,0,0,0,0.0,0.0
6,fd:668,fd,27,1,1,False,0,0,0,0.0,0.0
6,mcv:499,mcv,366,3,3,True,2,2,0,0.2628093420106088,0.0
6,mcv:197,mcv,646,3,4,True,4,2,2,0.0012828490283318672,0.11087826273807933
6,mcv:1656,mcv,458,2,1,False,0,0,0,0.0,0.0
6,mcv:644,mcv,986,4,1,True,0,0,0,0.0,0.0
6,mcv:704,mcv,318,4,1,False,0,0,0,0.0,0.0
6,mcv:1881,mcv,252,1,1,False,0,0,0,0.0,0.0
6,mcv:836,mcv,1014,4,1,False,0,0,0,0.0,0.0
6,mcv:409,mcv,748,2,4,False,0,0,0,0.0,0.0
6,fd:411,fd,27,3,1,False,0,0,0,0.0,0.0
6,fd:699,fd,27,1,1,False,0,0,0,0.0,0.0
6,mcv:1875,mcv,748,1,1,False,0,0,0,0.0,0.0
6,mcv:1777,mcv,200,2,1,False,0,0,0,0.0,0.0
6,mcv:1134,mcv,148,3,1,False,0,0,0,0.0,0.0
6,mcv:2000,mcv,252,1,1,False,0,0,0,0.0,0.0
6,mcv:708,mcv,816,3,2,False,0,0,0,0.0,0.0
6,mcv:2187,mcv,422,0,1,False,0,0,0,0.0,0.0
6,mcv:369,mcv,786,4,2,False,0,0,0,0.0,0.0
6,mcv:1018,mcv,614,3,1,True,0,0,0,0.0,0.0
6,fd:6,fd,27,7,3,True,0,0,0,0.0,0.0
6,fd:293,fd,27,4,1,False,0,0,0,0.0,0.0
6,fd:171,fd,27,5,1,False,0,0,0,0.0,0.0
6,fd:224,fd,27,3,3,False,0,0,0,0.0,0.0
6,mcv:319,mcv,174,5,2,False,0,0,0,0.0,0.0
6,mcv:652,mcv,274,4,1,False,0,0,0,0.0,0.0
6,mcv:1128,mcv,318,3,1,False,0,0,0,0.0,0.0
6,fd:448,fd,41,3,1,False,0,0,0,0.0,0.0
6,mcv:1523,mcv,502,1,2,False,0,0,0,0.0,0.0
6,mcv:646,mcv,382,3,2,False,0,0,0,0.0,0.0
6,mcv:640,mcv,918,4,1,False,0,0,0,0.0,0.0
6,fd:239,fd,27,4,2,False,0,0,0,0.0,0.0
6,mcv:593,mcv,566,4,2,False,0,0,0,0.0,0.0
6,mcv:114,mcv,266,6,2,False,0,0,0,0.0,0.0
6,mcv:1126,mcv,244,2,2,False,0,0,0,0.0,0.0
6,mcv:1549,mcv,196,2,1,True,1,0,1,0.0,0.001005152310406654
6,fd:197,fd,27,4,2,False,0,0,0,0.0,0.0
6,fd:172,fd,27,4,2,False,0,0,0,0.0,0.0
6,fd:30,fd,41,7,2,False,0,0,0,0.0,0.0
6,fd:524,fd,27,3,1,False,0,0,0,0.0,0.0
6,mcv:329,mcv,1244,5,2,True,2,1,1,0.0066721853845146395,0.0008894924358728851
6,mcv:1760,mcv,696,2,1,False,0,0,0,0.0,0.0
6,mcv:1569,mcv,196,2,1,False,0,0,0,0.0,0.0
6,mcv:1240,mcv,358,3,1,False,0,0,0,0.0,0.0
6,mcv:176,mcv,854,5,3,False,0,0,0,0.0,0.0
6,fd:222,fd,27,5,1,False,0,0,0,0.0,0.0
6,mcv:1551,mcv,148,2,1,False,0,0,0,0.0,0.0
6,fd:244,fd,27,4,2,False,0,0,0,0.0,0.0
6,fd:622,fd,41,2,1,False,0,0,0,0.0,0.0
6,mcv:173,mcv,964,5,3,False,0,0,0,0.0,0.0
6,fd:455,fd,27,3,1,False,0,0,0,0.0,0.0
6,mcv:79,mcv,392,7,2,False,0,0,0,0.0,0.0
6,mcv:951,mcv,196,4,1,False,0,0,0,0.0,0.0
6,mcv:231,mcv,170,6,1,False,0,0,0,0.0,0.0
6,mcv:1394,mcv,244,3,1,False,0,0,0,0.0,0.0
6,fd:569,fd,27,2,1,False,0,0,0,0.0,0.0
6,fd:602,fd,27,2,1,False,0,0,0,0.0,0.0
6,fd:175,fd,27,4,2,True,0,0,0,0.0,0.0
6,mcv:320,mcv,436,5,2,False,0,0,0,0.0,0.0
6,mcv:916,mcv,218,4,1,False,0,0,0,0.0,0.0
6,fd:91,fd,27,4,3,False,0,0,0,0.0,0.0
6,mcv:863,mcv,244,4,1,False,0,0,0,0.0,0.0
6,mcv:1977,mcv,602,0,2,False,0,0,0,0.0,0.0
6,mcv:975,mcv,408,4,1,False,0,0,0,0.0,0.0
6,fd:329,fd,27,4,1,False,0,0,0,0.0,0.0
6,mcv:1159,mcv,388,3,1,True,0,0,0,0.0,0.0
6,mcv:83,mcv,740,6,3,False,0,0,0,0.0,0.0
6,mcv:234,mcv,400,4,3,False,0,0,0,0.0,0.0
6,mcv:564,mcv,200,4,2,False,0,0,0,0.0,0.0
6,mcv:1153,mcv,422,3,1,False,0,0,0,0.0,0.0
6,mcv:517,mcv,414,4,2,False,0,0,0,0.0,0.0
6,mcv:1243,mcv,650,3,1,False,0,0,0,0.0,0.0
6,fd:221,fd,41,4,2,False,0,0,0,0.0,0.0
6,fd:32,fd,27,7,2,False,0,0,0,0.0,0.0
6,mcv:1570,mcv,448,2,1,False,0,0,0,0.0,0.0
6,mcv:238,mcv,608,5,2,False,0,0,0,0.0,0.0
6,mcv:1740,mcv,514,2,1,False,0,0,0,0.0,0.0
6,mcv:1744,mcv,544,0,3,False,0,0,0,0.0,0.0
6,mcv:587,mcv,400,4,2,False,0,0,0,0.0,0.0
6,mcv:82,mcv,300,7,2,True,1,0,1,0.0,0.0017309508434473209
6,mcv:862,mcv,382,3,2,False,0,0,0,0.0,0.0
6,mcv:437,mcv,196,4,2,False,0,0,0,0.0,0.0
6,mcv:819,mcv,358,4,1,False,0,0,0,0.0,0.0
6,fd:68,fd,27,5,3,False,0,0,0,0.0,0.0
6,mcv:934,mcv,404,2,3,False,0,0,0,0.0,0.0
6,fd:109,fd,27,5,2,False,0,0,0,0.0,0.0
6,mcv:166,mcv,942,7,1,False,0,0,0,0.0,0.0
6,mcv:1450,mcv,1226,3,1,False,0,0,0,0.0,0.0
6,fd:129,fd,27,5,2,False,0,0,0,0.0,0.0
6,mcv:19,mcv,196,8,2,False,0,0,0,0.0,0.0
6,mcv:1546,mcv,174,2,1,False,0,0,0,0.0,0.0
6,fd:7,fd,27,8,2,False,0,0,0,0.0,0.0
6,fd:570,fd,27,2,1,False,0,0,0,0.0,0.0
6,mcv:436,mcv,196,4,2,False,0,0,0,0.0,0.0
6,mcv:825,mcv,1562,3,2,False,0,0,0,0.0,0.0
6,fd:630,fd,27,2,1,False,0,0,0,0.0,0.0
6,mcv:1289,mcv,766,2,2,False,0,0,0,0.0,0.0
6,mcv:431,mcv,174,4,2,False,0,0,0,0.0,0.0
6,mcv:1689,mcv,456,2,1,False,0,0,0,0.0,0.0
6,mcv:820,mcv,266,3,2,False,0,0,0,0.0,0.0
6,fd:572,fd,27,2,1,False,0,0,0,0.0,0.0
6,mcv:1287,mcv,196,3,1,False,0,0,0,0.0,0.0
6,mcv:1242,mcv,726,3,1,False,0,0,0,0.0,0.0
6,mcv:441,mcv,850,5,1,False,0,0,0,0.0,0.0
6,mcv:287,mcv,200,5,2,False,0,0,0,0.0,0.0
6,mcv:565,mcv,244,5,1,True,1,1,0,0.08767935817174566,0.0
6,mcv:332,mcv,218,4,3,False,0,0,0,0.0,0.0
6,fd:388,fd,27,4,1,False,0,0,0,0.0,0.0
6,fd:415,fd,27,2,2,False,0,0,0,0.0,0.0
6,mcv:196,mcv,448,5,2,False,0,0,0,0.0,0.0
6,mcv:915,mcv,274,2,3,False,0,0,0,0.0,0.0
6,mcv:1028,mcv,408,2,2,False,0,0,0,0.0,0.0
6,fd:160,fd,27,2,4,False,0,0,0,0.0,0.0
6,mcv:406,mcv,378,3,3,False,0,0,0,0.0,0.0
6,mcv:1643,mcv,300,2,1,False,0,0,0,0.0,0.0
6,mcv:366,mcv,760,4,2,False,0,0,0,0.0,0.0
6,fd:80,fd,27,5,2,False,0,0,0,0.0,0.0
6,fd:620,fd,27,2,1,False,0,0,0,0.0,0.0
6,mcv:402,mcv,388,2,4,False,0,0,0,0.0,0.0
6,mcv:1734,mcv,304,2,1,False,0,0,0,0.0,0.0
6,mcv:693,mcv,634,4,1,False,0,0,0,0.0,0.0
6,mcv:1019,mcv,1054,2,2,False,0,0,0,0.0,0.0
6,mcv:696,mcv,362,2,3,False,0,0,0,0.0,0.0
6,fd:134,fd,27,5,2,False,0,0,0,0.0,0.0
6,mcv:801,mcv,492,4,1,False,0,0,0,0.0,0.0
6,fd:685,fd,27,1,1,False,0,0,0,0.0,0.0
6,fd:700,fd,27,0,2,False,0,0,0,0.0,0.0
6,mcv:334,mcv,314,5,2,False,0,0,0,0.0,0.0
6,fd:309,fd,27,3,2,False,0,0,0,0.0,0.0
6,mcv:1957,mcv,418,1,1,False,0,0,0,0.0,0.0
6,mcv:1272,mcv,374,3,1,False,0,0,0,0.0,0.0
6,mcv:1271,mcv,388,3,1,False,0,0,0,0.0,0.0
6,mcv:1209,mcv,1072,2,2,False,0,0,0,0.0,0.0
6,mcv:333,mcv,196,5,2,False,0,0,0,0.0,0.0
6,fd:312,fd,27,4,1,False,0,0,0,0.0,0.0
6,mcv:797,mcv,488,3,2,False,0,0,0,0.0,0.0
6,mcv:2008,mcv,436,0,2,False,0,0,0,0.0,0.0
6,mcv:336,mcv,174,6,1,False,0,0,0,0.0,0.0
6,mcv:508,mcv,314,4,2,False,0,0,0,0.0,0.0
6,mcv:987,mcv,484,4,1,False,0,0,0,0.0,0.0
6,mcv:2110,mcv,408,1,1,True,0,0,0,0.0,0.0
6,mcv:703,mcv,496,3,2,False,0,0,0,0.0,0.0
6,fd:152,fd,27,4,2,False,0,0,0,0.0,0.0
6,mcv:383,mcv,278,4,2,True,0,0,0,0.0,0.0
6,mcv:698,mcv,616,4,1,False,0,0,0,0.0,0.0
6,mcv:209,mcv,362,5,2,False,0,0,0,0.0,0.0
6,mcv:1761,mcv,512,2,1,False,0,0,0,0.0,0.0
6,fd:240,fd,41,5,1,False,0,0,0,0.0,0.0
6,fd:67,fd,27,7,1,False,0,0,0,0.0,0.0
6,mcv:12,mcv,476,8,2,False,0,0,0,0.0,0.0
6,mcv:675,mcv,502,4,1,False,0,0,0,0.0,0.0
6,mcv:1508,mcv,910,2,1,False,0,0,0,0.0,0.0
6,fd:386,fd,27,4,1,False,0,0,0,0.0,0.0
6,mcv:218,mcv,804,4,3,False,0,0,0,0.0,0.0
6,mcv:105,mcv,344,6,2,False,0,0,0,0.0,0.0
6,fd:190,fd,27,4,2,False,0,0,0,0.0,0.0
6,fd:279,fd,27,4,1,False,0,0,0,0.0,0.0
6,fd:656,fd,27,2,1,False,0,0,0,0.0,0.0
6,mcv:507,mcv,384,5,1,False,0,0,0,0.0,0.0
6,mcv:1823,mcv,222,2,1,False,0,0,0,0.0,0.0
6,fd:401,fd,27,3,2,False,0,0,0,0.0,0.0
6,fd:283,fd,27,3,2,False,0,0,0,0.0,0.0
6,mcv:403,mcv,322,4,2,False,0,0,0,0.0,0.0
6,fd:135,fd,27,6,1,True,0,0,0,0.0,0.0
6,mcv:59,mcv,244,5,4,True,4,2,2,8.792627104049195,2.321364966917372e-08
6,mcv:588,mcv,540,5,1,False,0,0,0,0.0,0.0
6,mcv:175,mcv,292,7,1,False,0,0,0,0.0,0.0
6,mcv:995,mcv,304,3,2,False,0,0,0,0.0,0.0
6,mcv:1444,mcv,940,2,2,False,0,0,0,0.0,0.0
6,fd:41,fd,41,6,2,False,0,0,0,0.0,0.0
6,mcv:949,mcv,300,4,1,False,0,0,0,0.0,0.0
6,mcv:1051,mcv,884,1,3,False,0,0,0,0.0,0.0
6,mcv:1281,mcv,352,3,1,True,0,0,0,0.0,0.0
6,mcv:1453,mcv,576,2,2,False,0,0,0,0.0,0.0
6,mcv:1809,mcv,296,2,1,False,0,0,0,0.0,0.0
6,fd:23,fd,27,5,4,False,0,0,0,0.0,0.0
6,mcv:143,mcv,196,6,2,False,0,0,0,0.0,0.0
6,mcv:700,mcv,524,3,2,False,0,0,0,0.0,0.0
6,fd:154,fd,41,4,2,False,0,0,0,0.0,0.0
6,mcv:988,mcv,344,4,1,False,0,0,0,0.0,0.0
6,mcv:972,mcv,366,4,1,False,0,0,0,0.0,0.0
6,mcv:1509,mcv,318,2,1,False,0,0,0,0.0,0.0
6,fd:650,fd,27,2,1,False,0,0,0,0.0,0.0
6,mcv:389,mcv,408,4,2,False,0,0,0,0.0,0.0
6,mcv:998,mcv,200,3,2,False,0,0,0,0.0,0.0
6,mcv:74,mcv,434,8,1,False,0,0,0,0.0,0.0
6,mcv:351,mcv,266,5,2,False,0,0,0,0.0,0.0
6,mcv:1927,mcv,170,1,1,False,0,0,0,0.0,0.0
6,fd:217,fd,27,5,1,False,0,0,0,0.0,0.0
6,fd:403,fd,27,3,2,False,0,0,0,0.0,0.0
6,mcv:246,mcv,426,6,1,False,0,0,0,0.0,0.0
6,mcv:116,mcv,148,6,2,False,0,0,0,0.0,0.0
6,mcv:992,mcv,170,2,3,True,3,1,2,0.014950436195521721,0.038520407125461675
6,mcv:560,mcv,382,5,1,False,0,0,0,0.0,0.0
6,mcv:993,mcv,170,4,1,False,0,0,0,0.0,0.0
6,mcv:117,mcv,200,5,3,False,0,0,0,0.0,0.0
6,mcv:85,mcv,170,6,3,False,0,0,0,0.0,0.0
6,mcv:910,mcv,602,3,2,False,0,0,0,0.0,0.0
6,mcv:2006,mcv,388,1,1,False,0,0,0,0.0,0.0
6,fd:332,fd,27,3,2,False,0,0,0,0.0,0.0
6,fd:234,fd,27,5,1,False,0,0,0,0.0,0.0
6,mcv:422,mcv,466,4,2,False,0,0,0,0.0,0.0
6,mcv:110,mcv,148,6,2,False,0,0,0,0.0,0.0
6,mcv:183,mcv,506,6,2,False,0,0,0,0.0,0.0
6,mcv:1349,mcv,694,1,3,False,0,0,0,0.0,0.0
6,mcv:725,mcv,410,2,3,False,0,0,0,0.0,0.0
6,mcv:1033,mcv,654,1,3,False,0,0,0,0.0,0.0
6,mcv:1024,mcv,1146,2,2,False,0,0,0,0.0,0.0
6,mcv:839,mcv,1286,4,1,False,0,0,0,0.0,0.0
6,mcv:89,mcv,426,7,1,False,0,0,0,0.0,0.0
6,fd:289,fd,27,3,2,True,0,0,0,0.0,0.0
6,mcv:933,mcv,222,3,2,False,0,0,0,0.0,0.0
6,mcv:1020,mcv,492,2,2,False,0,0,0,0.0,0.0
6,fd:515,fd,27,3,1,False,0,0,0,0.0,0.0
6,mcv:1366,mcv,196,3,1,False,0,0,0,0.0,0.0
6,fd:318,fd,41,2,3,False,0,0,0,0.0,0.0
6,mcv:554,mcv,1102,5,1,True,1,0,1,0.0,1.7778859526323472
6,mcv:1665,mcv,436,2,1,False,0,0,0,0.0,0.0
6,fd:73,fd,27,6,2,False,0,0,0,0.0,0.0
6,mcv:731,mcv,344,3,2,False,0,0,0,0.0,0.0
6,fd:165,fd,27,4,2,False,0,0,0,0.0,0.0
6,mcv:2063,mcv,292,1,1,False,0,0,0,0.0,0.0
6,mcv:427,mcv,222,3,3,False,0,0,0,0.0,0.0
6,mcv:841,mcv,330,2,3,True,2,2,0,2.085698076299362,0.0
6,mcv:868,mcv,536,3,2,False,0,0,0,0.0,0.0
6,mcv:867,mcv,1356,4,1,False,0,0,0,0.0,0.0
6,fd:215,fd,27,5,1,False,0,0,0,0.0,0.0
6,mcv:649,mcv,1032,3,2,False,0,0,0,0.0,0.0
6,mcv:88,mcv,1272,6,2,False,0,0,0,0.0,0.0
6,mcv:579,mcv,322,5,1,False,0,0,0,0.0,0.0
6,fd:505,fd,27,3,1,False,0,0,0,0.0,0.0
6,mcv:367,mcv,1242,5,1,False,0,0,0,0.0,0.0
6,fd:412,fd,27,2,2,False,0,0,0,0.0,0.0
6,mcv:1311,mcv,584,3,1,False,0,0,0,0.0,0.0
6,mcv:1345,mcv,434,3,1,False,0,0,0,0.0,0.0
6,mcv:132,mcv,196,6,2,False,0,0,0,0.0,0.0
6,fd:31,fd,27,6,3,False,0,0,0,0.0,0.0
6,mcv:1230,mcv,304,3,1,False,0,0,0,0.0,0.0
6,mcv:1418,mcv,304,3,1,False,0,0,0,0.0,0.0
6,mcv:974,mcv,148,4,1,False,0,0,0,0.0,0.0
6,mcv:886,mcv,300,3,2,False,0,0,0,0.0,0.0
6,mcv:1,mcv,244,11,2,False,0,0,0,0.0,0.0
6,mcv:81,mcv,322,6,3,False,0,0,0,0.0,0.0
6,fd:535,fd,41,3,1,False,0,0,0,0.0,0.0
6,mcv:585,mcv,460,5,1,False,0,0,0,0.0,0.0
6,mcv:1227,mcv,288,3,1,False,0,0,0,0.0,0.0
6,fd:238,fd,41,5,1,False,0,0,0,0.0,0.0
6,fd:483,fd,27,3,1,False,0,0,0,0.0,0.0
6,fd:48,fd,27,6,2,False,0,0,0,0.0,0.0
6,mcv:65,mcv,196,7,2,True,2,1,0,5.9180998990271405e-08,0.0
6,mcv:527,mcv,178,5,1,False,0,0,0,0.0,0.0
6,mcv:1275,mcv,244,3,1,False,0,0,0,0.0,0.0
6,mcv:1317,mcv,300,3,1,False,0,0,0,0.0,0.0
6,mcv:1315,mcv,470,3,1,False,0,0,0,0.0,0.0
6,mcv:60,mcv,218,7,2,False,0,0,0,0.0,0.0
6,mcv:1226,mcv,288,3,1,False,0,0,0,0.0,0.0
6,mcv:1759,mcv,400,2,1,False,0,0,0,0.0,0.0
6,fd:474,fd,41,3,1,True,1,1,0,0.00046803446058607534,0.0
6,mcv:2,mcv,218,10,2,False,0,0,0,0.0,0.0
6,mcv:1673,mcv,274,2,1,False,0,0,0,0.0,0.0
6,fd:691,fd,27,0,2,False,0,0,0,0.0,0.0
6,fd:201,fd,41,5,1,False,0,0,0,0.0,0.0
6,mcv:1971,mcv,514,0,2,False,0,0,0,0.0,0.0
6,fd:1,fd,27,11,2,False,0,0,0,0.0,0.0
6,mcv:1326,mcv,196,3,1,True,0,0,0,0.0,0.0
6,mcv:294,mcv,196,6,1,True,0,0,0,0.0,0.0
6,mcv:880,mcv,196,3,2,False,0,0,0,0.0,0.0
6,mcv:925,mcv,292,3,2,False,0,0,0,0.0,0.0
6,fd:424,fd,27,3,1,False,0,0,0,0.0,0.0
6,mcv:1860,mcv,278,1,1,True,0,0,0,0.0,0.0
6,fd:423,fd,27,2,2,False,0,0,0,0.0,0.0
6,mcv:1657,mcv,392,0,3,False,0,0,0,0.0,0.0
6,mcv:78,mcv,196,5,4,False,0,0,0,0.0,0.0
6,mcv:563,mcv,244,4,2,False,0,0,0,0.0,0.0
6,mcv:1539,mcv,318,1,2,False,0,0,0,0.0,0.0
6,fd:360,fd,27,4,1,False,0,0,0,0.0,0.0
6,mcv:1064,mcv,366,3,1,False,0,0,0,0.0,0.0
6,fd:42,fd,41,5,3,False,0,0,0,0.0,0.0
6,fd:400,fd,27,4,1,False,0,0,0,0.0,0.0
6,mcv:2004,mcv,388,0,2,False,0,0,0,0.0,0.0
6,mcv:107,mcv,278,5,3,True,3,3,0,3.2726614698731984,0.0
6,mcv:1061,mcv,388,3,1,False,0,0,0,0.0,0.0
6,mcv:1459,mcv,270,3,1,False,0,0,0,0.0,0.0
6,mcv:1525,mcv,366,2,1,False,0,0,0,0.0,0.0
6,mcv:2068,mcv,244,1,1,False,0,0,0,0.0,0.0
6,mcv:918,mcv,244,4,1,False,0,0,0,0.0,0.0
6,mcv:1052,mcv,796,2,2,True,0,0,0,0.0,0.0
6,fd:589,fd,27,0,3,False,0,0,0,0.0,0.0
6,mcv:379,mcv,748,4,2,False,0,0,0,0.0,0.0
6,fd:29,fd,27,5,4,False,0,0,0,0.0,0.0
6,mcv:424,mcv,218,5,1,True,0,0,0,0.0,0.0
6,mcv:210,mcv,392,4,3,False,0,0,0,0.0,0.0
6,mcv:837,mcv,296,4,1,False,0,0,0,0.0,0.0
6,mcv:1054,mcv,362,3,1,False,0,0,0,0.0,0.0
6,mcv:994,mcv,174,4,1,False,0,0,0,0.0,0.0
6,mcv:1093,mcv,340,2,2,False,0,0,0,0.0,0.0
6,mcv:167,mcv,196,6,2,False,0,0,0,0.0,0.0
6,fd:220,fd,27,4,2,False,0,0,0,0.0,0.0
6,mcv:45,mcv,652,6,3,False,0,0,0,0.0,0.0
6,mcv:1597,mcv,610,2,1,False,0,0,0,0.0,0.0
6,mcv:1432,mcv,318,2,2,False,0,0,0,0.0,0.0
6,fd:79,fd,27,5,2,False,0,0,0,0.0,0.0
6,mcv:784,mcv,378,3,2,False,0,0,0,0.0,0.0
6,mcv:1757,mcv,434,2,1,True,1,0,1,0.0,0.6562615852454166
6,fd:282,fd,27,3,2,False,0,0,0,0.0,0.0
6,mcv:1362,mcv,170,3,1,False,0,0,0,0.0,0.0
6,mcv:266,mcv,654,6,1,False,0,0,0,0.0,0.0
6,mcv:258,mcv,218,5,2,False,0,0,0,0.0,0.0
6,mcv:651,mcv,470,4,1,False,0,0,0,0.0,0.0
6,mcv:454,mcv,170,5,1,False,0,0,0,0.0,0.0
6,fd:544,fd,27,2,2,False,0,0,0,0.0,0.0
6,mcv:1069,mcv,304,3,1,False,0,0,0,0.0,0.0
6,mcv:638,mcv,1518,3,2,False,0,0,0,0.0,0.0
6,mcv:686,mcv,536,3,2,False,0,0,0,0.0,0.0
6,mcv:466,mcv,610,5,1,False,0,0,0,0.0,0.0
6,fd:306,fd,27,3,2,False,0,0,0,0.0,0.0
6,mcv:467,mcv,1074,4,2,False,0,0,0,0.0,0.0
6,fd:186,fd,27,5,1,False,0,0,0,0.0,0.0
6,mcv:2081,mcv,378,1,1,False,0,0,0,0.0,0.0
6,fd:725,fd,27,1,1,False,0,0,0,0.0,0.0
6,mcv:1233,mcv,196,3,1,False,0,0,0,0.0,0.0
6,mcv:645,mcv,956,4,1,False,0,0,0,0.0,0.0
6,mcv:1947,mcv,912,1,1,False,0,0,0,0.0,0.0
6,mcv:457,mcv,318,4,2,False,0,0,0,0.0,0.0
6,mcv:1029,mcv,830,3,1,False,0,0,0,0.0,0.0
6,fd:429,fd,27,3,1,False,0,0,0,0.0,0.0
6,mcv:679,mcv,374,4,1,False,0,0,0,0.0,0.0
6,mcv:2127,mcv,606,0,1,False,0,0,0,0.0,0.0
6,mcv:195,mcv,470,5,2,False,0,0,0,0.0,0.0
6,mcv:637,mcv,560,3,2,False,0,0,0,0.0,0.0
6,mcv:463,mcv,790,5,1,False,0,0,0,0.0,0.0
6,mcv:2107,mcv,814,1,1,True,0,0,0,0.0,0.0
6,mcv:420,mcv,170,4,2,False,0,0,0,0.0,0.0
6,mcv:142,mcv,626,5,3,True,2,0,2,0.0,0.3241582581530771
6,fd:70,fd,27,7,1,False,0,0,0,0.0,0.0
6,mcv:730,mcv,512,1,4,False,0,0,0,0.0,0.0
6,fd:182,fd,27,3,3,True,0,0,0,0.0,0.0
6,mcv:1430,mcv,274,2,2,False,0,0,0,0.0,0.0
6,mcv:278,mcv,690,6,1,False,0,0,0,0.0,0.0
6,mcv:452,mcv,488,4,2,False,0,0,0,0.0,0.0
6,fd:200,fd,41,5,1,True,0,0,0,0.0,0.0
6,mcv:456,mcv,534,3,3,False,0,0,0,0.0,0.0
6,fd:325,fd,41,4,1,True,0,0,0,0.0,0.0
6,fd:106,fd,27,6,1,False,0,0,0,0.0,0.0
6,fd:739,fd,27,1,1,False,0,0,0,0.0,0.0
6,mcv:1605,mcv,170,2,1,False,0,0,0,0.0,0.0
6,mcv:1683,mcv,196,2,1,False,0,0,0,0.0,0.0
6,mcv:149,mcv,378,5,3,False,0,0,0,0.0,0.0
6,mcv:1600,mcv,218,1,2,False,0,0,0,0.0,0.0
6,mcv:178,mcv,512,7,1,False,0,0,0,0.0,0.0
6,fd:542,fd,27,2,2,False,0,0,0,0.0,0.0
6,fd:288,fd,27,1,4,False,0,0,0,0.0,0.0
6,mcv:524,mcv,808,5,1,False,0,0,0,0.0,0.0
6,mcv:1540,mcv,218,0,3,False,0,0,0,0.0,0.0
6,mcv:857,mcv,538,4,1,False,0,0,0,0.0,0.0
6,mcv:781,mcv,218,4,1,True,1,0,1,0.0,0.011108563737157517
6,mcv:2020,mcv,624,1,1,False,0,0,0,0.0,0.0
6,mcv:1706,mcv,702,2,1,False,0,0,0,0.0,0.0
6,fd:54,fd,27,5,3,False,0,0,0,0.0,0.0
6,fd:598,fd,27,2,1,False,0,0,0,0.0,0.0
6,mcv:845,mcv,410,4,1,True,0,0,0,0.0,0.0
6,fd:148,fd,27,4,2,False,0,0,0,0.0,0.0
6,mcv:660,mcv,410,3,2,False,0,0,0,0.0,0.0
6,mcv:842,mcv,428,2,3,False,0,0,0,0.0,0.0
6,mcv:558,mcv,540,4,2,False,0,0,0,0.0,0.0
6,mcv:656,mcv,432,4,1,False,0,0,0,0.0,0.0
6,mcv:151,mcv,384,6,2,False,0,0,0,0.0,0.0
6,fd:270,fd,27,3,2,False,0,0,0,0.0,0.0
6,mcv:543,mcv,1098,5,1,False,0,0,0,0.0,0.0
6,mcv:374,mcv,374,4,2,False,0,0,0,0.0,0.0
6,mcv:141,mcv,848,7,1,False,0,0,0,0.0,0.0
6,fd:314,fd,27,3,2,True,2,2,0,0.0008477491524363501,0.0
6,mcv:807,mcv,278,3,2,False,0,0,0,0.0,0.0
6,fd:236,fd,27,5,1,False,0,0,0,0.0,0.0
6,mcv:354,mcv,222,5,2,False,0,0,0,0.0,0.0
6,fd:49,fd,27,6,2,False,0,0,0,0.0,0.0
6,mcv:581,mcv,148,5,1,False,0,0,0,0.0,0.0
6,mcv:229,mcv,148,6,1,False,0,0,0,0.0,0.0
6,mcv:1456,mcv,170,3,1,True,0,0,0,0.0,0.0
6,mcv:1000,mcv,148,3,2,True,2,1,1,2.7197504101739156e-05,3.831747491589432e-05
6,mcv:1113,mcv,196,3,1,False,0,0,0,0.0,0.0
6,mcv:623,mcv,266,3,3,True,3,1,2,3.986147500967263e-08,8.000764339932687e-08
6,mcv:230,mcv,170,5,2,False,0,0,0,0.0,0.0
6,mcv:734,mcv,170,4,1,False,0,0,0,0.0,0.0
6,mcv:622,mcv,170,5,1,False,0,0,0,0.0,0.0
6,mcv:815,mcv,196,3,2,False,0,0,0,0.0,0.0
6,mcv:84,mcv,222,7,2,False,0,0,0,0.0,0.0
6,mcv:487,mcv,174,5,1,False,0,0,0,0.0,0.0
6,mcv:986,mcv,148,4,1,False,0,0,0,0.0,0.0
6,mcv:349,mcv,170,4,3,False,0,0,0,0.0,0.0
6,fd:260,fd,27,4,2,False,0,0,0,0.0,0.0
6,mcv:169,mcv,170,7,1,False,0,0,0,0.0,0.0
6,mcv:133,mcv,196,6,2,False,0,0,0,0.0,0.0
6,fd:405,fd,27,3,2,False,0,0,0,0.0,0.0
6,mcv:1385,mcv,148,3,1,False,0,0,0,0.0,0.0
6,mcv:615,mcv,170,4,2,False,0,0,0,0.0,0.0
6,fd:397,fd,41,4,1,False,0,0,0,0.0,0.0
6,mcv:624,mcv,222,4,2,False,0,0,0,0.0,0.0
6,mcv:1232,mcv,314,3,1,False,0,0,0,0.0,0.0
6,mcv:108,mcv,572,5,3,False,0,0,0,0.0,0.0
6,mcv:1536,mcv,476,1,2,False,0,0,0,0.0,0.0
6,mcv:1966,mcv,392,1,1,False,0,0,0,0.0,0.0
6,mcv:545,mcv,248,5,1,False,0,0,0,0.0,0.0
6,mcv:273,mcv,750,6,1,True,1,0,1,0.0,0.06335800538406322
6,mcv:30,mcv,912,8,2,False,0,0,0,0.0,0.0
6,mcv:812,mcv,384,4,1,False,0,0,0,0.0,0.0
6,mcv:130,mcv,288,6,2,False,0,0,0,0.0,0.0
6,mcv:544,mcv,230,4,2,True,2,1,1,0.0161901335838881,0.0001400916903264715
6,mcv:1413,mcv,526,2,2,False,0,0,0,0.0,0.0
6,mcv:1228,mcv,628,3,1,False,0,0,0,0.0,0.0
6,mcv:1743,mcv,816,2,1,False,0,0,0,0.0,0.0
6,mcv:542,mcv,808,4,2,False,0,0,0,0.0,0.0
6,mcv:275,mcv,218,5,2,False,0,0,0,0.0,0.0
6,mcv:1725,mcv,1350,2,1,False,0,0,0,0.0,0.0
6,fd:209,fd,41,4,2,False,0,0,0,0.0,0.0
6,fd:533,fd,27,2,2,False,0,0,0,0.0,0.0
6,mcv:71,mcv,456,8,1,False,0,0,0,0.0,0.0
6,fd:27,fd,27,8,1,False,0,0,0,0.0,0.0
6,mcv:290,mcv,388,5,2,False,0,0,0,0.0,0.0
6,fd:713,fd,27,1,1,False,0,0,0,0.0,0.0
6,mcv:2214,mcv,406,0,1,False,0,0,0,0.0,0.0
6,mcv:1468,mcv,734,2,1,False,0,0,0,0.0,0.0
6,mcv:2031,mcv,384,1,1,False,0,0,0,0.0,0.0
6,mcv:1452,mcv,336,3,1,False,0,0,0,0.0,0.0
6,mcv:2043,mcv,292,1,1,False,0,0,0,0.0,0.0
6,mcv:531,mcv,288,4,2,False,0,0,0,0.0,0.0
6,mcv:1469,mcv,440,2,1,False,0,0,0,0.0,0.0
6,mcv:1016,mcv,572,2,2,False,0,0,0,0.0,0.0
6,mcv:362,mcv,576,5,1,False,0,0,0,0.0,0.0
6,mcv:1423,mcv,552,3,1,False,0,0,0,0.0,0.0
6,mcv:2233,mcv,292,0,1,False,0,0,0,0.0,0.0
6,mcv:368,mcv,668,5,1,False,0,0,0,0.0,0.0
6,mcv:462,mcv,784,4,2,False,0,0,0,0.0,0.0
6,mcv:971,mcv,1880,4,1,False,0,0,0,0.0,0.0
6,fd:731,fd,41,1,1,False,0,0,0,0.0,0.0
6,mcv:957,mcv,148,4,1,False,0,0,0,0.0,0.0
6,fd:266,fd,27,4,1,False,0,0,0,0.0,0.0
6,fd:185,fd,27,4,2,False,0,0,0,0.0,0.0
6,fd:169,fd,27,3,3,False,0,0,0,0.0,0.0
6,mcv:61,mcv,358,7,2,False,0,0,0,0.0,0.0
6,fd:469,fd,27,2,2,False,0,0,0,0.0,0.0
6,mcv:1938,mcv,170,1,1,False,0,0,0,0.0,0.0
6,mcv:1194,mcv,366,2,2,False,0,0,0,0.0,0.0
6,fd:701,fd,27,1,1,False,0,0,0,0.0,0.0
6,mcv:598,mcv,538,5,1,False,0,0,0,0.0,0.0
6,mcv:458,mcv,170,4,2,False,0,0,0,0.0,0.0
6,fd:672,fd,27,1,1,False,0,0,0,0.0,0.0
6,mcv:1185,mcv,410,3,1,False,0,0,0,0.0,0.0
6,fd:246,fd,27,5,1,False,0,0,0,0.0,0.0
6,mcv:989,mcv,410,3,2,False,0,0,0,0.0,0.0
6,fd:639,fd,27,2,1,False,0,0,0,0.0,0.0
6,mcv:1779,mcv,200,2,1,False,0,0,0,0.0,0.0
6,mcv:198,mcv,2208,6,1,True,1,1,0,0.522439854299011,0.0
6,mcv:595,mcv,218,4,2,False,0,0,0,0.0,0.0
6,mcv:2172,mcv,244,0,1,False,0,0,0,0.0,0.0
6,mcv:1542,mcv,148,2,1,False,0,0,0,0.0,0.0
6,mcv:1032,mcv,532,2,2,False,0,0,0,0.0,0.0
6,mcv:505,mcv,174,5,1,False,0,0,0,0.0,0.0
6,fd:635,fd,41,2,1,False,0,0,0,0.0,0.0
6,mcv:2018,mcv,244,1,1,False,0,0,0,0.0,0.0
6,mcv:40,mcv,840,8,2,True,2,2,0,1.163227954950193,0.0
6,fd:416,fd,27,2,2,False,0,0,0,0.0,0.0
6,mcv:2019,mcv,218,1,1,False,0,0,0,0.0,0.0
6,mcv:1190,mcv,148,3,1,False,0,0,0,0.0,0.0
6,fd:482,fd,27,2,2,False,0,0,0,0.0,0.0
6,mcv:838,mcv,546,3,2,True,1,1,0,1.703605920333621,0.0
6,fd:538,fd,27,3,1,False,0,0,0,0.0,0.0
6,fd:18,fd,27,8,2,False,0,0,0,0.0,0.0
6,mcv:179,mcv,674,7,1,False,0,0,0,0.0,0.0
6,mcv:1270,mcv,664,2,2,False,0,0,0,0.0,0.0
6,fd:99,fd,27,6,1,False,0,0,0,0.0,0.0
6,mcv:1895,mcv,196,1,1,False,0,0,0,0.0,0.0
6,mcv:1030,mcv,514,2,2,False,0,0,0,0.0,0.0
6,mcv:2090,mcv,148,1,1,False,0,0,0,0.0,0.0
6,mcv:2113,mcv,222,1,1,False,0,0,0,0.0,0.0
6,mcv:331,mcv,992,6,1,False,0,0,0,0.0,0.0
6,mcv:41,mcv,968,9,1,False,0,0,0,0.0,0.0
6,mcv:641,mcv,668,4,1,False,0,0,0,0.0,0.0
6,mcv:1671,mcv,2142,2,1,False,0,0,0,0.0,0.0
6,mcv:1543,mcv,148,2,1,False,0,0,0,0.0,0.0
6,mcv:260,mcv,196,6,1,False,0,0,0,0.0,0.0
6,mcv:1424,mcv,772,2,2,False,0,0,0,0.0,0.0
6,mcv:428,mcv,828,3,3,False,0,0,0,0.0,0.0
6,mcv:647,mcv,1350,4,1,False,0,0,0,0.0,0.0
6,mcv:352,mcv,938,6,1,False,0,0,0,0.0,0.0
6,mcv:1775,mcv,512,2,1,False,0,0,0,0.0,0.0
6,mcv:2009,mcv,278,1,1,False,0,0,0,0.0,0.0
6,fd:690,fd,27,1,1,False,0,0,0,0.0,0.0
6,mcv:417,mcv,314,4,2,False,0,0,0,0.0,0.0
6,mcv:1967,mcv,278,1,1,False,0,0,0,0.0,0.0
6,mcv:719,mcv,314,2,3,False,0,0,0,0.0,0.0
6,mcv:308,mcv,170,4,3,False,0,0,0,0.0,0.0
6,fd:425,fd,27,2,2,False,0,0,0,0.0,0.0
6,mcv:591,mcv,470,3,3,True,3,2,1,2.448096160509455,0.19464359034502188
6,mcv:1330,mcv,340,3,1,False,0,0,0,0.0,0.0
6,mcv:5,mcv,414,6,5,False,0,0,0,0.0,0.0
6,mcv:1083,mcv,388,2,2,False,0,0,0,0.0,0.0
6,fd:434,fd,27,2,2,False,0,0,0,0.0,0.0
6,mcv:1063,mcv,594,2,2,False,0,0,0,0.0,0.0
6,mcv:400,mcv,616,3,3,False,0,0,0,0.0,0.0
6,mcv:2048,mcv,800,0,2,False,0,0,0,0.0,0.0
6,mcv:206,mcv,704,5,2,False,0,0,0,0.0,0.0
6,fd:376,fd,27,3,2,False,0,0,0,0.0,0.0
6,mcv:1389,mcv,318,2,2,True,0,0,0,0.0,0.0
6,fd:501,fd,27,3,1,False,0,0,0,0.0,0.0
6,fd:510,fd,41,3,1,False,0,0,0,0.0,0.0
6,fd:243,fd,41,3,3,False,0,0,0,0.0,0.0
6,fd:522,fd,27,2,2,False,0,0,0,0.0,0.0
6,fd:433,fd,27,2,2,False,0,0,0,0.0,0.0
6,fd:499,fd,27,3,1,False,0,0,0,0.0,0.0
6,mcv:1356,mcv,226,3,1,False,0,0,0,0.0,0.0
6,mcv:1082,mcv,550,2,2,False,0,0,0,0.0,0.0
6,mcv:948,mcv,484,3,2,False,0,0,0,0.0,0.0
6,mcv:1328,mcv,248,3,1,False,0,0,0,0.0,0.0
6,mcv:506,mcv,992,5,1,False,0,0,0,0.0,0.0
6,mcv:137,mcv,1136,7,1,False,0,0,0,0.0,0.0
6,mcv:826,mcv,366,4,1,True,1,1,0,114.04715662941254,0.0
6,mcv:232,mcv,148,5,2,False,0,0,0,0.0,0.0
6,mcv:1550,mcv,248,2,1,False,0,0,0,0.0,0.0
6,mcv:1937,mcv,314,1,1,False,0,0,0,0.0,0.0
6,mcv:484,mcv,646,4,2,True,2,1,1,0.04348976689979622,0.049328558572681924
6,mcv:2182,mcv,362,0,1,False,0,0,0,0.0,0.0
6,mcv:1125,mcv,174,3,1,False,0,0,0,0.0,0.0
6,mcv:429,mcv,478,4,2,False,0,0,0,0.0,0.0
6,fd:170,fd,27,4,2,False,0,0,0,0.0,0.0
6,mcv:677,mcv,304,3,2,False,0,0,0,0.0,0.0
6,mcv:736,mcv,196,3,2,False,0,0,0,0.0,0.0
6,fd:280,fd,41,3,2,True,2,1,1,0.00041244238034687797,0.0004120683105275358
6,mcv:2029,mcv,218,1,1,False,0,0,0,0.0,0.0
6,mcv:1457,mcv,458,3,1,True,1,1,0,3.109501345299748e-08,0.0
6,mcv:1255,mcv,366,3,1,False,0,0,0,0.0,0.0
6,mcv:2005,mcv,782,1,1,False,0,0,0,0.0,0.0
6,mcv:833,mcv,388,4,1,True,1,1,0,8.243843607758095e-09,0.0
6,mcv:1712,mcv,218,2,1,False,0,0,0,0.0,0.0
6,fd:587,fd,27,2,1,False,0,0,0,0.0,0.0
6,mcv:1518,mcv,748,2,1,False,0,0,0,0.0,0.0
6,mcv:1874,mcv,686,1,1,False,0,0,0,0.0,0.0
6,mcv:573,mcv,292,4,2,False,0,0,0,0.0,0.0
6,mcv:1524,mcv,362,0,3,False,0,0,0,0.0,0.0
6,mcv:1381,mcv,314,3,1,False,0,0,0,0.0,0.0
6,mcv:1630,mcv,278,2,1,False,0,0,0,0.0,0.0
6,mcv:412,mcv,362,3,3,False,0,0,0,0.0,0.0
6,mcv:808,mcv,550,4,1,False,0,0,0,0.0,0.0
6,mcv:263,mcv,548,5,2,True,2,2,0,0.0864453185981926,0.0
6,mcv:465,mcv,1306,5,1,False,0,0,0,0.0,0.0
6,mcv:1314,mcv,340,3,1,False,0,0,0,0.0,0.0
6,mcv:356,mcv,218,6,1,False,0,0,0,0.0,0.0
6,mcv:7,mcv,738,10,1,False,0,0,0,0.0,0.0
6,mcv:1709,mcv,222,1,2,False,0,0,0,0.0,0.0
6,mcv:929,mcv,340,4,1,False,0,0,0,0.0,0.0
6,mcv:561,mcv,404,5,1,False,0,0,0,0.0,0.0
6,mcv:1772,mcv,196,2,1,False,0,0,0,0.0,0.0
6,mcv:882,mcv,196,4,1,False,0,0,0,0.0,0.0
6,mcv:80,mcv,288,6,3,False,0,0,0,0.0,0.0
6,fd:608,fd,27,1,2,False,0,0,0,0.0,0.0
6,mcv:326,mcv,292,6,1,True,1,1,0,1.4869377951143292e-08,0.0
6,mcv:73,mcv,658,8,1,False,0,0,0,0.0,0.0
6,fd:100,fd,27,5,2,False,0,0,0,0.0,0.0
6,fd:633,fd,27,2,1,False,0,0,0,0.0,0.0
6,mcv:574,mcv,406,5,1,False,0,0,0,0.0,0.0
6,fd:338,fd,27,4,1,False,0,0,0,0.0,0.0
6,mcv:56,mcv,1128,7,2,False,0,0,0,0.0,0.0
6,mcv:1609,mcv,658,2,1,False,0,0,0,0.0,0.0
6,fd:218,fd,27,5,1,False,0,0,0,0.0,0.0
6,mcv:908,mcv,492,4,1,True,1,0,1,0.0,0.08887433702538017
6,mcv:359,mcv,822,3,3,False,0,0,0,0.0,0.0
6,fd:127,fd,41,5,2,True,0,0,0,0.0,0.0
6,fd:688,fd,27,1,1,True,0,0,0,0.0,0.0
6,mcv:2124,mcv,1198,0,1,False,0,0,0,0.0,0.0
6,mcv:318,mcv,148,5,2,False,0,0,0,0.0,0.0
6,mcv:1964,mcv,278,1,1,False,0,0,0,0.0,0.0
6,mcv:478,mcv,344,4,2,False,0,0,0,0.0,0.0
6,fd:356,fd,27,4,1,False,0,0,0,0.0,0.0
6,mcv:1622,mcv,720,2,1,False,0,0,0,0.0,0.0
6,fd:581,fd,41,2,1,True,0,0,0,0.0,0.0
6,mcv:1472,mcv,348,2,1,False,0,0,0,0.0,0.0
6,fd:183,fd,27,5,1,False,0,0,0,0.0,0.0
6,mcv:1370,mcv,222,3,1,False,0,0,0,0.0,0.0
6,mcv:1284,mcv,222,2,2,False,0,0,0,0.0,0.0
6,mcv:405,mcv,1356,5,1,False,0,0,0,0.0,0.0
6,mcv:481,mcv,330,3,3,False,0,0,0,0.0,0.0
6,mcv:694,mcv,410,3,2,False,0,0,0,0.0,0.0
6,mcv:26,mcv,574,8,2,False,0,0,0,0.0,0.0
6,mcv:701,mcv,392,4,1,False,0,0,0,0.0,0.0
6,fd:485,fd,27,2,2,False,0,0,0,0.0,0.0
6,mcv:174,mcv,728,7,1,True,0,0,0,0.0,0.0
6,mcv:1598,mcv,300,2,1,False,0,0,0,0.0,0.0
6,mcv:1601,mcv,196,2,1,False,0,0,0,0.0,0.0
6,mcv:398,mcv,362,4,2,False,0,0,0,0.0,0.0
6,mcv:692,mcv,708,4,1,False,0,0,0,0.0,0.0
6,mcv:697,mcv,498,3,2,False,0,0,0,0.0,0.0
6,mcv:922,mcv,904,3,2,False,0,0,0,0.0,0.0
6,mcv:337,mcv,248,6,1,False,0,0,0,0.0,0.0
6,mcv:1192,mcv,526,3,1,False,0,0,0,0.0,0.0
6,mcv:459,mcv,200,5,1,False,0,0,0,0.0,0.0
6,mcv:1798,mcv,578,2,1,False,0,0,0,0.0,0.0
6,mcv:128,mcv,414,6,2,True,2,1,1,0.7162345158078431,0.0038525374832232284
6,mcv:477,mcv,850,4,2,False,0,0,0,0.0,0.0
6,mcv:1602,mcv,218,2,1,False,0,0,0,0.0,0.0
6,mcv:806,mcv,326,4,1,False,0,0,0,0.0,0.0
6,mcv:1219,mcv,388,2,2,False,0,0,0,0.0,0.0
6,mcv:982,mcv,418,3,2,False,0,0,0,0.0,0.0
6,mcv:710,mcv,1138,3,2,False,0,0,0,0.0,0.0
6,mcv:222,mcv,1202,5,2,False,0,0,0,0.0,0.0
6,fd:646,fd,27,2,1,False,0,0,0,0.0,0.0
6,mcv:1654,mcv,1088,2,1,False,0,0,0,0.0,0.0
6,mcv:1264,mcv,318,3,1,False,0,0,0,0.0,0.0
6,mcv:1520,mcv,330,2,1,False,0,0,0,0.0,0.0
6,fd:564,fd,27,2,1,False,0,0,0,0.0,0.0
6,fd:645,fd,41,2,1,False,0,0,0,0.0,0.0
6,mcv:1794,mcv,594,2,1,False,0,0,0,0.0,0.0
6,mcv:2102,mcv,1500,1,1,False,0,0,0,0.0,0.0
6,fd:478,fd,27,3,1,False,0,0,0,0.0,0.0
6,fd:394,fd,27,3,2,False,0,0,0,0.0,0.0
6,fd:284,fd,27,3,2,False,0,0,0,0.0,0.0
6,mcv:1414,mcv,504,3,1,False,0,0,0,0.0,0.0
6,mcv:1263,mcv,1002,3,1,True,1,1,0,0.02114451200340417,0.0
6,mcv:1260,mcv,326,3,1,False,0,0,0,0.0,0.0
6,mcv:1801,mcv,408,2,1,False,0,0,0,0.0,0.0
6,mcv:371,mcv,594,5,1,False,0,0,0,0.0,0.0
6,mcv:247,mcv,270,5,2,False,0,0,0,0.0,0.0
6,mcv:248,mcv,218,6,1,False,0,0,0,0.0,0.0
6,mcv:1919,mcv,170,1,1,False,0,0,0,0.0,0.0
6,mcv:715,mcv,292,4,1,False,0,0,0,0.0,0.0
6,mcv:86,mcv,414,6,2,True,2,1,1,0.272008558517568,0.5748600726896915
6,mcv:93,mcv,454,7,1,False,0,0,0,0.0,0.0
6,mcv:50,mcv,170,8,1,False,0,0,0,0.0,0.0
6,mcv:191,mcv,348,6,1,True,0,0,0,0.0,0.0
6,mcv:244,mcv,292,5,2,False,0,0,0,0.0,0.0
6,mcv:153,mcv,428,5,3,False,0,0,0,0.0,0.0
6,mcv:745,mcv,314,3,2,False,0,0,0,0.0,0.0
6,mcv:1010,mcv,866,3,1,False,0,0,0,0.0,0.0
6,mcv:241,mcv,292,5,2,False,0,0,0,0.0,0.0
6,mcv:1872,mcv,498,1,1,False,0,0,0,0.0,0.0
6,fd:33,fd,27,6,2,False,0,0,0,0.0,0.0
6,fd:417,fd,27,3,1,False,0,0,0,0.0,0.0
6,mcv:1035,mcv,708,2,2,False,0,0,0,0.0,0.0
6,mcv:1393,mcv,362,2,2,False,0,0,0,0.0,0.0
6,mcv:1111,mcv,384,3,1,True,1,0,0,0.0,0.0
6,fd:146,fd,27,4,2,False,0,0,0,0.0,0.0
6,mcv:401,mcv,318,3,3,False,0,0,0,0.0,0.0
6,mcv:891,mcv,248,4,1,False,0,0,0,0.0,0.0
6,mcv:372,mcv,318,4,2,False,0,0,0,0.0,0.0
6,mcv:190,mcv,936,6,1,True,0,0,0,0.0,0.0
6,mcv:113,mcv,218,7,1,False,0,0,0,0.0,0.0
6,mcv:1866,mcv,362,1,1,False,0,0,0,0.0,0.0
6,mcv:755,mcv,170,4,1,False,0,0,0,0.0,0.0
6,mcv:1867,mcv,362,1,1,False,0,0,0,0.0,0.0
6,mcv:718,mcv,546,4,1,False,0,0,0,0.0,0.0
6,fd:77,fd,27,6,1,False,0,0,0,0.0,0.0
6,mcv:48,mcv,524,8,1,False,0,0,0,0.0,0.0
6,mcv:1036,mcv,318,3,1,False,0,0,0,0.0,0.0
6,fd:20,fd,27,8,1,True,0,0,0,0.0,0.0
6,mcv:357,mcv,756,5,1,True,0,0,0,0.0,0.0
6,mcv:217,mcv,660,5,2,False,0,0,0,0.0,0.0
6,mcv:33,mcv,196,9,1,False,0,0,0,0.0,0.0
6,mcv:1838,mcv,414,1,1,False,0,0,0,0.0,0.0
6,mcv:361,mcv,580,4,2,False,0,0,0,0.0,0.0
6,mcv:1950,mcv,756,1,1,False,0,0,0,0.0,0.0
6,mcv:474,mcv,1926,4,2,False,0,0,0,0.0,0.0
6,mcv:257,mcv,462,6,1,False,0,0,0,0.0,0.0
6,mcv:597,mcv,248,5,1,False,0,0,0,0.0,0.0
6,mcv:1829,mcv,218,2,1,False,0,0,0,0.0,0.0
6,mcv:502,mcv,458,5,1,False,0,0,0,0.0,0.0
6,mcv:847,mcv,218,3,2,False,0,0,0,0.0,0.0
6,mcv:1269,mcv,304,1,3,True,1,1,0,1.176463331995648,0.0
6,fd:245,fd,27,5,1,False,0,0,0,0.0,0.0
6,fd:481,fd,27,1,3,False,0,0,0,0.0,0.0
6,mcv:353,mcv,270,6,1,False,0,0,0,0.0,0.0
6,mcv:38,mcv,196,8,2,False,0,0,0,0.0,0.0
6,mcv:350,mcv,218,6,1,False,0,0,0,0.0,0.0
6,mcv:1667,mcv,388,2,1,False,0,0,0,0.0,0.0
6,mcv:1670,mcv,388,1,2,False,0,0,0,0.0,0.0
6,mcv:953,mcv,196,4,1,False,0,0,0,0.0,0.0
6,mcv:2158,mcv,374,0,1,False,0,0,0,0.0,0.0
6,mcv:1963,mcv,414,1,1,False,0,0,0,0.0,0.0
6,fd:207,fd,27,4,2,False,0,0,0,0.0,0.0
6,fd:90,fd,27,6,1,True,0,0,0,0.0,0.0
6,mcv:735,mcv,278,4,1,False,0,0,0,0.0,0.0
6,mcv:233,mcv,174,6,1,False,0,0,0,0.0,0.0
6,fd:291,fd,27,4,1,False,0,0,0,0.0,0.0
6,mcv:539,mcv,642,4,2,False,0,0,0,0.0,0.0
6,mcv:1716,mcv,200,2,1,False,0,0,0,0.0,0.0
6,fd:305,fd,27,4,1,False,0,0,0,0.0,0.0
6,mcv:421,mcv,610,4,2,False,0,0,0,0.0,0.0
6,mcv:2080,mcv,404,1,1,True,0,0,0,0.0,0.0
6,fd:69,fd,27,6,2,False,0,0,0,0.0,0.0
6,mcv:773,mcv,196,4,1,False,0,0,0,0.0,0.0
6,fd:307,fd,27,4,1,False,0,0,0,0.0,0.0
6,fd:164,fd,27,4,2,False,0,0,0,0.0,0.0
6,mcv:1583,mcv,632,2,1,False,0,0,0,0.0,0.0
6,fd:442,fd,27,2,2,False,0,0,0,0.0,0.0
6,mcv:1397,mcv,200,3,1,False,0,0,0,0.0,0.0
6,mcv:1118,mcv,196,2,2,False,0,0,0,0.0,0.0
6,fd:526,fd,41,3,1,False,0,0,0,0.0,0.0
6,mcv:787,mcv,614,4,1,False,0,0,0,0.0,0.0
6,mcv:54,mcv,196,7,2,False,0,0,0,0.0,0.0
6,fd:22,fd,27,7,2,False,0,0,0,0.0,0.0
6,mcv:1117,mcv,174,2,2,False,0,0,0,0.0,0.0
6,fd:443,fd,27,2,2,False,0,0,0,0.0,0.0
6,mcv:780,mcv,850,4,1,False,0,0,0,0.0,0.0
6,mcv:177,mcv,854,6,2,False,0,0,0,0.0,0.0
6,fd:302,fd,27,4,1,True,0,0,0,0.0,0.0
6,mcv:1157,mcv,512,3,1,False,0,0,0,0.0,0.0
6,mcv:1044,mcv,968,3,1,True,1,1,0,0.09193777467366804,0.0
6,fd:457,fd,27,3,1,False,0,0,0,0.0,0.0
6,mcv:1567,mcv,196,2,1,False,0,0,0,0.0,0.0
6,fd:480,fd,27,3,1,False,0,0,0,0.0,0.0
6,mcv:655,mcv,756,4,1,False,0,0,0,0.0,0.0
6,mcv:1399,mcv,736,3,1,False,0,0,0,0.0,0.0
6,mcv:1267,mcv,436,3,1,False,0,0,0,0.0,0.0
6,mcv:879,mcv,714,4,1,False,0,0,0,0.0,0.0
6,mcv:39,mcv,1014,9,1,False,0,0,0,0.0,0.0
6,fd:368,fd,27,4,1,False,0,0,0,0.0,0.0
6,mcv:741,mcv,196,4,1,False,0,0,0,0.0,0.0
6,mcv:1130,mcv,226,2,2,False,0,0,0,0.0,0.0
6,mcv:1645,mcv,358,2,1,False,0,0,0,0.0,0.0
6,mcv:937,mcv,448,4,1,True,1,1,0,280.6728738892429,0.0
6,fd:369,fd,27,4,1,False,0,0,0,0.0,0.0
6,mcv:1135,mcv,504,3,1,False,0,0,0,0.0,0.0
6,mcv:1329,mcv,610,3,1,False,0,0,0,0.0,0.0
6,fd:500,fd,27,3,1,False,0,0,0,0.0,0.0
6,mcv:23,mcv,1106,8,2,False,0,0,0,0.0,0.0
6,mcv:2184,mcv,498,0,1,False,0,0,0,0.0,0.0
6,fd:449,fd,27,3,1,False,0,0,0,0.0,0.0
6,fd:446,fd,27,2,2,True,1,0,1,0.0,0.0005565769415927235
6,mcv:935,mcv,1082,4,1,False,0,0,0,0.0,0.0
6,mcv:702,mcv,362,3,2,False,0,0,0,0.0,0.0
6,mcv:1085,mcv,340,1,3,False,0,0,0,0.0,0.0
6,mcv:1396,mcv,196,3,1,False,0,0,0,0.0,0.0
6,mcv:920,mcv,196,4,1,False,0,0,0,0.0,0.0
6,mcv:659,mcv,432,4,1,False,0,0,0,0.0,0.0
6,fd:718,fd,27,1,1,False,0,0,0,0.0,0.0
6,mcv:335,mcv,218,6,1,False,0,0,0,0.0,0.0
6,mcv:1653,mcv,590,0,3,False,0,0,0,0.0,0.0
6,fd:422,fd,27,3,1,False,0,0,0,0.0,0.0
6,fd:361,fd,27,4,1,False,0,0,0,0.0,0.0
6,mcv:1821,mcv,386,2,1,False,0,0,0,0.0,0.0
6,mcv:1084,mcv,770,3,1,False,0,0,0,0.0,0.0
6,fd:273,fd,27,4,1,True,1,1,0,7.784508227848264e-05,0.0
6,mcv:2194,mcv,760,0,1,False,0,0,0,0.0,0.0
6,mcv:2061,mcv,148,1,1,False,0,0,0,0.0,0.0
6,mcv:1257,mcv,318,3,1,False,0,0,0,0.0,0.0
6,fd:551,fd,41,2,2,True,0,0,0,0.0,0.0
6,mcv:2142,mcv,682,0,1,False,0,0,0,0.0,0.0
6,mcv:944,mcv,362,4,1,True,1,0,1,0.0,0.04231572419430929
6,mcv:220,mcv,852,5,2,False,0,0,0,0.0,0.0
6,fd:219,fd,27,5,1,True,1,1,0,0.029606842947441647,0.0
6,mcv:1739,mcv,170,2,1,False,0,0,0,0.0,0.0
6,fd:8,fd,27,8,2,False,0,0,0,0.0,0.0
6,fd:655,fd,27,2,1,False,0,0,0,0.0,0.0
6,mcv:165,mcv,218,5,3,False,0,0,0,0.0,0.0
6,mcv:1658,mcv,296,2,1,False,0,0,0,0.0,0.0
6,mcv:24,mcv,340,8,2,False,0,0,0,0.0,0.0
6,mcv:1446,mcv,408,2,2,False,0,0,0,0.0,0.0
6,fd:737,fd,27,1,1,False,0,0,0,0.0,0.0
6,mcv:2100,mcv,248,1,1,False,0,0,0,0.0,0.0
6,fd:525,fd,27,3,1,True,0,0,0,0.0,0.0
6,mcv:666,mcv,640,4,1,False,0,0,0,0.0,0.0
6,mcv:562,mcv,386,5,1,False,0,0,0,0.0,0.0
6,mcv:1791,mcv,530,2,1,False,0,0,0,0.0,0.0
6,mcv:1050,mcv,274,3,1,False,0,0,0,0.0,0.0
6,mcv:1792,mcv,314,2,1,False,0,0,0,0.0,0.0
6,mcv:999,mcv,200,2,3,False,0,0,0,0.0,0.0
6,mcv:44,mcv,340,7,2,False,0,0,0,0.0,0.0
6,mcv:381,mcv,362,5,1,False,0,0,0,0.0,0.0
6,fd:352,fd,27,4,1,True,1,0,1,0.0,0.00026297013221410204
6,mcv:901,mcv,200,4,1,False,0,0,0,0.0,0.0
6,fd:404,fd,27,2,3,False,0,0,0,0.0,0.0
6,mcv:834,mcv,318,4,1,False,0,0,0,0.0,0.0
6,mcv:1112,mcv,170,2,2,False,0,0,0,0.0,0.0
6,fd:519,fd,27,3,1,False,0,0,0,0.0,0.0
6,mcv:2064,mcv,174,0,2,False,0,0,0,0.0,0.0
6,fd:720,fd,27,0,2,False,0,0,0,0.0,0.0
6,mcv:1377,mcv,572,3,1,True,1,1,0,0.30304733033180153,0.0
6,fd:735,fd,27,1,1,False,0,0,0,0.0,0.0
6,mcv:2094,mcv,278,1,1,False,0,0,0,0.0,0.0
6,fd:583,fd,27,2,1,False,0,0,0,0.0,0.0
6,mcv:870,mcv,356,4,1,False,0,0,0,0.0,0.0
6,fd:334,fd,27,4,1,False,0,0,0,0.0,0.0
6,fd:662,fd,27,1,1,False,0,0,0,0.0,0.0
6,mcv:1039,mcv,426,3,1,False,0,0,0,0.0,0.0
6,mcv:1624,mcv,278,2,1,False,0,0,0,0.0,0.0
6,mcv:1854,mcv,366,1,1,False,0,0,0,0.0,0.0
6,mcv:1306,mcv,646,3,1,False,0,0,0,0.0,0.0
6,mcv:475,mcv,658,4,2,False,0,0,0,0.0,0.0
6,mcv:1853,mcv,812,1,1,False,0,0,0,0.0,0.0
6,mcv:1268,mcv,304,3,1,False,0,0,0,0.0,0.0
6,mcv:1088,mcv,910,2,2,False,0,0,0,0.0,0.0
6,mcv:1690,mcv,270,1,2,False,0,0,0,0.0,0.0
6,mcv:1925,mcv,218,1,1,False,0,0,0,0.0,0.0
6,fd:591,fd,27,2,1,False,0,0,0,0.0,0.0
6,mcv:1238,mcv,358,3,1,False,0,0,0,0.0,0.0
6,mcv:2011,mcv,1228,1,1,False,0,0,0,0.0,0.0
6,mcv:923,mcv,314,4,1,False,0,0,0,0.0,0.0
6,mcv:705,mcv,362,4,1,False,0,0,0,0.0,0.0
6,mcv:1796,mcv,886,2,1,False,0,0,0,0.0,0.0
6,mcv:1266,mcv,304,3,1,True,1,0,1,0.0,4.432500810835904e-09
6,mcv:115,mcv,592,7,1,False,0,0,0,0.0,0.0
6,mcv:1981,mcv,450,0,2,False,0,0,0,0.0,0.0
6,mcv:1160,mcv,222,3,1,False,0,0,0,0.0,0.0
6,fd:363,fd,27,4,1,False,0,0,0,0.0,0.0
6,fd:459,fd,27,3,1,False,0,0,0,0.0,0.0
6,fd:479,fd,41,3,1,False,0,0,0,0.0,0.0
6,mcv:1235,mcv,704,3,1,False,0,0,0,0.0,0.0
6,mcv:1668,mcv,572,2,1,False,0,0,0,0.0,0.0
6,fd:493,fd,27,3,1,False,0,0,0,0.0,0.0
6,mcv:272,mcv,358,5,2,False,0,0,0,0.0,0.0
6,mcv:1639,mcv,358,2,1,False,0,0,0,0.0,0.0
6,mcv:339,mcv,218,6,1,False,0,0,0,0.0,0.0
6,mcv:2039,mcv,378,1,1,False,0,0,0,0.0,0.0
6,mcv:1316,mcv,222,3,1,False,0,0,0,0.0,0.0
6,mcv:523,mcv,448,5,1,False,0,0,0,0.0,0.0
6,fd:199,fd,27,5,1,True,0,0,0,0.0,0.0
6,mcv:1229,mcv,288,3,1,False,0,0,0,0.0,0.0
6,mcv:1303,mcv,536,3,1,True,0,0,0,0.0,0.0
6,fd:126,fd,27,6,1,True,0,0,0,0.0,0.0
6,mcv:317,mcv,174,6,1,False,0,0,0,0.0,0.0
6,fd:711,fd,27,1,1,False,0,0,0,0.0,0.0
6,mcv:1638,mcv,826,2,1,False,0,0,0,0.0,0.0
6,mcv:134,mcv,358,6,2,False,0,0,0,0.0,0.0
6,mcv:163,mcv,218,6,2,False,0,0,0,0.0,0.0
6,mcv:17,mcv,392,8,2,False,0,0,0,0.0,0.0
6,mcv:181,mcv,408,7,1,False,0,0,0,0.0,0.0
6,mcv:722,mcv,248,4,1,False,0,0,0,0.0,0.0
6,fd:351,fd,41,4,1,False,0,0,0,0.0,0.0
6,mcv:1305,mcv,466,3,1,False,0,0,0,0.0,0.0
6,mcv:1101,mcv,896,3,1,True,0,0,0,0.0,0.0
6,fd:57,fd,27,6,2,False,0,0,0,0.0,0.0
6,fd:40,fd,41,6,2,False,0,0,0,0.0,0.0
6,fd:88,fd,27,6,1,False,0,0,0,0.0,0.0
6,mcv:1803,mcv,278,2,1,False,0,0,0,0.0,0.0
6,mcv:900,mcv,148,4,1,False,0,0,0,0.0,0.0
6,mcv:1340,mcv,148,3,1,False,0,0,0,0.0,0.0
6,mcv:723,mcv,874,3,2,False,0,0,0,0.0,0.0
6,fd:647,fd,27,2,1,False,0,0,0,0.0,0.0
6,fd:58,fd,27,7,1,True,0,0,0,0.0,0.0
6,fd:157,fd,27,5,1,False,0,0,0,0.0,0.0
6,fd:84,fd,27,6,1,False,0,0,0,0.0,0.0
6,mcv:47,mcv,434,7,2,False,0,0,0,0.0,0.0
6,mcv:967,mcv,278,4,1,False,0,0,0,0.0,0.0
6,fd:348,fd,27,4,1,False,0,0,0,0.0,0.0
6,mcv:897,mcv,304,4,1,False,0,0,0,0.0,0.0
6,fd:399,fd,27,4,1,False,0,0,0,0.0,0.0
6,fd:382,fd,27,4,1,False,0,0,0,0.0,0.0
6,mcv:215,mcv,304,6,1,False,0,0,0,0.0,0.0
6,mcv:526,mcv,378,5,1,False,0,0,0,0.0,0.0
6,mcv:393,mcv,644,5,1,False,0,0,0,0.0,0.0
6,mcv:156,mcv,430,7,1,False,0,0,0,0.0,0.0
6,fd:72,fd,27,7,1,False,0,0,0,0.0,0.0
6,mcv:102,mcv,564,6,2,False,0,0,0,0.0,0.0
6,mcv:991,mcv,408,4,1,False,0,0,0,0.0,0.0
6,mcv:1534,mcv,326,2,1,False,0,0,0,0.0,0.0
6,fd:566,fd,27,2,1,False,0,0,0,0.0,0.0
6,mcv:614,mcv,148,4,2,False,0,0,0,0.0,0.0
6,mcv:223,mcv,340,6,1,False,0,0,0,0.0,0.0
6,mcv:155,mcv,196,6,2,False,0,0,0,0.0,0.0
6,mcv:1827,mcv,1166,2,1,False,0,0,0,0.0,0.0
6,fd:641,fd,27,2,1,False,0,0,0,0.0,0.0
6,mcv:341,mcv,196,4,3,False,0,0,0,0.0,0.0
6,mcv:519,mcv,196,5,1,False,0,0,0,0.0,0.0
6,fd:195,fd,27,5,1,False,0,0,0,0.0,0.0
6,mcv:2121,mcv,674,1,1,False,0,0,0,0.0,0.0
6,mcv:620,mcv,222,4,2,False,0,0,0,0.0,0.0
6,mcv:515,mcv,222,5,1,False,0,0,0,0.0,0.0
6,mcv:1784,mcv,292,2,1,False,0,0,0,0.0,0.0
6,fd:136,fd,27,4,3,False,0,0,0,0.0,0.0
6,fd:259,fd,27,4,2,False,0,0,0,0.0,0.0
6,mcv:550,mcv,606,4,2,False,0,0,0,0.0,0.0
6,mcv:355,mcv,348,5,2,False,0,0,0,0.0,0.0
6,mcv:1211,mcv,1242,3,1,False,0,0,0,0.0,0.0
6,fd:211,fd,27,4,2,False,0,0,0,0.0,0.0
6,mcv:802,mcv,462,4,1,False,0,0,0,0.0,0.0
6,fd:143,fd,27,5,2,False,0,0,0,0.0,0.0
6,mcv:594,mcv,314,5,1,False,0,0,0,0.0,0.0
6,mcv:907,mcv,434,2,3,False,0,0,0,0.0,0.0
6,fd:46,fd,27,6,2,False,0,0,0,0.0,0.0
6,mcv:127,mcv,694,6,2,False,0,0,0,0.0,0.0
6,fd:26,fd,41,8,1,False,0,0,0,0.0,0.0
6,mcv:1956,mcv,624,1,1,False,0,0,0,0.0,0.0
6,mcv:947,mcv,196,4,1,False,0,0,0,0.0,0.0
6,fd:375,fd,27,4,1,False,0,0,0,0.0,0.0
6,mcv:1765,mcv,366,2,1,False,0,0,0,0.0,0.0
6,fd:355,fd,27,2,3,False,0,0,0,0.0,0.0
6,mcv:70,mcv,662,8,1,False,0,0,0,0.0,0.0
6,mcv:2154,mcv,170,0,1,False,0,0,0,0.0,0.0
6,fd:264,fd,27,4,1,False,0,0,0,0.0,0.0
6,fd:78,fd,27,6,1,False,0,0,0,0.0,0.0
6,mcv:940,mcv,274,4,1,True,1,0,1,0.0,0.0005201960058538457
6,fd:408,fd,27,3,1,False,0,0,0,0.0,0.0
6,fd:681,fd,27,0,2,False,0,0,0,0.0,0.0
6,mcv:338,mcv,736,5,2,False,0,0,0,0.0,0.0
6,mcv:634,mcv,440,4,1,False,0,0,0,0.0,0.0
6,mcv:2082,mcv,766,1,1,False,0,0,0,0.0,0.0
6,mcv:1168,mcv,512,3,1,False,0,0,0,0.0,0.0
6,fd:3,fd,41,8,3,True,0,0,0,0.0,0.0
6,mcv:1006,mcv,414,3,1,False,0,0,0,0.0,0.0
6,fd:556,fd,27,2,1,False,0,0,0,0.0,0.0
6,mcv:193,mcv,976,6,1,False,0,0,0,0.0,0.0
6,mcv:1166,mcv,196,3,1,False,0,0,0,0.0,0.0
6,fd:461,fd,27,3,1,True,0,0,0,0.0,0.0
6,mcv:767,mcv,148,4,1,False,0,0,0,0.0,0.0
6,fd:462,fd,27,3,1,False,0,0,0,0.0,0.0
6,mcv:1475,mcv,348,2,1,False,0,0,0,0.0,0.0
6,mcv:9,mcv,512,8,3,False,0,0,0,0.0,0.0
6,mcv:1929,mcv,248,0,2,False,0,0,0,0.0,0.0
6,fd:450,fd,27,2,2,False,0,0,0,0.0,0.0
6,mcv:2221,mcv,148,0,1,False,0,0,0,0.0,0.0
6,mcv:1514,mcv,362,2,1,False,0,0,0,0.0,0.0
6,mcv:1737,mcv,148,2,1,False,0,0,0,0.0,0.0
6,mcv:917,mcv,218,4,1,False,0,0,0,0.0,0.0
6,mcv:1143,mcv,218,3,1,True,0,0,0,0.0,0.0
6,mcv:1732,mcv,196,2,1,False,0,0,0,0.0,0.0
6,mcv:1553,mcv,170,2,1,False,0,0,0,0.0,0.0
6,mcv:1087,mcv,454,3,1,False,0,0,0,0.0,0.0
6,mcv:1561,mcv,170,2,1,True,0,0,0,0.0,0.0
6,mcv:924,mcv,218,4,1,False,0,0,0,0.0,0.0
6,mcv:486,mcv,288,5,1,False,0,0,0,0.0,0.0
6,mcv:1915,mcv,218,1,1,False,0,0,0,0.0,0.0
6,mcv:1142,mcv,196,2,2,False,0,0,0,0.0,0.0
6,mcv:1861,mcv,304,1,1,False,0,0,0,0.0,0.0
6,fd:665,fd,27,1,1,False,0,0,0,0.0,0.0
6,mcv:1156,mcv,270,3,1,True,0,0,0,0.0,0.0
6,mcv:212,mcv,532,5,2,False,0,0,0,0.0,0.0
6,fd:454,fd,27,3,1,False,0,0,0,0.0,0.0
6,mcv:799,mcv,418,4,1,False,0,0,0,0.0,0.0
6,fd:372,fd,27,4,1,False,0,0,0,0.0,0.0
6,mcv:1181,mcv,148,3,1,False,0,0,0,0.0,0.0
6,mcv:1502,mcv,392,2,1,False,0,0,0,0.0,0.0
6,mcv:392,mcv,592,5,1,False,0,0,0,0.0,0.0
6,fd:156,fd,27,5,1,False,0,0,0,0.0,0.0
6,mcv:2242,mcv,248,0,1,False,0,0,0,0.0,0.0
6,mcv:942,mcv,248,4,1,False,0,0,0,0.0,0.0
6,mcv:751,mcv,170,4,1,True,0,0,0,0.0,0.0
6,mcv:152,mcv,568,7,1,False,0,0,0,0.0,0.0
6,mcv:1332,mcv,292,3,1,False,0,0,0,0.0,0.0
6,mcv:1954,mcv,800,1,1,False,0,0,0,0.0,0.0
6,fd:751,fd,27,0,1,False,0,0,0,0.0,0.0
6,mcv:795,mcv,804,4,1,False,0,0,0,0.0,0.0
6,mcv:1149,mcv,462,3,1,False,0,0,0,0.0,0.0
6,fd:311,fd,27,4,1,False,0,0,0,0.0,0.0
6,mcv:1934,mcv,248,1,1,False,0,0,0,0.0,0.0
6,mcv:941,mcv,348,4,1,False,0,0,0,0.0,0.0
6,mcv:253,mcv,270,6,1,True,1,0,1,0.0,0.0010606605033363081
6,mcv:97,mcv,362,6,2,False,0,0,0,0.0,0.0
6,mcv:2145,mcv,362,0,1,False,0,0,0,0.0,0.0
6,fd:565,fd,27,2,1,False,0,0,0,0.0,0.0
6,mcv:711,mcv,888,4,1,False,0,0,0,0.0,0.0
6,fd:341,fd,27,4,1,False,0,0,0,0.0,0.0
6,mcv:537,mcv,714,4,2,False,0,0,0,0.0,0.0
6,mcv:384,mcv,388,5,1,False,0,0,0,0.0,0.0
6,mcv:1491,mcv,1116,1,2,False,0,0,0,0.0,0.0
6,fd:684,fd,27,1,1,False,0,0,0,0.0,0.0
6,fd:390,fd,27,4,1,False,0,0,0,0.0,0.0
6,mcv:885,mcv,222,4,1,True,0,0,0,0.0,0.0
6,mcv:2245,mcv,1046,0,1,False,0,0,0,0.0,0.0
6,mcv:314,mcv,768,6,1,False,0,0,0,0.0,0.0
6,mcv:1939,mcv,462,1,1,False,0,0,0,0.0,0.0
6,mcv:204,mcv,362,6,1,False,0,0,0,0.0,0.0
6,fd:392,fd,27,3,2,False,0,0,0,0.0,0.0
6,fd:640,fd,41,2,1,False,0,0,0,0.0,0.0
6,mcv:1521,mcv,704,2,1,False,0,0,0,0.0,0.0
6,mcv:541,mcv,218,5,1,False,0,0,0,0.0,0.0
6,mcv:1726,mcv,540,2,1,False,0,0,0,0.0,0.0
6,fd:467,fd,27,3,1,True,1,1,0,0.013499539437791919,0.0
6,fd:753,fd,27,0,1,False,0,0,0,0.0,0.0
6,mcv:1191,mcv,196,3,1,False,0,0,0,0.0,0.0
6,mcv:961,mcv,218,3,2,False,0,0,0,0.0,0.0
6,fd:285,fd,27,4,1,False,0,0,0,0.0,0.0
6,mcv:388,mcv,362,4,2,False,0,0,0,0.0,0.0
6,mcv:1403,mcv,620,3,1,False,0,0,0,0.0,0.0
6,fd:87,fd,41,6,1,False,0,0,0,0.0,0.0
6,mcv:1730,mcv,692,2,1,False,0,0,0,0.0,0.0
6,fd:38,fd,27,7,1,False,0,0,0,0.0,0.0
6,fd:123,fd,27,6,1,False,0,0,0,0.0,0.0
6,mcv:980,mcv,506,3,2,False,0,0,0,0.0,0.0
6,fd:153,fd,27,5,1,False,0,0,0,0.0,0.0
6,fd:529,fd,27,3,1,False,0,0,0,0.0,0.0
6,fd:617,fd,27,2,1,True,0,0,0,0.0,0.0
6,mcv:95,mcv,682,7,1,False,0,0,0,0.0,0.0
6,mcv:978,mcv,1208,4,1,False,0,0,0,0.0,0.0
6,mcv:1090,mcv,388,3,1,True,0,0,0,0.0,0.0
6,mcv:221,mcv,278,6,1,True,1,1,0,0.6242522441626039,0.0
6,mcv:1783,mcv,392,2,1,True,0,0,0,0.0,0.0
6,mcv:435,mcv,322,5,1,False,0,0,0,0.0,0.0
6,mcv:180,mcv,370,6,2,False,0,0,0,0.0,0.0
6,mcv:1072,mcv,304,3,1,False,0,0,0,0.0,0.0
6,mcv:1431,mcv,304,3,1,False,0,0,0,0.0,0.0
6,mcv:1247,mcv,550,3,1,False,0,0,0,0.0,0.0
6,fd:432,fd,27,3,1,False,0,0,0,0.0,0.0
6,fd:543,fd,27,3,1,False,0,0,0,0.0,0.0
6,mcv:1100,mcv,524,3,1,False,0,0,0,0.0,0.0
6,mcv:1291,mcv,702,3,1,False,0,0,0,0.0,0.0
6,mcv:1458,mcv,296,3,1,False,0,0,0,0.0,0.0
6,fd:508,fd,27,3,1,False,0,0,0,0.0,0.0
6,mcv:159,mcv,574,7,1,False,0,0,0,0.0,0.0
6,mcv:2192,mcv,340,0,1,False,0,0,0,0.0,0.0
6,mcv:609,mcv,274,5,1,False,0,0,0,0.0,0.0
6,fd:71,fd,27,6,2,False,0,0,0,0.0,0.0
6,mcv:521,mcv,300,5,1,False,0,0,0,0.0,0.0
6,mcv:1254,mcv,502,3,1,False,0,0,0,0.0,0.0
6,mcv:1108,mcv,572,3,1,False,0,0,0,0.0,0.0
6,mcv:2034,mcv,366,1,1,False,0,0,0,0.0,0.0
6,fd:489,fd,27,3,1,False,0,0,0,0.0,0.0
6,mcv:669,mcv,774,4,1,False,0,0,0,0.0,0.0
6,mcv:689,mcv,444,4,1,False,0,0,0,0.0,0.0
6,fd:254,fd,27,5,1,False,0,0,0,0.0,0.0
6,mcv:385,mcv,400,5,1,True,1,1,0,50.42874605044261,0.0
6,mcv:377,mcv,452,4,2,False,0,0,0,0.0,0.0
6,mcv:716,mcv,396,4,1,False,0,0,0,0.0,0.0
6,mcv:1493,mcv,304,2,1,True,0,0,0,0.0,0.0
6,mcv:138,mcv,392,7,1,False,0,0,0,0.0,0.0
6,mcv:1053,mcv,770,2,2,False,0,0,0,0.0,0.0
6,mcv:720,mcv,900,4,1,False,0,0,0,0.0,0.0
6,mcv:1059,mcv,1128,3,1,False,0,0,0,0.0,0.0
6,fd:559,fd,41,2,1,False,0,0,0,0.0,0.0
6,fd:431,fd,27,3,1,False,0,0,0,0.0,0.0
6,mcv:1832,mcv,170,2,1,False,0,0,0,0.0,0.0
6,mcv:1071,mcv,356,3,1,False,0,0,0,0.0,0.0
6,mcv:1302,mcv,248,2,2,False,0,0,0,0.0,0.0
6,mcv:1351,mcv,434,3,1,True,1,1,0,0.2985015529702615,0.0
6,mcv:1488,mcv,572,2,1,False,0,0,0,0.0,0.0
6,mcv:1831,mcv,222,2,1,False,0,0,0,0.0,0.0
6,mcv:1300,mcv,528,3,1,False,0,0,0,0.0,0.0
6,fd:50,fd,27,7,1,False,0,0,0,0.0,0.0
6,fd:61,fd,27,7,1,False,0,0,0,0.0,0.0
6,mcv:831,mcv,340,4,1,False,0,0,0,0.0,0.0
6,fd:614,fd,41,2,1,False,0,0,0,0.0,0.0
6,mcv:288,mcv,174,6,1,False,0,0,0,0.0,0.0
6,fd:370,fd,27,4,1,False,0,0,0,0.0,0.0
6,fd:193,fd,27,4,2,False,0,0,0,0.0,0.0
6,mcv:1295,mcv,566,3,1,False,0,0,0,0.0,0.0
6,fd:86,fd,27,6,1,True,0,0,0,0.0,0.0
6,mcv:304,mcv,378,5,2,False,0,0,0,0.0,0.0
6,mcv:695,mcv,594,3,2,False,0,0,0,0.0,0.0
6,mcv:1299,mcv,634,3,1,False,0,0,0,0.0,0.0
6,fd:116,fd,27,5,2,False,0,0,0,0.0,0.0
6,mcv:859,mcv,274,4,1,False,0,0,0,0.0,0.0
6,mcv:1387,mcv,786,3,1,False,0,0,0,0.0,0.0
6,mcv:147,mcv,538,7,1,False,0,0,0,0.0,0.0
6,fd:53,fd,27,7,1,True,0,0,0,0.0,0.0
6,mcv:513,mcv,174,4,2,False,0,0,0,0.0,0.0
6,fd:539,fd,41,3,1,False,0,0,0,0.0,0.0
6,mcv:219,mcv,704,6,1,False,0,0,0,0.0,0.0
6,mcv:1723,mcv,512,2,1,False,0,0,0,0.0,0.0
6,mcv:1426,mcv,512,3,1,False,0,0,0,0.0,0.0
6,mcv:938,mcv,400,4,1,False,0,0,0,0.0,0.0
6,mcv:1203,mcv,772,3,1,True,0,0,0,0.0,0.0
6,mcv:1608,mcv,886,2,1,False,0,0,0,0.0,0.0
6,mcv:966,mcv,352,4,1,False,0,0,0,0.0,0.0
6,mcv:678,mcv,326,3,2,False,0,0,0,0.0,0.0
6,mcv:643,mcv,628,4,1,False,0,0,0,0.0,0.0
6,mcv:1025,mcv,856,3,1,True,0,0,0,0.0,0.0
6,mcv:399,mcv,1484,4,2,True,2,1,0,0.015078067025887432,0.0
6,mcv:262,mcv,658,5,2,False,0,0,0,0.0,0.0
6,mcv:762,mcv,196,4,1,False,0,0,0,0.0,0.0
6,mcv:676,mcv,518,4,1,False,0,0,0,0.0,0.0
6,fd:55,fd,27,6,2,False,0,0,0,0.0,0.0
6,mcv:1507,mcv,318,2,1,False,0,0,0,0.0,0.0
6,mcv:150,mcv,292,6,2,False,0,0,0,0.0,0.0
6,mcv:1481,mcv,514,2,1,False,0,0,0,0.0,0.0
6,fd:413,fd,27,3,1,False,0,0,0,0.0,0.0
6,mcv:182,mcv,244,7,1,False,0,0,0,0.0,0.0
6,fd:297,fd,27,4,1,True,0,0,0,0.0,0.0
6,mcv:688,mcv,444,4,1,False,0,0,0,0.0,0.0
6,mcv:1697,mcv,292,2,1,False,0,0,0,0.0,0.0
6,mcv:1078,mcv,322,3,1,True,0,0,0,0.0,0.0
6,mcv:761,mcv,292,4,1,False,0,0,0,0.0,0.0
6,mcv:120,mcv,170,7,1,False,0,0,0,0.0,0.0
6,mcv:1504,mcv,318,2,1,False,0,0,0,0.0,0.0
6,mcv:1930,mcv,278,1,1,False,0,0,0,0.0,0.0
6,mcv:788,mcv,486,4,1,False,0,0,0,0.0,0.0
6,mcv:2033,mcv,340,1,1,False,0,0,0,0.0,0.0
6,mcv:296,mcv,244,5,2,False,0,0,0,0.0,0.0
6,mcv:468,mcv,522,5,1,False,0,0,0,0.0,0.0
6,mcv:1170,mcv,222,2,2,False,0,0,0,0.0,0.0
6,fd:113,fd,27,5,2,False,0,0,0,0.0,0.0
6,fd:381,fd,27,4,1,True,1,1,0,3.514746687405257e-05,0.0
6,fd:187,fd,27,5,1,False,0,0,0,0.0,0.0
6,fd:464,fd,27,2,2,True,0,0,0,0.0,0.0
6,mcv:1298,mcv,304,3,1,False,0,0,0,0.0,0.0
6,mcv:1022,mcv,492,3,1,False,0,0,0,0.0,0.0
6,fd:682,fd,27,1,1,False,0,0,0,0.0,0.0
6,mcv:1900,mcv,326,1,1,False,0,0,0,0.0,0.0
6,mcv:1563,mcv,458,1,2,False,0,0,0,0.0,0.0
6,mcv:51,mcv,562,7,2,False,0,0,0,0.0,0.0
6,mcv:727,mcv,270,3,2,False,0,0,0,0.0,0.0
6,fd:674,fd,27,1,1,False,0,0,0,0.0,0.0
6,mcv:489,mcv,270,5,1,False,0,0,0,0.0,0.0
6,mcv:1224,mcv,318,3,1,False,0,0,0,0.0,0.0
6,fd:188,fd,27,5,1,True,0,0,0,0.0,0.0
6,mcv:1659,mcv,1544,2,1,False,0,0,0,0.0,0.0
6,mcv:2055,mcv,456,1,1,False,0,0,0,0.0,0.0
6,mcv:626,mcv,964,5,1,False,0,0,0,0.0,0.0
6,mcv:311,mcv,1956,6,1,False,0,0,0,0.0,0.0
6,fd:262,fd,27,5,1,False,0,0,0,0.0,0.0
6,mcv:835,mcv,922,4,1,True,0,0,0,0.0,0.0
6,mcv:612,mcv,218,5,1,False,0,0,0,0.0,0.0
6,mcv:2001,mcv,274,1,1,False,0,0,0,0.0,0.0
6,mcv:1771,mcv,244,2,1,False,0,0,0,0.0,0.0
6,fd:189,fd,27,5,1,False,0,0,0,0.0,0.0
6,mcv:1620,mcv,734,2,1,False,0,0,0,0.0,0.0
6,mcv:1960,mcv,414,1,1,False,0,0,0,0.0,0.0
6,mcv:803,mcv,620,4,1,False,0,0,0,0.0,0.0
6,mcv:1958,mcv,440,1,1,False,0,0,0,0.0,0.0
6,fd:586,fd,27,2,1,False,0,0,0,0.0,0.0
6,mcv:1984,mcv,888,1,1,False,0,0,0,0.0,0.0
6,mcv:1614,mcv,466,2,1,False,0,0,0,0.0,0.0
6,fd:317,fd,41,4,1,False,0,0,0,0.0,0.0
6,mcv:1629,mcv,300,2,1,False,0,0,0,0.0,0.0
6,mcv:1206,mcv,786,3,1,False,0,0,0,0.0,0.0
6,mcv:482,mcv,344,5,1,False,0,0,0,0.0,0.0
6,fd:686,fd,27,1,1,False,0,0,0,0.0,0.0
6,mcv:813,mcv,288,4,1,False,0,0,0,0.0,0.0
6,mcv:496,mcv,296,5,1,False,0,0,0,0.0,0.0
6,mcv:1207,mcv,804,3,1,False,0,0,0,0.0,0.0
6,mcv:830,mcv,322,4,1,True,0,0,0,0.0,0.0
6,mcv:1535,mcv,248,2,1,False,0,0,0,0.0,0.0
6,mcv:144,mcv,174,7,1,False,0,0,0,0.0,0.0
6,fd:52,fd,27,7,1,True,0,0,0,0.0,0.0
6,mcv:284,mcv,226,6,1,False,0,0,0,0.0,0.0
6,fd:108,fd,27,6,1,False,0,0,0,0.0,0.0
6,mcv:611,mcv,200,5,1,False,0,0,0,0.0,0.0
6,fd:255,fd,27,5,1,False,0,0,0,0.0,0.0
6,mcv:717,mcv,406,4,1,False,0,0,0,0.0,0.0
6,mcv:1348,mcv,434,3,1,True,0,0,0,0.0,0.0
6,mcv:1244,mcv,266,3,1,False,0,0,0,0.0,0.0
6,mcv:1406,mcv,222,3,1,False,0,0,0,0.0,0.0
6,fd:531,fd,27,3,1,False,0,0,0,0.0,0.0
6,mcv:2120,mcv,292,1,1,False,0,0,0,0.0,0.0
6,fd:506,fd,27,3,1,False,0,0,0,0.0,0.0
6,mcv:1245,mcv,406,3,1,False,0,0,0,0.0,0.0
6,mcv:1246,mcv,358,3,1,False,0,0,0,0.0,0.0
6,mcv:1828,mcv,218,2,1,False,0,0,0,0.0,0.0
6,mcv:778,mcv,222,4,1,False,0,0,0,0.0,0.0
6,fd:414,fd,27,3,1,False,0,0,0,0.0,0.0
6,mcv:1034,mcv,620,3,1,False,0,0,0,0.0,0.0
6,mcv:817,mcv,848,4,1,False,0,0,0,0.0,0.0
6,mcv:1026,mcv,628,3,1,False,0,0,0,0.0,0.0
6,mcv:1847,mcv,492,1,1,False,0,0,0,0.0,0.0
6,fd:659,fd,27,1,1,False,0,0,0,0.0,0.0
6,mcv:1405,mcv,248,3,1,False,0,0,0,0.0,0.0
6,mcv:1346,mcv,540,3,1,True,0,0,0,0.0,0.0
6,mcv:1584,mcv,266,2,1,False,0,0,0,0.0,0.0
6,mcv:777,mcv,170,4,1,False,0,0,0,0.0,0.0
6,fd:118,fd,41,6,1,True,0,0,0,0.0,0.0
6,mcv:1091,mcv,274,3,1,False,0,0,0,0.0,0.0
6,mcv:1089,mcv,362,3,1,False,0,0,0,0.0,0.0
6,mcv:306,mcv,148,6,1,False,0,0,0,0.0,0.0
6,fd:741,fd,27,0,1,False,0,0,0,0.0,0.0
6,mcv:2130,mcv,448,0,1,False,0,0,0,0.0,0.0
6,fd:452,fd,27,3,1,False,0,0,0,0.0,0.0
6,mcv:1146,mcv,556,3,1,False,0,0,0,0.0,0.0
6,mcv:2228,mcv,800,0,1,False,0,0,0,0.0,0.0
6,mcv:325,mcv,590,6,1,True,1,1,0,0.019058924620942497,0.0
6,fd:132,fd,41,6,1,False,0,0,0,0.0,0.0
6,fd:25,fd,27,8,1,False,0,0,0,0.0,0.0
6,mcv:1368,mcv,484,3,1,False,0,0,0,0.0,0.0
6,mcv:112,mcv,170,7,1,False,0,0,0,0.0,0.0
6,mcv:1344,mcv,962,3,1,False,0,0,0,0.0,0.0
6,mcv:568,mcv,196,5,1,False,0,0,0,0.0,0.0
6,mcv:69,mcv,908,8,1,False,0,0,0,0.0,0.0
6,mcv:1807,mcv,888,2,1,False,0,0,0,0.0,0.0
6,mcv:1365,mcv,340,2,2,False,0,0,0,0.0,0.0
6,mcv:8,mcv,952,9,2,False,0,0,0,0.0,0.0
6,mcv:744,mcv,314,4,1,False,0,0,0,0.0,0.0
6,fd:225,fd,27,5,1,True,0,0,0,0.0,0.0
6,mcv:2167,mcv,322,0,1,False,0,0,0,0.0,0.0
6,mcv:2010,mcv,840,1,1,False,0,0,0,0.0,0.0
6,mcv:497,mcv,862,5,1,False,0,0,0,0.0,0.0
6,mcv:1516,mcv,476,2,1,False,0,0,0,0.0,0.0
6,mcv:407,mcv,318,5,1,False,0,0,0,0.0,0.0
6,mcv:1882,mcv,770,1,1,False,0,0,0,0.0,0.0
6,mcv:1660,mcv,568,2,1,False,0,0,0,0.0,0.0
6,mcv:2166,mcv,274,0,1,False,0,0,0,0.0,0.0
6,mcv:32,mcv,322,9,1,True,1,0,1,0.0,0.016858971319019478
6,fd:504,fd,27,3,1,False,0,0,0,0.0,0.0
6,mcv:1343,mcv,326,3,1,False,0,0,0,0.0,0.0
6,fd:13,fd,27,9,1,False,0,0,0,0.0,0.0
6,mcv:1161,mcv,218,3,1,False,0,0,0,0.0,0.0
6,mcv:1636,mcv,336,2,1,False,0,0,0,0.0,0.0
6,mcv:1575,mcv,266,2,1,False,0,0,0,0.0,0.0
6,fd:258,fd,27,5,1,False,0,0,0,0.0,0.0
6,mcv:979,mcv,904,4,1,False,0,0,0,0.0,0.0
6,mcv:1492,mcv,940,1,2,False,0,0,0,0.0,0.0
6,mcv:1871,mcv,1138,1,1,False,0,0,0,0.0,0.0
6,fd:391,fd,27,4,1,False,0,0,0,0.0,0.0
6,fd:440,fd,27,3,1,False,0,0,0,0.0,0.0
6,mcv:619,mcv,474,5,1,False,0,0,0,0.0,0.0
6,mcv:225,mcv,314,6,1,False,0,0,0,0.0,0.0
6,mcv:1109,mcv,958,3,1,False,0,0,0,0.0,0.0
6,mcv:1510,mcv,362,2,1,False,0,0,0,0.0,0.0
6,mcv:239,mcv,218,6,1,False,0,0,0,0.0,0.0
6,mcv:1140,mcv,292,3,1,False,0,0,0,0.0,0.0
6,mcv:1918,mcv,218,1,1,False,0,0,0,0.0,0.0
6,mcv:1541,mcv,270,2,1,False,0,0,0,0.0,0.0
6,mcv:2017,mcv,428,1,1,False,0,0,0,0.0,0.0
6,mcv:1675,mcv,274,2,1,False,0,0,0,0.0,0.0
6,fd:492,fd,27,3,1,False,0,0,0,0.0,0.0
6,mcv:1017,mcv,1032,3,1,False,0,0,0,0.0,0.0
6,mcv:192,mcv,1408,6,1,False,0,0,0,0.0,0.0
6,mcv:1632,mcv,738,2,1,False,0,0,0,0.0,0.0
6,mcv:630,mcv,1234,4,1,False,0,0,0,0.0,0.0
6,mcv:1415,mcv,1386,3,1,False,0,0,0,0.0,0.0
6,fd:473,fd,27,3,1,False,0,0,0,0.0,0.0
6,mcv:1223,mcv,278,3,1,False,0,0,0,0.0,0.0
6,mcv:871,mcv,1236,4,1,False,0,0,0,0.0,0.0
6,mcv:1313,mcv,798,3,1,False,0,0,0,0.0,0.0
6,mcv:363,mcv,370,5,1,False,0,0,0,0.0,0.0
6,fd:344,fd,27,4,1,False,0,0,0,0.0,0.0
6,mcv:1165,mcv,196,3,1,False,0,0,0,0.0,0.0
6,fd:460,fd,27,3,1,False,0,0,0,0.0,0.0
6,mcv:442,mcv,314,5,1,False,0,0,0,0.0,0.0
6,mcv:103,mcv,502,7,1,False,0,0,0,0.0,0.0
6,mcv:583,mcv,196,5,1,False,0,0,0,0.0,0.0
6,mcv:14,mcv,410,9,1,False,0,0,0,0.0,0.0
6,fd:430,fd,27,3,1,False,0,0,0,0.0,0.0
6,mcv:1718,mcv,552,2,1,False,0,0,0,0.0,0.0
6,fd:235,fd,27,5,1,False,0,0,0,0.0,0.0
6,mcv:939,mcv,274,4,1,True,0,0,0,0.0,0.0
6,mcv:931,mcv,174,4,1,False,0,0,0,0.0,0.0
6,mcv:1449,mcv,584,3,1,False,0,0,0,0.0,0.0
6,fd:230,fd,27,5,1,True,1,0,1,0.0,0.08141045806367675
6,mcv:443,mcv,148,5,1,False,0,0,0,0.0,0.0
6,mcv:1169,mcv,430,3,1,False,0,0,0,0.0,0.0
6,mcv:580,mcv,408,5,1,False,0,0,0,0.0,0.0
6,mcv:672,mcv,340,4,1,False,0,0,0,0.0,0.0
6,mcv:1280,mcv,602,3,1,False,0,0,0,0.0,0.0
6,fd:727,fd,41,1,1,False,0,0,0,0.0,0.0
6,mcv:2085,mcv,508,1,1,False,0,0,0,0.0,0.0
6,mcv:100,mcv,396,7,1,False,0,0,0,0.0,0.0
6,mcv:575,mcv,248,5,1,False,0,0,0,0.0,0.0
6,fd:463,fd,27,3,1,False,0,0,0,0.0,0.0
6,fd:371,fd,41,4,1,False,0,0,0,0.0,0.0
6,mcv:1070,mcv,304,3,1,False,0,0,0,0.0,0.0
6,mcv:892,mcv,226,4,1,False,0,0,0,0.0,0.0
6,mcv:503,mcv,196,5,1,False,0,0,0,0.0,0.0
6,fd:366,fd,27,4,1,False,0,0,0,0.0,0.0
6,mcv:1589,mcv,170,2,1,False,0,0,0,0.0,0.0
6,fd:180,fd,27,4,2,True,2,2,0,0.011335750358987706,0.0
6,mcv:548,mcv,148,5,1,False,0,0,0,0.0,0.0
6,mcv:2169,mcv,148,0,1,False,0,0,0,0.0,0.0
6,mcv:450,mcv,196,4,2,False,0,0,0,0.0,0.0
6,mcv:236,mcv,148,5,2,False,0,0,0,0.0,0.0
6,mcv:737,mcv,434,4,1,False,0,0,0,0.0,0.0
6,fd:210,fd,27,5,1,False,0,0,0,0.0,0.0
6,mcv:690,mcv,318,3,2,False,0,0,0,0.0,0.0
6,fd:93,fd,41,5,2,False,0,0,0,0.0,0.0
6,fd:292,fd,27,4,1,False,0,0,0,0.0,0.0
6,mcv:906,mcv,522,4,1,False,0,0,0,0.0,0.0
6,mcv:1131,mcv,148,3,1,False,0,0,0,0.0,0.0
6,mcv:547,mcv,434,5,1,False,0,0,0,0.0,0.0
6,mcv:1079,mcv,1168,3,1,False,0,0,0,0.0,0.0
6,mcv:52,mcv,170,8,1,False,0,0,0,0.0,0.0
6,mcv:608,mcv,318,5,1,False,0,0,0,0.0,0.0
6,mcv:1770,mcv,218,2,1,False,0,0,0,0.0,0.0
6,mcv:348,mcv,200,6,1,False,0,0,0,0.0,0.0
6,fd:142,fd,27,6,1,False,0,0,0,0.0,0.0
6,mcv:1926,mcv,296,1,1,False,0,0,0,0.0,0.0
6,fd:253,fd,27,5,1,False,0,0,0,0.0,0.0
6,fd:680,fd,27,1,1,False,0,0,0,0.0,0.0
6,mcv:1769,mcv,366,2,1,False,0,0,0,0.0,0.0
6,mcv:798,mcv,382,4,1,False,0,0,0,0.0,0.0
6,mcv:604,mcv,538,5,1,False,0,0,0,0.0,0.0
6,mcv:470,mcv,620,5,1,False,0,0,0,0.0,0.0
6,mcv:1077,mcv,498,3,1,False,0,0,0,0.0,0.0
6,mcv:1371,mcv,300,3,1,False,0,0,0,0.0,0.0
6,mcv:1873,mcv,1900,1,1,False,0,0,0,0.0,0.0
6,mcv:2021,mcv,304,1,1,False,0,0,0,0.0,0.0
6,mcv:691,mcv,958,4,1,True,1,0,1,0.0,0.004543754551782575
6,mcv:472,mcv,620,5,1,False,0,0,0,0.0,0.0
6,fd:310,fd,27,4,1,False,0,0,0,0.0,0.0
6,fd:517,fd,27,3,1,False,0,0,0,0.0,0.0
6,fd:250,fd,27,5,1,False,0,0,0,0.0,0.0
6,mcv:1865,mcv,340,1,1,False,0,0,0,0.0,0.0
6,mcv:1751,mcv,270,2,1,False,0,0,0,0.0,0.0
6,mcv:1116,mcv,292,3,1,False,0,0,0,0.0,0.0
6,fd:625,fd,27,2,1,False,0,0,0,0.0,0.0
6,mcv:1081,mcv,748,3,1,False,0,0,0,0.0,0.0
6,mcv:302,mcv,568,6,1,False,0,0,0,0.0,0.0
6,mcv:1948,mcv,522,1,1,False,0,0,0,0.0,0.0
6,mcv:738,mcv,248,4,1,False,0,0,0,0.0,0.0
6,mcv:843,mcv,244,3,2,False,0,0,0,0.0,0.0
6,mcv:1279,mcv,428,3,1,True,1,1,0,0.6501926940700993,0.0
6,mcv:1335,mcv,270,3,1,False,0,0,0,0.0,0.0
6,fd:577,fd,27,2,1,False,0,0,0,0.0,0.0
6,fd:575,fd,27,2,1,False,0,0,0,0.0,0.0
6,mcv:1544,mcv,222,2,1,False,0,0,0,0.0,0.0
6,mcv:1115,mcv,174,3,1,False,0,0,0,0.0,0.0
6,fd:568,fd,27,2,1,True,0,0,0,0.0,0.0
6,fd:303,fd,27,4,1,False,0,0,0,0.0,0.0
6,mcv:774,mcv,512,4,1,False,0,0,0,0.0,0.0
6,mcv:1593,mcv,222,2,1,False,0,0,0,0.0,0.0
6,fd:441,fd,27,3,1,False,0,0,0,0.0,0.0
6,mcv:1588,mcv,196,2,1,False,0,0,0,0.0,0.0
6,mcv:606,mcv,1000,5,1,False,0,0,0,0.0,0.0
7,mcv:1463,mcv,288,3,1,False,0,0,0,0.0,0.0
7,fd:199,fd,27,4,2,False,0,0,0,0.0,0.0
7,mcv:39,mcv,1014,8,2,False,0,0,0,0.0,0.0
7,mcv:873,mcv,536,4,1,False,0,0,0,0.0,0.0
7,mcv:30,mcv,912,5,5,False,0,0,0,0.0,0.0
7,mcv:67,mcv,384,6,3,False,0,0,0,0.0,0.0
7,mcv:871,mcv,1236,4,1,True,0,0,0,0.0,0.0
7,mcv:153,mcv,428,5,3,False,0,0,0,0.0,0.0
7,mcv:1304,mcv,720,3,1,False,0,0,0,0.0,0.0
7,mcv:1406,mcv,222,2,2,True,1,0,1,0.0,0.07694562673003569
7,mcv:2103,mcv,882,1,1,False,0,0,0,0.0,0.0
7,mcv:546,mcv,406,5,1,False,0,0,0,0.0,0.0
7,mcv:599,mcv,728,4,2,False,0,0,0,0.0,0.0
7,mcv:600,mcv,288,4,2,True,0,0,0,0.0,0.0
7,mcv:1312,mcv,690,2,2,False,0,0,0,0.0,0.0
7,mcv:523,mcv,448,4,2,True,2,1,1,0.46748942286797157,0.005213015337560689
7,mcv:53,mcv,404,4,5,False,0,0,0,0.0,0.0
7,mcv:1040,mcv,620,3,1,False,0,0,0,0.0,0.0
7,mcv:664,mcv,598,4,1,False,0,0,0,0.0,0.0
7,mcv:1119,mcv,296,3,1,False,0,0,0,0.0,0.0
7,mcv:875,mcv,606,3,2,False,0,0,0,0.0,0.0
7,mcv:1991,mcv,576,0,2,False,0,0,0,0.0,0.0
7,mcv:765,mcv,296,4,1,False,0,0,0,0.0,0.0
7,mcv:1164,mcv,514,3,1,False,0,0,0,0.0,0.0
7,mcv:1896,mcv,314,1,1,False,0,0,0,0.0,0.0
7,mcv:1727,mcv,746,2,1,False,0,0,0,0.0,0.0
7,mcv:2053,mcv,772,1,1,False,0,0,0,0.0,0.0
7,fd:697,fd,27,0,2,False,0,0,0,0.0,0.0
7,mcv:728,mcv,382,4,1,False,0,0,0,0.0,0.0
7,mcv:1894,mcv,196,1,1,False,0,0,0,0.0,0.0
7,mcv:158,mcv,838,4,4,True,4,4,0,5.509186908979306,0.0
7,mcv:42,mcv,318,7,2,False,0,0,0,0.0,0.0
7,fd:82,fd,27,4,3,False,0,0,0,0.0,0.0
7,fd:616,fd,27,1,2,False,0,0,0,0.0,0.0
7,fd:298,fd,27,4,1,False,0,0,0,0.0,0.0
7,mcv:878,mcv,362,4,1,False,0,0,0,0.0,0.0
7,mcv:1577,mcv,196,2,1,False,0,0,0,0.0,0.0
7,mcv:1162,mcv,274,3,1,False,0,0,0,0.0,0.0
7,mcv:1538,mcv,318,2,1,False,0,0,0,0.0,0.0
7,mcv:49,mcv,544,8,1,False,0,0,0,0.0,0.0
7,mcv:136,mcv,926,5,3,False,0,0,0,0.0,0.0
7,mcv:202,mcv,486,4,3,True,3,1,2,0.03479671644502358,0.2461018961818291
7,fd:671,fd,27,1,1,False,0,0,0,0.0,0.0
7,mcv:1647,mcv,616,2,1,True,1,0,1,0.0,0.021221578692457888
7,fd:60,fd,27,4,4,False,0,0,0,0.0,0.0
7,mcv:68,mcv,1012,7,2,False,0,0,0,0.0,0.0
7,mcv:1037,mcv,274,2,2,False,0,0,0,0.0,0.0
7,mcv:1729,mcv,816,1,2,False,0,0,0,0.0,0.0
7,mcv:2188,mcv,366,0,1,False,0,0,0,0.0,0.0
7,mcv:1041,mcv,454,2,2,False,0,0,0,0.0,0.0
7,mcv:445,mcv,314,5,1,False,0,0,0,0.0,0.0
7,mcv:662,mcv,572,3,2,False,0,0,0,0.0,0.0
7,mcv:201,mcv,868,6,1,False,0,0,0,0.0,0.0
7,fd:19,fd,27,7,2,False,0,0,0,0.0,0.0
7,mcv:293,mcv,540,6,1,False,0,0,0,0.0,0.0
7,mcv:1407,mcv,550,2,2,False,0,0,0,0.0,0.0
7,fd:203,fd,41,4,2,False,0,0,0,0.0,0.0
7,fd:418,fd,27,2,2,False,0,0,0,0.0,0.0
7,fd:21,fd,27,8,1,False,0,0,0,0.0,0.0
7,mcv:828,mcv,1014,2,3,False,0,0,0,0.0,0.0
7,mcv:724,mcv,148,3,2,False,0,0,0,0.0,0.0
7,mcv:529,mcv,322,4,2,False,0,0,0,0.0,0.0
7,mcv:908,mcv,492,4,1,False,0,0,0,0.0,0.0
7,mcv:2113,mcv,222,1,1,False,0,0,0,0.0,0.0
7,mcv:1582,mcv,222,1,2,False,0,0,0,0.0,0.0
7,mcv:1181,mcv,148,2,2,False,0,0,0,0.0,0.0
7,mcv:1179,mcv,292,2,2,False,0,0,0,0.0,0.0
7,mcv:2073,mcv,432,1,1,False,0,0,0,0.0,0.0
7,mcv:73,mcv,658,7,2,False,0,0,0,0.0,0.0
7,mcv:1578,mcv,314,2,1,False,0,0,0,0.0,0.0
7,mcv:161,mcv,654,5,3,False,0,0,0,0.0,0.0
7,mcv:446,mcv,148,5,1,False,0,0,0,0.0,0.0
7,mcv:1378,mcv,226,3,1,False,0,0,0,0.0,0.0
7,fd:356,fd,27,4,1,False,0,0,0,0.0,0.0
7,mcv:1178,mcv,404,1,3,False,0,0,0,0.0,0.0
7,mcv:1571,mcv,170,2,1,False,0,0,0,0.0,0.0
7,mcv:778,mcv,222,4,1,False,0,0,0,0.0,0.0
7,fd:156,fd,27,4,2,False,0,0,0,0.0,0.0
7,mcv:392,mcv,592,4,2,False,0,0,0,0.0,0.0
7,mcv:1567,mcv,196,2,1,False,0,0,0,0.0,0.0
7,mcv:1950,mcv,756,1,1,False,0,0,0,0.0,0.0
7,mcv:2176,mcv,1584,0,1,False,0,0,0,0.0,0.0
7,mcv:23,mcv,1106,8,2,False,0,0,0,0.0,0.0
7,mcv:1216,mcv,772,3,1,False,0,0,0,0.0,0.0
7,mcv:1415,mcv,1386,3,1,True,1,0,1,0.0,0.0259112170630611
7,mcv:1983,mcv,774,1,1,False,0,0,0,0.0,0.0
7,fd:102,fd,27,6,1,False,0,0,0,0.0,0.0
7,mcv:1062,mcv,770,2,2,False,0,0,0,0.0,0.0
7,mcv:97,mcv,362,6,2,False,0,0,0,0.0,0.0
7,mcv:267,mcv,610,6,1,False,0,0,0,0.0,0.0
7,mcv:263,mcv,548,5,2,True,2,1,1,0.01650225145421924,0.33677062177126005
7,mcv:44,mcv,340,7,2,False,0,0,0,0.0,0.0
7,fd:152,fd,27,5,1,False,0,0,0,0.0,0.0
7,mcv:1456,mcv,170,3,1,False,0,0,0,0.0,0.0
7,mcv:383,mcv,278,5,1,True,0,0,0,0.0,0.0
7,mcv:378,mcv,362,4,2,False,0,0,0,0.0,0.0
7,mcv:773,mcv,196,2,3,False,0,0,0,0.0,0.0
7,mcv:205,mcv,1484,5,2,False,0,0,0,0.0,0.0
7,mcv:929,mcv,340,3,2,False,0,0,0,0.0,0.0
7,fd:83,fd,27,5,2,False,0,0,0,0.0,0.0
7,mcv:1772,mcv,196,2,1,False,0,0,0,0.0,0.0
7,mcv:1583,mcv,632,1,2,False,0,0,0,0.0,0.0
7,mcv:596,mcv,218,3,3,False,0,0,0,0.0,0.0
7,mcv:1611,mcv,632,1,2,False,0,0,0,0.0,0.0
7,mcv:451,mcv,170,4,2,False,0,0,0,0.0,0.0
7,mcv:326,mcv,292,5,2,False,0,0,0,0.0,0.0
7,fd:100,fd,27,5,2,False,0,0,0,0.0,0.0
7,fd:633,fd,27,2,1,False,0,0,0,0.0,0.0
7,mcv:1381,mcv,314,3,1,False,0,0,0,0.0,0.0
7,mcv:56,mcv,1128,7,2,False,0,0,0,0.0,0.0
7,mcv:777,mcv,170,3,2,False,0,0,0,0.0,0.0
7,fd:302,fd,27,2,3,False,0,0,0,0.0,0.0
7,mcv:240,mcv,218,5,2,False,0,0,0,0.0,0.0
7,mcv:112,mcv,170,6,2,True,2,1,1,0.0002858352005052911,0.007061367958944853
7,mcv:1139,mcv,362,2,2,False,0,0,0,0.0,0.0
7,mcv:494,mcv,300,3,3,False,0,0,0,0.0,0.0
7,fd:611,fd,27,1,2,False,0,0,0,0.0,0.0
7,mcv:831,mcv,340,3,2,False,0,0,0,0.0,0.0
7,mcv:1715,mcv,196,1,2,False,0,0,0,0.0,0.0
7,mcv:344,mcv,296,5,2,False,0,0,0,0.0,0.0
7,mcv:2186,mcv,454,0,1,False,0,0,0,0.0,0.0
7,mcv:825,mcv,1562,4,1,False,0,0,0,0.0,0.0
7,fd:252,fd,41,5,1,False,0,0,0,0.0,0.0
7,fd:96,fd,27,4,3,False,0,0,0,0.0,0.0
7,mcv:41,mcv,968,4,6,False,0,0,0,0.0,0.0
7,mcv:559,mcv,724,4,2,False,0,0,0,0.0,0.0
7,mcv:162,mcv,382,3,5,False,0,0,0,0.0,0.0
7,fd:63,fd,27,3,5,False,0,0,0,0.0,0.0
7,mcv:1245,mcv,406,3,1,False,0,0,0,0.0,0.0
7,mcv:75,mcv,1458,6,3,False,0,0,0,0.0,0.0
7,mcv:345,mcv,1192,4,3,False,0,0,0,0.0,0.0
7,mcv:607,mcv,304,5,1,False,0,0,0,0.0,0.0
7,mcv:1641,mcv,676,1,2,False,0,0,0,0.0,0.0
7,mcv:1831,mcv,222,1,2,False,0,0,0,0.0,0.0
7,mcv:2121,mcv,674,1,1,False,0,0,0,0.0,0.0
7,mcv:767,mcv,148,3,2,False,0,0,0,0.0,0.0
7,fd:138,fd,27,5,2,False,0,0,0,0.0,0.0
7,mcv:823,mcv,244,3,2,False,0,0,0,0.0,0.0
7,fd:139,fd,27,4,3,False,0,0,0,0.0,0.0
7,mcv:1575,mcv,266,1,2,False,0,0,0,0.0,0.0
7,mcv:252,mcv,740,5,2,False,0,0,0,0.0,0.0
7,mcv:251,mcv,296,4,3,False,0,0,0,0.0,0.0
7,mcv:1217,mcv,476,3,1,False,0,0,0,0.0,0.0
7,mcv:435,mcv,322,5,1,False,0,0,0,0.0,0.0
7,fd:0,fd,27,9,4,True,2,1,1,0.029929837842834317,0.0570261967827137
7,mcv:19,mcv,196,8,2,False,0,0,0,0.0,0.0
7,fd:7,fd,27,8,2,False,0,0,0,0.0,0.0
7,mcv:59,mcv,244,7,2,False,0,0,0,0.0,0.0
7,mcv:2150,mcv,170,0,1,False,0,0,0,0.0,0.0
7,mcv:151,mcv,384,6,2,False,0,0,0,0.0,0.0
7,fd:442,fd,27,1,3,False,0,0,0,0.0,0.0
7,mcv:244,mcv,292,3,4,False,0,0,0,0.0,0.0
7,mcv:476,mcv,572,4,2,False,0,0,0,0.0,0.0
7,fd:23,fd,27,7,2,False,0,0,0,0.0,0.0
7,mcv:1537,mcv,344,2,1,False,0,0,0,0.0,0.0
7,mcv:842,mcv,428,3,2,False,0,0,0,0.0,0.0
7,mcv:0,mcv,196,9,4,False,0,0,0,0.0,0.0
7,mcv:128,mcv,414,6,2,True,2,2,0,0.36923111014296506,0.0
7,fd:567,fd,27,2,1,False,0,0,0,0.0,0.0
7,mcv:1117,mcv,174,1,3,False,0,0,0,0.0,0.0
7,mcv:727,mcv,270,3,2,False,0,0,0,0.0,0.0
7,mcv:754,mcv,218,3,2,False,0,0,0,0.0,0.0
7,mcv:1292,mcv,588,3,1,False,0,0,0,0.0,0.0
7,fd:155,fd,27,4,2,False,0,0,0,0.0,0.0
7,mcv:883,mcv,196,3,2,False,0,0,0,0.0,0.0
7,mcv:20,mcv,382,6,4,False,0,0,0,0.0,0.0
7,mcv:1290,mcv,362,3,1,False,0,0,0,0.0,0.0
7,fd:35,fd,27,3,5,False,0,0,0,0.0,0.0
7,mcv:1767,mcv,270,2,1,False,0,0,0,0.0,0.0
7,mcv:397,mcv,304,4,2,False,0,0,0,0.0,0.0
7,mcv:1599,mcv,266,2,1,False,0,0,0,0.0,0.0
7,mcv:1497,mcv,444,2,1,False,0,0,0,0.0,0.0
7,mcv:1978,mcv,476,0,2,False,0,0,0,0.0,0.0
7,mcv:1699,mcv,248,1,2,False,0,0,0,0.0,0.0
7,mcv:1713,mcv,252,2,1,True,1,1,0,0.35712241622294694,0.0
7,fd:610,fd,41,2,1,False,0,0,0,0.0,0.0
7,mcv:1186,mcv,270,3,1,False,0,0,0,0.0,0.0
7,fd:147,fd,27,5,1,False,0,0,0,0.0,0.0
7,mcv:370,mcv,408,5,1,False,0,0,0,0.0,0.0
7,mcv:1484,mcv,432,2,1,False,0,0,0,0.0,0.0
7,mcv:157,mcv,148,6,2,False,0,0,0,0.0,0.0
7,mcv:330,mcv,248,4,3,False,0,0,0,0.0,0.0
7,fd:605,fd,27,1,2,False,0,0,0,0.0,0.0
7,mcv:1858,mcv,296,1,1,False,0,0,0,0.0,0.0
7,fd:557,fd,27,2,1,False,0,0,0,0.0,0.0
7,mcv:453,mcv,170,4,2,False,0,0,0,0.0,0.0
7,mcv:1640,mcv,244,2,1,False,0,0,0,0.0,0.0
7,fd:145,fd,41,5,1,False,0,0,0,0.0,0.0
7,mcv:99,mcv,492,6,2,False,0,0,0,0.0,0.0
7,mcv:783,mcv,218,4,1,False,0,0,0,0.0,0.0
7,fd:661,fd,27,1,1,False,0,0,0,0.0,0.0
7,fd:184,fd,27,2,4,False,0,0,0,0.0,0.0
7,fd:56,fd,27,5,3,False,0,0,0,0.0,0.0
7,fd:358,fd,27,3,2,False,0,0,0,0.0,0.0
7,mcv:216,mcv,304,4,3,False,0,0,0,0.0,0.0
7,mcv:520,mcv,226,5,1,False,0,0,0,0.0,0.0
7,mcv:889,mcv,218,2,3,False,0,0,0,0.0,0.0
7,mcv:373,mcv,480,5,1,False,0,0,0,0.0,0.0
7,fd:346,fd,27,2,3,False,0,0,0,0.0,0.0
7,mcv:16,mcv,304,8,2,True,2,1,1,0.00039362564920675247,0.0007409376714142546
7,mcv:91,mcv,274,3,5,False,0,0,0,0.0,0.0
7,mcv:213,mcv,556,5,2,False,0,0,0,0.0,0.0
7,mcv:214,mcv,470,5,2,False,0,0,0,0.0,0.0
7,fd:85,fd,27,4,3,True,1,0,1,0.0,0.014841681661572181
7,mcv:1189,mcv,292,3,1,False,0,0,0,0.0,0.0
7,mcv:911,mcv,382,3,2,False,0,0,0,0.0,0.0
7,mcv:2056,mcv,614,0,2,False,0,0,0,0.0,0.0
7,mcv:15,mcv,418,9,1,False,0,0,0,0.0,0.0
7,fd:133,fd,27,4,3,False,0,0,0,0.0,0.0
7,fd:632,fd,27,2,1,False,0,0,0,0.0,0.0
7,fd:488,fd,41,3,1,True,0,0,0,0.0,0.0
7,mcv:461,mcv,170,3,3,False,0,0,0,0.0,0.0
7,fd:757,fd,27,0,1,False,0,0,0,0.0,0.0
7,mcv:2252,mcv,148,0,1,False,0,0,0,0.0,0.0
7,fd:339,fd,27,3,2,False,0,0,0,0.0,0.0
7,mcv:1236,mcv,358,3,1,False,0,0,0,0.0,0.0
7,fd:159,fd,41,4,2,False,0,0,0,0.0,0.0
7,mcv:816,mcv,476,3,2,False,0,0,0,0.0,0.0
7,mcv:28,mcv,540,7,3,False,0,0,0,0.0,0.0
7,mcv:460,mcv,170,2,4,False,0,0,0,0.0,0.0
7,mcv:1852,mcv,352,1,1,False,0,0,0,0.0,0.0
7,mcv:1042,mcv,550,0,4,False,0,0,0,0.0,0.0
7,mcv:1700,mcv,226,1,2,False,0,0,0,0.0,0.0
7,fd:664,fd,27,1,1,False,0,0,0,0.0,0.0
7,fd:59,fd,27,6,2,False,0,0,0,0.0,0.0
7,fd:5,fd,27,8,2,False,0,0,0,0.0,0.0
7,mcv:895,mcv,226,2,3,False,0,0,0,0.0,0.0
7,mcv:1483,mcv,318,2,1,False,0,0,0,0.0,0.0
7,mcv:1982,mcv,266,1,1,False,0,0,0,0.0,0.0
7,mcv:376,mcv,274,4,2,False,0,0,0,0.0,0.0
7,mcv:391,mcv,304,4,2,False,0,0,0,0.0,0.0
7,mcv:1693,mcv,392,2,1,False,0,0,0,0.0,0.0
7,fd:150,fd,41,4,2,False,0,0,0,0.0,0.0
7,mcv:307,mcv,170,5,2,False,0,0,0,0.0,0.0
7,mcv:154,mcv,382,5,3,False,0,0,0,0.0,0.0
7,mcv:229,mcv,148,6,1,False,0,0,0,0.0,0.0
7,mcv:739,mcv,148,3,2,False,0,0,0,0.0,0.0
7,mcv:1112,mcv,170,1,3,False,0,0,0,0.0,0.0
7,mcv:530,mcv,414,4,2,True,1,0,1,0.0,0.43177656051345004
7,mcv:178,mcv,512,6,2,False,0,0,0,0.0,0.0
7,fd:714,fd,27,1,1,False,0,0,0,0.0,0.0
7,fd:70,fd,27,6,2,True,1,0,1,0.0,0.03330474891432367
7,mcv:40,mcv,840,8,2,True,2,1,1,0.4708826063575733,0.26835846526083196
7,fd:18,fd,27,8,2,False,0,0,0,0.0,0.0
7,fd:204,fd,27,4,2,False,0,0,0,0.0,0.0
7,mcv:179,mcv,674,6,2,False,0,0,0,0.0,0.0
7,mcv:879,mcv,714,3,2,False,0,0,0,0.0,0.0
7,mcv:183,mcv,506,6,2,False,0,0,0,0.0,0.0
7,mcv:988,mcv,344,4,1,False,0,0,0,0.0,0.0
7,fd:496,fd,27,1,3,False,0,0,0,0.0,0.0
7,mcv:2044,mcv,174,1,1,False,0,0,0,0.0,0.0
7,mcv:621,mcv,222,1,5,False,0,0,0,0.0,0.0
7,mcv:1321,mcv,270,1,3,False,0,0,0,0.0,0.0
7,fd:73,fd,27,6,2,False,0,0,0,0.0,0.0
7,mcv:804,mcv,664,4,1,False,0,0,0,0.0,0.0
7,fd:313,fd,27,4,1,True,0,0,0,0.0,0.0
7,mcv:1256,mcv,572,3,1,False,0,0,0,0.0,0.0
7,mcv:1626,mcv,554,1,2,False,0,0,0,0.0,0.0
7,mcv:1717,mcv,528,1,2,False,0,0,0,0.0,0.0
7,mcv:805,mcv,348,4,1,False,0,0,0,0.0,0.0
7,mcv:850,mcv,318,3,2,False,0,0,0,0.0,0.0
7,mcv:1262,mcv,620,2,2,False,0,0,0,0.0,0.0
7,mcv:498,mcv,432,5,1,False,0,0,0,0.0,0.0
7,mcv:346,mcv,340,4,3,False,0,0,0,0.0,0.0
7,mcv:1680,mcv,388,2,1,False,0,0,0,0.0,0.0
7,fd:140,fd,27,4,3,True,0,0,0,0.0,0.0
7,fd:584,fd,27,1,2,False,0,0,0,0.0,0.0
7,mcv:145,mcv,218,5,3,True,3,2,1,0.16710862247811886,0.3897972907192693
7,mcv:501,mcv,314,5,1,False,0,0,0,0.0,0.0
7,mcv:1720,mcv,314,2,1,False,0,0,0,0.0,0.0
7,mcv:480,mcv,362,5,1,False,0,0,0,0.0,0.0
7,mcv:584,mcv,356,5,1,False,0,0,0,0.0,0.0
7,fd:373,fd,27,4,1,False,0,0,0,0.0,0.0
7,mcv:298,mcv,174,6,1,False,0,0,0,0.0,0.0
7,mcv:540,mcv,414,5,1,False,0,0,0,0.0,0.0
7,mcv:946,mcv,436,4,1,False,0,0,0,0.0,0.0
7,mcv:6,mcv,842,9,2,False,0,0,0,0.0,0.0
7,mcv:764,mcv,148,4,1,False,0,0,0,0.0,0.0
7,mcv:160,mcv,810,5,3,False,0,0,0,0.0,0.0
7,fd:122,fd,27,6,1,False,0,0,0,0.0,0.0
7,mcv:2237,mcv,252,0,1,False,0,0,0,0.0,0.0
7,mcv:586,mcv,438,5,1,False,0,0,0,0.0,0.0
7,mcv:2046,mcv,196,1,1,False,0,0,0,0.0,0.0
7,fd:177,fd,27,4,2,False,0,0,0,0.0,0.0
7,mcv:1928,mcv,148,1,1,False,0,0,0,0.0,0.0
7,mcv:2059,mcv,148,1,1,False,0,0,0,0.0,0.0
7,fd:237,fd,27,5,1,False,0,0,0,0.0,0.0
7,mcv:313,mcv,382,6,1,False,0,0,0,0.0,0.0
7,mcv:1060,mcv,362,1,3,False,0,0,0,0.0,0.0
7,fd:340,fd,27,4,1,False,0,0,0,0.0,0.0
7,fd:509,fd,27,3,1,False,0,0,0,0.0,0.0
7,fd:66,fd,27,7,1,False,0,0,0,0.0,0.0
7,fd:717,fd,27,1,1,False,0,0,0,0.0,0.0
7,mcv:884,mcv,244,4,1,False,0,0,0,0.0,0.0
7,fd:178,fd,27,5,1,False,0,0,0,0.0,0.0
7,mcv:387,mcv,932,4,2,False,0,0,0,0.0,0.0
7,mcv:96,mcv,594,6,2,True,2,2,0,5.650680025240629,0.0
7,fd:558,fd,27,2,1,False,0,0,0,0.0,0.0
7,fd:62,fd,27,5,3,False,0,0,0,0.0,0.0
7,mcv:447,mcv,388,5,1,True,0,0,0,0.0,0.0
7,fd:64,fd,41,6,2,False,0,0,0,0.0,0.0
7,mcv:1579,mcv,196,2,1,False,0,0,0,0.0,0.0
7,fd:208,fd,27,5,1,False,0,0,0,0.0,0.0
7,mcv:557,mcv,628,5,1,False,0,0,0,0.0,0.0
7,fd:380,fd,27,4,1,False,0,0,0,0.0,0.0
7,mcv:316,mcv,196,4,3,False,0,0,0,0.0,0.0
7,fd:39,fd,27,6,2,False,0,0,0,0.0,0.0
7,fd:374,fd,27,4,1,False,0,0,0,0.0,0.0
7,mcv:1490,mcv,252,2,1,False,0,0,0,0.0,0.0
7,fd:4,fd,41,9,1,False,0,0,0,0.0,0.0
7,mcv:1736,mcv,322,2,1,False,0,0,0,0.0,0.0
7,fd:125,fd,27,4,3,True,1,1,0,0.0036842968693964195,0.0
7,fd:114,fd,27,6,1,False,0,0,0,0.0,0.0
7,mcv:343,mcv,576,5,2,False,0,0,0,0.0,0.0
7,mcv:170,mcv,724,6,2,False,0,0,0,0.0,0.0
7,mcv:382,mcv,388,4,2,False,0,0,0,0.0,0.0
7,mcv:556,mcv,382,5,1,False,0,0,0,0.0,0.0
7,mcv:13,mcv,278,9,1,False,0,0,0,0.0,0.0
7,fd:151,fd,27,4,2,True,1,1,0,0.14616274758336756,0.0
7,mcv:43,mcv,340,7,2,False,0,0,0,0.0,0.0
7,mcv:172,mcv,174,7,1,True,1,0,1,0.0,0.0013802342663906675
7,mcv:207,mcv,1036,5,2,False,0,0,0,0.0,0.0
7,mcv:208,mcv,654,6,1,False,0,0,0,0.0,0.0
7,mcv:444,mcv,378,4,2,True,2,2,0,0.010339723168256043,0.0
7,mcv:36,mcv,510,9,1,False,0,0,0,0.0,0.0
7,mcv:538,mcv,278,5,1,True,0,0,0,0.0,0.0
7,fd:16,fd,41,9,1,False,0,0,0,0.0,0.0
7,fd:216,fd,27,5,1,True,1,1,0,0.001479093036860224,0.0
7,fd:750,fd,27,0,1,False,0,0,0,0.0,0.0
7,mcv:118,mcv,196,6,2,False,0,0,0,0.0,0.0
7,mcv:945,mcv,340,4,1,False,0,0,0,0.0,0.0
7,mcv:956,mcv,278,4,1,False,0,0,0,0.0,0.0
7,mcv:2060,mcv,296,1,1,False,0,0,0,0.0,0.0
7,mcv:1355,mcv,378,3,1,False,0,0,0,0.0,0.0
7,fd:574,fd,27,2,1,False,0,0,0,0.0,0.0
7,mcv:64,mcv,382,8,1,False,0,0,0,0.0,0.0
7,fd:206,fd,41,5,1,False,0,0,0,0.0,0.0
7,fd:146,fd,27,4,2,False,0,0,0,0.0,0.0
7,mcv:372,mcv,318,4,2,False,0,0,0,0.0,0.0
7,mcv:753,mcv,410,4,1,True,1,0,1,0.0,1.8779987565054057e-08
7,mcv:655,mcv,756,4,1,False,0,0,0,0.0,0.0
7,fd:87,fd,41,5,2,False,0,0,0,0.0,0.0
7,mcv:1526,mcv,1922,2,1,False,0,0,0,0.0,0.0
7,mcv:168,mcv,314,5,3,False,0,0,0,0.0,0.0
7,mcv:354,mcv,222,5,2,False,0,0,0,0.0,0.0
7,fd:11,fd,27,7,3,False,0,0,0,0.0,0.0
7,mcv:322,mcv,196,5,2,False,0,0,0,0.0,0.0
7,mcv:187,mcv,148,6,2,False,0,0,0,0.0,0.0
7,mcv:1094,mcv,318,3,1,False,0,0,0,0.0,0.0
7,mcv:1000,mcv,148,4,1,False,0,0,0,0.0,0.0
7,fd:364,fd,27,3,2,False,0,0,0,0.0,0.0
7,fd:24,fd,27,5,4,True,0,0,0,0.0,0.0
7,fd:498,fd,27,2,2,False,0,0,0,0.0,0.0
7,mcv:1002,mcv,740,3,2,False,0,0,0,0.0,0.0
7,fd:260,fd,27,4,2,False,0,0,0,0.0,0.0
7,fd:115,fd,27,6,1,True,0,0,0,0.0,0.0
7,mcv:297,mcv,222,6,1,False,0,0,0,0.0,0.0
7,fd:76,fd,27,6,2,False,0,0,0,0.0,0.0
7,mcv:1095,mcv,304,2,2,True,1,1,0,3.048162744434535e-08,0.0
7,fd:42,fd,41,7,1,False,0,0,0,0.0,0.0
7,mcv:624,mcv,222,4,2,False,0,0,0,0.0,0.0
7,fd:407,fd,27,3,2,False,0,0,0,0.0,0.0
7,mcv:2118,mcv,148,1,1,False,0,0,0,0.0,0.0
7,mcv:66,mcv,248,5,4,False,0,0,0,0.0,0.0
7,mcv:107,mcv,278,7,1,True,1,0,1,0.0,3.1099213515517476e-07
7,fd:554,fd,27,2,2,True,0,0,0,0.0,0.0
7,fd:131,fd,27,4,3,False,0,0,0,0.0,0.0
7,mcv:300,mcv,196,6,1,False,0,0,0,0.0,0.0
7,mcv:625,mcv,806,4,2,False,0,0,0,0.0,0.0
7,mcv:713,mcv,362,3,2,False,0,0,0,0.0,0.0
7,mcv:926,mcv,218,3,2,False,0,0,0,0.0,0.0
7,mcv:1455,mcv,608,2,2,False,0,0,0,0.0,0.0
7,mcv:323,mcv,1052,4,3,False,0,0,0,0.0,0.0
7,fd:261,fd,27,4,2,False,0,0,0,0.0,0.0
7,fd:435,fd,41,2,2,False,0,0,0,0.0,0.0
7,mcv:29,mcv,876,7,3,True,3,1,2,989.9201571669985,1.6384430813266782
7,fd:405,fd,27,4,1,False,0,0,0,0.0,0.0
7,mcv:1093,mcv,340,3,1,False,0,0,0,0.0,0.0
7,mcv:167,mcv,196,7,1,False,0,0,0,0.0,0.0
7,mcv:221,mcv,278,5,2,True,0,0,0,0.0,0.0
7,mcv:1327,mcv,174,2,2,False,0,0,0,0.0,0.0
7,fd:541,fd,27,2,2,False,0,0,0,0.0,0.0
7,mcv:290,mcv,388,6,1,False,0,0,0,0.0,0.0
7,mcv:1962,mcv,396,1,1,False,0,0,0,0.0,0.0
7,mcv:1433,mcv,300,3,1,False,0,0,0,0.0,0.0
7,mcv:1222,mcv,462,3,1,False,0,0,0,0.0,0.0
7,mcv:810,mcv,454,4,1,False,0,0,0,0.0,0.0
7,mcv:1429,mcv,414,2,2,False,0,0,0,0.0,0.0
7,mcv:1451,mcv,314,2,2,False,0,0,0,0.0,0.0
7,mcv:2213,mcv,406,0,1,False,0,0,0,0.0,0.0
7,fd:489,fd,27,2,2,False,0,0,0,0.0,0.0
7,fd:687,fd,41,1,1,True,1,1,0,0.14200555062403986,0.0
7,mcv:1300,mcv,528,2,2,False,0,0,0,0.0,0.0
7,mcv:119,mcv,148,7,1,False,0,0,0,0.0,0.0
7,mcv:1730,mcv,692,2,1,True,0,0,0,0.0,0.0
7,mcv:1089,mcv,362,3,1,False,0,0,0,0.0,0.0
7,mcv:269,mcv,1312,5,2,False,0,0,0,0.0,0.0
7,mcv:442,mcv,314,4,2,False,0,0,0,0.0,0.0
7,mcv:1046,mcv,698,2,2,False,0,0,0,0.0,0.0
7,mcv:658,mcv,588,2,3,False,0,0,0,0.0,0.0
7,mcv:304,mcv,378,4,3,False,0,0,0,0.0,0.0
7,mcv:473,mcv,926,5,1,False,0,0,0,0.0,0.0
7,fd:284,fd,27,4,1,False,0,0,0,0.0,0.0
7,fd:116,fd,27,4,3,False,0,0,0,0.0,0.0
7,fd:500,fd,27,2,2,False,0,0,0,0.0,0.0
7,mcv:1573,mcv,440,2,1,False,0,0,0,0.0,0.0
7,mcv:796,mcv,440,3,2,False,0,0,0,0.0,0.0
7,fd:419,fd,41,2,2,False,0,0,0,0.0,0.0
7,mcv:1931,mcv,462,1,1,False,0,0,0,0.0,0.0
7,mcv:543,mcv,1098,5,1,False,0,0,0,0.0,0.0
7,mcv:891,mcv,248,3,2,False,0,0,0,0.0,0.0
7,mcv:199,mcv,686,4,3,False,0,0,0,0.0,0.0
7,mcv:710,mcv,1138,4,1,False,0,0,0,0.0,0.0
7,mcv:1850,mcv,786,1,1,False,0,0,0,0.0,0.0
7,fd:148,fd,27,2,4,False,0,0,0,0.0,0.0
7,fd:345,fd,27,4,1,False,0,0,0,0.0,0.0
7,mcv:899,mcv,418,2,3,False,0,0,0,0.0,0.0
7,mcv:1877,mcv,638,0,2,False,0,0,0,0.0,0.0
7,mcv:2146,mcv,958,0,1,False,0,0,0,0.0,0.0
7,mcv:407,mcv,318,5,1,False,0,0,0,0.0,0.0
7,mcv:1214,mcv,1282,3,1,False,0,0,0,0.0,0.0
7,mcv:1329,mcv,610,2,2,False,0,0,0,0.0,0.0
7,mcv:894,mcv,694,4,1,False,0,0,0,0.0,0.0
7,mcv:795,mcv,804,3,2,False,0,0,0,0.0,0.0
7,mcv:708,mcv,816,4,1,False,0,0,0,0.0,0.0
7,fd:617,fd,27,2,1,False,0,0,0,0.0,0.0
7,fd:350,fd,27,2,3,False,0,0,0,0.0,0.0
7,mcv:1758,mcv,930,2,1,False,0,0,0,0.0,0.0
7,mcv:1878,mcv,672,1,1,False,0,0,0,0.0,0.0
7,mcv:374,mcv,374,2,4,False,0,0,0,0.0,0.0
7,fd:295,fd,27,4,1,False,0,0,0,0.0,0.0
7,mcv:1264,mcv,318,3,1,False,0,0,0,0.0,0.0
7,mcv:140,mcv,1002,7,1,False,0,0,0,0.0,0.0
7,mcv:497,mcv,862,5,1,False,0,0,0,0.0,0.0
7,mcv:1273,mcv,410,3,1,False,0,0,0,0.0,0.0
7,mcv:1916,mcv,318,0,2,False,0,0,0,0.0,0.0
7,mcv:771,mcv,410,4,1,False,0,0,0,0.0,0.0
7,mcv:1495,mcv,304,2,1,False,0,0,0,0.0,0.0
7,mcv:1862,mcv,536,1,1,False,0,0,0,0.0,0.0
7,mcv:1141,mcv,514,3,1,False,0,0,0,0.0,0.0
7,fd:74,fd,27,7,1,False,0,0,0,0.0,0.0
7,fd:469,fd,27,3,1,False,0,0,0,0.0,0.0
7,mcv:1066,mcv,304,2,2,False,0,0,0,0.0,0.0
7,mcv:1595,mcv,170,1,2,False,0,0,0,0.0,0.0
7,mcv:680,mcv,478,4,1,False,0,0,0,0.0,0.0
7,mcv:1184,mcv,318,3,1,False,0,0,0,0.0,0.0
7,mcv:768,mcv,170,2,3,False,0,0,0,0.0,0.0
7,mcv:1175,mcv,318,3,1,False,0,0,0,0.0,0.0
7,mcv:1194,mcv,366,3,1,False,0,0,0,0.0,0.0
7,mcv:1664,mcv,996,2,1,False,0,0,0,0.0,0.0
7,mcv:500,mcv,752,5,1,False,0,0,0,0.0,0.0
7,fd:426,fd,27,2,2,True,0,0,0,0.0,0.0
7,mcv:1185,mcv,410,3,1,False,0,0,0,0.0,0.0
7,mcv:836,mcv,1014,4,1,False,0,0,0,0.0,0.0
7,mcv:1592,mcv,366,2,1,False,0,0,0,0.0,0.0
7,mcv:1917,mcv,410,1,1,False,0,0,0,0.0,0.0
7,mcv:1137,mcv,170,3,1,False,0,0,0,0.0,0.0
7,fd:465,fd,27,3,1,False,0,0,0,0.0,0.0
7,mcv:184,mcv,344,7,1,False,0,0,0,0.0,0.0
7,mcv:748,mcv,388,4,1,False,0,0,0,0.0,0.0
7,fd:561,fd,27,2,1,False,0,0,0,0.0,0.0
7,mcv:101,mcv,562,7,1,False,0,0,0,0.0,0.0
7,fd:51,fd,27,7,1,False,0,0,0,0.0,0.0
7,mcv:1912,mcv,170,1,1,False,0,0,0,0.0,0.0
7,mcv:560,mcv,382,4,2,False,0,0,0,0.0,0.0
7,fd:20,fd,27,7,2,True,1,1,0,0.14932196007649212,0.0
7,fd:523,fd,27,3,1,True,1,1,0,0.01635141018802555,0.0
7,mcv:1391,mcv,226,3,1,False,0,0,0,0.0,0.0
7,mcv:1530,mcv,966,2,1,False,0,0,0,0.0,0.0
7,mcv:224,mcv,292,6,1,False,0,0,0,0.0,0.0
7,mcv:48,mcv,524,7,2,False,0,0,0,0.0,0.0
7,fd:217,fd,27,4,2,False,0,0,0,0.0,0.0
7,mcv:1148,mcv,170,2,2,False,0,0,0,0.0,0.0
7,mcv:1557,mcv,278,2,1,False,0,0,0,0.0,0.0
7,mcv:335,mcv,218,5,2,False,0,0,0,0.0,0.0
7,mcv:1104,mcv,340,2,2,False,0,0,0,0.0,0.0
7,mcv:715,mcv,292,3,2,False,0,0,0,0.0,0.0
7,mcv:1247,mcv,550,1,3,False,0,0,0,0.0,0.0
7,mcv:1140,mcv,292,2,2,False,0,0,0,0.0,0.0
7,mcv:714,mcv,314,3,2,False,0,0,0,0.0,0.0
7,mcv:1100,mcv,524,2,2,False,0,0,0,0.0,0.0
7,fd:176,fd,27,3,3,False,0,0,0,0.0,0.0
7,mcv:50,mcv,170,6,3,False,0,0,0,0.0,0.0
7,mcv:943,mcv,244,3,2,False,0,0,0,0.0,0.0
7,fd:286,fd,27,2,3,False,0,0,0,0.0,0.0
7,mcv:1803,mcv,278,2,1,False,0,0,0,0.0,0.0
7,mcv:1250,mcv,344,3,1,False,0,0,0,0.0,0.0
7,mcv:1786,mcv,196,1,2,False,0,0,0,0.0,0.0
7,fd:456,fd,27,3,1,False,0,0,0,0.0,0.0
7,mcv:1565,mcv,318,1,2,False,0,0,0,0.0,0.0
7,mcv:437,mcv,196,5,1,False,0,0,0,0.0,0.0
7,fd:647,fd,27,2,1,False,0,0,0,0.0,0.0
7,fd:451,fd,27,3,1,True,0,0,0,0.0,0.0
7,mcv:1296,mcv,362,3,1,False,0,0,0,0.0,0.0
7,fd:189,fd,27,5,1,False,0,0,0,0.0,0.0
7,mcv:1782,mcv,300,2,1,False,0,0,0,0.0,0.0
7,mcv:716,mcv,396,3,2,False,0,0,0,0.0,0.0
7,fd:476,fd,41,3,1,False,0,0,0,0.0,0.0
7,mcv:1989,mcv,352,1,1,False,0,0,0,0.0,0.0
7,mcv:721,mcv,318,2,3,False,0,0,0,0.0,0.0
7,mcv:1987,mcv,366,1,1,False,0,0,0,0.0,0.0
7,mcv:1555,mcv,196,2,1,False,0,0,0,0.0,0.0
7,mcv:1155,mcv,196,3,1,False,0,0,0,0.0,0.0
7,mcv:1924,mcv,270,1,1,False,0,0,0,0.0,0.0
7,fd:566,fd,27,2,1,False,0,0,0,0.0,0.0
7,mcv:1534,mcv,326,2,1,False,0,0,0,0.0,0.0
7,fd:175,fd,27,5,1,False,0,0,0,0.0,0.0
7,mcv:758,mcv,278,4,1,False,0,0,0,0.0,0.0
7,fd:571,fd,27,2,1,False,0,0,0,0.0,0.0
7,mcv:1145,mcv,196,3,1,False,0,0,0,0.0,0.0
7,mcv:1298,mcv,304,3,1,False,0,0,0,0.0,0.0
7,mcv:109,mcv,270,6,2,False,0,0,0,0.0,0.0
7,fd:453,fd,27,2,2,False,0,0,0,0.0,0.0
7,mcv:1695,mcv,362,2,1,False,0,0,0,0.0,0.0
7,mcv:439,mcv,170,3,3,False,0,0,0,0.0,0.0
7,mcv:592,mcv,300,5,1,False,0,0,0,0.0,0.0
7,mcv:496,mcv,296,5,1,False,0,0,0,0.0,0.0
7,mcv:149,mcv,378,6,2,False,0,0,0,0.0,0.0
7,fd:198,fd,41,5,1,False,0,0,0,0.0,0.0
7,mcv:1311,mcv,584,2,2,False,0,0,0,0.0,0.0
7,mcv:522,mcv,470,5,1,False,0,0,0,0.0,0.0
7,fd:54,fd,27,6,2,False,0,0,0,0.0,0.0
7,mcv:1997,mcv,406,1,1,True,1,1,0,0.10620595584303572,0.0
7,mcv:1198,mcv,1414,2,2,False,0,0,0,0.0,0.0
7,mcv:268,mcv,2382,3,4,True,2,2,0,0.29825383313614284,0.0
7,mcv:242,mcv,170,6,1,False,0,0,0,0.0,0.0
7,mcv:434,mcv,850,5,1,False,0,0,0,0.0,0.0
7,mcv:282,mcv,1184,5,2,False,0,0,0,0.0,0.0
7,mcv:2003,mcv,480,1,1,True,0,0,0,0.0,0.0
7,mcv:61,mcv,358,5,4,False,0,0,0,0.0,0.0
7,mcv:124,mcv,856,6,2,False,0,0,0,0.0,0.0
7,mcv:792,mcv,544,3,2,False,0,0,0,0.0,0.0
7,mcv:1659,mcv,1544,2,1,False,0,0,0,0.0,0.0
7,mcv:143,mcv,196,7,1,False,0,0,0,0.0,0.0
7,mcv:1204,mcv,838,1,3,False,0,0,0,0.0,0.0
7,mcv:1913,mcv,676,1,1,False,0,0,0,0.0,0.0
7,mcv:837,mcv,296,3,2,False,0,0,0,0.0,0.0
7,fd:103,fd,27,3,4,False,0,0,0,0.0,0.0
7,mcv:239,mcv,218,4,3,False,0,0,0,0.0,0.0
7,mcv:1562,mcv,266,2,1,False,0,0,0,0.0,0.0
7,fd:128,fd,27,5,2,False,0,0,0,0.0,0.0
7,mcv:1342,mcv,196,3,1,False,0,0,0,0.0,0.0
7,mcv:2091,mcv,330,0,2,False,0,0,0,0.0,0.0
7,fd:693,fd,27,1,1,False,0,0,0,0.0,0.0
7,mcv:918,mcv,244,3,2,False,0,0,0,0.0,0.0
7,fd:503,fd,27,3,1,False,0,0,0,0.0,0.0
7,mcv:490,mcv,288,5,1,False,0,0,0,0.0,0.0
7,fd:516,fd,27,3,1,False,0,0,0,0.0,0.0
7,mcv:130,mcv,288,4,4,False,0,0,0,0.0,0.0
7,fd:57,fd,27,6,2,True,0,0,0,0.0,0.0
7,mcv:1973,mcv,620,1,1,False,0,0,0,0.0,0.0
7,mcv:983,mcv,686,4,1,False,0,0,0,0.0,0.0
7,mcv:958,mcv,174,4,1,False,0,0,0,0.0,0.0
7,mcv:1367,mcv,620,3,1,False,0,0,0,0.0,0.0
7,mcv:1635,mcv,174,2,1,False,0,0,0,0.0,0.0
7,mcv:485,mcv,174,4,2,False,0,0,0,0.0,0.0
7,mcv:548,mcv,148,3,3,False,0,0,0,0.0,0.0
7,fd:360,fd,27,3,2,False,0,0,0,0.0,0.0
7,mcv:319,mcv,174,5,2,False,0,0,0,0.0,0.0
7,fd:732,fd,27,0,2,False,0,0,0,0.0,0.0
7,mcv:155,mcv,196,6,2,False,0,0,0,0.0,0.0
7,mcv:1048,mcv,414,2,2,False,0,0,0,0.0,0.0
7,mcv:1876,mcv,388,1,1,False,0,0,0,0.0,0.0
7,fd:421,fd,27,2,2,False,0,0,0,0.0,0.0
7,mcv:415,mcv,730,5,1,False,0,0,0,0.0,0.0
7,fd:89,fd,41,6,1,False,0,0,0,0.0,0.0
7,fd:215,fd,27,5,1,False,0,0,0,0.0,0.0
7,mcv:720,mcv,900,3,2,False,0,0,0,0.0,0.0
7,mcv:1891,mcv,678,1,1,False,0,0,0,0.0,0.0
7,mcv:1425,mcv,714,2,2,False,0,0,0,0.0,0.0
7,mcv:1246,mcv,358,2,2,False,0,0,0,0.0,0.0
7,mcv:817,mcv,848,4,1,False,0,0,0,0.0,0.0
7,fd:398,fd,27,4,1,False,0,0,0,0.0,0.0
7,mcv:69,mcv,908,6,3,True,2,0,2,0.0,0.32968967212077716
7,mcv:1242,mcv,726,3,1,False,0,0,0,0.0,0.0
7,mcv:1979,mcv,1066,1,1,False,0,0,0,0.0,0.0
7,mcv:990,mcv,414,4,1,True,0,0,0,0.0,0.0
7,fd:670,fd,41,1,1,False,0,0,0,0.0,0.0
7,fd:163,fd,27,5,1,False,0,0,0,0.0,0.0
7,mcv:226,mcv,252,6,1,True,1,0,1,0.0,0.17398076242682392
7,fd:25,fd,27,6,3,False,0,0,0,0.0,0.0
7,mcv:1098,mcv,520,3,1,False,0,0,0,0.0,0.0
7,mcv:72,mcv,606,7,2,False,0,0,0,0.0,0.0
7,mcv:554,mcv,1102,5,1,False,0,0,0,0.0,0.0
7,mcv:1856,mcv,506,1,1,False,0,0,0,0.0,0.0
7,mcv:144,mcv,174,5,3,False,0,0,0,0.0,0.0
7,mcv:2022,mcv,362,1,1,False,0,0,0,0.0,0.0
7,mcv:146,mcv,942,5,3,False,0,0,0,0.0,0.0
7,mcv:1427,mcv,296,2,2,False,0,0,0,0.0,0.0
7,fd:52,fd,27,5,3,False,0,0,0,0.0,0.0
7,mcv:1851,mcv,366,0,2,False,0,0,0,0.0,0.0
7,fd:660,fd,27,0,2,False,0,0,0,0.0,0.0
7,mcv:83,mcv,740,8,1,False,0,0,0,0.0,0.0
7,mcv:1045,mcv,362,2,2,False,0,0,0,0.0,0.0
7,mcv:203,mcv,1320,3,4,False,0,0,0,0.0,0.0
7,mcv:237,mcv,174,6,1,False,0,0,0,0.0,0.0
7,fd:14,fd,27,7,3,False,0,0,0,0.0,0.0
7,mcv:236,mcv,148,4,3,False,0,0,0,0.0,0.0
7,mcv:737,mcv,434,2,3,False,0,0,0,0.0,0.0
7,mcv:259,mcv,544,4,3,False,0,0,0,0.0,0.0
7,fd:93,fd,41,4,3,False,0,0,0,0.0,0.0
7,mcv:18,mcv,174,7,3,False,0,0,0,0.0,0.0
7,mcv:111,mcv,174,6,2,False,0,0,0,0.0,0.0
7,fd:466,fd,27,3,1,False,0,0,0,0.0,0.0
7,mcv:123,mcv,148,5,3,True,3,0,3,0.0,0.04701693749140046
7,fd:292,fd,27,2,3,False,0,0,0,0.0,0.0
7,mcv:906,mcv,522,2,3,False,0,0,0,0.0,0.0
7,mcv:54,mcv,196,7,2,False,0,0,0,0.0,0.0
7,mcv:122,mcv,540,6,2,False,0,0,0,0.0,0.0
7,fd:22,fd,27,7,2,False,0,0,0,0.0,0.0
7,mcv:1346,mcv,540,2,2,False,0,0,0,0.0,0.0
7,mcv:1197,mcv,218,3,1,False,0,0,0,0.0,0.0
7,mcv:779,mcv,196,3,2,False,0,0,0,0.0,0.0
7,mcv:232,mcv,148,5,2,False,0,0,0,0.0,0.0
7,mcv:566,mcv,244,3,3,False,0,0,0,0.0,0.0
7,fd:506,fd,27,2,2,False,0,0,0,0.0,0.0
7,fd:223,fd,27,3,3,False,0,0,0,0.0,0.0
7,mcv:165,mcv,218,4,4,False,0,0,0,0.0,0.0
7,fd:43,fd,27,6,2,True,0,0,0,0.0,0.0
7,fd:467,fd,27,3,1,True,0,0,0,0.0,0.0
7,mcv:1124,mcv,148,3,1,False,0,0,0,0.0,0.0
7,fd:44,fd,27,5,3,False,0,0,0,0.0,0.0
7,mcv:1191,mcv,196,3,1,False,0,0,0,0.0,0.0
7,fd:180,fd,27,3,3,True,0,0,0,0.0,0.0
7,fd:6,fd,27,7,3,True,1,1,0,0.0009760702473018412,0.0
7,fd:94,fd,27,6,1,False,0,0,0,0.0,0.0
7,mcv:2119,mcv,218,1,1,False,0,0,0,0.0,0.0
7,mcv:1188,mcv,196,3,1,False,0,0,0,0.0,0.0
7,mcv:450,mcv,196,3,3,False,0,0,0,0.0,0.0
7,mcv:34,mcv,536,7,3,False,0,0,0,0.0,0.0
7,fd:250,fd,27,5,1,False,0,0,0,0.0,0.0
7,mcv:604,mcv,538,5,1,False,0,0,0,0.0,0.0
7,mcv:1671,mcv,2142,2,1,False,0,0,0,0.0,0.0
7,mcv:840,mcv,356,4,1,False,0,0,0,0.0,0.0
7,mcv:1325,mcv,728,3,1,True,0,0,0,0.0,0.0
7,mcv:1,mcv,244,9,4,False,0,0,0,0.0,0.0
7,mcv:826,mcv,366,4,1,True,1,0,1,0.0,0.004973111682949449
7,mcv:138,mcv,392,4,4,False,0,0,0,0.0,0.0
7,mcv:1458,mcv,296,0,4,False,0,0,0,0.0,0.0
7,mcv:1799,mcv,886,1,2,False,0,0,0,0.0,0.0
7,mcv:846,mcv,314,3,2,False,0,0,0,0.0,0.0
7,mcv:299,mcv,226,6,1,False,0,0,0,0.0,0.0
7,mcv:188,mcv,814,3,5,False,0,0,0,0.0,0.0
7,mcv:137,mcv,1136,6,2,False,0,0,0,0.0,0.0
7,mcv:1254,mcv,502,1,3,False,0,0,0,0.0,0.0
7,mcv:1798,mcv,578,1,2,False,0,0,0,0.0,0.0
7,mcv:1800,mcv,2170,2,1,True,0,0,0,0.0,0.0
7,fd:1,fd,27,9,4,False,0,0,0,0.0,0.0
7,fd:50,fd,27,4,4,False,0,0,0,0.0,0.0
7,mcv:506,mcv,992,4,2,False,0,0,0,0.0,0.0
7,mcv:832,mcv,1500,3,2,True,0,0,0,0.0,0.0
7,mcv:1199,mcv,812,3,1,True,0,0,0,0.0,0.0
7,mcv:284,mcv,226,6,1,False,0,0,0,0.0,0.0
7,mcv:925,mcv,292,4,1,False,0,0,0,0.0,0.0
7,mcv:55,mcv,856,6,3,False,0,0,0,0.0,0.0
7,mcv:265,mcv,618,6,1,False,0,0,0,0.0,0.0
7,fd:101,fd,27,6,1,False,0,0,0,0.0,0.0
7,mcv:511,mcv,266,5,1,False,0,0,0,0.0,0.0
7,fd:108,fd,27,6,1,False,0,0,0,0.0,0.0
7,mcv:2024,mcv,314,0,2,False,0,0,0,0.0,0.0
7,mcv:132,mcv,196,7,1,False,0,0,0,0.0,0.0
7,mcv:52,mcv,170,7,2,True,2,2,0,0.09027759828097892,0.0
7,mcv:273,mcv,750,4,3,False,0,0,0,0.0,0.0
7,mcv:222,mcv,1202,6,1,False,0,0,0,0.0,0.0
7,fd:214,fd,27,3,3,False,0,0,0,0.0,0.0
7,mcv:601,mcv,548,4,2,True,0,0,0,0.0,0.0
7,mcv:812,mcv,384,3,2,False,0,0,0,0.0,0.0
7,mcv:26,mcv,574,8,2,False,0,0,0,0.0,0.0
7,fd:48,fd,27,7,1,False,0,0,0,0.0,0.0
7,mcv:705,mcv,362,4,1,False,0,0,0,0.0,0.0
7,fd:317,fd,41,3,2,False,0,0,0,0.0,0.0
7,mcv:303,mcv,292,5,2,True,1,1,0,0.0996546484122991,0.0
7,mcv:1228,mcv,628,2,2,False,0,0,0,0.0,0.0
7,mcv:542,mcv,808,4,2,False,0,0,0,0.0,0.0
7,mcv:482,mcv,344,4,2,False,0,0,0,0.0,0.0
7,mcv:551,mcv,588,4,2,True,1,0,1,0.0,0.11507048741646653
7,mcv:1087,mcv,454,3,1,False,0,0,0,0.0,0.0
7,mcv:1985,mcv,366,0,2,False,0,0,0,0.0,0.0
7,mcv:813,mcv,288,4,1,False,0,0,0,0.0,0.0
7,fd:212,fd,27,4,2,False,0,0,0,0.0,0.0
7,fd:247,fd,27,4,2,False,0,0,0,0.0,0.0
7,mcv:2027,mcv,570,1,1,False,0,0,0,0.0,0.0
7,mcv:830,mcv,322,3,2,True,0,0,0,0.0,0.0
7,fd:109,fd,27,5,2,False,0,0,0,0.0,0.0
7,mcv:63,mcv,196,6,3,False,0,0,0,0.0,0.0
7,mcv:1150,mcv,218,3,1,False,0,0,0,0.0,0.0
7,mcv:1251,mcv,274,3,1,False,0,0,0,0.0,0.0
7,mcv:436,mcv,196,5,1,False,0,0,0,0.0,0.0
7,fd:667,fd,41,1,1,False,0,0,0,0.0,0.0
7,mcv:553,mcv,456,3,3,True,1,0,1,0.0,0.0851402816664546
7,fd:161,fd,41,3,3,False,0,0,0,0.0,0.0
7,mcv:1875,mcv,748,1,1,True,1,0,1,0.0,0.23061330724241325
7,mcv:115,mcv,592,7,1,False,0,0,0,0.0,0.0
7,mcv:174,mcv,728,7,1,False,0,0,0,0.0,0.0
7,fd:706,fd,27,1,1,False,0,0,0,0.0,0.0
7,mcv:707,mcv,1124,3,2,False,0,0,0,0.0,0.0
7,mcv:1092,mcv,274,2,2,False,0,0,0,0.0,0.0
7,mcv:483,mcv,222,4,2,False,0,0,0,0.0,0.0
7,mcv:1725,mcv,1350,1,2,False,0,0,0,0.0,0.0
7,mcv:1880,mcv,300,1,1,False,0,0,0,0.0,0.0
7,mcv:135,mcv,572,7,1,False,0,0,0,0.0,0.0
7,mcv:287,mcv,200,5,2,False,0,0,0,0.0,0.0
7,mcv:1283,mcv,296,2,2,False,0,0,0,0.0,0.0
7,mcv:953,mcv,196,3,2,False,0,0,0,0.0,0.0
7,mcv:410,mcv,278,3,3,False,0,0,0,0.0,0.0
7,mcv:245,mcv,532,6,1,True,0,0,0,0.0,0.0
7,mcv:1396,mcv,196,3,1,False,0,0,0,0.0,0.0
7,mcv:550,mcv,606,5,1,False,0,0,0,0.0,0.0
7,fd:8,fd,27,8,2,False,0,0,0,0.0,0.0
7,fd:211,fd,27,5,1,True,0,0,0,0.0,0.0
7,mcv:835,mcv,922,4,1,True,0,0,0,0.0,0.0
7,fd:105,fd,27,6,1,False,0,0,0,0.0,0.0
7,mcv:24,mcv,340,8,2,False,0,0,0,0.0,0.0
7,mcv:833,mcv,388,4,1,True,1,1,0,5.746719378687343,0.0
7,mcv:2216,mcv,244,0,1,False,0,0,0,0.0,0.0
7,mcv:882,mcv,196,4,1,False,0,0,0,0.0,0.0
7,fd:508,fd,27,2,2,True,0,0,0,0.0,0.0
7,fd:525,fd,27,3,1,False,0,0,0,0.0,0.0
7,mcv:609,mcv,274,3,3,False,0,0,0,0.0,0.0
7,mcv:1351,mcv,434,2,2,False,0,0,0,0.0,0.0
7,mcv:277,mcv,318,6,1,False,0,0,0,0.0,0.0
7,fd:338,fd,27,4,1,False,0,0,0,0.0,0.0
7,mcv:1769,mcv,366,2,1,False,0,0,0,0.0,0.0
7,fd:254,fd,27,3,3,False,0,0,0,0.0,0.0
7,mcv:742,mcv,462,3,2,False,0,0,0,0.0,0.0
7,mcv:743,mcv,196,4,1,False,0,0,0,0.0,0.0
7,mcv:801,mcv,492,3,2,False,0,0,0,0.0,0.0
7,fd:312,fd,27,3,2,False,0,0,0,0.0,0.0
7,mcv:2086,mcv,278,1,1,False,0,0,0,0.0,0.0
7,mcv:1614,mcv,466,1,2,False,0,0,0,0.0,0.0
7,mcv:1144,mcv,196,3,1,False,0,0,0,0.0,0.0
7,mcv:1687,mcv,274,2,1,False,0,0,0,0.0,0.0
7,fd:10,fd,27,7,3,False,0,0,0,0.0,0.0
7,fd:46,fd,27,5,3,False,0,0,0,0.0,0.0
7,mcv:127,mcv,694,5,3,False,0,0,0,0.0,0.0
7,fd:600,fd,27,2,1,False,0,0,0,0.0,0.0
7,mcv:337,mcv,248,5,2,False,0,0,0,0.0,0.0
7,fd:371,fd,41,4,1,False,0,0,0,0.0,0.0
7,mcv:745,mcv,314,3,2,False,0,0,0,0.0,0.0
7,mcv:939,mcv,274,4,1,True,1,1,0,0.2799662020082727,0.0
7,mcv:1210,mcv,510,3,1,False,0,0,0,0.0,0.0
7,mcv:243,mcv,200,6,1,False,0,0,0,0.0,0.0
7,mcv:27,mcv,248,7,3,False,0,0,0,0.0,0.0
7,fd:707,fd,41,0,2,False,0,0,0,0.0,0.0
7,fd:710,fd,27,1,1,False,0,0,0,0.0,0.0
7,fd:132,fd,41,5,2,False,0,0,0,0.0,0.0
7,mcv:325,mcv,590,5,2,False,0,0,0,0.0,0.0
7,fd:625,fd,27,1,2,False,0,0,0,0.0,0.0
7,mcv:1261,mcv,704,3,1,False,0,0,0,0.0,0.0
7,mcv:1650,mcv,660,1,2,False,0,0,0,0.0,0.0
7,mcv:331,mcv,992,6,1,False,0,0,0,0.0,0.0
7,mcv:1255,mcv,366,3,1,False,0,0,0,0.0,0.0
7,mcv:1658,mcv,296,2,1,False,0,0,0,0.0,0.0
7,mcv:1703,mcv,896,2,1,False,0,0,0,0.0,0.0
7,fd:624,fd,27,2,1,True,1,0,1,0.0,0.09833794695069065
7,mcv:524,mcv,808,4,2,False,0,0,0,0.0,0.0
7,mcv:526,mcv,378,5,1,False,0,0,0,0.0,0.0
7,mcv:62,mcv,340,7,2,False,0,0,0,0.0,0.0
7,mcv:286,mcv,492,6,1,False,0,0,0,0.0,0.0
7,mcv:2038,mcv,558,1,1,False,0,0,0,0.0,0.0
7,mcv:1747,mcv,340,2,1,False,0,0,0,0.0,0.0
7,mcv:147,mcv,538,6,2,False,0,0,0,0.0,0.0
7,mcv:863,mcv,244,4,1,False,0,0,0,0.0,0.0
7,fd:200,fd,41,4,2,True,0,0,0,0.0,0.0
7,fd:329,fd,27,4,1,False,0,0,0,0.0,0.0
7,mcv:2030,mcv,196,0,2,False,0,0,0,0.0,0.0
7,mcv:1751,mcv,270,1,2,False,0,0,0,0.0,0.0
7,mcv:1998,mcv,1076,1,1,False,0,0,0,0.0,0.0
7,fd:53,fd,27,6,2,False,0,0,0,0.0,0.0
7,mcv:2108,mcv,574,1,1,False,0,0,0,0.0,0.0
7,mcv:545,mcv,248,3,3,False,0,0,0,0.0,0.0
7,mcv:544,mcv,230,3,3,False,0,0,0,0.0,0.0
7,mcv:1413,mcv,526,2,2,False,0,0,0,0.0,0.0
7,mcv:1743,mcv,816,0,3,False,0,0,0,0.0,0.0
7,mcv:275,mcv,218,6,1,False,0,0,0,0.0,0.0
7,fd:29,fd,27,7,2,True,0,0,0,0.0,0.0
7,fd:209,fd,41,3,3,True,0,0,0,0.0,0.0
7,mcv:78,mcv,196,7,2,False,0,0,0,0.0,0.0
7,fd:533,fd,27,2,2,False,0,0,0,0.0,0.0
7,mcv:71,mcv,456,8,1,False,0,0,0,0.0,0.0
7,fd:27,fd,27,8,1,False,0,0,0,0.0,0.0
7,fd:236,fd,27,5,1,False,0,0,0,0.0,0.0
7,mcv:1285,mcv,174,3,1,False,0,0,0,0.0,0.0
7,mcv:581,mcv,148,5,1,False,0,0,0,0.0,0.0
7,mcv:35,mcv,148,7,3,False,0,0,0,0.0,0.0
7,mcv:349,mcv,170,4,3,False,0,0,0,0.0,0.0
7,mcv:17,mcv,392,9,1,False,0,0,0,0.0,0.0
7,fd:15,fd,41,7,3,False,0,0,0,0.0,0.0
7,fd:486,fd,27,3,1,False,0,0,0,0.0,0.0
7,mcv:1070,mcv,304,3,1,False,0,0,0,0.0,0.0
7,mcv:681,mcv,330,4,1,False,0,0,0,0.0,0.0
7,fd:430,fd,27,3,1,False,0,0,0,0.0,0.0
7,mcv:368,mcv,668,5,1,False,0,0,0,0.0,0.0
7,fd:80,fd,27,6,1,False,0,0,0,0.0,0.0
7,mcv:659,mcv,432,4,1,False,0,0,0,0.0,0.0
7,fd:510,fd,41,2,2,False,0,0,0,0.0,0.0
7,mcv:1479,mcv,742,2,1,False,0,0,0,0.0,0.0
7,mcv:196,mcv,448,6,1,False,0,0,0,0.0,0.0
7,mcv:1018,mcv,614,3,1,True,1,0,1,0.0,0.010578757372058156
7,fd:522,fd,27,2,2,False,0,0,0,0.0,0.0
7,mcv:657,mcv,274,4,1,False,0,0,0,0.0,0.0
7,fd:411,fd,27,3,1,False,0,0,0,0.0,0.0
7,mcv:1356,mcv,226,2,2,False,0,0,0,0.0,0.0
7,mcv:1389,mcv,318,2,2,True,1,1,0,0.08479238598489247,0.0
7,fd:269,fd,27,4,1,False,0,0,0,0.0,0.0
7,fd:239,fd,27,5,1,False,0,0,0,0.0,0.0
7,fd:193,fd,27,5,1,False,0,0,0,0.0,0.0
7,fd:197,fd,27,5,1,False,0,0,0,0.0,0.0
7,mcv:504,mcv,558,5,1,False,0,0,0,0.0,0.0
7,fd:118,fd,41,6,1,True,0,0,0,0.0,0.0
7,mcv:32,mcv,322,9,1,True,1,1,0,0.022924779444259746,0.0
7,mcv:513,mcv,174,5,1,False,0,0,0,0.0,0.0
7,mcv:656,mcv,432,4,1,False,0,0,0,0.0,0.0
7,fd:323,fd,27,4,1,False,0,0,0,0.0,0.0
7,mcv:510,mcv,196,4,2,False,0,0,0,0.0,0.0
7,mcv:855,mcv,222,3,2,False,0,0,0,0.0,0.0
7,mcv:1276,mcv,218,3,1,False,0,0,0,0.0,0.0
7,fd:324,fd,27,3,2,False,0,0,0,0.0,0.0
7,mcv:2080,mcv,404,0,2,False,0,0,0,0.0,0.0
7,mcv:989,mcv,410,4,1,False,0,0,0,0.0,0.0
7,mcv:280,mcv,244,4,3,False,0,0,0,0.0,0.0
7,mcv:285,mcv,266,5,2,False,0,0,0,0.0,0.0
7,fd:640,fd,41,2,1,False,0,0,0,0.0,0.0
7,mcv:937,mcv,448,3,2,False,0,0,0,0.0,0.0
7,fd:369,fd,27,3,2,False,0,0,0,0.0,0.0
7,mcv:4,mcv,288,8,3,False,0,0,0,0.0,0.0
7,fd:81,fd,27,4,3,False,0,0,0,0.0,0.0
7,fd:9,fd,27,8,2,False,0,0,0,0.0,0.0
7,mcv:613,mcv,218,5,1,True,0,0,0,0.0,0.0
7,mcv:661,mcv,388,3,2,False,0,0,0,0.0,0.0
7,mcv:961,mcv,218,3,2,False,0,0,0,0.0,0.0
7,fd:195,fd,27,5,1,False,0,0,0,0.0,0.0
7,fd:502,fd,27,3,1,False,0,0,0,0.0,0.0
7,mcv:517,mcv,414,5,1,False,0,0,0,0.0,0.0
7,mcv:58,mcv,288,6,3,False,0,0,0,0.0,0.0
7,fd:32,fd,27,7,2,False,0,0,0,0.0,0.0
7,mcv:665,mcv,664,4,1,True,0,0,0,0.0,0.0
7,mcv:306,mcv,148,6,1,False,0,0,0,0.0,0.0
7,mcv:328,mcv,510,4,3,False,0,0,0,0.0,0.0
7,mcv:854,mcv,444,4,1,False,0,0,0,0.0,0.0
7,mcv:1047,mcv,362,2,2,False,0,0,0,0.0,0.0
7,mcv:2019,mcv,218,1,1,False,0,0,0,0.0,0.0
7,mcv:339,mcv,218,6,1,True,1,0,0,0.0,0.0
7,fd:420,fd,27,2,2,False,0,0,0,0.0,0.0
7,mcv:93,mcv,454,4,4,False,0,0,0,0.0,0.0
7,mcv:25,mcv,524,8,2,False,0,0,0,0.0,0.0
7,mcv:2029,mcv,218,1,1,False,0,0,0,0.0,0.0
7,mcv:587,mcv,400,5,1,False,0,0,0,0.0,0.0
7,mcv:82,mcv,300,7,2,False,0,0,0,0.0,0.0
7,fd:192,fd,27,5,1,False,0,0,0,0.0,0.0
7,mcv:862,mcv,382,4,1,False,0,0,0,0.0,0.0
7,mcv:1274,mcv,266,2,2,False,0,0,0,0.0,0.0
7,mcv:610,mcv,170,5,1,False,0,0,0,0.0,0.0
7,fd:13,fd,27,9,1,False,0,0,0,0.0,0.0
7,mcv:512,mcv,480,5,1,False,0,0,0,0.0,0.0
7,mcv:865,mcv,200,4,1,False,0,0,0,0.0,0.0
7,mcv:200,mcv,322,4,3,False,0,0,0,0.0,0.0
7,fd:191,fd,27,4,2,True,0,0,0,0.0,0.0
7,mcv:1341,mcv,148,2,2,False,0,0,0,0.0,0.0
7,mcv:515,mcv,222,5,1,False,0,0,0,0.0,0.0
7,mcv:1339,mcv,174,3,1,False,0,0,0,0.0,0.0
7,mcv:2,mcv,218,9,3,False,0,0,0,0.0,0.0
7,mcv:1287,mcv,196,2,2,False,0,0,0,0.0,0.0
7,mcv:849,mcv,222,3,2,False,0,0,0,0.0,0.0
7,mcv:996,mcv,218,3,2,False,0,0,0,0.0,0.0
7,mcv:10,mcv,546,9,2,False,0,0,0,0.0,0.0
7,fd:271,fd,27,3,2,False,0,0,0,0.0,0.0
7,mcv:33,mcv,196,6,4,False,0,0,0,0.0,0.0
7,mcv:1783,mcv,392,2,1,False,0,0,0,0.0,0.0
7,mcv:982,mcv,418,4,1,False,0,0,0,0.0,0.0
7,mcv:1403,mcv,620,3,1,False,0,0,0,0.0,0.0
7,fd:529,fd,27,3,1,False,0,0,0,0.0,0.0
7,mcv:2088,mcv,642,1,1,True,1,1,0,0.13601074073300068,0.0
7,fd:392,fd,27,3,2,False,0,0,0,0.0,0.0
7,mcv:1110,mcv,314,1,3,False,0,0,0,0.0,0.0
7,fd:394,fd,27,4,1,False,0,0,0,0.0,0.0
7,fd:440,fd,27,2,2,False,0,0,0,0.0,0.0
7,fd:729,fd,27,1,1,False,0,0,0,0.0,0.0
7,mcv:341,mcv,196,5,2,False,0,0,0,0.0,0.0
7,mcv:595,mcv,218,5,1,False,0,0,0,0.0,0.0
7,mcv:85,mcv,170,7,2,True,2,2,0,0.14429506741322018,0.0
7,mcv:225,mcv,314,3,4,True,2,0,2,0.0,0.4970366946190137
7,mcv:947,mcv,196,4,1,False,0,0,0,0.0,0.0
7,fd:375,fd,27,4,1,True,0,0,0,0.0,0.0
7,mcv:1109,mcv,958,2,2,False,0,0,0,0.0,0.0
7,fd:136,fd,27,5,2,False,0,0,0,0.0,0.0
7,mcv:980,mcv,506,3,2,False,0,0,0,0.0,0.0
7,mcv:142,mcv,626,5,3,False,0,0,0,0.0,0.0
7,fd:229,fd,27,4,2,False,0,0,0,0.0,0.0
7,mcv:572,mcv,322,4,2,False,0,0,0,0.0,0.0
7,mcv:1059,mcv,1128,2,2,False,0,0,0,0.0,0.0
7,fd:38,fd,27,6,2,False,0,0,0,0.0,0.0
7,mcv:1344,mcv,962,3,1,False,0,0,0,0.0,0.0
7,fd:649,fd,41,0,3,False,0,0,0,0.0,0.0
7,mcv:12,mcv,476,9,1,False,0,0,0,0.0,0.0
7,mcv:159,mcv,574,5,3,False,0,0,0,0.0,0.0
7,mcv:1279,mcv,428,2,2,True,2,1,1,0.7032162968991511,0.19372367086058317
7,mcv:1805,mcv,604,0,3,False,0,0,0,0.0,0.0
7,mcv:95,mcv,682,6,2,False,0,0,0,0.0,0.0
7,mcv:210,mcv,392,3,4,True,4,3,1,0.7269201060373904,0.006299890252132512
7,fd:61,fd,27,5,3,False,0,0,0,0.0,0.0
7,mcv:279,mcv,716,5,2,False,0,0,0,0.0,0.0
7,fd:425,fd,27,3,1,False,0,0,0,0.0,0.0
7,mcv:591,mcv,470,5,1,True,1,0,1,0.0,0.586091860293926
7,mcv:703,mcv,496,3,2,True,1,1,0,0.04969244073999213,0.0
7,mcv:1330,mcv,340,3,1,False,0,0,0,0.0,0.0
7,mcv:5,mcv,414,7,4,False,0,0,0,0.0,0.0
7,mcv:1083,mcv,388,3,1,False,0,0,0,0.0,0.0
7,fd:283,fd,27,3,2,False,0,0,0,0.0,0.0
7,fd:434,fd,27,3,1,False,0,0,0,0.0,0.0
7,mcv:1063,mcv,594,3,1,False,0,0,0,0.0,0.0
7,mcv:400,mcv,616,3,3,False,0,0,0,0.0,0.0
7,mcv:2048,mcv,800,1,1,False,0,0,0,0.0,0.0
7,fd:514,fd,27,3,1,False,0,0,0,0.0,0.0
7,mcv:206,mcv,704,3,4,False,0,0,0,0.0,0.0
7,fd:376,fd,27,4,1,False,0,0,0,0.0,0.0
7,mcv:1051,mcv,884,1,3,False,0,0,0,0.0,0.0
7,fd:501,fd,27,3,1,True,1,1,0,0.0270167875344125,0.0
7,mcv:1364,mcv,392,3,1,False,0,0,0,0.0,0.0
7,fd:154,fd,41,4,2,False,0,0,0,0.0,0.0
7,fd:243,fd,41,5,1,False,0,0,0,0.0,0.0
7,fd:433,fd,27,2,2,False,0,0,0,0.0,0.0
7,fd:499,fd,27,2,2,True,1,1,0,0.0005749809323698507,0.0
7,mcv:1082,mcv,550,2,2,False,0,0,0,0.0,0.0
7,mcv:948,mcv,484,4,1,False,0,0,0,0.0,0.0
7,mcv:696,mcv,362,4,1,False,0,0,0,0.0,0.0
7,mcv:1328,mcv,248,2,2,False,0,0,0,0.0,0.0
7,mcv:389,mcv,408,4,2,False,0,0,0,0.0,0.0
7,fd:88,fd,27,5,2,False,0,0,0,0.0,0.0
7,mcv:2093,mcv,148,1,1,False,0,0,0,0.0,0.0
7,fd:439,fd,27,3,1,False,0,0,0,0.0,0.0
7,mcv:1106,mcv,226,3,1,False,0,0,0,0.0,0.0
7,mcv:1482,mcv,470,2,1,False,0,0,0,0.0,0.0
7,mcv:1476,mcv,874,2,1,False,0,0,0,0.0,0.0
7,fd:734,fd,27,1,1,False,0,0,0,0.0,0.0
7,mcv:223,mcv,340,5,2,False,0,0,0,0.0,0.0
7,fd:265,fd,27,4,1,False,0,0,0,0.0,0.0
7,mcv:646,mcv,382,4,1,False,0,0,0,0.0,0.0
7,mcv:197,mcv,646,6,1,True,1,1,0,0.12823812634016885,0.0
7,mcv:920,mcv,196,4,1,False,0,0,0,0.0,0.0
7,mcv:371,mcv,594,4,2,False,0,0,0,0.0,0.0
7,mcv:413,mcv,384,5,1,True,1,1,0,0.33577379046470734,0.0
7,fd:422,fd,27,3,1,False,0,0,0,0.0,0.0
7,mcv:919,mcv,266,4,1,True,1,1,0,0.07602784048326972,0.0
7,mcv:1097,mcv,292,3,1,False,0,0,0,0.0,0.0
7,mcv:1854,mcv,366,1,1,False,0,0,0,0.0,0.0
7,fd:361,fd,27,4,1,True,0,0,0,0.0,0.0
7,mcv:418,mcv,1522,5,1,False,0,0,0,0.0,0.0
7,fd:662,fd,27,1,1,False,0,0,0,0.0,0.0
7,mcv:2136,mcv,296,0,1,False,0,0,0,0.0,0.0
7,mcv:563,mcv,244,5,1,False,0,0,0,0.0,0.0
7,mcv:1596,mcv,218,2,1,False,0,0,0,0.0,0.0
7,mcv:1111,mcv,384,2,2,True,1,0,0,0.0,0.0
7,mcv:780,mcv,850,3,2,False,0,0,0,0.0,0.0
7,mcv:11,mcv,1162,9,2,False,0,0,0,0.0,0.0
7,fd:305,fd,27,3,2,False,0,0,0,0.0,0.0
7,mcv:166,mcv,942,6,2,False,0,0,0,0.0,0.0
7,fd:742,fd,27,0,1,False,0,0,0,0.0,0.0
7,mcv:356,mcv,218,5,2,False,0,0,0,0.0,0.0
7,mcv:254,mcv,218,5,2,False,0,0,0,0.0,0.0
7,fd:36,fd,27,5,3,False,0,0,0,0.0,0.0
7,mcv:417,mcv,314,4,2,False,0,0,0,0.0,0.0
7,mcv:1050,mcv,274,3,1,False,0,0,0,0.0,0.0
7,mcv:92,mcv,410,5,3,False,0,0,0,0.0,0.0
7,mcv:927,mcv,244,3,2,True,0,0,0,0.0,0.0
7,fd:220,fd,27,5,1,False,0,0,0,0.0,0.0
7,mcv:386,mcv,296,5,1,False,0,0,0,0.0,0.0
7,mcv:270,mcv,488,6,1,True,1,1,0,0.2905784157026383,0.0
7,mcv:802,mcv,462,4,1,False,0,0,0,0.0,0.0
7,mcv:582,mcv,170,4,2,False,0,0,0,0.0,0.0
7,mcv:568,mcv,196,5,1,False,0,0,0,0.0,0.0
7,mcv:575,mcv,248,5,1,False,0,0,0,0.0,0.0
7,mcv:793,mcv,620,4,1,False,0,0,0,0.0,0.0
7,mcv:1233,mcv,196,3,1,False,0,0,0,0.0,0.0
7,mcv:487,mcv,174,5,1,False,0,0,0,0.0,0.0
7,mcv:1613,mcv,418,2,1,False,0,0,0,0.0,0.0
7,fd:623,fd,27,2,1,True,0,0,0,0.0,0.0
7,fd:230,fd,27,5,1,True,0,0,0,0.0,0.0
7,mcv:1741,mcv,296,2,1,False,0,0,0,0.0,0.0
7,fd:515,fd,27,3,1,False,0,0,0,0.0,0.0
7,mcv:1366,mcv,196,3,1,False,0,0,0,0.0,0.0
7,fd:225,fd,27,5,1,True,0,0,0,0.0,0.0
7,mcv:1338,mcv,170,3,1,False,0,0,0,0.0,0.0
7,mcv:1634,mcv,362,2,1,False,0,0,0,0.0,0.0
7,mcv:1622,mcv,720,2,1,False,0,0,0,0.0,0.0
7,fd:333,fd,27,4,1,False,0,0,0,0.0,0.0
7,mcv:74,mcv,434,6,3,False,0,0,0,0.0,0.0
7,mcv:869,mcv,448,4,1,True,0,0,0,0.0,0.0
7,mcv:481,mcv,330,5,1,False,0,0,0,0.0,0.0
7,mcv:1702,mcv,810,2,1,False,0,0,0,0.0,0.0
7,mcv:276,mcv,966,6,1,False,0,0,0,0.0,0.0
7,mcv:803,mcv,620,4,1,False,0,0,0,0.0,0.0
7,mcv:525,mcv,452,4,2,False,0,0,0,0.0,0.0
7,mcv:475,mcv,658,5,1,False,0,0,0,0.0,0.0
7,mcv:794,mcv,1044,4,1,False,0,0,0,0.0,0.0
7,mcv:1206,mcv,786,3,1,False,0,0,0,0.0,0.0
7,mcv:558,mcv,540,5,1,False,0,0,0,0.0,0.0
7,mcv:1207,mcv,804,3,1,False,0,0,0,0.0,0.0
7,fd:581,fd,41,2,1,True,0,0,0,0.0,0.0
7,fd:258,fd,27,3,3,False,0,0,0,0.0,0.0
7,mcv:1447,mcv,386,3,1,False,0,0,0,0.0,0.0
7,mcv:1813,mcv,662,2,1,False,0,0,0,0.0,0.0
7,fd:552,fd,27,3,1,False,0,0,0,0.0,0.0
7,mcv:964,mcv,226,4,1,False,0,0,0,0.0,0.0
7,mcv:1432,mcv,318,1,3,False,0,0,0,0.0,0.0
7,fd:651,fd,27,2,1,True,0,0,0,0.0,0.0
7,mcv:1107,mcv,590,3,1,False,0,0,0,0.0,0.0
7,fd:752,fd,41,0,1,False,0,0,0,0.0,0.0
7,mcv:1791,mcv,530,2,1,False,0,0,0,0.0,0.0
7,fd:544,fd,27,1,3,False,0,0,0,0.0,0.0
7,mcv:619,mcv,474,3,3,True,0,0,0,0.0,0.0
7,mcv:1108,mcv,572,2,2,False,0,0,0,0.0,0.0
7,mcv:723,mcv,874,3,2,False,0,0,0,0.0,0.0
7,mcv:2243,mcv,204,0,1,False,0,0,0,0.0,0.0
7,mcv:1151,mcv,532,3,1,False,0,0,0,0.0,0.0
7,mcv:116,mcv,148,6,2,False,0,0,0,0.0,0.0
7,mcv:974,mcv,148,4,1,False,0,0,0,0.0,0.0
7,mcv:60,mcv,218,6,3,False,0,0,0,0.0,0.0
7,mcv:471,mcv,466,5,1,False,0,0,0,0.0,0.0
7,mcv:1612,mcv,576,2,1,False,0,0,0,0.0,0.0
7,mcv:1215,mcv,418,3,1,False,0,0,0,0.0,0.0
7,mcv:1958,mcv,440,1,1,False,0,0,0,0.0,0.0
7,mcv:1326,mcv,196,3,1,True,1,1,0,2.491170936202991e-08,0.0
7,mcv:2112,mcv,148,1,1,False,0,0,0,0.0,0.0
7,mcv:847,mcv,218,2,3,False,0,0,0,0.0,0.0
7,mcv:1560,mcv,170,2,1,False,0,0,0,0.0,0.0
7,fd:454,fd,27,2,2,False,0,0,0,0.0,0.0
7,fd:740,fd,27,1,1,False,0,0,0,0.0,0.0
7,fd:472,fd,27,3,1,False,0,0,0,0.0,0.0
7,mcv:65,mcv,196,6,3,True,2,1,1,0.07534494645834644,3.6776854672737613e-08
7,mcv:799,mcv,418,3,2,False,0,0,0,0.0,0.0
7,mcv:1149,mcv,462,2,2,False,0,0,0,0.0,0.0
7,mcv:1559,mcv,170,2,1,False,0,0,0,0.0,0.0
7,mcv:438,mcv,170,4,2,False,0,0,0,0.0,0.0
7,fd:311,fd,27,3,2,False,0,0,0,0.0,0.0
7,fd:686,fd,27,1,1,False,0,0,0,0.0,0.0
7,mcv:1568,mcv,196,2,1,False,0,0,0,0.0,0.0
7,mcv:247,mcv,270,4,3,False,0,0,0,0.0,0.0
7,mcv:248,mcv,218,6,1,False,0,0,0,0.0,0.0
7,mcv:1919,mcv,170,1,1,False,0,0,0,0.0,0.0
7,mcv:86,mcv,414,7,1,True,1,0,1,0.0,0.5748600726896915
7,mcv:191,mcv,348,5,2,True,1,0,1,0.0,0.021067361269257567
7,mcv:1010,mcv,866,2,2,False,0,0,0,0.0,0.0
7,mcv:241,mcv,292,6,1,False,0,0,0,0.0,0.0
7,mcv:1872,mcv,498,1,1,False,0,0,0,0.0,0.0
7,fd:33,fd,27,7,1,False,0,0,0,0.0,0.0
7,fd:417,fd,27,3,1,False,0,0,0,0.0,0.0
7,mcv:1035,mcv,708,3,1,False,0,0,0,0.0,0.0
7,mcv:1393,mcv,362,3,1,False,0,0,0,0.0,0.0
7,mcv:189,mcv,800,4,3,False,0,0,0,0.0,0.0
7,mcv:719,mcv,314,4,1,False,0,0,0,0.0,0.0
7,mcv:401,mcv,318,4,2,False,0,0,0,0.0,0.0
7,mcv:1016,mcv,572,2,2,False,0,0,0,0.0,0.0
7,mcv:190,mcv,936,6,1,True,0,0,0,0.0,0.0
7,mcv:113,mcv,218,7,1,False,0,0,0,0.0,0.0
7,mcv:1866,mcv,362,1,1,False,0,0,0,0.0,0.0
7,mcv:755,mcv,170,4,1,False,0,0,0,0.0,0.0
7,mcv:1867,mcv,362,1,1,False,0,0,0,0.0,0.0
7,mcv:718,mcv,546,3,2,False,0,0,0,0.0,0.0
7,fd:77,fd,27,5,2,False,0,0,0,0.0,0.0
7,mcv:1036,mcv,318,3,1,False,0,0,0,0.0,0.0
7,mcv:357,mcv,756,5,1,True,0,0,0,0.0,0.0
7,mcv:217,mcv,660,5,2,False,0,0,0,0.0,0.0
7,mcv:1838,mcv,414,1,1,False,0,0,0,0.0,0.0
7,mcv:361,mcv,580,4,2,False,0,0,0,0.0,0.0
7,mcv:702,mcv,362,4,1,False,0,0,0,0.0,0.0
7,mcv:408,mcv,634,5,1,False,0,0,0,0.0,0.0
7,mcv:1869,mcv,1020,1,1,False,0,0,0,0.0,0.0
7,mcv:2183,mcv,336,0,1,False,0,0,0,0.0,0.0
7,mcv:1512,mcv,256,2,1,False,0,0,0,0.0,0.0
7,mcv:1685,mcv,244,2,1,False,0,0,0,0.0,0.0
7,mcv:2025,mcv,196,1,1,False,0,0,0,0.0,0.0
7,mcv:1266,mcv,304,3,1,False,0,0,0,0.0,0.0
7,mcv:347,mcv,148,6,1,False,0,0,0,0.0,0.0
7,fd:704,fd,27,1,1,False,0,0,0,0.0,0.0
7,mcv:838,mcv,546,3,2,True,1,0,1,0.0,0.9695149685819424
7,mcv:1666,mcv,366,2,1,False,0,0,0,0.0,0.0
7,mcv:864,mcv,244,4,1,False,0,0,0,0.0,0.0
7,mcv:1833,mcv,196,2,1,False,0,0,0,0.0,0.0
7,mcv:105,mcv,344,6,2,False,0,0,0,0.0,0.0
7,mcv:706,mcv,476,3,2,True,1,0,1,0.0,0.32489610647984724
7,fd:330,fd,27,4,1,False,0,0,0,0.0,0.0
7,mcv:2016,mcv,388,1,1,False,0,0,0,0.0,0.0
7,fd:479,fd,41,3,1,False,0,0,0,0.0,0.0
7,mcv:1235,mcv,704,3,1,False,0,0,0,0.0,0.0
7,fd:141,fd,41,6,1,True,0,0,0,0.0,0.0
7,mcv:288,mcv,174,6,1,False,0,0,0,0.0,0.0
7,mcv:694,mcv,410,4,1,False,0,0,0,0.0,0.0
7,mcv:848,mcv,218,4,1,False,0,0,0,0.0,0.0
7,mcv:1077,mcv,498,3,1,False,0,0,0,0.0,0.0
7,mcv:1088,mcv,910,3,1,False,0,0,0,0.0,0.0
7,mcv:1091,mcv,274,3,1,False,0,0,0,0.0,0.0
7,mcv:1525,mcv,366,2,1,False,0,0,0,0.0,0.0
7,fd:702,fd,27,1,1,False,0,0,0,0.0,0.0
7,mcv:612,mcv,218,5,1,False,0,0,0,0.0,0.0
7,mcv:2015,mcv,414,1,1,False,0,0,0,0.0,0.0
7,mcv:1516,mcv,476,2,1,False,0,0,0,0.0,0.0
7,mcv:820,mcv,266,4,1,False,0,0,0,0.0,0.0
7,mcv:1074,mcv,884,3,1,True,0,0,0,0.0,0.0
7,fd:41,fd,41,6,2,False,0,0,0,0.0,0.0
7,mcv:281,mcv,178,6,1,False,0,0,0,0.0,0.0
7,mcv:1637,mcv,358,2,1,False,0,0,0,0.0,0.0
7,mcv:1660,mcv,568,2,1,False,0,0,0,0.0,0.0
7,mcv:824,mcv,244,4,1,True,1,1,0,0.0064136004190913365,0.0
7,mcv:22,mcv,314,8,2,False,0,0,0,0.0,0.0
7,mcv:699,mcv,318,4,1,False,0,0,0,0.0,0.0
7,mcv:693,mcv,634,4,1,False,0,0,0,0.0,0.0
7,fd:130,fd,27,6,1,False,0,0,0,0.0,0.0
7,mcv:1226,mcv,288,2,2,False,0,0,0,0.0,0.0
7,fd:202,fd,27,5,1,False,0,0,0,0.0,0.0
7,mcv:321,mcv,502,6,1,False,0,0,0,0.0,0.0
7,mcv:1231,mcv,524,3,1,True,0,0,0,0.0,0.0
7,mcv:484,mcv,646,5,1,False,0,0,0,0.0,0.0
7,fd:483,fd,27,3,1,False,0,0,0,0.0,0.0
7,mcv:811,mcv,288,4,1,False,0,0,0,0.0,0.0
7,mcv:491,mcv,288,5,1,False,0,0,0,0.0,0.0
7,mcv:353,mcv,270,4,3,True,2,2,0,0.0006499175074519137,0.0
7,mcv:278,mcv,690,6,1,False,0,0,0,0.0,0.0
7,mcv:1303,mcv,536,3,1,True,0,0,0,0.0,0.0
7,mcv:1275,mcv,244,3,1,False,0,0,0,0.0,0.0
7,mcv:528,mcv,244,5,1,False,0,0,0,0.0,0.0
7,mcv:486,mcv,288,5,1,False,0,0,0,0.0,0.0
7,mcv:1306,mcv,646,3,1,False,0,0,0,0.0,0.0
7,fd:106,fd,27,6,1,False,0,0,0,0.0,0.0
7,mcv:148,mcv,992,7,1,False,0,0,0,0.0,0.0
7,mcv:531,mcv,288,5,1,False,0,0,0,0.0,0.0
7,mcv:1278,mcv,288,3,1,False,0,0,0,0.0,0.0
7,mcv:1232,mcv,314,3,1,False,0,0,0,0.0,0.0
7,mcv:597,mcv,248,5,1,False,0,0,0,0.0,0.0
7,mcv:1829,mcv,218,2,1,False,0,0,0,0.0,0.0
7,mcv:841,mcv,330,4,1,True,0,0,0,0.0,0.0
7,mcv:502,mcv,458,5,1,False,0,0,0,0.0,0.0
7,mcv:1269,mcv,304,3,1,True,0,0,0,0.0,0.0
7,fd:245,fd,27,5,1,False,0,0,0,0.0,0.0
7,fd:481,fd,27,3,1,False,0,0,0,0.0,0.0
7,mcv:80,mcv,288,8,1,False,0,0,0,0.0,0.0
7,mcv:38,mcv,196,8,2,False,0,0,0,0.0,0.0
7,mcv:84,mcv,222,7,2,False,0,0,0,0.0,0.0
7,mcv:350,mcv,218,5,2,False,0,0,0,0.0,0.0
7,mcv:1667,mcv,388,2,1,False,0,0,0,0.0,0.0
7,mcv:1670,mcv,388,2,1,False,0,0,0,0.0,0.0
7,fd:318,fd,41,4,1,False,0,0,0,0.0,0.0
7,mcv:998,mcv,200,3,2,False,0,0,0,0.0,0.0
7,mcv:644,mcv,986,3,2,False,0,0,0,0.0,0.0
7,fd:183,fd,27,5,1,True,0,0,0,0.0,0.0
7,mcv:355,mcv,348,6,1,False,0,0,0,0.0,0.0
7,mcv:1511,mcv,362,2,1,False,0,0,0,0.0,0.0
7,mcv:204,mcv,362,6,1,False,0,0,0,0.0,0.0
7,mcv:365,mcv,988,5,1,False,0,0,0,0.0,0.0
7,mcv:650,mcv,610,3,2,False,0,0,0,0.0,0.0
7,fd:79,fd,27,6,1,False,0,0,0,0.0,0.0
7,fd:143,fd,27,6,1,False,0,0,0,0.0,0.0
7,mcv:1461,mcv,400,3,1,False,0,0,0,0.0,0.0
7,mcv:2058,mcv,824,1,1,False,0,0,0,0.0,0.0
7,mcv:701,mcv,392,4,1,False,0,0,0,0.0,0.0
7,fd:403,fd,27,3,2,False,0,0,0,0.0,0.0
7,mcv:398,mcv,362,4,2,False,0,0,0,0.0,0.0
7,mcv:651,mcv,470,4,1,False,0,0,0,0.0,0.0
7,mcv:1080,mcv,838,3,1,False,0,0,0,0.0,0.0
7,mcv:459,mcv,200,5,1,False,0,0,0,0.0,0.0
7,mcv:785,mcv,458,4,1,False,0,0,0,0.0,0.0
7,mcv:388,mcv,362,4,2,False,0,0,0,0.0,0.0
7,mcv:90,mcv,1194,7,1,False,0,0,0,0.0,0.0
7,mcv:1019,mcv,1054,3,1,False,0,0,0,0.0,0.0
7,mcv:195,mcv,470,6,1,False,0,0,0,0.0,0.0
7,fd:406,fd,27,4,1,False,0,0,0,0.0,0.0
7,fd:577,fd,27,0,3,False,0,0,0,0.0,0.0
7,mcv:449,mcv,196,5,1,False,0,0,0,0.0,0.0
7,mcv:1322,mcv,196,3,1,False,0,0,0,0.0,0.0
7,fd:387,fd,41,4,1,False,0,0,0,0.0,0.0
7,mcv:2043,mcv,292,1,1,False,0,0,0,0.0,0.0
7,mcv:973,mcv,296,4,1,True,0,0,0,0.0,0.0
7,fd:384,fd,41,3,2,False,0,0,0,0.0,0.0
7,fd:179,fd,27,5,1,False,0,0,0,0.0,0.0
7,fd:303,fd,27,3,2,False,0,0,0,0.0,0.0
7,mcv:969,mcv,660,3,2,False,0,0,0,0.0,0.0
7,fd:259,fd,27,5,1,False,0,0,0,0.0,0.0
7,mcv:295,mcv,200,6,1,True,1,0,1,0.0,0.019233020551227664
7,mcv:774,mcv,512,3,2,False,0,0,0,0.0,0.0
7,fd:3,fd,41,9,2,False,0,0,0,0.0,0.0
7,fd:112,fd,41,6,1,False,0,0,0,0.0,0.0
7,mcv:1593,mcv,222,0,3,False,0,0,0,0.0,0.0
7,fd:386,fd,27,3,2,False,0,0,0,0.0,0.0
7,fd:713,fd,27,1,1,False,0,0,0,0.0,0.0
7,mcv:775,mcv,296,3,2,False,0,0,0,0.0,0.0
7,fd:497,fd,27,3,1,False,0,0,0,0.0,0.0
7,mcv:972,mcv,366,3,2,False,0,0,0,0.0,0.0
7,mcv:620,mcv,222,5,1,False,0,0,0,0.0,0.0
7,mcv:9,mcv,512,9,2,False,0,0,0,0.0,0.0
7,mcv:1318,mcv,322,3,1,True,0,0,0,0.0,0.0
7,mcv:606,mcv,1000,4,2,False,0,0,0,0.0,0.0
7,mcv:1001,mcv,196,4,1,False,0,0,0,0.0,0.0
7,mcv:1182,mcv,170,2,2,False,0,0,0,0.0,0.0
7,mcv:751,mcv,170,3,2,True,1,1,0,0.16146106534636884,0.0
7,mcv:246,mcv,426,6,1,False,0,0,0,0.0,0.0
7,mcv:312,mcv,382,5,2,False,0,0,0,0.0,0.0
7,mcv:930,mcv,378,4,1,False,0,0,0,0.0,0.0
7,mcv:169,mcv,170,7,1,False,0,0,0,0.0,0.0
7,mcv:784,mcv,378,3,2,False,0,0,0,0.0,0.0
7,mcv:1603,mcv,170,2,1,False,0,0,0,0.0,0.0
7,fd:365,fd,27,4,1,False,0,0,0,0.0,0.0
7,fd:306,fd,27,3,2,False,0,0,0,0.0,0.0
7,fd:121,fd,27,5,2,False,0,0,0,0.0,0.0
7,mcv:458,mcv,170,4,2,False,0,0,0,0.0,0.0
7,mcv:910,mcv,602,3,2,False,0,0,0,0.0,0.0
7,fd:576,fd,27,2,1,False,0,0,0,0.0,0.0
7,mcv:934,mcv,404,4,1,False,0,0,0,0.0,0.0
7,mcv:419,mcv,170,4,2,False,0,0,0,0.0,0.0
7,mcv:421,mcv,610,4,2,False,0,0,0,0.0,0.0
7,mcv:425,mcv,422,4,2,False,0,0,0,0.0,0.0
7,fd:69,fd,27,5,3,False,0,0,0,0.0,0.0
7,fd:307,fd,27,3,2,False,0,0,0,0.0,0.0
7,fd:164,fd,27,4,2,False,0,0,0,0.0,0.0
7,mcv:1397,mcv,200,3,1,False,0,0,0,0.0,0.0
7,mcv:329,mcv,1244,5,2,True,2,1,1,0.03830259606605746,0.009511386198733263
7,fd:169,fd,27,3,3,False,0,0,0,0.0,0.0
7,mcv:1118,mcv,196,2,2,False,0,0,0,0.0,0.0
7,fd:526,fd,41,3,1,False,0,0,0,0.0,0.0
7,mcv:787,mcv,614,3,2,False,0,0,0,0.0,0.0
7,mcv:428,mcv,828,3,3,False,0,0,0,0.0,0.0
7,mcv:176,mcv,854,6,2,False,0,0,0,0.0,0.0
7,mcv:1590,mcv,378,2,1,False,0,0,0,0.0,0.0
7,fd:68,fd,27,6,2,False,0,0,0,0.0,0.0
7,fd:167,fd,27,4,2,False,0,0,0,0.0,0.0
7,fd:443,fd,27,2,2,False,0,0,0,0.0,0.0
7,mcv:177,mcv,854,5,3,False,0,0,0,0.0,0.0
7,mcv:467,mcv,1074,5,1,False,0,0,0,0.0,0.0
7,mcv:534,mcv,606,5,1,False,0,0,0,0.0,0.0
7,fd:565,fd,27,2,1,False,0,0,0,0.0,0.0
7,mcv:736,mcv,196,3,2,False,0,0,0,0.0,0.0
7,mcv:163,mcv,218,6,2,False,0,0,0,0.0,0.0
7,mcv:1004,mcv,914,3,1,False,0,0,0,0.0,0.0
7,fd:341,fd,27,4,1,False,0,0,0,0.0,0.0
7,mcv:338,mcv,736,4,3,False,0,0,0,0.0,0.0
7,mcv:634,mcv,440,3,2,False,0,0,0,0.0,0.0
7,fd:385,fd,41,3,2,False,0,0,0,0.0,0.0
7,mcv:537,mcv,714,4,2,False,0,0,0,0.0,0.0
7,fd:263,fd,27,2,3,False,0,0,0,0.0,0.0
7,mcv:193,mcv,976,4,3,False,0,0,0,0.0,0.0
7,fd:173,fd,27,5,1,False,0,0,0,0.0,0.0
7,mcv:960,mcv,218,3,2,True,1,1,0,0.2700170466909262,0.0
7,mcv:411,mcv,388,5,1,True,1,0,1,0.0,0.02990119452388207
7,mcv:233,mcv,174,6,1,False,0,0,0,0.0,0.0
7,mcv:628,mcv,550,4,1,True,1,1,0,1.646500868979217e-08,0.0
7,mcv:885,mcv,222,4,1,True,0,0,0,0.0,0.0
7,fd:162,fd,27,5,1,False,0,0,0,0.0,0.0
7,mcv:970,mcv,512,3,2,True,0,0,0,0.0,0.0
7,fd:264,fd,27,3,2,False,0,0,0,0.0,0.0
7,mcv:704,mcv,318,4,1,False,0,0,0,0.0,0.0
7,fd:78,fd,27,4,3,False,0,0,0,0.0,0.0
7,fd:144,fd,27,5,1,False,0,0,0,0.0,0.0
7,fd:409,fd,27,3,1,False,0,0,0,0.0,0.0
7,mcv:1521,mcv,704,2,1,False,0,0,0,0.0,0.0
7,mcv:632,mcv,462,2,3,False,0,0,0,0.0,0.0
7,mcv:296,mcv,244,5,2,False,0,0,0,0.0,0.0
7,fd:113,fd,27,5,2,False,0,0,0,0.0,0.0
7,mcv:1009,mcv,418,3,1,False,0,0,0,0.0,0.0
7,mcv:358,mcv,392,5,1,False,0,0,0,0.0,0.0
7,mcv:843,mcv,244,1,4,True,1,1,0,0.12857496539145963,0.0
7,fd:90,fd,27,6,1,True,0,0,0,0.0,0.0
7,mcv:8,mcv,952,8,3,False,0,0,0,0.0,0.0
7,fd:410,fd,27,3,1,False,0,0,0,0.0,0.0
7,mcv:3,mcv,326,9,2,False,0,0,0,0.0,0.0
7,mcv:1090,mcv,388,3,1,False,0,0,0,0.0,0.0
7,fd:2,fd,27,9,2,False,0,0,0,0.0,0.0
7,mcv:1011,mcv,1128,3,1,False,0,0,0,0.0,0.0
7,mcv:432,mcv,512,5,1,False,0,0,0,0.0,0.0
7,mcv:1038,mcv,956,3,1,False,0,0,0,0.0,0.0
7,mcv:1467,mcv,756,1,2,False,0,0,0,0.0,0.0
7,mcv:1437,mcv,686,3,1,False,0,0,0,0.0,0.0
7,fd:733,fd,41,1,1,False,0,0,0,0.0,0.0
7,mcv:1265,mcv,432,3,1,False,0,0,0,0.0,0.0
7,mcv:469,mcv,856,4,2,False,0,0,0,0.0,0.0
7,mcv:2092,mcv,148,1,1,False,0,0,0,0.0,0.0
7,mcv:1012,mcv,304,3,1,False,0,0,0,0.0,0.0
7,mcv:1263,mcv,1002,3,1,True,1,1,0,0.000235212484921421,0.0
7,mcv:375,mcv,252,5,1,False,0,0,0,0.0,0.0
7,mcv:654,mcv,594,4,1,False,0,0,0,0.0,0.0
7,fd:149,fd,27,5,1,False,0,0,0,0.0,0.0
7,mcv:1340,mcv,148,3,1,False,0,0,0,0.0,0.0
7,mcv:1436,mcv,418,3,1,False,0,0,0,0.0,0.0
7,mcv:1780,mcv,174,2,1,False,0,0,0,0.0,0.0
7,fd:274,fd,27,3,2,False,0,0,0,0.0,0.0
7,mcv:363,mcv,370,4,2,False,0,0,0,0.0,0.0
7,mcv:635,mcv,1366,4,1,True,0,0,0,0.0,0.0
7,mcv:1454,mcv,196,3,1,False,0,0,0,0.0,0.0
7,mcv:1610,mcv,434,2,1,False,0,0,0,0.0,0.0
7,fd:699,fd,27,1,1,False,0,0,0,0.0,0.0
7,mcv:2000,mcv,252,1,1,False,0,0,0,0.0,0.0
7,mcv:834,mcv,318,4,1,False,0,0,0,0.0,0.0
7,mcv:1465,mcv,1620,2,1,False,0,0,0,0.0,0.0
7,mcv:786,mcv,588,3,2,False,0,0,0,0.0,0.0
7,mcv:790,mcv,1804,4,1,False,0,0,0,0.0,0.0
7,fd:546,fd,27,3,1,False,0,0,0,0.0,0.0
7,mcv:667,mcv,274,3,2,False,0,0,0,0.0,0.0
7,mcv:1126,mcv,244,3,1,False,0,0,0,0.0,0.0
7,fd:368,fd,27,4,1,False,0,0,0,0.0,0.0
7,mcv:741,mcv,196,4,1,False,0,0,0,0.0,0.0
7,mcv:1130,mcv,226,2,2,False,0,0,0,0.0,0.0
7,mcv:1645,mcv,358,2,1,False,0,0,0,0.0,0.0
7,mcv:1135,mcv,504,3,1,False,0,0,0,0.0,0.0
7,fd:91,fd,27,5,2,False,0,0,0,0.0,0.0
7,mcv:1977,mcv,602,1,1,False,0,0,0,0.0,0.0
7,mcv:2184,mcv,498,0,1,False,0,0,0,0.0,0.0
7,fd:449,fd,27,3,1,False,0,0,0,0.0,0.0
7,mcv:234,mcv,400,5,2,False,0,0,0,0.0,0.0
7,fd:446,fd,27,2,2,False,0,0,0,0.0,0.0
7,mcv:935,mcv,1082,4,1,False,0,0,0,0.0,0.0
7,fd:98,fd,27,4,3,False,0,0,0,0.0,0.0
7,fd:253,fd,27,4,2,False,0,0,0,0.0,0.0
7,mcv:608,mcv,318,4,2,False,0,0,0,0.0,0.0
7,mcv:256,mcv,296,4,3,False,0,0,0,0.0,0.0
7,fd:111,fd,27,6,1,False,0,0,0,0.0,0.0
7,mcv:1706,mcv,702,2,1,False,0,0,0,0.0,0.0
7,mcv:291,mcv,378,6,1,True,1,1,0,1.5816614684638353e-09,0.0
7,mcv:1177,mcv,488,3,1,False,0,0,0,0.0,0.0
7,mcv:1591,mcv,148,2,1,False,0,0,0,0.0,0.0
7,mcv:311,mcv,1956,6,1,False,0,0,0,0.0,0.0
7,mcv:348,mcv,200,5,2,False,0,0,0,0.0,0.0
7,mcv:1441,mcv,696,3,1,False,0,0,0,0.0,0.0
7,mcv:198,mcv,2208,6,1,False,0,0,0,0.0,0.0
7,mcv:88,mcv,1272,7,1,False,0,0,0,0.0,0.0
7,mcv:909,mcv,492,3,2,False,0,0,0,0.0,0.0
7,fd:142,fd,27,5,2,False,0,0,0,0.0,0.0
7,fd:357,fd,27,3,2,False,0,0,0,0.0,0.0
7,mcv:1481,mcv,514,2,1,False,0,0,0,0.0,0.0
7,mcv:949,mcv,300,3,2,False,0,0,0,0.0,0.0
7,mcv:2227,mcv,502,0,1,False,0,0,0,0.0,0.0
7,mcv:1470,mcv,734,2,1,False,0,0,0,0.0,0.0
7,mcv:1365,mcv,340,2,2,True,0,0,0,0.0,0.0
7,mcv:1652,mcv,344,2,1,False,0,0,0,0.0,0.0
7,fd:34,fd,27,7,1,False,0,0,0,0.0,0.0
7,mcv:2223,mcv,318,0,1,False,0,0,0,0.0,0.0
7,mcv:1013,mcv,690,3,1,False,0,0,0,0.0,0.0
7,fd:222,fd,27,5,1,False,0,0,0,0.0,0.0
7,mcv:1655,mcv,546,2,1,False,0,0,0,0.0,0.0
7,mcv:87,mcv,418,7,1,False,0,0,0,0.0,0.0
7,mcv:565,mcv,244,5,1,True,1,1,0,0.12838636517848445,0.0
7,mcv:499,mcv,366,5,1,False,0,0,0,0.0,0.0
7,mcv:125,mcv,996,6,2,False,0,0,0,0.0,0.0
7,mcv:1884,mcv,248,0,2,False,0,0,0,0.0,0.0
7,mcv:1885,mcv,1260,1,1,False,0,0,0,0.0,0.0
7,fd:95,fd,27,6,1,False,0,0,0,0.0,0.0
7,mcv:1053,mcv,770,1,3,False,0,0,0,0.0,0.0
7,mcv:249,mcv,544,6,1,False,0,0,0,0.0,0.0
7,mcv:717,mcv,406,4,1,False,0,0,0,0.0,0.0
7,mcv:384,mcv,388,5,1,False,0,0,0,0.0,0.0
7,mcv:1166,mcv,196,1,3,False,0,0,0,0.0,0.0
7,fd:461,fd,27,1,3,False,0,0,0,0.0,0.0
7,mcv:1576,mcv,196,2,1,False,0,0,0,0.0,0.0
7,fd:669,fd,27,1,1,False,0,0,0,0.0,0.0
7,mcv:380,mcv,498,5,1,False,0,0,0,0.0,0.0
7,fd:153,fd,27,5,1,False,0,0,0,0.0,0.0
7,fd:172,fd,27,5,1,False,0,0,0,0.0,0.0
7,mcv:238,mcv,608,6,1,False,0,0,0,0.0,0.0
7,mcv:431,mcv,174,5,1,False,0,0,0,0.0,0.0
7,fd:626,fd,27,2,1,False,0,0,0,0.0,0.0
7,mcv:1239,mcv,244,3,1,False,0,0,0,0.0,0.0
7,mcv:134,mcv,358,7,1,False,0,0,0,0.0,0.0
7,mcv:1752,mcv,174,2,1,False,0,0,0,0.0,0.0
7,mcv:821,mcv,266,4,1,False,0,0,0,0.0,0.0
7,mcv:1500,mcv,814,2,1,False,0,0,0,0.0,0.0
7,fd:528,fd,27,3,1,False,0,0,0,0.0,0.0
7,fd:281,fd,41,4,1,False,0,0,0,0.0,0.0
7,mcv:1401,mcv,460,3,1,False,0,0,0,0.0,0.0
7,mcv:1781,mcv,148,2,1,False,0,0,0,0.0,0.0
7,mcv:683,mcv,304,4,1,False,0,0,0,0.0,0.0
7,mcv:308,mcv,170,6,1,False,0,0,0,0.0,0.0
7,mcv:1072,mcv,304,2,2,False,0,0,0,0.0,0.0
7,fd:432,fd,27,2,2,False,0,0,0,0.0,0.0
7,fd:12,fd,27,9,1,False,0,0,0,0.0,0.0
7,mcv:602,mcv,482,5,1,False,0,0,0,0.0,0.0
7,mcv:31,mcv,482,9,1,False,0,0,0,0.0,0.0
7,fd:248,fd,27,5,1,False,0,0,0,0.0,0.0
7,mcv:1249,mcv,638,3,1,False,0,0,0,0.0,0.0
7,mcv:272,mcv,358,5,2,False,0,0,0,0.0,0.0
7,mcv:489,mcv,270,5,1,False,0,0,0,0.0,0.0
7,mcv:822,mcv,384,4,1,False,0,0,0,0.0,0.0
7,mcv:1975,mcv,546,1,1,False,0,0,0,0.0,0.0
7,mcv:493,mcv,542,4,2,False,0,0,0,0.0,0.0
7,mcv:1969,mcv,340,1,1,False,0,0,0,0.0,0.0
7,mcv:859,mcv,274,4,1,False,0,0,0,0.0,0.0
7,mcv:521,mcv,300,4,2,False,0,0,0,0.0,0.0
7,mcv:1633,mcv,406,2,1,False,0,0,0,0.0,0.0
7,fd:188,fd,27,5,1,True,1,0,1,0.0,0.0006395314081439896
7,mcv:1293,mcv,480,3,1,False,0,0,0,0.0,0.0
7,fd:542,fd,27,3,1,True,0,0,0,0.0,0.0
7,mcv:385,mcv,400,4,2,True,1,0,1,0.0,0.03633066038924748
7,mcv:1737,mcv,148,2,1,False,0,0,0,0.0,0.0
7,mcv:772,mcv,170,4,1,False,0,0,0,0.0,0.0
7,mcv:209,mcv,362,5,2,False,0,0,0,0.0,0.0
7,mcv:1430,mcv,274,3,1,False,0,0,0,0.0,0.0
7,mcv:1358,mcv,274,2,2,True,1,0,1,0.0,0.008559136804266565
7,mcv:253,mcv,270,5,2,False,0,0,0,0.0,0.0
7,mcv:861,mcv,222,4,1,False,0,0,0,0.0,0.0
7,fd:37,fd,27,7,1,False,0,0,0,0.0,0.0
7,mcv:629,mcv,440,4,1,False,0,0,0,0.0,0.0
7,fd:328,fd,27,4,1,False,0,0,0,0.0,0.0
7,mcv:1334,mcv,278,3,1,False,0,0,0,0.0,0.0
7,mcv:1043,mcv,916,3,1,False,0,0,0,0.0,0.0
7,mcv:94,mcv,1224,7,1,False,0,0,0,0.0,0.0
7,fd:276,fd,41,4,1,True,0,0,0,0.0,0.0
7,mcv:1409,mcv,952,3,1,False,0,0,0,0.0,0.0
7,mcv:518,mcv,292,5,1,False,0,0,0,0.0,0.0
7,mcv:1493,mcv,304,1,2,False,0,0,0,0.0,0.0
7,mcv:2063,mcv,292,1,1,False,0,0,0,0.0,0.0
7,fd:559,fd,41,1,2,False,0,0,0,0.0,0.0
7,mcv:2135,mcv,664,0,1,False,0,0,0,0.0,0.0
7,mcv:364,mcv,510,5,1,False,0,0,0,0.0,0.0
7,mcv:614,mcv,148,5,1,False,0,0,0,0.0,0.0
7,mcv:186,mcv,200,7,1,False,0,0,0,0.0,0.0
7,mcv:1044,mcv,968,3,1,False,0,0,0,0.0,0.0
7,mcv:1857,mcv,362,1,1,False,0,0,0,0.0,0.0
7,mcv:674,mcv,296,4,1,True,0,0,0,0.0,0.0
7,mcv:192,mcv,1408,6,1,False,0,0,0,0.0,0.0
7,mcv:164,mcv,292,6,2,False,0,0,0,0.0,0.0
7,mcv:893,mcv,766,4,1,False,0,0,0,0.0,0.0
7,fd:275,fd,27,3,2,False,0,0,0,0.0,0.0
7,fd:424,fd,27,3,1,False,0,0,0,0.0,0.0
7,mcv:2218,mcv,366,0,1,False,0,0,0,0.0,0.0
7,fd:603,fd,27,2,1,False,0,0,0,0.0,0.0
7,mcv:1837,mcv,936,1,1,False,0,0,0,0.0,0.0
7,mcv:1061,mcv,388,3,1,False,0,0,0,0.0,0.0
7,fd:75,fd,27,7,1,False,0,0,0,0.0,0.0
7,mcv:1015,mcv,598,3,1,False,0,0,0,0.0,0.0
7,mcv:1691,mcv,174,2,1,False,0,0,0,0.0,0.0
7,mcv:670,mcv,278,4,1,False,0,0,0,0.0,0.0
7,mcv:668,mcv,370,3,2,False,0,0,0,0.0,0.0
7,mcv:2154,mcv,170,0,1,False,0,0,0,0.0,0.0
7,mcv:940,mcv,274,3,2,True,2,1,1,0.0017298326408734521,0.0005201960058538457
7,fd:408,fd,27,3,1,False,0,0,0,0.0,0.0
7,fd:681,fd,27,1,1,False,0,0,0,0.0,0.0
7,mcv:730,mcv,512,3,2,False,0,0,0,0.0,0.0
7,fd:288,fd,27,3,2,False,0,0,0,0.0,0.0
7,mcv:2082,mcv,766,1,1,False,0,0,0,0.0,0.0
7,mcv:1005,mcv,414,3,1,False,0,0,0,0.0,0.0
7,mcv:1168,mcv,512,2,2,False,0,0,0,0.0,0.0
7,mcv:729,mcv,270,4,1,False,0,0,0,0.0,0.0
7,mcv:1006,mcv,414,3,1,False,0,0,0,0.0,0.0
7,fd:556,fd,27,2,1,False,0,0,0,0.0,0.0
7,fd:462,fd,27,2,2,False,0,0,0,0.0,0.0
7,mcv:1475,mcv,348,2,1,False,0,0,0,0.0,0.0
7,mcv:1929,mcv,248,1,1,False,0,0,0,0.0,0.0
7,fd:287,fd,27,4,1,False,0,0,0,0.0,0.0
7,mcv:769,mcv,462,4,1,False,0,0,0,0.0,0.0
7,mcv:1861,mcv,304,1,1,False,0,0,0,0.0,0.0
7,fd:665,fd,27,1,1,False,0,0,0,0.0,0.0
7,mcv:1156,mcv,270,2,2,False,0,0,0,0.0,0.0
7,mcv:212,mcv,532,6,1,False,0,0,0,0.0,0.0
7,mcv:255,mcv,270,6,1,False,0,0,0,0.0,0.0
7,fd:372,fd,27,4,1,False,0,0,0,0.0,0.0
7,mcv:1502,mcv,392,2,1,False,0,0,0,0.0,0.0
7,fd:97,fd,27,6,1,False,0,0,0,0.0,0.0
7,fd:300,fd,27,4,1,False,0,0,0,0.0,0.0
7,mcv:2242,mcv,248,0,1,False,0,0,0,0.0,0.0
7,mcv:942,mcv,248,4,1,False,0,0,0,0.0,0.0
7,mcv:152,mcv,568,6,2,False,0,0,0,0.0,0.0
7,mcv:1332,mcv,292,3,1,False,0,0,0,0.0,0.0
7,mcv:1954,mcv,800,1,1,False,0,0,0,0.0,0.0
7,fd:751,fd,27,0,1,False,0,0,0,0.0,0.0
7,mcv:396,mcv,492,5,1,False,0,0,0,0.0,0.0
7,mcv:1934,mcv,248,1,1,False,0,0,0,0.0,0.0
7,mcv:941,mcv,348,2,3,False,0,0,0,0.0,0.0
7,mcv:1581,mcv,170,2,1,False,0,0,0,0.0,0.0
7,mcv:120,mcv,170,7,1,False,0,0,0,0.0,0.0
7,fd:437,fd,27,3,1,False,0,0,0,0.0,0.0
7,mcv:722,mcv,248,4,1,False,0,0,0,0.0,0.0
7,mcv:541,mcv,218,4,2,False,0,0,0,0.0,0.0
7,mcv:615,mcv,170,5,1,False,0,0,0,0.0,0.0
7,mcv:1102,mcv,274,3,1,False,0,0,0,0.0,0.0
7,mcv:999,mcv,200,4,1,False,0,0,0,0.0,0.0
7,mcv:180,mcv,370,7,1,False,0,0,0,0.0,0.0
7,mcv:1431,mcv,304,3,1,False,0,0,0,0.0,0.0
7,mcv:390,mcv,536,5,1,False,0,0,0,0.0,0.0
7,mcv:1349,mcv,694,3,1,False,0,0,0,0.0,0.0
7,fd:543,fd,27,3,1,False,0,0,0,0.0,0.0
7,fd:427,fd,27,3,1,False,0,0,0,0.0,0.0
7,mcv:1291,mcv,702,3,1,False,0,0,0,0.0,0.0
7,mcv:907,mcv,434,4,1,False,0,0,0,0.0,0.0
7,fd:282,fd,27,4,1,False,0,0,0,0.0,0.0
7,mcv:2192,mcv,340,0,1,False,0,0,0,0.0,0.0
7,fd:71,fd,27,7,1,False,0,0,0,0.0,0.0
7,mcv:686,mcv,536,4,1,False,0,0,0,0.0,0.0
7,mcv:2034,mcv,366,1,1,False,0,0,0,0.0,0.0
7,mcv:669,mcv,774,4,1,False,0,0,0,0.0,0.0
7,mcv:689,mcv,444,4,1,False,0,0,0,0.0,0.0
7,fd:355,fd,27,4,1,False,0,0,0,0.0,0.0
7,mcv:377,mcv,452,5,1,False,0,0,0,0.0,0.0
7,mcv:416,mcv,344,5,1,False,0,0,0,0.0,0.0
7,mcv:46,mcv,634,8,1,False,0,0,0,0.0,0.0
7,fd:431,fd,27,2,2,False,0,0,0,0.0,0.0
7,fd:404,fd,27,4,1,False,0,0,0,0.0,0.0
7,mcv:1832,mcv,170,1,2,False,0,0,0,0.0,0.0
7,mcv:1071,mcv,356,2,2,False,0,0,0,0.0,0.0
7,mcv:1302,mcv,248,3,1,False,0,0,0,0.0,0.0
7,mcv:1488,mcv,572,2,1,False,0,0,0,0.0,0.0
7,mcv:1536,mcv,476,2,1,False,0,0,0,0.0,0.0
7,mcv:1067,mcv,562,3,1,False,0,0,0,0.0,0.0
7,mcv:678,mcv,326,4,1,False,0,0,0,0.0,0.0
7,mcv:1171,mcv,222,3,1,False,0,0,0,0.0,0.0
7,mcv:340,mcv,248,6,1,False,0,0,0,0.0,0.0
7,mcv:104,mcv,734,7,1,True,1,0,1,0.0,0.005376664558594646
7,mcv:971,mcv,1880,4,1,False,0,0,0,0.0,0.0
7,fd:491,fd,27,3,1,False,0,0,0,0.0,0.0
7,mcv:1163,mcv,444,3,1,False,0,0,0,0.0,0.0
7,mcv:1501,mcv,514,2,1,False,0,0,0,0.0,0.0
7,fd:754,fd,27,0,1,False,0,0,0,0.0,0.0
7,mcv:2042,mcv,2000,1,1,False,0,0,0,0.0,0.0
7,mcv:1402,mcv,322,3,1,False,0,0,0,0.0,0.0
7,mcv:1309,mcv,720,3,1,False,0,0,0,0.0,0.0
7,mcv:2247,mcv,348,0,1,False,0,0,0,0.0,0.0
7,fd:157,fd,27,5,1,False,0,0,0,0.0,0.0
7,mcv:685,mcv,668,4,1,False,0,0,0,0.0,0.0
7,mcv:393,mcv,644,5,1,False,0,0,0,0.0,0.0
7,mcv:684,mcv,396,4,1,False,0,0,0,0.0,0.0
7,mcv:589,mcv,452,5,1,False,0,0,0,0.0,0.0
7,fd:402,fd,41,4,1,False,0,0,0,0.0,0.0
7,mcv:351,mcv,266,6,1,False,0,0,0,0.0,0.0
7,fd:242,fd,27,4,2,False,0,0,0,0.0,0.0
7,mcv:917,mcv,218,4,1,False,0,0,0,0.0,0.0
7,mcv:1740,mcv,514,2,1,False,0,0,0,0.0,0.0
7,fd:241,fd,27,5,1,False,0,0,0,0.0,0.0
7,mcv:732,mcv,148,3,2,False,0,0,0,0.0,0.0
7,mcv:622,mcv,170,4,2,False,0,0,0,0.0,0.0
7,mcv:426,mcv,200,5,1,False,0,0,0,0.0,0.0
7,fd:168,fd,27,5,1,False,0,0,0,0.0,0.0
7,mcv:997,mcv,178,4,1,False,0,0,0,0.0,0.0
7,mcv:590,mcv,378,4,2,False,0,0,0,0.0,0.0
7,mcv:423,mcv,196,3,3,True,3,2,1,0.7481858395595338,0.005293716075688515
7,fd:622,fd,41,2,1,False,0,0,0,0.0,0.0
7,mcv:230,mcv,170,6,1,False,0,0,0,0.0,0.0
7,mcv:352,mcv,938,5,2,False,0,0,0,0.0,0.0
7,fd:166,fd,27,3,3,False,0,0,0,0.0,0.0
7,fd:290,fd,27,3,2,False,0,0,0,0.0,0.0
7,fd:464,fd,27,3,1,True,0,0,0,0.0,0.0
7,mcv:1161,mcv,218,3,1,False,0,0,0,0.0,0.0
7,mcv:1636,mcv,336,2,1,False,0,0,0,0.0,0.0
7,mcv:1981,mcv,450,1,1,False,0,0,0,0.0,0.0
7,mcv:1170,mcv,222,3,1,False,0,0,0,0.0,0.0
7,mcv:1820,mcv,566,2,1,False,0,0,0,0.0,0.0
7,mcv:465,mcv,1306,5,1,False,0,0,0,0.0,0.0
7,mcv:7,mcv,738,9,2,True,2,0,2,0.0,1.16320670465477
7,mcv:902,mcv,652,4,1,False,0,0,0,0.0,0.0
7,mcv:1282,mcv,244,3,1,False,0,0,0,0.0,0.0
7,mcv:1649,mcv,410,2,1,True,0,0,0,0.0,0.0
7,mcv:464,mcv,592,5,1,False,0,0,0,0.0,0.0
7,mcv:827,mcv,432,4,1,False,0,0,0,0.0,0.0
7,fd:343,fd,27,4,1,False,0,0,0,0.0,0.0
7,mcv:1248,mcv,340,3,1,False,0,0,0,0.0,0.0
7,mcv:1449,mcv,584,3,1,False,0,0,0,0.0,0.0
7,mcv:888,mcv,500,4,1,False,0,0,0,0.0,0.0
7,mcv:1202,mcv,1390,3,1,False,0,0,0,0.0,0.0
7,mcv:1253,mcv,340,3,1,False,0,0,0,0.0,0.0
7,fd:58,fd,27,7,1,False,0,0,0,0.0,0.0
7,mcv:890,mcv,266,4,1,False,0,0,0,0.0,0.0
7,mcv:1450,mcv,1226,3,1,False,0,0,0,0.0,0.0
7,mcv:1606,mcv,1260,2,1,True,1,0,1,0.0,0.8522737033566621
7,fd:618,fd,41,2,1,False,0,0,0,0.0,0.0
7,mcv:623,mcv,266,5,1,True,0,0,0,0.0,0.0
7,mcv:851,mcv,452,4,1,False,0,0,0,0.0,0.0
7,fd:484,fd,27,3,1,False,0,0,0,0.0,0.0
7,mcv:156,mcv,430,7,1,True,1,1,0,0.0037657159892714454,0.0
7,mcv:1994,mcv,900,1,1,False,0,0,0,0.0,0.0
7,mcv:1731,mcv,664,2,1,False,0,0,0,0.0,0.0
7,fd:326,fd,41,4,1,True,0,0,0,0.0,0.0
7,mcv:2052,mcv,222,1,1,False,0,0,0,0.0,0.0
7,fd:320,fd,27,4,1,False,0,0,0,0.0,0.0
7,mcv:858,mcv,478,4,1,False,0,0,0,0.0,0.0
7,mcv:979,mcv,904,4,1,False,0,0,0,0.0,0.0
7,mcv:1492,mcv,940,2,1,False,0,0,0,0.0,0.0
7,mcv:1871,mcv,1138,1,1,False,0,0,0,0.0,0.0
7,fd:391,fd,27,4,1,False,0,0,0,0.0,0.0
7,mcv:1491,mcv,1116,2,1,False,0,0,0,0.0,0.0
7,mcv:220,mcv,852,6,1,False,0,0,0,0.0,0.0
7,mcv:1510,mcv,362,2,1,False,0,0,0,0.0,0.0
7,mcv:959,mcv,340,4,1,False,0,0,0,0.0,0.0
7,mcv:965,mcv,1632,4,1,False,0,0,0,0.0,0.0
7,mcv:1768,mcv,1038,2,1,False,0,0,0,0.0,0.0
7,mcv:1337,mcv,1346,3,1,False,0,0,0,0.0,0.0
7,mcv:1918,mcv,218,1,1,True,1,1,0,0.03946782649359726,0.0
7,mcv:1541,mcv,270,2,1,False,0,0,0,0.0,0.0
7,mcv:2017,mcv,428,1,1,False,0,0,0,0.0,0.0
7,mcv:227,mcv,170,6,1,False,0,0,0,0.0,0.0
7,mcv:1675,mcv,274,2,1,False,0,0,0,0.0,0.0
7,mcv:1540,mcv,218,2,1,False,0,0,0,0.0,0.0
7,mcv:2069,mcv,458,1,1,False,0,0,0,0.0,0.0
7,mcv:114,mcv,266,7,1,False,0,0,0,0.0,0.0
7,mcv:1152,mcv,314,3,1,False,0,0,0,0.0,0.0
7,mcv:1642,mcv,542,2,1,False,0,0,0,0.0,0.0
7,mcv:1749,mcv,612,2,1,False,0,0,0,0.0,0.0
7,mcv:1085,mcv,340,2,2,False,0,0,0,0.0,0.0
7,fd:210,fd,27,5,1,False,0,0,0,0.0,0.0
7,mcv:690,mcv,318,3,2,False,0,0,0,0.0,0.0
7,mcv:218,mcv,804,6,1,False,0,0,0,0.0,0.0
7,mcv:1131,mcv,148,3,1,False,0,0,0,0.0,0.0
7,mcv:549,mcv,1052,5,1,False,0,0,0,0.0,0.0
7,mcv:547,mcv,434,5,1,False,0,0,0,0.0,0.0
7,mcv:1079,mcv,1168,3,1,False,0,0,0,0.0,0.0
7,mcv:1348,mcv,434,3,1,False,0,0,0,0.0,0.0
7,mcv:1370,mcv,222,3,1,False,0,0,0,0.0,0.0
7,fd:181,fd,27,5,1,False,0,0,0,0.0,0.0
7,mcv:2117,mcv,266,1,1,False,0,0,0,0.0,0.0
7,mcv:1811,mcv,296,2,1,False,0,0,0,0.0,0.0
7,fd:67,fd,27,7,1,False,0,0,0,0.0,0.0
7,mcv:1196,mcv,244,3,1,False,0,0,0,0.0,0.0
7,mcv:903,mcv,672,4,1,False,0,0,0,0.0,0.0
7,mcv:1810,mcv,314,2,1,False,0,0,0,0.0,0.0
7,mcv:924,mcv,218,4,1,False,0,0,0,0.0,0.0
7,mcv:1808,mcv,378,2,1,True,0,0,0,0.0,0.0
7,mcv:1824,mcv,266,2,1,False,0,0,0,0.0,0.0
7,mcv:1193,mcv,296,3,1,False,0,0,0,0.0,0.0
7,mcv:1814,mcv,318,2,1,False,0,0,0,0.0,0.0
7,mcv:1373,mcv,278,3,1,False,0,0,0,0.0,0.0
7,fd:470,fd,27,3,1,False,0,0,0,0.0,0.0
7,fd:377,fd,41,4,1,False,0,0,0,0.0,0.0
7,mcv:175,mcv,292,7,1,False,0,0,0,0.0,0.0
7,fd:518,fd,41,3,1,False,0,0,0,0.0,0.0
7,mcv:2054,mcv,820,1,1,False,0,0,0,0.0,0.0
7,fd:26,fd,41,8,1,False,0,0,0,0.0,0.0
7,mcv:950,mcv,300,4,1,False,0,0,0,0.0,0.0
7,fd:652,fd,27,2,1,False,0,0,0,0.0,0.0
7,mcv:457,mcv,318,5,1,False,0,0,0,0.0,0.0
7,fd:363,fd,27,4,1,False,0,0,0,0.0,0.0
7,fd:468,fd,27,3,1,False,0,0,0,0.0,0.0
7,mcv:455,mcv,196,5,1,False,0,0,0,0.0,0.0
7,mcv:1745,mcv,322,2,1,False,0,0,0,0.0,0.0
7,mcv:1602,mcv,218,2,1,False,0,0,0,0.0,0.0
7,mcv:923,mcv,314,4,1,False,0,0,0,0.0,0.0
7,mcv:70,mcv,662,8,1,False,0,0,0,0.0,0.0
7,mcv:1865,mcv,340,1,1,False,0,0,0,0.0,0.0
7,mcv:399,mcv,1484,5,1,True,1,0,0,0.0,0.0
7,mcv:262,mcv,658,6,1,False,0,0,0,0.0,0.0
7,mcv:1116,mcv,292,3,1,False,0,0,0,0.0,0.0
7,mcv:1081,mcv,748,3,1,False,0,0,0,0.0,0.0
7,mcv:302,mcv,568,6,1,False,0,0,0,0.0,0.0
7,fd:160,fd,27,5,1,False,0,0,0,0.0,0.0
7,mcv:429,mcv,478,5,1,False,0,0,0,0.0,0.0
7,mcv:1948,mcv,522,1,1,False,0,0,0,0.0,0.0
7,mcv:738,mcv,248,4,1,False,0,0,0,0.0,0.0
7,fd:170,fd,27,5,1,False,0,0,0,0.0,0.0
7,mcv:402,mcv,388,5,1,False,0,0,0,0.0,0.0
7,mcv:1335,mcv,270,3,1,False,0,0,0,0.0,0.0
7,mcv:2062,mcv,366,1,1,False,0,0,0,0.0,0.0
7,mcv:2240,mcv,322,0,1,False,0,0,0,0.0,0.0
7,mcv:129,mcv,196,7,1,False,0,0,0,0.0,0.0
7,mcv:274,mcv,432,6,1,False,0,0,0,0.0,0.0
7,fd:124,fd,27,6,1,True,0,0,0,0.0,0.0
7,mcv:1229,mcv,288,3,1,False,0,0,0,0.0,0.0
7,fd:126,fd,27,6,1,True,0,0,0,0.0,0.0
7,mcv:1357,mcv,482,3,1,False,0,0,0,0.0,0.0
7,mcv:315,mcv,196,6,1,False,0,0,0,0.0,0.0
7,fd:719,fd,41,1,1,False,0,0,0,0.0,0.0
7,mcv:317,mcv,174,6,1,False,0,0,0,0.0,0.0
7,mcv:1277,mcv,218,3,1,False,0,0,0,0.0,0.0
7,mcv:1410,mcv,1092,3,1,False,0,0,0,0.0,0.0
7,mcv:845,mcv,410,4,1,False,0,0,0,0.0,0.0
7,mcv:508,mcv,314,5,1,False,0,0,0,0.0,0.0
7,fd:575,fd,27,2,1,False,0,0,0,0.0,0.0
7,mcv:1544,mcv,222,2,1,False,0,0,0,0.0,0.0
7,mcv:1115,mcv,174,3,1,False,0,0,0,0.0,0.0
7,fd:568,fd,27,2,1,True,0,0,0,0.0,0.0
7,mcv:567,mcv,314,5,1,False,0,0,0,0.0,0.0
7,mcv:1585,mcv,218,2,1,False,0,0,0,0.0,0.0
7,fd:190,fd,27,5,1,False,0,0,0,0.0,0.0
7,fd:441,fd,27,3,1,False,0,0,0,0.0,0.0
7,mcv:150,mcv,292,7,1,False,0,0,0,0.0,0.0
7,mcv:1588,mcv,196,2,1,True,1,0,1,0.0,0.007207221711646783
7,fd:55,fd,27,7,1,False,0,0,0,0.0,0.0
7,fd:224,fd,27,5,1,False,0,0,0,0.0,0.0
7,mcv:932,mcv,296,4,1,False,0,0,0,0.0,0.0
7,mcv:573,mcv,292,5,1,False,0,0,0,0.0,0.0
7,mcv:561,mcv,404,5,1,False,0,0,0,0.0,0.0
7,mcv:583,mcv,196,5,1,False,0,0,0,0.0,0.0
7,mcv:569,mcv,270,5,1,False,0,0,0,0.0,0.0
7,fd:396,fd,41,4,1,False,0,0,0,0.0,0.0
7,mcv:1815,mcv,388,2,1,True,0,0,0,0.0,0.0
7,mcv:574,mcv,406,5,1,False,0,0,0,0.0,0.0
7,fd:226,fd,27,5,1,True,0,0,0,0.0,0.0
7,fd:397,fd,41,4,1,False,0,0,0,0.0,0.0
7,mcv:2070,mcv,528,1,1,False,0,0,0,0.0,0.0
7,fd:228,fd,27,5,1,False,0,0,0,0.0,0.0
7,mcv:1462,mcv,218,3,1,False,0,0,0,0.0,0.0
7,fd:218,fd,27,5,1,False,0,0,0,0.0,0.0
7,mcv:986,mcv,148,4,1,False,0,0,0,0.0,0.0
7,fd:367,fd,27,4,1,False,0,0,0,0.0,0.0
7,mcv:571,mcv,226,5,1,False,0,0,0,0.0,0.0
7,mcv:985,mcv,148,4,1,False,0,0,0,0.0,0.0
7,mcv:1385,mcv,148,3,1,False,0,0,0,0.0,0.0
8,fd:87,fd,41,4,3,False,0,0,0,0.0,0.0
8,mcv:534,mcv,606,4,2,False,0,0,0,0.0,0.0
8,fd:14,fd,27,9,1,False,0,0,0,0.0,0.0
8,mcv:334,mcv,314,6,1,False,0,0,0,0.0,0.0
8,mcv:540,mcv,414,2,4,False,0,0,0,0.0,0.0
8,mcv:2088,mcv,642,1,1,False,0,0,0,0.0,0.0
8,fd:221,fd,41,4,2,False,0,0,0,0.0,0.0
8,mcv:711,mcv,888,3,2,False,0,0,0,0.0,0.0
8,mcv:946,mcv,436,1,4,False,0,0,0,0.0,0.0
8,mcv:1676,mcv,526,2,1,False,0,0,0,0.0,0.0
8,mcv:1681,mcv,554,1,2,False,0,0,0,0.0,0.0
8,mcv:1282,mcv,244,3,1,False,0,0,0,0.0,0.0
8,mcv:1515,mcv,1506,2,1,False,0,0,0,0.0,0.0
8,fd:211,fd,27,4,2,False,0,0,0,0.0,0.0
8,mcv:164,mcv,292,7,1,False,0,0,0,0.0,0.0
8,fd:516,fd,27,3,1,False,0,0,0,0.0,0.0
8,mcv:1943,mcv,1544,1,1,False,0,0,0,0.0,0.0
8,mcv:464,mcv,592,4,2,False,0,0,0,0.0,0.0
8,mcv:262,mcv,658,3,4,False,0,0,0,0.0,0.0
8,mcv:852,mcv,244,3,2,False,0,0,0,0.0,0.0
8,fd:284,fd,27,3,2,False,0,0,0,0.0,0.0
8,mcv:55,mcv,856,4,5,False,0,0,0,0.0,0.0
8,mcv:1519,mcv,388,1,2,True,1,1,0,1.0855763771143216,0.0
8,mcv:159,mcv,574,5,3,False,0,0,0,0.0,0.0
8,fd:207,fd,27,3,3,False,0,0,0,0.0,0.0
8,mcv:1443,mcv,396,2,2,False,0,0,0,0.0,0.0
8,fd:192,fd,27,3,3,False,0,0,0,0.0,0.0
8,mcv:265,mcv,618,5,2,False,0,0,0,0.0,0.0
8,mcv:791,mcv,1290,2,3,False,0,0,0,0.0,0.0
8,mcv:981,mcv,404,3,2,False,0,0,0,0.0,0.0
8,fd:340,fd,27,2,3,False,0,0,0,0.0,0.0
8,fd:108,fd,27,5,2,True,2,0,2,0.0,0.0029532369570930417
8,mcv:411,mcv,388,4,2,True,0,0,0,0.0,0.0
8,mcv:884,mcv,244,2,3,False,0,0,0,0.0,0.0
8,fd:390,fd,27,3,2,False,0,0,0,0.0,0.0
8,mcv:539,mcv,642,3,3,False,0,0,0,0.0,0.0
8,mcv:1347,mcv,1308,3,1,False,0,0,0,0.0,0.0
8,fd:321,fd,27,3,2,True,0,0,0,0.0,0.0
8,mcv:512,mcv,480,3,3,False,0,0,0,0.0,0.0
8,mcv:554,mcv,1102,5,1,False,0,0,0,0.0,0.0
8,fd:162,fd,27,4,2,False,0,0,0,0.0,0.0
8,mcv:710,mcv,1138,3,2,False,0,0,0,0.0,0.0
8,mcv:550,mcv,606,4,2,False,0,0,0,0.0,0.0
8,fd:208,fd,27,2,4,False,0,0,0,0.0,0.0
8,fd:129,fd,27,5,2,False,0,0,0,0.0,0.0
8,mcv:284,mcv,226,5,2,False,0,0,0,0.0,0.0
8,fd:374,fd,27,1,4,False,0,0,0,0.0,0.0
8,fd:215,fd,27,5,1,False,0,0,0,0.0,0.0
8,fd:549,fd,27,2,2,False,0,0,0,0.0,0.0
8,mcv:1516,mcv,476,1,2,False,0,0,0,0.0,0.0
8,fd:484,fd,27,3,1,False,0,0,0,0.0,0.0
8,mcv:296,mcv,244,6,1,False,0,0,0,0.0,0.0
8,fd:107,fd,27,5,2,True,0,0,0,0.0,0.0
8,fd:113,fd,27,6,1,False,0,0,0,0.0,0.0
8,mcv:1200,mcv,680,2,2,False,0,0,0,0.0,0.0
8,mcv:320,mcv,436,5,2,True,2,1,1,1.1813669820170958e-08,0.15816516796121505
8,mcv:707,mcv,1124,4,1,False,0,0,0,0.0,0.0
8,mcv:299,mcv,226,5,2,False,0,0,0,0.0,0.0
8,mcv:1367,mcv,620,3,1,False,0,0,0,0.0,0.0
8,fd:596,fd,27,1,2,False,0,0,0,0.0,0.0
8,fd:729,fd,27,1,1,False,0,0,0,0.0,0.0
8,fd:101,fd,27,5,2,False,0,0,0,0.0,0.0
8,mcv:283,mcv,244,5,2,False,0,0,0,0.0,0.0
8,fd:507,fd,27,3,1,False,0,0,0,0.0,0.0
8,mcv:790,mcv,1804,3,2,False,0,0,0,0.0,0.0
8,fd:592,fd,27,2,1,False,0,0,0,0.0,0.0
8,fd:285,fd,27,3,2,False,0,0,0,0.0,0.0
8,mcv:712,mcv,370,4,1,False,0,0,0,0.0,0.0
8,fd:393,fd,27,3,2,False,0,0,0,0.0,0.0
8,mcv:978,mcv,1208,3,2,False,0,0,0,0.0,0.0
8,fd:563,fd,27,1,2,False,0,0,0,0.0,0.0
8,mcv:221,mcv,278,4,3,False,0,0,0,0.0,0.0
8,fd:61,fd,27,5,3,False,0,0,0,0.0,0.0
8,mcv:34,mcv,536,9,1,False,0,0,0,0.0,0.0
8,mcv:564,mcv,200,4,2,False,0,0,0,0.0,0.0
8,mcv:2110,mcv,408,1,1,False,0,0,0,0.0,0.0
8,mcv:1003,mcv,1974,3,2,True,1,0,1,0.0,0.03333455582946465
8,mcv:173,mcv,964,5,3,True,3,1,2,1.9284155330091817,0.4568833180750116
8,fd:373,fd,27,1,4,False,0,0,0,0.0,0.0
8,mcv:462,mcv,784,3,3,False,0,0,0,0.0,0.0
8,mcv:703,mcv,496,4,1,False,0,0,0,0.0,0.0
8,fd:283,fd,27,4,1,True,1,1,0,0.8013496113040708,0.0
8,mcv:1083,mcv,388,3,1,False,0,0,0,0.0,0.0
8,fd:434,fd,27,3,1,False,0,0,0,0.0,0.0
8,mcv:698,mcv,616,3,2,False,0,0,0,0.0,0.0
8,mcv:492,mcv,594,3,3,False,0,0,0,0.0,0.0
8,fd:185,fd,27,3,3,True,0,0,0,0.0,0.0
8,mcv:345,mcv,1192,4,3,False,0,0,0,0.0,0.0
8,mcv:814,mcv,340,3,2,False,0,0,0,0.0,0.0
8,mcv:1234,mcv,1052,2,2,False,0,0,0,0.0,0.0
8,mcv:260,mcv,196,4,3,False,0,0,0,0.0,0.0
8,mcv:1868,mcv,476,1,1,False,0,0,0,0.0,0.0
8,mcv:398,mcv,362,3,3,False,0,0,0,0.0,0.0
8,mcv:258,mcv,218,4,3,False,0,0,0,0.0,0.0
8,fd:376,fd,27,3,2,False,0,0,0,0.0,0.0
8,fd:468,fd,27,2,2,False,0,0,0,0.0,0.0
8,mcv:1873,mcv,1900,1,1,False,0,0,0,0.0,0.0
8,mcv:785,mcv,458,2,3,False,0,0,0,0.0,0.0
8,mcv:945,mcv,340,1,4,False,0,0,0,0.0,0.0
8,mcv:488,mcv,288,3,3,True,1,1,0,2.3104540058938028e-08,0.0
8,fd:99,fd,27,4,3,False,0,0,0,0.0,0.0
8,fd:139,fd,27,4,3,False,0,0,0,0.0,0.0
8,mcv:948,mcv,484,3,2,False,0,0,0,0.0,0.0
8,mcv:1193,mcv,296,2,2,False,0,0,0,0.0,0.0
8,mcv:1463,mcv,288,3,1,True,1,1,0,0.37657058983751734,0.0
8,fd:199,fd,27,4,2,False,0,0,0,0.0,0.0
8,mcv:39,mcv,1014,6,4,False,0,0,0,0.0,0.0
8,mcv:873,mcv,536,4,1,False,0,0,0,0.0,0.0
8,mcv:30,mcv,912,7,3,False,0,0,0,0.0,0.0
8,mcv:67,mcv,384,6,3,False,0,0,0,0.0,0.0
8,mcv:871,mcv,1236,2,3,False,0,0,0,0.0,0.0
8,mcv:153,mcv,428,7,1,False,0,0,0,0.0,0.0
8,mcv:1304,mcv,720,2,2,False,0,0,0,0.0,0.0
8,mcv:1406,mcv,222,2,2,True,0,0,0,0.0,0.0
8,mcv:2103,mcv,882,1,1,False,0,0,0,0.0,0.0
8,mcv:546,mcv,406,4,2,False,0,0,0,0.0,0.0
8,mcv:599,mcv,728,3,3,False,0,0,0,0.0,0.0
8,mcv:600,mcv,288,3,3,False,0,0,0,0.0,0.0
8,mcv:1312,mcv,690,3,1,False,0,0,0,0.0,0.0
8,mcv:523,mcv,448,4,2,True,1,1,0,0.37907979342235754,0.0
8,mcv:314,mcv,768,5,2,False,0,0,0,0.0,0.0
8,mcv:404,mcv,388,3,3,False,0,0,0,0.0,0.0
8,fd:531,fd,27,3,1,False,0,0,0,0.0,0.0
8,fd:252,fd,41,5,1,False,0,0,0,0.0,0.0
8,mcv:338,mcv,736,5,2,False,0,0,0,0.0,0.0
8,mcv:1726,mcv,540,1,2,False,0,0,0,0.0,0.0
8,mcv:559,mcv,724,3,3,False,0,0,0,0.0,0.0
8,fd:86,fd,27,6,1,False,0,0,0,0.0,0.0
8,mcv:1178,mcv,404,2,2,False,0,0,0,0.0,0.0
8,fd:384,fd,41,4,1,False,0,0,0,0.0,0.0
8,fd:303,fd,27,4,1,True,0,0,0,0.0,0.0
8,mcv:778,mcv,222,4,1,False,0,0,0,0.0,0.0
8,mcv:969,mcv,660,4,1,False,0,0,0,0.0,0.0
8,mcv:1086,mcv,546,3,1,False,0,0,0,0.0,0.0
8,mcv:774,mcv,512,4,1,False,0,0,0,0.0,0.0
8,mcv:607,mcv,304,5,1,False,0,0,0,0.0,0.0
8,mcv:1405,mcv,248,3,1,False,0,0,0,0.0,0.0
8,mcv:1075,mcv,362,2,2,True,2,2,0,0.09864803871963179,0.0
8,mcv:1080,mcv,838,3,1,False,0,0,0,0.0,0.0
8,mcv:54,mcv,196,5,4,False,0,0,0,0.0,0.0
8,mcv:775,mcv,296,3,2,False,0,0,0,0.0,0.0
8,mcv:1402,mcv,322,2,2,False,0,0,0,0.0,0.0
8,mcv:179,mcv,674,6,2,False,0,0,0,0.0,0.0
8,mcv:161,mcv,654,7,1,False,0,0,0,0.0,0.0
8,fd:123,fd,27,5,2,True,0,0,0,0.0,0.0
8,fd:22,fd,27,5,4,True,0,0,0,0.0,0.0
8,mcv:219,mcv,704,6,1,False,0,0,0,0.0,0.0
8,mcv:1567,mcv,196,1,2,False,0,0,0,0.0,0.0
8,mcv:240,mcv,218,5,2,False,0,0,0,0.0,0.0
8,mcv:112,mcv,170,6,2,False,0,0,0,0.0,0.0
8,mcv:1139,mcv,362,1,3,False,0,0,0,0.0,0.0
8,mcv:494,mcv,300,2,4,False,0,0,0,0.0,0.0
8,fd:611,fd,27,1,2,False,0,0,0,0.0,0.0
8,mcv:831,mcv,340,2,3,False,0,0,0,0.0,0.0
8,mcv:1715,mcv,196,1,2,False,0,0,0,0.0,0.0
8,mcv:1099,mcv,418,1,3,False,0,0,0,0.0,0.0
8,mcv:1370,mcv,222,2,2,False,0,0,0,0.0,0.0
8,fd:438,fd,27,2,2,False,0,0,0,0.0,0.0
8,fd:436,fd,27,1,3,False,0,0,0,0.0,0.0
8,mcv:413,mcv,384,4,2,True,2,0,0,0.0,0.0
8,fd:364,fd,27,4,1,False,0,0,0,0.0,0.0
8,mcv:165,mcv,218,5,3,False,0,0,0,0.0,0.0
8,mcv:1658,mcv,296,2,1,False,0,0,0,0.0,0.0
8,mcv:139,mcv,432,6,2,False,0,0,0,0.0,0.0
8,fd:88,fd,27,4,3,False,0,0,0,0.0,0.0
8,mcv:38,mcv,196,8,2,False,0,0,0,0.0,0.0
8,mcv:926,mcv,218,4,1,False,0,0,0,0.0,0.0
8,mcv:1105,mcv,296,2,2,False,0,0,0,0.0,0.0
8,mcv:1652,mcv,344,2,1,False,0,0,0,0.0,0.0
8,mcv:109,mcv,270,5,3,False,0,0,0,0.0,0.0
8,mcv:563,mcv,244,5,1,False,0,0,0,0.0,0.0
8,fd:222,fd,27,5,1,False,0,0,0,0.0,0.0
8,mcv:223,mcv,340,4,3,False,0,0,0,0.0,0.0
8,mcv:565,mcv,244,5,1,True,1,1,0,0.0077842428767715965,0.0
8,mcv:499,mcv,366,4,2,False,0,0,0,0.0,0.0
8,fd:220,fd,27,5,1,False,0,0,0,0.0,0.0
8,mcv:229,mcv,148,5,2,False,0,0,0,0.0,0.0
8,mcv:739,mcv,148,4,1,False,0,0,0,0.0,0.0
8,mcv:1112,mcv,170,2,2,False,0,0,0,0.0,0.0
8,fd:194,fd,27,5,1,True,1,1,0,0.00010767904703601339,0.0
8,mcv:769,mcv,462,4,1,False,0,0,0,0.0,0.0
8,mcv:449,mcv,196,3,3,False,0,0,0,0.0,0.0
8,mcv:514,mcv,174,5,1,False,0,0,0,0.0,0.0
8,mcv:129,mcv,196,7,1,False,0,0,0,0.0,0.0
8,mcv:1935,mcv,436,1,1,False,0,0,0,0.0,0.0
8,mcv:490,mcv,288,5,1,False,0,0,0,0.0,0.0
8,fd:45,fd,41,6,2,False,0,0,0,0.0,0.0
8,mcv:1834,mcv,308,2,1,True,0,0,0,0.0,0.0
8,fd:514,fd,27,2,2,False,0,0,0,0.0,0.0
8,fd:179,fd,27,3,3,False,0,0,0,0.0,0.0
8,mcv:1363,mcv,196,3,1,False,0,0,0,0.0,0.0
8,fd:683,fd,27,1,1,True,0,0,0,0.0,0.0
8,fd:98,fd,27,5,2,False,0,0,0,0.0,0.0
8,fd:112,fd,41,4,3,False,0,0,0,0.0,0.0
8,mcv:864,mcv,244,3,2,False,0,0,0,0.0,0.0
8,mcv:1216,mcv,772,3,1,True,0,0,0,0.0,0.0
8,fd:330,fd,27,3,2,True,0,0,0,0.0,0.0
8,mcv:1364,mcv,392,2,2,False,0,0,0,0.0,0.0
8,mcv:256,mcv,296,5,2,False,0,0,0,0.0,0.0
8,mcv:516,mcv,300,3,3,False,0,0,0,0.0,0.0
8,mcv:772,mcv,170,4,1,False,0,0,0,0.0,0.0
8,fd:300,fd,27,4,1,False,0,0,0,0.0,0.0
8,fd:327,fd,27,2,3,False,0,0,0,0.0,0.0
8,mcv:1617,mcv,466,2,1,False,0,0,0,0.0,0.0
8,fd:336,fd,27,3,2,False,0,0,0,0.0,0.0
8,mcv:779,mcv,196,4,1,False,0,0,0,0.0,0.0
8,mcv:295,mcv,200,4,3,False,0,0,0,0.0,0.0
8,mcv:860,mcv,222,2,3,False,0,0,0,0.0,0.0
8,mcv:1433,mcv,300,3,1,False,0,0,0,0.0,0.0
8,mcv:274,mcv,432,5,2,False,0,0,0,0.0,0.0
8,mcv:1323,mcv,440,1,3,False,0,0,0,0.0,0.0
8,fd:110,fd,27,4,3,False,0,0,0,0.0,0.0
8,mcv:811,mcv,288,3,2,False,0,0,0,0.0,0.0
8,mcv:1358,mcv,274,3,1,False,0,0,0,0.0,0.0
8,mcv:1213,mcv,808,2,2,False,0,0,0,0.0,0.0
8,mcv:1434,mcv,518,1,3,True,1,1,0,0.022142338660464,0.0
8,mcv:1176,mcv,196,2,2,False,0,0,0,0.0,0.0
8,mcv:793,mcv,620,3,2,False,0,0,0,0.0,0.0
8,mcv:1932,mcv,196,1,1,False,0,0,0,0.0,0.0
8,mcv:483,mcv,222,4,2,False,0,0,0,0.0,0.0
8,mcv:126,mcv,488,6,2,True,2,1,1,0.4928710203324833,0.005805386548891178
8,mcv:1210,mcv,510,3,1,False,0,0,0,0.0,0.0
8,mcv:876,mcv,196,3,2,False,0,0,0,0.0,0.0
8,fd:203,fd,41,3,3,False,0,0,0,0.0,0.0
8,fd:471,fd,41,2,2,False,0,0,0,0.0,0.0
8,mcv:1212,mcv,440,3,1,False,0,0,0,0.0,0.0
8,fd:196,fd,27,3,3,True,0,0,0,0.0,0.0
8,mcv:289,mcv,462,4,3,False,0,0,0,0.0,0.0
8,mcv:529,mcv,322,3,3,True,2,0,2,0.0,4.23813127336714
8,mcv:53,mcv,404,7,2,False,0,0,0,0.0,0.0
8,mcv:584,mcv,356,4,2,False,0,0,0,0.0,0.0
8,mcv:298,mcv,174,5,2,False,0,0,0,0.0,0.0
8,mcv:6,mcv,842,6,5,False,0,0,0,0.0,0.0
8,mcv:764,mcv,148,4,1,False,0,0,0,0.0,0.0
8,mcv:160,mcv,810,5,3,False,0,0,0,0.0,0.0
8,fd:122,fd,27,4,3,False,0,0,0,0.0,0.0
8,mcv:2237,mcv,252,0,1,False,0,0,0,0.0,0.0
8,mcv:586,mcv,438,3,3,False,0,0,0,0.0,0.0
8,mcv:2046,mcv,196,1,1,False,0,0,0,0.0,0.0
8,fd:177,fd,27,4,2,False,0,0,0,0.0,0.0
8,mcv:1928,mcv,148,1,1,False,0,0,0,0.0,0.0
8,mcv:2059,mcv,148,1,1,False,0,0,0,0.0,0.0
8,fd:237,fd,27,4,2,False,0,0,0,0.0,0.0
8,mcv:313,mcv,382,4,3,False,0,0,0,0.0,0.0
8,mcv:1060,mcv,362,3,1,False,0,0,0,0.0,0.0
8,fd:509,fd,27,3,1,False,0,0,0,0.0,0.0
8,fd:66,fd,27,5,3,True,2,2,0,0.00021587918328136446,0.0
8,fd:717,fd,27,0,2,False,0,0,0,0.0,0.0
8,fd:178,fd,27,3,3,False,0,0,0,0.0,0.0
8,mcv:387,mcv,932,4,2,False,0,0,0,0.0,0.0
8,mcv:96,mcv,594,4,4,True,4,3,1,3.2777955150863516,0.0158942733102716
8,fd:558,fd,27,2,1,False,0,0,0,0.0,0.0
8,fd:62,fd,27,5,3,False,0,0,0,0.0,0.0
8,mcv:447,mcv,388,3,3,True,3,1,2,2.721724179366447e-08,0.2332640704847173
8,fd:96,fd,27,4,3,False,0,0,0,0.0,0.0
8,fd:64,fd,41,5,3,False,0,0,0,0.0,0.0
8,mcv:251,mcv,296,4,3,True,1,1,0,0.0002743055263851879,0.0
8,mcv:1579,mcv,196,1,2,False,0,0,0,0.0,0.0
8,mcv:557,mcv,628,3,3,False,0,0,0,0.0,0.0
8,fd:380,fd,27,3,2,False,0,0,0,0.0,0.0
8,mcv:316,mcv,196,6,1,False,0,0,0,0.0,0.0
8,fd:39,fd,27,4,4,False,0,0,0,0.0,0.0
8,mcv:28,mcv,540,8,2,False,0,0,0,0.0,0.0
8,mcv:1490,mcv,252,2,1,False,0,0,0,0.0,0.0
8,fd:4,fd,41,2,8,False,0,0,0,0.0,0.0
8,mcv:1736,mcv,322,1,2,False,0,0,0,0.0,0.0
8,fd:125,fd,27,6,1,True,1,1,0,0.0016634384678484437,0.0
8,fd:114,fd,27,5,2,False,0,0,0,0.0,0.0
8,mcv:343,mcv,576,5,2,False,0,0,0,0.0,0.0
8,mcv:170,mcv,724,5,3,False,0,0,0,0.0,0.0
8,mcv:382,mcv,388,4,2,False,0,0,0,0.0,0.0
8,mcv:556,mcv,382,5,1,False,0,0,0,0.0,0.0
8,mcv:13,mcv,278,2,8,False,0,0,0,0.0,0.0
8,fd:151,fd,27,4,2,True,0,0,0,0.0,0.0
8,mcv:43,mcv,340,5,4,False,0,0,0,0.0,0.0
8,mcv:172,mcv,174,5,3,False,0,0,0,0.0,0.0
8,mcv:207,mcv,1036,5,2,False,0,0,0,0.0,0.0
8,mcv:208,mcv,654,3,4,False,0,0,0,0.0,0.0
8,mcv:444,mcv,378,4,2,False,0,0,0,0.0,0.0
8,mcv:36,mcv,510,8,2,False,0,0,0,0.0,0.0
8,mcv:538,mcv,278,3,3,False,0,0,0,0.0,0.0
8,fd:16,fd,41,8,2,False,0,0,0,0.0,0.0
8,fd:216,fd,27,5,1,False,0,0,0,0.0,0.0
8,fd:750,fd,27,0,1,False,0,0,0,0.0,0.0
8,mcv:118,mcv,196,6,2,False,0,0,0,0.0,0.0
8,mcv:956,mcv,278,3,2,False,0,0,0,0.0,0.0
8,mcv:2060,mcv,296,0,2,False,0,0,0,0.0,0.0
8,mcv:1355,mcv,378,3,1,False,0,0,0,0.0,0.0
8,fd:574,fd,27,1,2,False,0,0,0,0.0,0.0
8,mcv:64,mcv,382,4,5,False,0,0,0,0.0,0.0
8,fd:206,fd,41,3,3,False,0,0,0,0.0,0.0
8,mcv:377,mcv,452,3,3,False,0,0,0,0.0,0.0
8,mcv:45,mcv,652,6,3,False,0,0,0,0.0,0.0
8,mcv:180,mcv,370,4,4,False,0,0,0,0.0,0.0
8,mcv:963,mcv,410,4,1,False,0,0,0,0.0,0.0
8,mcv:264,mcv,1124,5,2,False,0,0,0,0.0,0.0
8,mcv:205,mcv,1484,4,3,False,0,0,0,0.0,0.0
8,fd:83,fd,27,4,3,False,0,0,0,0.0,0.0
8,mcv:681,mcv,330,4,1,False,0,0,0,0.0,0.0
8,fd:282,fd,27,3,2,False,0,0,0,0.0,0.0
8,fd:431,fd,27,2,2,False,0,0,0,0.0,0.0
8,fd:10,fd,27,8,2,False,0,0,0,0.0,0.0
8,mcv:27,mcv,248,8,2,False,0,0,0,0.0,0.0
8,fd:71,fd,27,4,4,False,0,0,0,0.0,0.0
8,mcv:1947,mcv,912,1,1,False,0,0,0,0.0,0.0
8,mcv:670,mcv,278,3,2,False,0,0,0,0.0,0.0
8,mcv:1071,mcv,356,2,2,False,0,0,0,0.0,0.0
8,mcv:2140,mcv,748,0,1,False,0,0,0,0.0,0.0
8,mcv:210,mcv,392,5,2,False,0,0,0,0.0,0.0
8,mcv:1407,mcv,550,1,3,False,0,0,0,0.0,0.0
8,mcv:396,mcv,492,5,1,False,0,0,0,0.0,0.0
8,fd:276,fd,41,3,2,True,0,0,0,0.0,0.0
8,mcv:686,mcv,536,3,2,False,0,0,0,0.0,0.0
8,mcv:1286,mcv,362,3,1,False,0,0,0,0.0,0.0
8,mcv:261,mcv,614,6,1,False,0,0,0,0.0,0.0
8,mcv:385,mcv,400,2,4,True,4,3,1,53.04388811326338,0.13868499797863665
8,mcv:508,mcv,314,5,1,True,0,0,0,0.0,0.0
8,mcv:740,mcv,200,3,2,False,0,0,0,0.0,0.0
8,mcv:1127,mcv,318,2,2,False,0,0,0,0.0,0.0
8,mcv:1,mcv,244,12,1,True,1,1,0,6.922972837209159,0.0
8,mcv:736,mcv,196,3,2,False,0,0,0,0.0,0.0
8,mcv:1021,mcv,426,2,2,False,0,0,0,0.0,0.0
8,mcv:365,mcv,988,3,3,False,0,0,0,0.0,0.0
8,mcv:639,mcv,900,3,2,False,0,0,0,0.0,0.0
8,mcv:1486,mcv,362,1,2,False,0,0,0,0.0,0.0
8,mcv:643,mcv,628,3,2,False,0,0,0,0.0,0.0
8,mcv:1252,mcv,436,2,2,True,1,0,1,0.0,0.13426869791200535
8,mcv:504,mcv,558,5,1,False,0,0,0,0.0,0.0
8,fd:240,fd,41,3,3,False,0,0,0,0.0,0.0
8,mcv:1123,mcv,170,3,1,False,0,0,0,0.0,0.0
8,mcv:12,mcv,476,6,4,False,0,0,0,0.0,0.0
8,mcv:675,mcv,502,2,3,False,0,0,0,0.0,0.0
8,fd:190,fd,27,5,1,False,0,0,0,0.0,0.0
8,fd:279,fd,27,2,3,False,0,0,0,0.0,0.0
8,fd:55,fd,27,5,3,False,0,0,0,0.0,0.0
8,mcv:233,mcv,174,6,1,False,0,0,0,0.0,0.0
8,mcv:150,mcv,292,5,3,False,0,0,0,0.0,0.0
8,mcv:239,mcv,218,5,2,False,0,0,0,0.0,0.0
8,mcv:669,mcv,774,2,3,False,0,0,0,0.0,0.0
8,mcv:1477,mcv,514,2,1,False,0,0,0,0.0,0.0
8,mcv:495,mcv,716,4,2,False,0,0,0,0.0,0.0
8,mcv:749,mcv,244,4,1,True,1,0,1,0.0,9.934474186911473
8,mcv:826,mcv,366,4,1,True,0,0,0,0.0,0.0
8,mcv:588,mcv,540,3,3,False,0,0,0,0.0,0.0
8,mcv:641,mcv,668,3,2,False,0,0,0,0.0,0.0
8,fd:296,fd,27,4,1,False,0,0,0,0.0,0.0
8,fd:90,fd,27,6,1,True,0,0,0,0.0,0.0
8,mcv:645,mcv,956,3,2,False,0,0,0,0.0,0.0
8,fd:91,fd,27,5,2,False,0,0,0,0.0,0.0
8,mcv:369,mcv,786,2,4,False,0,0,0,0.0,0.0
8,fd:293,fd,27,3,2,False,0,0,0,0.0,0.0
8,mcv:2139,mcv,340,0,1,False,0,0,0,0.0,0.0
8,fd:1,fd,27,12,1,False,0,0,0,0.0,0.0
8,mcv:234,mcv,400,5,2,False,0,0,0,0.0,0.0
8,mcv:1554,mcv,462,2,1,False,0,0,0,0.0,0.0
8,fd:153,fd,27,1,5,False,0,0,0,0.0,0.0
8,mcv:97,mcv,362,5,3,False,0,0,0,0.0,0.0
8,mcv:273,mcv,750,4,3,False,0,0,0,0.0,0.0
8,mcv:1244,mcv,266,3,1,False,0,0,0,0.0,0.0
8,fd:277,fd,27,3,2,False,0,0,0,0.0,0.0
8,fd:37,fd,27,6,2,False,0,0,0,0.0,0.0
8,fd:493,fd,27,2,2,False,0,0,0,0.0,0.0
8,mcv:272,mcv,358,6,1,False,0,0,0,0.0,0.0
8,mcv:1654,mcv,1088,1,2,False,0,0,0,0.0,0.0
8,mcv:1639,mcv,358,2,1,False,0,0,0,0.0,0.0
8,mcv:1224,mcv,318,2,2,False,0,0,0,0.0,0.0
8,mcv:833,mcv,388,2,3,False,0,0,0,0.0,0.0
8,mcv:501,mcv,314,3,3,False,0,0,0,0.0,0.0
8,mcv:1976,mcv,520,1,1,False,0,0,0,0.0,0.0
8,mcv:1712,mcv,218,1,2,False,0,0,0,0.0,0.0
8,mcv:1316,mcv,222,2,2,True,2,1,1,0.0007505057574010987,0.0028573088810208702
8,mcv:1259,mcv,344,2,2,False,0,0,0,0.0,0.0
8,mcv:961,mcv,218,3,2,False,0,0,0,0.0,0.0
8,mcv:23,mcv,1106,8,2,False,0,0,0,0.0,0.0
8,mcv:1229,mcv,288,3,1,False,0,0,0,0.0,0.0
8,mcv:1057,mcv,410,2,2,True,1,0,1,0.0,0.02540854268224413
8,mcv:384,mcv,388,1,5,False,0,0,0,0.0,0.0
8,mcv:21,mcv,218,5,5,False,0,0,0,0.0,0.0
8,mcv:379,mcv,748,5,1,False,0,0,0,0.0,0.0
8,mcv:94,mcv,1224,6,2,False,0,0,0,0.0,0.0
8,mcv:134,mcv,358,7,1,False,0,0,0,0.0,0.0
8,mcv:1797,mcv,746,0,3,False,0,0,0,0.0,0.0
8,mcv:1058,mcv,634,3,1,False,0,0,0,0.0,0.0
8,mcv:671,mcv,388,3,2,False,0,0,0,0.0,0.0
8,mcv:1711,mcv,750,1,2,False,0,0,0,0.0,0.0
8,mcv:798,mcv,382,4,1,True,1,0,1,0.0,0.0018751045947196232
8,mcv:470,mcv,620,5,1,False,0,0,0,0.0,0.0
8,mcv:269,mcv,1312,4,3,False,0,0,0,0.0,0.0
8,fd:309,fd,27,4,1,False,0,0,0,0.0,0.0
8,mcv:7,mcv,738,8,3,False,0,0,0,0.0,0.0
8,mcv:285,mcv,266,3,4,True,3,2,0,0.2671809303002939,0.0
8,mcv:1679,mcv,174,2,1,False,0,0,0,0.0,0.0
8,mcv:851,mcv,452,4,1,False,0,0,0,0.0,0.0
8,fd:310,fd,27,4,1,False,0,0,0,0.0,0.0
8,mcv:968,mcv,322,4,1,False,0,0,0,0.0,0.0
8,fd:634,fd,27,2,1,False,0,0,0,0.0,0.0
8,mcv:1615,mcv,330,2,1,False,0,0,0,0.0,0.0
8,fd:383,fd,27,4,1,False,0,0,0,0.0,0.0
8,mcv:2021,mcv,304,1,1,False,0,0,0,0.0,0.0
8,mcv:1728,mcv,460,2,1,False,0,0,0,0.0,0.0
8,fd:579,fd,27,2,1,False,0,0,0,0.0,0.0
8,mcv:1780,mcv,174,2,1,False,0,0,0,0.0,0.0
8,mcv:1618,mcv,620,2,1,False,0,0,0,0.0,0.0
8,fd:320,fd,27,4,1,False,0,0,0,0.0,0.0
8,mcv:592,mcv,300,4,2,False,0,0,0,0.0,0.0
8,fd:595,fd,27,2,1,False,0,0,0,0.0,0.0
8,mcv:1774,mcv,304,2,1,False,0,0,0,0.0,0.0
8,mcv:2234,mcv,266,0,1,False,0,0,0,0.0,0.0
8,mcv:797,mcv,488,4,1,False,0,0,0,0.0,0.0
8,mcv:920,mcv,196,4,1,False,0,0,0,0.0,0.0
8,mcv:1787,mcv,196,1,2,False,0,0,0,0.0,0.0
8,mcv:902,mcv,652,4,1,True,1,0,1,0.0,0.020979093323634235
8,mcv:919,mcv,266,4,1,True,0,0,0,0.0,0.0
8,mcv:209,mcv,362,6,1,False,0,0,0,0.0,0.0
8,fd:361,fd,27,4,1,False,0,0,0,0.0,0.0
8,fd:57,fd,27,5,3,True,0,0,0,0.0,0.0
8,fd:424,fd,27,3,1,False,0,0,0,0.0,0.0
8,mcv:14,mcv,410,9,1,True,1,1,0,0.29105291039857595,0.0
8,mcv:1002,mcv,740,3,2,False,0,0,0,0.0,0.0
8,mcv:1785,mcv,174,2,1,False,0,0,0,0.0,0.0
8,fd:502,fd,27,3,1,False,0,0,0,0.0,0.0
8,mcv:308,mcv,170,6,1,False,0,0,0,0.0,0.0
8,mcv:78,mcv,196,7,2,False,0,0,0,0.0,0.0
8,mcv:1340,mcv,148,2,2,False,0,0,0,0.0,0.0
8,mcv:11,mcv,1162,9,2,False,0,0,0,0.0,0.0
8,fd:407,fd,27,3,2,False,0,0,0,0.0,0.0
8,mcv:2118,mcv,148,1,1,False,0,0,0,0.0,0.0
8,fd:554,fd,27,3,1,True,0,0,0,0.0,0.0
8,mcv:166,mcv,942,7,1,False,0,0,0,0.0,0.0
8,mcv:566,mcv,244,5,1,False,0,0,0,0.0,0.0
8,mcv:1061,mcv,388,3,1,True,0,0,0,0.0,0.0
8,mcv:44,mcv,340,5,4,False,0,0,0,0.0,0.0
8,mcv:1454,mcv,196,3,1,False,0,0,0,0.0,0.0
8,mcv:356,mcv,218,5,2,False,0,0,0,0.0,0.0
8,fd:69,fd,27,6,2,True,0,0,0,0.0,0.0
8,fd:223,fd,27,5,1,True,0,0,0,0.0,0.0
8,mcv:1339,mcv,174,3,1,False,0,0,0,0.0,0.0
8,fd:643,fd,27,1,2,False,0,0,0,0.0,0.0
8,mcv:1455,mcv,608,3,1,False,0,0,0,0.0,0.0
8,fd:29,fd,27,7,2,False,0,0,0,0.0,0.0
8,mcv:381,mcv,362,3,3,False,0,0,0,0.0,0.0
8,mcv:98,mcv,1878,4,4,False,0,0,0,0.0,0.0
8,fd:642,fd,27,2,1,False,0,0,0,0.0,0.0
8,mcv:33,mcv,196,8,2,False,0,0,0,0.0,0.0
8,mcv:177,mcv,854,6,2,False,0,0,0,0.0,0.0
8,mcv:155,mcv,196,5,3,False,0,0,0,0.0,0.0
8,mcv:1823,mcv,222,2,1,False,0,0,0,0.0,0.0
8,mcv:2035,mcv,690,1,1,False,0,0,0,0.0,0.0
8,mcv:290,mcv,388,6,1,False,0,0,0,0.0,0.0
8,fd:401,fd,27,3,2,False,0,0,0,0.0,0.0
8,mcv:1301,mcv,226,3,1,False,0,0,0,0.0,0.0
8,mcv:1661,mcv,620,1,2,False,0,0,0,0.0,0.0
8,fd:591,fd,27,2,1,False,0,0,0,0.0,0.0
8,mcv:2201,mcv,434,0,1,False,0,0,0,0.0,0.0
8,mcv:555,mcv,1366,3,3,False,0,0,0,0.0,0.0
8,mcv:1025,mcv,856,3,1,True,1,1,0,0.21921108411347712,0.0
8,mcv:1271,mcv,388,3,1,False,0,0,0,0.0,0.0
8,mcv:995,mcv,304,3,2,False,0,0,0,0.0,0.0
8,mcv:1291,mcv,702,2,2,False,0,0,0,0.0,0.0
8,mcv:88,mcv,1272,6,2,False,0,0,0,0.0,0.0
8,mcv:1024,mcv,1146,2,2,False,0,0,0,0.0,0.0
8,mcv:839,mcv,1286,4,1,False,0,0,0,0.0,0.0
8,fd:26,fd,41,8,1,False,0,0,0,0.0,0.0
8,mcv:1453,mcv,576,3,1,True,1,1,0,1.910717707939598,0.0
8,mcv:1031,mcv,448,3,1,False,0,0,0,0.0,0.0
8,mcv:90,mcv,1194,5,3,False,0,0,0,0.0,0.0
8,fd:656,fd,27,2,1,False,0,0,0,0.0,0.0
8,mcv:71,mcv,456,8,1,False,0,0,0,0.0,0.0
8,fd:27,fd,27,8,1,False,0,0,0,0.0,0.0
8,mcv:70,mcv,662,8,1,False,0,0,0,0.0,0.0
8,mcv:1668,mcv,572,2,1,False,0,0,0,0.0,0.0
8,mcv:954,mcv,222,4,1,False,0,0,0,0.0,0.0
8,fd:378,fd,27,4,1,False,0,0,0,0.0,0.0
8,fd:526,fd,41,3,1,False,0,0,0,0.0,0.0
8,mcv:721,mcv,318,3,2,False,0,0,0,0.0,0.0
8,fd:89,fd,41,6,1,False,0,0,0,0.0,0.0
8,mcv:226,mcv,252,6,1,True,1,0,1,0.0,0.16086882210314402
8,mcv:1397,mcv,200,3,1,False,0,0,0,0.0,0.0
8,fd:286,fd,27,3,2,False,0,0,0,0.0,0.0
8,mcv:57,mcv,544,8,1,False,0,0,0,0.0,0.0
8,mcv:1678,mcv,252,2,1,False,0,0,0,0.0,0.0
8,mcv:1506,mcv,296,2,1,False,0,0,0,0.0,0.0
8,fd:322,fd,27,3,2,False,0,0,0,0.0,0.0
8,mcv:328,mcv,510,5,2,False,0,0,0,0.0,0.0
8,mcv:854,mcv,444,4,1,False,0,0,0,0.0,0.0
8,mcv:917,mcv,218,4,1,False,0,0,0,0.0,0.0
8,mcv:930,mcv,378,4,1,False,0,0,0,0.0,0.0
8,mcv:1740,mcv,514,2,1,False,0,0,0,0.0,0.0
8,fd:594,fd,27,2,1,False,0,0,0,0.0,0.0
8,mcv:399,mcv,1484,4,2,True,2,2,0,1.9790009822275794,0.0
8,mcv:1532,mcv,292,1,2,False,0,0,0,0.0,0.0
8,mcv:218,mcv,804,6,1,False,0,0,0,0.0,0.0
8,fd:230,fd,27,4,2,False,0,0,0,0.0,0.0
8,mcv:169,mcv,170,5,3,False,0,0,0,0.0,0.0
8,mcv:1741,mcv,296,1,2,False,0,0,0,0.0,0.0
8,mcv:225,mcv,314,3,4,False,0,0,0,0.0,0.0
8,mcv:1756,mcv,540,1,2,False,0,0,0,0.0,0.0
8,fd:323,fd,27,4,1,False,0,0,0,0.0,0.0
8,mcv:1366,mcv,196,2,2,False,0,0,0,0.0,0.0
8,fd:515,fd,27,2,2,False,0,0,0,0.0,0.0
8,fd:669,fd,27,0,2,False,0,0,0,0.0,0.0
8,mcv:1082,mcv,550,2,2,False,0,0,0,0.0,0.0
8,mcv:467,mcv,1074,5,1,False,0,0,0,0.0,0.0
8,mcv:853,mcv,196,3,2,True,0,0,0,0.0,0.0
8,fd:622,fd,41,2,1,False,0,0,0,0.0,0.0
8,mcv:1885,mcv,1260,0,2,False,0,0,0,0.0,0.0
8,mcv:1077,mcv,498,2,2,False,0,0,0,0.0,0.0
8,fd:160,fd,27,4,2,False,0,0,0,0.0,0.0
8,mcv:1533,mcv,694,2,1,False,0,0,0,0.0,0.0
8,fd:365,fd,27,4,1,False,0,0,0,0.0,0.0
8,mcv:48,mcv,524,7,2,False,0,0,0,0.0,0.0
8,mcv:717,mcv,406,2,3,False,0,0,0,0.0,0.0
8,mcv:575,mcv,248,4,2,False,0,0,0,0.0,0.0
8,mcv:1766,mcv,270,2,1,False,0,0,0,0.0,0.0
8,mcv:1611,mcv,632,2,1,False,0,0,0,0.0,0.0
8,fd:20,fd,27,7,2,True,1,1,0,0.18966675811528,0.0
8,mcv:402,mcv,388,4,2,False,0,0,0,0.0,0.0
8,fd:433,fd,27,2,2,False,0,0,0,0.0,0.0
8,mcv:217,mcv,660,5,2,False,0,0,0,0.0,0.0
8,fd:623,fd,27,1,2,False,0,0,0,0.0,0.0
8,mcv:145,mcv,218,7,1,True,1,1,0,0.15509401362732933,0.0
8,mcv:1510,mcv,362,2,1,False,0,0,0,0.0,0.0
8,fd:629,fd,41,1,2,False,0,0,0,0.0,0.0
8,mcv:1944,mcv,864,1,1,False,0,0,0,0.0,0.0
8,mcv:1403,mcv,620,1,3,False,0,0,0,0.0,0.0
8,mcv:1625,mcv,436,1,2,False,0,0,0,0.0,0.0
8,mcv:171,mcv,804,7,1,False,0,0,0,0.0,0.0
8,fd:341,fd,27,3,2,False,0,0,0,0.0,0.0
8,mcv:1713,mcv,252,1,2,True,2,2,0,0.4361198212105366,0.0
8,mcv:127,mcv,694,5,3,False,0,0,0,0.0,0.0
8,fd:610,fd,41,1,2,False,0,0,0,0.0,0.0
8,fd:46,fd,27,5,3,False,0,0,0,0.0,0.0
8,mcv:692,mcv,708,2,3,False,0,0,0,0.0,0.0
8,mcv:476,mcv,572,5,1,True,1,1,0,0.18139355900679677,0.0
8,mcv:533,mcv,384,3,3,False,0,0,0,0.0,0.0
8,mcv:1250,mcv,344,3,1,False,0,0,0,0.0,0.0
8,mcv:1207,mcv,804,2,2,False,0,0,0,0.0,0.0
8,mcv:885,mcv,222,3,2,False,0,0,0,0.0,0.0
8,mcv:1993,mcv,1006,1,1,False,0,0,0,0.0,0.0
8,mcv:1078,mcv,322,3,1,False,0,0,0,0.0,0.0
8,mcv:809,mcv,500,4,1,True,0,0,0,0.0,0.0
8,fd:529,fd,27,1,3,False,0,0,0,0.0,0.0
8,mcv:1076,mcv,594,2,2,True,1,0,1,0.0,0.03789685976295676
8,mcv:940,mcv,274,3,2,False,0,0,0,0.0,0.0
8,mcv:471,mcv,466,5,1,False,0,0,0,0.0,0.0
8,mcv:1953,mcv,488,1,1,False,0,0,0,0.0,0.0
8,fd:476,fd,41,3,1,False,0,0,0,0.0,0.0
8,fd:316,fd,27,3,2,False,0,0,0,0.0,0.0
8,mcv:5,mcv,414,7,4,False,0,0,0,0.0,0.0
8,fd:345,fd,27,4,1,False,0,0,0,0.0,0.0
8,mcv:803,mcv,620,2,3,False,0,0,0,0.0,0.0
8,mcv:400,mcv,616,4,2,False,0,0,0,0.0,0.0
8,fd:65,fd,27,7,1,False,0,0,0,0.0,0.0
8,mcv:1871,mcv,1138,1,1,False,0,0,0,0.0,0.0
8,mcv:1963,mcv,414,1,1,False,0,0,0,0.0,0.0
8,mcv:829,mcv,550,3,2,False,0,0,0,0.0,0.0
8,mcv:1214,mcv,1282,3,1,False,0,0,0,0.0,0.0
8,mcv:1206,mcv,786,2,2,False,0,0,0,0.0,0.0
8,mcv:894,mcv,694,4,1,False,0,0,0,0.0,0.0
8,mcv:795,mcv,804,4,1,False,0,0,0,0.0,0.0
8,mcv:691,mcv,958,4,1,True,1,1,0,0.0017748238347914391,0.0
8,mcv:135,mcv,572,5,3,False,0,0,0,0.0,0.0
8,fd:315,fd,27,4,1,False,0,0,0,0.0,0.0
8,mcv:1220,mcv,466,2,2,False,0,0,0,0.0,0.0
8,mcv:1790,mcv,708,2,1,False,0,0,0,0.0,0.0
8,mcv:146,mcv,942,7,1,True,1,0,1,0.0,0.6570328753061039
8,mcv:321,mcv,502,5,2,False,0,0,0,0.0,0.0
8,mcv:58,mcv,288,6,3,False,0,0,0,0.0,0.0
8,mcv:856,mcv,274,4,1,False,0,0,0,0.0,0.0
8,mcv:965,mcv,1632,4,1,False,0,0,0,0.0,0.0
8,fd:95,fd,27,5,2,False,0,0,0,0.0,0.0
8,mcv:268,mcv,2382,6,1,True,0,0,0,0.0,0.0
8,mcv:469,mcv,856,3,3,True,0,0,0,0.0,0.0
8,mcv:25,mcv,524,8,2,False,0,0,0,0.0,0.0
8,mcv:250,mcv,218,6,1,True,0,0,0,0.0,0.0
8,mcv:1278,mcv,288,3,1,False,0,0,0,0.0,0.0
8,fd:130,fd,27,5,2,False,0,0,0,0.0,0.0
8,mcv:763,mcv,218,3,2,False,0,0,0,0.0,0.0
8,mcv:1199,mcv,812,3,1,False,0,0,0,0.0,0.0
8,mcv:2066,mcv,428,1,1,False,0,0,0,0.0,0.0
8,fd:131,fd,27,5,2,False,0,0,0,0.0,0.0
8,mcv:1672,mcv,428,2,1,False,0,0,0,0.0,0.0
8,mcv:249,mcv,544,5,2,False,0,0,0,0.0,0.0
8,mcv:282,mcv,1184,4,3,False,0,0,0,0.0,0.0
8,mcv:4,mcv,288,9,2,True,2,1,1,0.053710614351891284,0.9323873684258577
8,mcv:185,mcv,1750,6,2,False,0,0,0,0.0,0.0
8,mcv:121,mcv,218,7,1,False,0,0,0,0.0,0.0
8,mcv:124,mcv,856,6,2,False,0,0,0,0.0,0.0
8,mcv:445,mcv,314,4,2,False,0,0,0,0.0,0.0
8,fd:9,fd,27,8,2,False,0,0,0,0.0,0.0
8,mcv:2099,mcv,406,1,1,False,0,0,0,0.0,0.0
8,mcv:323,mcv,1052,5,2,False,0,0,0,0.0,0.0
8,mcv:511,mcv,266,4,2,False,0,0,0,0.0,0.0
8,fd:103,fd,27,6,1,False,0,0,0,0.0,0.0
8,mcv:10,mcv,546,8,3,False,0,0,0,0.0,0.0
8,mcv:1576,mcv,196,1,2,False,0,0,0,0.0,0.0
8,mcv:927,mcv,244,4,1,False,0,0,0,0.0,0.0
8,mcv:252,mcv,740,3,4,False,0,0,0,0.0,0.0
8,mcv:1822,mcv,666,0,3,False,0,0,0,0.0,0.0
8,mcv:1195,mcv,496,2,2,True,2,0,2,0.0,0.05437210026346584
8,fd:181,fd,27,3,3,False,0,0,0,0.0,0.0
8,mcv:551,mcv,588,5,1,False,0,0,0,0.0,0.0
8,fd:120,fd,41,5,2,False,0,0,0,0.0,0.0
8,mcv:37,mcv,456,7,3,False,0,0,0,0.0,0.0
8,fd:212,fd,27,5,1,True,0,0,0,0.0,0.0
8,mcv:455,mcv,196,3,3,False,0,0,0,0.0,0.0
8,mcv:259,mcv,544,6,1,False,0,0,0,0.0,0.0
8,fd:17,fd,41,7,3,True,0,0,0,0.0,0.0
8,mcv:1773,mcv,462,2,1,False,0,0,0,0.0,0.0
8,mcv:310,mcv,694,5,2,False,0,0,0,0.0,0.0
8,mcv:1040,mcv,620,3,1,False,0,0,0,0.0,0.0
8,mcv:1485,mcv,502,2,1,False,0,0,0,0.0,0.0
8,fd:128,fd,27,5,2,False,0,0,0,0.0,0.0
8,mcv:1845,mcv,988,1,1,False,0,0,0,0.0,0.0
8,mcv:430,mcv,382,4,2,False,0,0,0,0.0,0.0
8,mcv:1354,mcv,588,3,1,False,0,0,0,0.0,0.0
8,mcv:1646,mcv,366,2,1,False,0,0,0,0.0,0.0
8,fd:696,fd,27,1,1,False,0,0,0,0.0,0.0
8,mcv:567,mcv,314,5,1,True,0,0,0,0.0,0.0
8,mcv:1988,mcv,252,1,1,False,0,0,0,0.0,0.0
8,mcv:18,mcv,174,8,2,False,0,0,0,0.0,0.0
8,mcv:1352,mcv,650,2,2,False,0,0,0,0.0,0.0
8,fd:82,fd,27,6,1,False,0,0,0,0.0,0.0
8,mcv:375,mcv,252,5,1,False,0,0,0,0.0,0.0
8,mcv:654,mcv,594,4,1,False,0,0,0,0.0,0.0
8,fd:149,fd,27,5,1,False,0,0,0,0.0,0.0
8,fd:637,fd,27,2,1,True,0,0,0,0.0,0.0
8,fd:267,fd,27,3,2,False,0,0,0,0.0,0.0
8,fd:265,fd,27,2,3,False,0,0,0,0.0,0.0
8,fd:668,fd,27,1,1,False,0,0,0,0.0,0.0
8,mcv:197,mcv,646,5,2,True,2,1,1,0.12823812634016885,0.21890216825005093
8,mcv:1656,mcv,458,2,1,False,0,0,0,0.0,0.0
8,mcv:644,mcv,986,3,2,True,1,0,1,0.0,0.04955819413229179
8,mcv:199,mcv,686,6,1,False,0,0,0,0.0,0.0
8,mcv:202,mcv,486,6,1,False,0,0,0,0.0,0.0
8,mcv:704,mcv,318,4,1,False,0,0,0,0.0,0.0
8,mcv:1881,mcv,252,1,1,False,0,0,0,0.0,0.0
8,mcv:836,mcv,1014,3,2,False,0,0,0,0.0,0.0
8,mcv:409,mcv,748,5,1,True,1,1,0,0.001425874991508591,0.0
8,fd:411,fd,27,3,1,False,0,0,0,0.0,0.0
8,fd:699,fd,27,1,1,False,0,0,0,0.0,0.0
8,mcv:1875,mcv,748,1,1,False,0,0,0,0.0,0.0
8,mcv:1777,mcv,200,2,1,False,0,0,0,0.0,0.0
8,mcv:1134,mcv,148,3,1,False,0,0,0,0.0,0.0
8,mcv:2000,mcv,252,1,1,False,0,0,0,0.0,0.0
8,mcv:708,mcv,816,3,2,False,0,0,0,0.0,0.0
8,fd:36,fd,27,7,1,False,0,0,0,0.0,0.0
8,fd:588,fd,27,2,1,False,0,0,0,0.0,0.0
8,mcv:2187,mcv,422,0,1,False,0,0,0,0.0,0.0
8,mcv:1018,mcv,614,3,1,True,0,0,0,0.0,0.0
8,fd:6,fd,27,8,2,False,0,0,0,0.0,0.0
8,fd:171,fd,27,4,2,False,0,0,0,0.0,0.0
8,fd:224,fd,27,5,1,False,0,0,0,0.0,0.0
8,mcv:92,mcv,410,7,1,False,0,0,0,0.0,0.0
8,mcv:319,mcv,174,5,2,False,0,0,0,0.0,0.0
8,mcv:652,mcv,274,3,2,False,0,0,0,0.0,0.0
8,mcv:1128,mcv,318,2,2,False,0,0,0,0.0,0.0
8,fd:448,fd,41,3,1,False,0,0,0,0.0,0.0
8,mcv:1523,mcv,502,2,1,False,0,0,0,0.0,0.0
8,mcv:828,mcv,1014,3,2,False,0,0,0,0.0,0.0
8,mcv:646,mcv,382,2,3,False,0,0,0,0.0,0.0
8,mcv:640,mcv,918,4,1,False,0,0,0,0.0,0.0
8,mcv:435,mcv,322,4,2,True,2,0,2,0.0,0.05054050298680268
8,mcv:359,mcv,822,3,3,False,0,0,0,0.0,0.0
8,mcv:1047,mcv,362,2,2,False,0,0,0,0.0,0.0
8,mcv:1039,mcv,426,3,1,False,0,0,0,0.0,0.0
8,fd:420,fd,27,2,2,False,0,0,0,0.0,0.0
8,mcv:1707,mcv,532,2,1,False,0,0,0,0.0,0.0
8,mcv:475,mcv,658,3,3,False,0,0,0,0.0,0.0
8,mcv:630,mcv,1234,3,2,False,0,0,0,0.0,0.0
8,mcv:1014,mcv,458,3,1,False,0,0,0,0.0,0.0
8,mcv:189,mcv,800,5,2,False,0,0,0,0.0,0.0
8,mcv:480,mcv,362,3,3,False,0,0,0,0.0,0.0
8,mcv:1853,mcv,812,1,1,False,0,0,0,0.0,0.0
8,mcv:1499,mcv,484,2,1,False,0,0,0,0.0,0.0
8,mcv:125,mcv,996,5,3,False,0,0,0,0.0,0.0
8,fd:155,fd,27,5,1,False,0,0,0,0.0,0.0
8,mcv:1333,mcv,774,3,1,False,0,0,0,0.0,0.0
8,mcv:465,mcv,1306,4,2,False,0,0,0,0.0,0.0
8,mcv:16,mcv,304,8,2,False,0,0,0,0.0,0.0
8,mcv:20,mcv,382,8,2,False,0,0,0,0.0,0.0
8,mcv:213,mcv,556,6,1,False,0,0,0,0.0,0.0
8,mcv:154,mcv,382,5,3,False,0,0,0,0.0,0.0
8,mcv:1597,mcv,610,2,1,False,0,0,0,0.0,0.0
8,mcv:212,mcv,532,6,1,False,0,0,0,0.0,0.0
8,fd:134,fd,27,4,3,True,2,2,0,0.002747612692617585,0.0
8,fd:217,fd,27,4,2,False,0,0,0,0.0,0.0
8,fd:466,fd,27,3,1,False,0,0,0,0.0,0.0
8,mcv:32,mcv,322,6,4,False,0,0,0,0.0,0.0
8,mcv:792,mcv,544,4,1,False,0,0,0,0.0,0.0
8,fd:469,fd,27,1,3,False,0,0,0,0.0,0.0
8,mcv:560,mcv,382,4,2,False,0,0,0,0.0,0.0
8,mcv:1194,mcv,366,1,3,False,0,0,0,0.0,0.0
8,fd:209,fd,41,4,2,False,0,0,0,0.0,0.0
8,mcv:1605,mcv,170,2,1,False,0,0,0,0.0,0.0
8,fd:715,fd,27,1,1,False,0,0,0,0.0,0.0
8,mcv:543,mcv,1098,5,1,False,0,0,0,0.0,0.0
8,fd:13,fd,27,6,4,False,0,0,0,0.0,0.0
8,mcv:394,mcv,418,5,1,False,0,0,0,0.0,0.0
8,mcv:891,mcv,248,3,2,False,0,0,0,0.0,0.0
8,mcv:2050,mcv,196,1,1,False,0,0,0,0.0,0.0
8,mcv:545,mcv,248,3,3,False,0,0,0,0.0,0.0
8,fd:84,fd,27,6,1,False,0,0,0,0.0,0.0
8,mcv:1330,mcv,340,2,2,False,0,0,0,0.0,0.0
8,mcv:453,mcv,170,4,2,False,0,0,0,0.0,0.0
8,mcv:215,mcv,304,6,1,False,0,0,0,0.0,0.0
8,fd:5,fd,27,8,2,False,0,0,0,0.0,0.0
8,mcv:544,mcv,230,4,2,True,1,1,0,0.05302361926288546,0.0
8,fd:56,fd,27,5,3,True,3,2,1,0.0021479354785627347,0.015374840161991088
8,mcv:1187,mcv,248,3,1,False,0,0,0,0.0,0.0
8,mcv:786,mcv,588,3,2,False,0,0,0,0.0,0.0
8,mcv:391,mcv,304,5,1,False,0,0,0,0.0,0.0
8,mcv:101,mcv,562,7,1,False,0,0,0,0.0,0.0
8,mcv:988,mcv,344,4,1,False,0,0,0,0.0,0.0
8,mcv:1188,mcv,196,3,1,False,0,0,0,0.0,0.0
8,mcv:333,mcv,196,4,3,False,0,0,0,0.0,0.0
8,fd:501,fd,27,2,2,False,0,0,0,0.0,0.0
8,mcv:368,mcv,668,4,2,False,0,0,0,0.0,0.0
8,mcv:1480,mcv,764,2,1,False,0,0,0,0.0,0.0
8,mcv:594,mcv,314,5,1,False,0,0,0,0.0,0.0
8,fd:386,fd,27,4,1,False,0,0,0,0.0,0.0
8,mcv:972,mcv,366,4,1,False,0,0,0,0.0,0.0
8,mcv:886,mcv,300,4,1,False,0,0,0,0.0,0.0
8,mcv:883,mcv,196,3,2,False,0,0,0,0.0,0.0
8,fd:210,fd,27,4,2,False,0,0,0,0.0,0.0
8,fd:278,fd,27,4,1,False,0,0,0,0.0,0.0
8,mcv:1492,mcv,940,2,1,False,0,0,0,0.0,0.0
8,fd:491,fd,27,3,1,False,0,0,0,0.0,0.0
8,mcv:1305,mcv,466,3,1,False,0,0,0,0.0,0.0
8,mcv:1489,mcv,1054,0,3,False,0,0,0,0.0,0.0
8,mcv:15,mcv,418,8,2,False,0,0,0,0.0,0.0
8,fd:40,fd,41,6,2,False,0,0,0,0.0,0.0
8,fd:343,fd,27,3,2,False,0,0,0,0.0,0.0
8,mcv:1501,mcv,514,2,1,False,0,0,0,0.0,0.0
8,mcv:905,mcv,486,3,2,False,0,0,0,0.0,0.0
8,fd:536,fd,41,2,2,False,0,0,0,0.0,0.0
8,mcv:1309,mcv,720,3,1,False,0,0,0,0.0,0.0
8,mcv:888,mcv,500,3,2,False,0,0,0,0.0,0.0
8,fd:606,fd,27,2,1,False,0,0,0,0.0,0.0
8,mcv:2109,mcv,706,1,1,False,0,0,0,0.0,0.0
8,fd:58,fd,27,6,2,True,1,0,1,0.0,0.0248062607499977
8,mcv:898,mcv,296,2,3,False,0,0,0,0.0,0.0
8,mcv:673,mcv,330,4,1,False,0,0,0,0.0,0.0
8,fd:339,fd,27,3,2,False,0,0,0,0.0,0.0
8,fd:157,fd,27,5,1,False,0,0,0,0.0,0.0
8,fd:348,fd,27,4,1,False,0,0,0,0.0,0.0
8,mcv:47,mcv,434,8,1,False,0,0,0,0.0,0.0
8,fd:354,fd,27,3,2,False,0,0,0,0.0,0.0
8,mcv:897,mcv,304,4,1,False,0,0,0,0.0,0.0
8,fd:349,fd,27,2,3,False,0,0,0,0.0,0.0
8,mcv:867,mcv,1356,4,1,False,0,0,0,0.0,0.0
8,mcv:1420,mcv,538,2,2,False,0,0,0,0.0,0.0
8,mcv:46,mcv,634,7,2,False,0,0,0,0.0,0.0
8,mcv:1705,mcv,482,2,1,False,0,0,0,0.0,0.0
8,mcv:393,mcv,644,5,1,False,0,0,0,0.0,0.0
8,mcv:156,mcv,430,6,2,False,0,0,0,0.0,0.0
8,mcv:1059,mcv,1128,2,2,False,0,0,0,0.0,0.0
8,mcv:2054,mcv,820,1,1,False,0,0,0,0.0,0.0
8,mcv:102,mcv,564,6,2,False,0,0,0,0.0,0.0
8,fd:198,fd,41,4,2,False,0,0,0,0.0,0.0
8,mcv:2104,mcv,352,1,1,False,0,0,0,0.0,0.0
8,mcv:1310,mcv,982,3,1,False,0,0,0,0.0,0.0
8,mcv:547,mcv,434,4,2,False,0,0,0,0.0,0.0
8,mcv:522,mcv,470,4,2,False,0,0,0,0.0,0.0
8,mcv:292,mcv,406,6,1,False,0,0,0,0.0,0.0
8,mcv:1314,mcv,340,2,2,False,0,0,0,0.0,0.0
8,mcv:928,mcv,650,4,1,False,0,0,0,0.0,0.0
8,mcv:527,mcv,178,4,2,False,0,0,0,0.0,0.0
8,fd:607,fd,41,1,2,False,0,0,0,0.0,0.0
8,fd:500,fd,27,3,1,False,0,0,0,0.0,0.0
8,mcv:2069,mcv,458,0,2,False,0,0,0,0.0,0.0
8,mcv:1710,mcv,174,2,1,False,0,0,0,0.0,0.0
8,mcv:2074,mcv,340,1,1,False,0,0,0,0.0,0.0
8,mcv:1315,mcv,470,2,2,False,0,0,0,0.0,0.0
8,mcv:1748,mcv,226,2,1,False,0,0,0,0.0,0.0
8,mcv:302,mcv,568,5,2,False,0,0,0,0.0,0.0
8,mcv:2231,mcv,226,0,1,False,0,0,0,0.0,0.0
8,fd:747,fd,27,0,1,False,0,0,0,0.0,0.0
8,fd:609,fd,27,2,1,False,0,0,0,0.0,0.0
8,mcv:1392,mcv,274,3,1,True,0,0,0,0.0,0.0
8,mcv:958,mcv,174,4,1,False,0,0,0,0.0,0.0
8,mcv:1329,mcv,610,3,1,False,0,0,0,0.0,0.0
8,mcv:1708,mcv,274,1,2,False,0,0,0,0.0,0.0
8,mcv:2217,mcv,226,0,1,False,0,0,0,0.0,0.0
8,fd:749,fd,41,0,1,False,0,0,0,0.0,0.0
8,mcv:936,mcv,426,4,1,True,1,0,1,0.0,0.026037307500737406
8,fd:201,fd,41,4,2,False,0,0,0,0.0,0.0
8,mcv:1716,mcv,200,2,1,False,0,0,0,0.0,0.0
8,mcv:535,mcv,340,4,2,False,0,0,0,0.0,0.0
8,mcv:2037,mcv,632,1,1,False,0,0,0,0.0,0.0
8,mcv:2083,mcv,374,1,1,False,0,0,0,0.0,0.0
8,mcv:1108,mcv,572,1,3,False,0,0,0,0.0,0.0
8,mcv:1706,mcv,702,2,1,False,0,0,0,0.0,0.0
8,mcv:1886,mcv,760,1,1,False,0,0,0,0.0,0.0
8,mcv:1101,mcv,896,2,2,False,0,0,0,0.0,0.0
8,mcv:794,mcv,1044,3,2,False,0,0,0,0.0,0.0
8,mcv:113,mcv,218,7,1,False,0,0,0,0.0,0.0
8,mcv:248,mcv,218,5,2,False,0,0,0,0.0,0.0
8,mcv:757,mcv,148,4,1,False,0,0,0,0.0,0.0
8,mcv:1920,mcv,170,1,1,False,0,0,0,0.0,0.0
8,mcv:746,mcv,636,3,2,False,0,0,0,0.0,0.0
8,mcv:576,mcv,482,3,3,False,0,0,0,0.0,0.0
8,fd:231,fd,27,3,3,False,0,0,0,0.0,0.0
8,mcv:115,mcv,592,7,1,False,0,0,0,0.0,0.0
8,mcv:583,mcv,196,3,3,False,0,0,0,0.0,0.0
8,mcv:50,mcv,170,8,1,False,0,0,0,0.0,0.0
8,fd:8,fd,27,8,2,False,0,0,0,0.0,0.0
8,mcv:224,mcv,292,6,1,False,0,0,0,0.0,0.0
8,mcv:1104,mcv,340,3,1,True,0,0,0,0.0,0.0
8,mcv:812,mcv,384,4,1,False,0,0,0,0.0,0.0
8,mcv:301,mcv,384,5,2,False,0,0,0,0.0,0.0
8,mcv:24,mcv,340,8,2,False,0,0,0,0.0,0.0
8,mcv:718,mcv,546,3,2,False,0,0,0,0.0,0.0
8,mcv:992,mcv,170,4,1,False,0,0,0,0.0,0.0
8,mcv:1529,mcv,318,1,2,False,0,0,0,0.0,0.0
8,mcv:275,mcv,218,6,1,False,0,0,0,0.0,0.0
8,mcv:1256,mcv,572,3,1,False,0,0,0,0.0,0.0
8,mcv:2226,mcv,244,0,1,False,0,0,0,0.0,0.0
8,mcv:595,mcv,218,4,2,False,0,0,0,0.0,0.0
8,mcv:486,mcv,288,5,1,False,0,0,0,0.0,0.0
8,mcv:924,mcv,218,3,2,False,0,0,0,0.0,0.0
8,mcv:837,mcv,296,4,1,False,0,0,0,0.0,0.0
8,mcv:167,mcv,196,7,1,False,0,0,0,0.0,0.0
8,mcv:1720,mcv,314,2,1,False,0,0,0,0.0,0.0
8,fd:314,fd,27,3,2,True,0,0,0,0.0,0.0
8,mcv:405,mcv,1356,4,2,False,0,0,0,0.0,0.0
8,mcv:1165,mcv,196,3,1,False,0,0,0,0.0,0.0
8,mcv:1464,mcv,414,2,1,False,0,0,0,0.0,0.0
8,fd:408,fd,27,2,2,False,0,0,0,0.0,0.0
8,fd:460,fd,27,3,1,False,0,0,0,0.0,0.0
8,mcv:181,mcv,408,6,2,False,0,0,0,0.0,0.0
8,mcv:601,mcv,548,4,2,False,0,0,0,0.0,0.0
8,mcv:2071,mcv,662,1,1,False,0,0,0,0.0,0.0
8,mcv:1599,mcv,266,2,1,False,0,0,0,0.0,0.0
8,mcv:1627,mcv,344,2,1,False,0,0,0,0.0,0.0
8,mcv:1008,mcv,756,3,1,False,0,0,0,0.0,0.0
8,mcv:900,mcv,148,3,2,False,0,0,0,0.0,0.0
8,mcv:1507,mcv,318,2,1,False,0,0,0,0.0,0.0
8,mcv:128,mcv,414,5,3,False,0,0,0,0.0,0.0
8,mcv:477,mcv,850,1,5,False,0,0,0,0.0,0.0
8,fd:247,fd,27,4,2,False,0,0,0,0.0,0.0
8,mcv:1162,mcv,274,3,1,False,0,0,0,0.0,0.0
8,mcv:1575,mcv,266,2,1,False,0,0,0,0.0,0.0
8,mcv:830,mcv,322,3,2,False,0,0,0,0.0,0.0
8,mcv:401,mcv,318,5,1,False,0,0,0,0.0,0.0
8,mcv:194,mcv,692,4,3,False,0,0,0,0.0,0.0
8,mcv:120,mcv,170,6,2,True,2,1,1,0.05581445380220096,0.03246799187496974
8,mcv:1574,mcv,366,1,2,False,0,0,0,0.0,0.0
8,fd:228,fd,27,5,1,False,0,0,0,0.0,0.0
8,mcv:1504,mcv,318,2,1,False,0,0,0,0.0,0.0
8,mcv:1470,mcv,734,2,1,False,0,0,0,0.0,0.0
8,mcv:403,mcv,322,4,2,False,0,0,0,0.0,0.0
8,mcv:1936,mcv,314,1,1,False,0,0,0,0.0,0.0
8,fd:34,fd,27,7,1,False,0,0,0,0.0,0.0
8,mcv:1640,mcv,244,2,1,False,0,0,0,0.0,0.0
8,mcv:1975,mcv,546,1,1,False,0,0,0,0.0,0.0
8,mcv:929,mcv,340,3,2,False,0,0,0,0.0,0.0
8,fd:12,fd,27,7,3,False,0,0,0,0.0,0.0
8,fd:77,fd,27,5,2,False,0,0,0,0.0,0.0
8,mcv:1994,mcv,900,1,1,False,0,0,0,0.0,0.0
8,mcv:808,mcv,550,3,2,False,0,0,0,0.0,0.0
8,fd:463,fd,27,3,1,False,0,0,0,0.0,0.0
8,mcv:1006,mcv,414,2,2,False,0,0,0,0.0,0.0
8,mcv:137,mcv,1136,4,4,False,0,0,0,0.0,0.0
8,mcv:1578,mcv,314,2,1,False,0,0,0,0.0,0.0
8,mcv:693,mcv,634,3,2,False,0,0,0,0.0,0.0
8,mcv:324,mcv,846,5,2,True,2,1,1,0.1538294652955725,0.18282060558333502
8,mcv:1604,mcv,170,1,2,False,0,0,0,0.0,0.0
8,fd:2,fd,27,8,3,False,0,0,0,0.0,0.0
8,mcv:953,mcv,196,3,2,False,0,0,0,0.0,0.0
8,fd:585,fd,41,2,1,False,0,0,0,0.0,0.0
8,mcv:119,mcv,148,5,3,False,0,0,0,0.0,0.0
8,mcv:1243,mcv,650,2,2,False,0,0,0,0.0,0.0
8,mcv:1249,mcv,638,3,1,False,0,0,0,0.0,0.0
8,fd:351,fd,41,3,2,False,0,0,0,0.0,0.0
8,mcv:192,mcv,1408,4,3,False,0,0,0,0.0,0.0
8,mcv:87,mcv,418,7,1,True,1,0,1,0.0,1.2434278662359652
8,mcv:493,mcv,542,4,2,False,0,0,0,0.0,0.0
8,fd:317,fd,41,3,2,True,0,0,0,0.0,0.0
8,mcv:1167,mcv,548,3,1,False,0,0,0,0.0,0.0
8,mcv:1722,mcv,270,1,2,False,0,0,0,0.0,0.0
8,mcv:191,mcv,348,5,2,True,1,1,0,0.00036332412859207963,0.0
8,mcv:1248,mcv,340,2,2,True,1,0,1,0.0,0.022749459082175294
8,mcv:819,mcv,358,3,2,False,0,0,0,0.0,0.0
8,mcv:807,mcv,278,3,2,False,0,0,0,0.0,0.0
8,mcv:220,mcv,852,6,1,False,0,0,0,0.0,0.0
8,mcv:1007,mcv,796,3,1,False,0,0,0,0.0,0.0
8,mcv:1169,mcv,430,3,1,False,0,0,0,0.0,0.0
8,mcv:190,mcv,936,6,1,True,0,0,0,0.0,0.0
8,mcv:1081,mcv,748,2,2,False,0,0,0,0.0,0.0
8,mcv:1961,mcv,480,1,1,False,0,0,0,0.0,0.0
8,mcv:1251,mcv,274,3,1,False,0,0,0,0.0,0.0
8,fd:347,fd,27,4,1,False,0,0,0,0.0,0.0
8,mcv:1183,mcv,318,2,2,False,0,0,0,0.0,0.0
8,fd:72,fd,27,6,2,False,0,0,0,0.0,0.0
8,mcv:896,mcv,174,4,1,False,0,0,0,0.0,0.0
8,mcv:1628,mcv,538,2,1,False,0,0,0,0.0,0.0
8,mcv:174,mcv,728,6,2,False,0,0,0,0.0,0.0
8,mcv:1598,mcv,300,1,2,False,0,0,0,0.0,0.0
8,fd:573,fd,27,1,2,False,0,0,0,0.0,0.0
8,mcv:1192,mcv,526,1,3,False,0,0,0,0.0,0.0
8,fd:555,fd,27,2,1,False,0,0,0,0.0,0.0
8,mcv:821,mcv,266,4,1,False,0,0,0,0.0,0.0
8,mcv:1412,mcv,874,2,2,False,0,0,0,0.0,0.0
8,mcv:571,mcv,226,5,1,False,0,0,0,0.0,0.0
8,mcv:3,mcv,326,8,3,False,0,0,0,0.0,0.0
8,mcv:31,mcv,482,7,3,False,0,0,0,0.0,0.0
8,mcv:1572,mcv,170,1,2,False,0,0,0,0.0,0.0
8,mcv:1396,mcv,196,3,1,True,1,1,0,0.052008524050616955,0.0
8,mcv:875,mcv,606,4,1,False,0,0,0,0.0,0.0
8,fd:60,fd,27,6,2,False,0,0,0,0.0,0.0
8,mcv:835,mcv,922,4,1,True,1,0,1,0.0,3.9788320455978052
8,fd:105,fd,27,6,1,False,0,0,0,0.0,0.0
8,mcv:2216,mcv,244,0,1,False,0,0,0,0.0,0.0
8,mcv:882,mcv,196,2,3,False,0,0,0,0.0,0.0
8,mcv:158,mcv,838,6,2,False,0,0,0,0.0,0.0
8,fd:508,fd,27,1,3,False,0,0,0,0.0,0.0
8,fd:525,fd,27,3,1,False,0,0,0,0.0,0.0
8,mcv:609,mcv,274,3,3,False,0,0,0,0.0,0.0
8,mcv:1351,mcv,434,1,3,False,0,0,0,0.0,0.0
8,mcv:277,mcv,318,6,1,False,0,0,0,0.0,0.0
8,fd:338,fd,27,2,3,False,0,0,0,0.0,0.0
8,mcv:1769,mcv,366,2,1,False,0,0,0,0.0,0.0
8,fd:254,fd,27,3,3,False,0,0,0,0.0,0.0
8,mcv:1262,mcv,620,3,1,True,0,0,0,0.0,0.0
8,mcv:944,mcv,362,4,1,False,0,0,0,0.0,0.0
8,mcv:2138,mcv,760,0,1,False,0,0,0,0.0,0.0
8,mcv:662,mcv,572,4,1,False,0,0,0,0.0,0.0
8,mcv:1793,mcv,910,1,2,True,2,0,2,0.0,0.00028298022018424795
8,mcv:659,mcv,432,3,2,False,0,0,0,0.0,0.0
8,mcv:132,mcv,196,6,2,False,0,0,0,0.0,0.0
8,fd:236,fd,27,3,3,False,0,0,0,0.0,0.0
8,mcv:354,mcv,222,5,2,False,0,0,0,0.0,0.0
8,fd:49,fd,27,5,3,True,1,0,1,0.0,0.0006260752973727968
8,mcv:581,mcv,148,3,3,False,0,0,0,0.0,0.0
8,mcv:1456,mcv,170,3,1,True,0,0,0,0.0,0.0
8,mcv:35,mcv,148,8,2,False,0,0,0,0.0,0.0
8,mcv:427,mcv,222,4,2,False,0,0,0,0.0,0.0
8,mcv:1000,mcv,148,3,2,True,2,2,0,0.0012397298852704353,0.0
8,mcv:1113,mcv,196,3,1,False,0,0,0,0.0,0.0
8,fd:15,fd,41,8,2,False,0,0,0,0.0,0.0
8,mcv:110,mcv,148,7,1,False,0,0,0,0.0,0.0
8,mcv:623,mcv,266,4,2,True,2,0,2,0.0,7.693124692842446e-08
8,mcv:230,mcv,170,4,3,False,0,0,0,0.0,0.0
8,mcv:734,mcv,170,3,2,False,0,0,0,0.0,0.0
8,fd:48,fd,27,6,2,False,0,0,0,0.0,0.0
8,mcv:732,mcv,148,3,2,False,0,0,0,0.0,0.0
8,mcv:622,mcv,170,3,3,False,0,0,0,0.0,0.0
8,mcv:815,mcv,196,4,1,False,0,0,0,0.0,0.0
8,mcv:84,mcv,222,7,2,False,0,0,0,0.0,0.0
8,mcv:487,mcv,174,3,3,False,0,0,0,0.0,0.0
8,mcv:986,mcv,148,4,1,False,0,0,0,0.0,0.0
8,mcv:349,mcv,170,5,2,False,0,0,0,0.0,0.0
8,fd:260,fd,27,4,2,False,0,0,0,0.0,0.0
8,mcv:933,mcv,222,4,1,False,0,0,0,0.0,0.0
8,mcv:133,mcv,196,5,3,False,0,0,0,0.0,0.0
8,fd:405,fd,27,3,2,False,0,0,0,0.0,0.0
8,mcv:1385,mcv,148,3,1,False,0,0,0,0.0,0.0
8,fd:290,fd,27,3,2,False,0,0,0,0.0,0.0
8,mcv:615,mcv,170,5,1,False,0,0,0,0.0,0.0
8,fd:397,fd,41,4,1,False,0,0,0,0.0,0.0
8,mcv:624,mcv,222,4,2,False,0,0,0,0.0,0.0
8,mcv:1232,mcv,314,3,1,False,0,0,0,0.0,0.0
8,mcv:1899,mcv,270,1,1,False,0,0,0,0.0,0.0
8,mcv:228,mcv,170,6,1,False,0,0,0,0.0,0.0
8,mcv:420,mcv,170,4,2,True,2,1,1,2.0491498275987396e-08,0.0013705419261942353
8,mcv:454,mcv,170,5,1,False,0,0,0,0.0,0.0
8,mcv:1566,mcv,318,1,2,False,0,0,0,0.0,0.0
8,mcv:804,mcv,664,3,2,False,0,0,0,0.0,0.0
8,fd:301,fd,27,3,2,False,0,0,0,0.0,0.0
8,mcv:770,mcv,322,3,2,False,0,0,0,0.0,0.0
8,mcv:751,mcv,170,3,2,True,0,0,0,0.0,0.0
8,mcv:1589,mcv,170,2,1,False,0,0,0,0.0,0.0
8,mcv:1620,mcv,734,2,1,False,0,0,0,0.0,0.0
8,mcv:1175,mcv,318,3,1,False,0,0,0,0.0,0.0
8,mcv:497,mcv,862,5,1,False,0,0,0,0.0,0.0
8,mcv:753,mcv,410,3,2,True,1,1,0,0.3330044334691191,0.0
8,mcv:2196,mcv,410,0,1,False,0,0,0,0.0,0.0
8,mcv:771,mcv,410,3,2,False,0,0,0,0.0,0.0
8,mcv:755,mcv,170,2,3,False,0,0,0,0.0,0.0
8,mcv:834,mcv,318,3,2,False,0,0,0,0.0,0.0
8,mcv:999,mcv,200,3,2,False,0,0,0,0.0,0.0
8,fd:578,fd,27,1,2,False,0,0,0,0.0,0.0
8,mcv:1819,mcv,344,2,1,False,0,0,0,0.0,0.0
8,fd:575,fd,27,2,1,False,0,0,0,0.0,0.0
8,mcv:1812,mcv,624,2,1,False,0,0,0,0.0,0.0
8,mcv:1272,mcv,374,2,2,False,0,0,0,0.0,0.0
8,mcv:1663,mcv,304,2,1,True,1,0,1,0.0,0.1903771940546224
8,mcv:140,mcv,1002,6,2,False,0,0,0,0.0,0.0
8,fd:654,fd,27,2,1,False,0,0,0,0.0,0.0
8,fd:480,fd,27,2,2,False,0,0,0,0.0,0.0
8,fd:590,fd,41,2,1,False,0,0,0,0.0,0.0
8,mcv:881,mcv,248,4,1,False,0,0,0,0.0,0.0
8,fd:342,fd,41,4,1,False,0,0,0,0.0,0.0
8,mcv:1267,mcv,436,2,2,False,0,0,0,0.0,0.0
8,fd:115,fd,27,5,2,True,0,0,0,0.0,0.0
8,mcv:2016,mcv,388,0,2,False,0,0,0,0.0,0.0
8,mcv:300,mcv,196,5,2,False,0,0,0,0.0,0.0
8,mcv:1592,mcv,366,2,1,False,0,0,0,0.0,0.0
8,fd:204,fd,27,4,2,False,0,0,0,0.0,0.0
8,mcv:887,mcv,256,4,1,False,0,0,0,0.0,0.0
8,mcv:1594,mcv,200,1,2,False,0,0,0,0.0,0.0
8,fd:404,fd,27,3,2,False,0,0,0,0.0,0.0
8,mcv:2013,mcv,448,0,2,False,0,0,0,0.0,0.0
8,mcv:451,mcv,170,4,2,False,0,0,0,0.0,0.0
8,mcv:530,mcv,414,4,2,True,0,0,0,0.0,0.0
8,mcv:1588,mcv,196,2,1,False,0,0,0,0.0,0.0
8,fd:51,fd,27,6,2,False,0,0,0,0.0,0.0
8,mcv:1423,mcv,552,3,1,False,0,0,0,0.0,0.0
8,mcv:2233,mcv,292,0,1,False,0,0,0,0.0,0.0
8,mcv:971,mcv,1880,4,1,False,0,0,0,0.0,0.0
8,fd:182,fd,27,4,2,True,0,0,0,0.0,0.0
8,fd:731,fd,41,1,1,False,0,0,0,0.0,0.0
8,mcv:183,mcv,506,7,1,False,0,0,0,0.0,0.0
8,fd:79,fd,27,6,1,False,0,0,0,0.0,0.0
8,mcv:1033,mcv,654,3,1,False,0,0,0,0.0,0.0
8,mcv:957,mcv,148,4,1,False,0,0,0,0.0,0.0
8,fd:266,fd,27,4,1,False,0,0,0,0.0,0.0
8,fd:169,fd,27,4,2,False,0,0,0,0.0,0.0
8,mcv:61,mcv,358,7,2,False,0,0,0,0.0,0.0
8,fd:700,fd,27,1,1,False,0,0,0,0.0,0.0
8,mcv:1666,mcv,366,1,2,False,0,0,0,0.0,0.0
8,mcv:1938,mcv,170,1,1,False,0,0,0,0.0,0.0
8,mcv:456,mcv,534,4,2,False,0,0,0,0.0,0.0
8,fd:701,fd,27,1,1,False,0,0,0,0.0,0.0
8,mcv:598,mcv,538,5,1,False,0,0,0,0.0,0.0
8,fd:318,fd,41,3,2,False,0,0,0,0.0,0.0
8,mcv:458,mcv,170,4,2,False,0,0,0,0.0,0.0
8,fd:672,fd,27,1,1,False,0,0,0,0.0,0.0
8,mcv:1600,mcv,218,1,2,False,0,0,0,0.0,0.0
8,mcv:1185,mcv,410,3,1,False,0,0,0,0.0,0.0
8,fd:246,fd,27,5,1,False,0,0,0,0.0,0.0
8,mcv:989,mcv,410,2,3,False,0,0,0,0.0,0.0
8,fd:288,fd,27,4,1,True,0,0,0,0.0,0.0
8,mcv:649,mcv,1032,4,1,False,0,0,0,0.0,0.0
8,fd:639,fd,27,2,1,False,0,0,0,0.0,0.0
8,mcv:1669,mcv,410,2,1,False,0,0,0,0.0,0.0
8,mcv:1779,mcv,200,2,1,False,0,0,0,0.0,0.0
8,mcv:198,mcv,2208,4,3,False,0,0,0,0.0,0.0
8,mcv:2008,mcv,436,1,1,False,0,0,0,0.0,0.0
8,mcv:2172,mcv,244,0,1,False,0,0,0,0.0,0.0
8,mcv:83,mcv,740,7,2,False,0,0,0,0.0,0.0
8,mcv:1542,mcv,148,2,1,False,0,0,0,0.0,0.0
8,mcv:1032,mcv,532,2,2,False,0,0,0,0.0,0.0
8,mcv:505,mcv,174,5,1,False,0,0,0,0.0,0.0
8,fd:635,fd,41,2,1,False,0,0,0,0.0,0.0
8,mcv:142,mcv,626,7,1,False,0,0,0,0.0,0.0
8,fd:32,fd,27,7,2,True,0,0,0,0.0,0.0
8,mcv:2018,mcv,244,1,1,False,0,0,0,0.0,0.0
8,mcv:40,mcv,840,8,2,True,2,2,0,1.087953332280208,0.0
8,mcv:730,mcv,512,4,1,False,0,0,0,0.0,0.0
8,fd:416,fd,27,2,2,False,0,0,0,0.0,0.0
8,mcv:2019,mcv,218,1,1,False,0,0,0,0.0,0.0
8,mcv:1190,mcv,148,3,1,False,0,0,0,0.0,0.0
8,mcv:725,mcv,410,4,1,False,0,0,0,0.0,0.0
8,fd:482,fd,27,2,2,False,0,0,0,0.0,0.0
8,mcv:838,mcv,546,2,3,True,2,2,0,2.6076713366672086,0.0
8,fd:538,fd,27,3,1,False,0,0,0,0.0,0.0
8,fd:289,fd,27,4,1,True,0,0,0,0.0,0.0
8,mcv:82,mcv,300,7,2,False,0,0,0,0.0,0.0
8,mcv:610,mcv,170,5,1,False,0,0,0,0.0,0.0
8,fd:18,fd,27,8,2,False,0,0,0,0.0,0.0
8,mcv:0,mcv,196,10,3,False,0,0,0,0.0,0.0
8,mcv:1020,mcv,492,3,1,False,0,0,0,0.0,0.0
8,mcv:1270,mcv,664,2,2,False,0,0,0,0.0,0.0
8,mcv:1895,mcv,196,1,1,False,0,0,0,0.0,0.0
8,mcv:1030,mcv,514,2,2,False,0,0,0,0.0,0.0
8,fd:73,fd,27,7,1,False,0,0,0,0.0,0.0
8,mcv:731,mcv,344,4,1,False,0,0,0,0.0,0.0
8,mcv:2090,mcv,148,1,1,False,0,0,0,0.0,0.0
8,mcv:2113,mcv,222,1,1,True,0,0,0,0.0,0.0
8,fd:0,fd,27,10,3,True,1,1,0,0.05302360818105223,0.0
8,mcv:841,mcv,330,3,2,True,1,1,0,7.044140826195644e-10,0.0
8,mcv:331,mcv,992,5,2,False,0,0,0,0.0,0.0
8,mcv:41,mcv,968,9,1,False,0,0,0,0.0,0.0
8,mcv:1671,mcv,2142,2,1,False,0,0,0,0.0,0.0
8,mcv:1543,mcv,148,2,1,False,0,0,0,0.0,0.0
8,mcv:2,mcv,218,9,3,False,0,0,0,0.0,0.0
8,mcv:1424,mcv,772,2,2,False,0,0,0,0.0,0.0
8,mcv:428,mcv,828,4,2,False,0,0,0,0.0,0.0
8,mcv:647,mcv,1350,4,1,False,0,0,0,0.0,0.0
8,mcv:352,mcv,938,4,3,False,0,0,0,0.0,0.0
8,fd:412,fd,27,3,1,False,0,0,0,0.0,0.0
8,mcv:1775,mcv,512,2,1,False,0,0,0,0.0,0.0
8,mcv:2009,mcv,278,1,1,False,0,0,0,0.0,0.0
8,mcv:195,mcv,470,6,1,False,0,0,0,0.0,0.0
8,mcv:332,mcv,218,6,1,False,0,0,0,0.0,0.0
8,fd:189,fd,27,5,1,False,0,0,0,0.0,0.0
8,mcv:1395,mcv,838,3,1,False,0,0,0,0.0,0.0
8,fd:137,fd,27,4,3,False,0,0,0,0.0,0.0
8,mcv:496,mcv,296,5,1,False,0,0,0,0.0,0.0
8,mcv:342,mcv,548,4,3,False,0,0,0,0.0,0.0
8,mcv:335,mcv,218,5,2,False,0,0,0,0.0,0.0
8,mcv:1987,mcv,366,1,1,False,0,0,0,0.0,0.0
8,mcv:700,mcv,524,4,1,False,0,0,0,0.0,0.0
8,mcv:1505,mcv,1142,2,1,False,0,0,0,0.0,0.0
8,mcv:2040,mcv,606,1,1,True,1,0,1,0.0,0.02763293640212794
8,mcv:1892,mcv,410,1,1,False,0,0,0,0.0,0.0
8,mcv:1829,mcv,218,1,2,False,0,0,0,0.0,0.0
8,fd:625,fd,27,1,2,False,0,0,0,0.0,0.0
8,mcv:491,mcv,288,5,1,False,0,0,0,0.0,0.0
8,mcv:569,mcv,270,5,1,False,0,0,0,0.0,0.0
8,mcv:1633,mcv,406,2,1,False,0,0,0,0.0,0.0
8,mcv:574,mcv,406,4,2,False,0,0,0,0.0,0.0
8,mcv:996,mcv,218,4,1,False,0,0,0,0.0,0.0
8,mcv:1381,mcv,314,2,2,False,0,0,0,0.0,0.0
8,fd:226,fd,27,5,1,False,0,0,0,0.0,0.0
8,mcv:1751,mcv,270,1,2,False,0,0,0,0.0,0.0
8,mcv:254,mcv,218,5,2,False,0,0,0,0.0,0.0
8,fd:721,fd,27,1,1,False,0,0,0,0.0,0.0
8,mcv:697,mcv,498,3,2,False,0,0,0,0.0,0.0
8,mcv:2065,mcv,244,1,1,False,0,0,0,0.0,0.0
8,fd:346,fd,27,3,2,False,0,0,0,0.0,0.0
8,fd:353,fd,27,3,2,True,1,0,1,0.0,0.0032080449390106125
8,mcv:1919,mcv,170,1,1,False,0,0,0,0.0,0.0
8,mcv:330,mcv,248,4,3,False,0,0,0,0.0,0.0
8,mcv:1390,mcv,824,2,2,False,0,0,0,0.0,0.0
8,mcv:907,mcv,434,3,2,False,0,0,0,0.0,0.0
8,mcv:895,mcv,226,3,2,False,0,0,0,0.0,0.0
8,mcv:1721,mcv,248,2,1,False,0,0,0,0.0,0.0
8,mcv:1414,mcv,504,2,2,False,0,0,0,0.0,0.0
8,mcv:542,mcv,808,4,2,False,0,0,0,0.0,0.0
8,fd:133,fd,27,4,3,False,0,0,0,0.0,0.0
8,mcv:745,mcv,314,3,2,False,0,0,0,0.0,0.0
8,mcv:51,mcv,562,7,2,False,0,0,0,0.0,0.0
8,mcv:1725,mcv,1350,2,1,True,1,1,0,0.03842772291148422,0.0
8,mcv:241,mcv,292,5,2,False,0,0,0,0.0,0.0
8,fd:613,fd,27,2,1,False,0,0,0,0.0,0.0
8,mcv:307,mcv,170,5,2,False,0,0,0,0.0,0.0
8,fd:355,fd,27,3,2,True,1,0,1,0.0,0.017136767504391415
8,mcv:904,mcv,600,3,2,False,0,0,0,0.0,0.0
8,mcv:136,mcv,926,6,2,False,0,0,0,0.0,0.0
8,mcv:2093,mcv,148,1,1,False,0,0,0,0.0,0.0
8,fd:439,fd,27,3,1,False,0,0,0,0.0,0.0
8,mcv:1106,mcv,226,3,1,False,0,0,0,0.0,0.0
8,mcv:1482,mcv,470,2,1,False,0,0,0,0.0,0.0
8,mcv:1476,mcv,874,2,1,False,0,0,0,0.0,0.0
8,fd:734,fd,27,1,1,False,0,0,0,0.0,0.0
8,mcv:1704,mcv,958,2,1,False,0,0,0,0.0,0.0
8,mcv:232,mcv,148,6,1,False,0,0,0,0.0,0.0
8,mcv:452,mcv,488,4,2,False,0,0,0,0.0,0.0
8,mcv:1550,mcv,248,2,1,False,0,0,0,0.0,0.0
8,mcv:1129,mcv,378,3,1,False,0,0,0,0.0,0.0
8,mcv:1937,mcv,314,1,1,False,0,0,0,0.0,0.0
8,mcv:484,mcv,646,5,1,False,0,0,0,0.0,0.0
8,mcv:2182,mcv,362,0,1,False,0,0,0,0.0,0.0
8,fd:445,fd,27,3,1,False,0,0,0,0.0,0.0
8,mcv:1125,mcv,174,2,2,False,0,0,0,0.0,0.0
8,mcv:270,mcv,488,6,1,True,1,1,0,0.2905784157026383,0.0
8,mcv:802,mcv,462,4,1,False,0,0,0,0.0,0.0
8,mcv:130,mcv,288,7,1,False,0,0,0,0.0,0.0
8,mcv:582,mcv,170,5,1,False,0,0,0,0.0,0.0
8,mcv:568,mcv,196,5,1,False,0,0,0,0.0,0.0
8,mcv:1233,mcv,196,3,1,False,0,0,0,0.0,0.0
8,mcv:796,mcv,440,3,2,False,0,0,0,0.0,0.0
8,mcv:1613,mcv,418,2,1,False,0,0,0,0.0,0.0
8,mcv:485,mcv,174,4,2,False,0,0,0,0.0,0.0
8,fd:225,fd,27,5,1,False,0,0,0,0.0,0.0
8,mcv:1338,mcv,170,2,2,False,0,0,0,0.0,0.0
8,mcv:1634,mcv,362,2,1,False,0,0,0,0.0,0.0
8,fd:537,fd,27,3,1,False,0,0,0,0.0,0.0
8,mcv:1422,mcv,278,3,1,False,0,0,0,0.0,0.0
8,mcv:1044,mcv,968,2,2,True,1,1,0,0.1265775225404404,0.0
8,mcv:187,mcv,148,6,2,False,0,0,0,0.0,0.0
8,mcv:593,mcv,566,5,1,False,0,0,0,0.0,0.0
8,fd:70,fd,27,6,2,False,0,0,0,0.0,0.0
8,fd:534,fd,41,3,1,False,0,0,0,0.0,0.0
8,fd:272,fd,41,4,1,False,0,0,0,0.0,0.0
8,fd:273,fd,27,3,2,False,0,0,0,0.0,0.0
8,mcv:1803,mcv,278,2,1,False,0,0,0,0.0,0.0
8,mcv:193,mcv,976,6,1,False,0,0,0,0.0,0.0
8,mcv:1416,mcv,642,3,1,False,0,0,0,0.0,0.0
8,fd:251,fd,41,5,1,False,0,0,0,0.0,0.0
8,fd:551,fd,41,3,1,True,0,0,0,0.0,0.0
8,fd:658,fd,27,1,1,False,0,0,0,0.0,0.0
8,mcv:1842,mcv,462,1,1,False,0,0,0,0.0,0.0
8,fd:274,fd,27,4,1,False,0,0,0,0.0,0.0
8,fd:647,fd,27,2,1,False,0,0,0,0.0,0.0
8,mcv:363,mcv,370,4,2,False,0,0,0,0.0,0.0
8,fd:244,fd,27,5,1,True,0,0,0,0.0,0.0
8,fd:78,fd,27,6,1,True,0,0,0,0.0,0.0
8,mcv:178,mcv,512,6,2,False,0,0,0,0.0,0.0
8,mcv:967,mcv,278,4,1,False,0,0,0,0.0,0.0
8,mcv:605,mcv,772,5,1,True,1,0,1,0.0,0.02609845827388857
8,fd:399,fd,27,4,1,True,0,0,0,0.0,0.0
8,fd:382,fd,27,4,1,False,0,0,0,0.0,0.0
8,mcv:1446,mcv,408,3,1,False,0,0,0,0.0,0.0
8,mcv:1474,mcv,436,2,1,False,0,0,0,0.0,0.0
8,mcv:991,mcv,408,4,1,False,0,0,0,0.0,0.0
8,mcv:1843,mcv,356,1,1,False,0,0,0,0.0,0.0
8,mcv:666,mcv,640,3,2,False,0,0,0,0.0,0.0
8,mcv:376,mcv,274,4,2,False,0,0,0,0.0,0.0
8,mcv:663,mcv,356,4,1,False,0,0,0,0.0,0.0
8,fd:150,fd,41,4,2,False,0,0,0,0.0,0.0
8,mcv:667,mcv,274,4,1,False,0,0,0,0.0,0.0
8,fd:76,fd,27,6,2,False,0,0,0,0.0,0.0
8,mcv:2108,mcv,574,1,1,False,0,0,0,0.0,0.0
8,mcv:913,mcv,226,4,1,False,0,0,0,0.0,0.0
8,mcv:1754,mcv,396,1,2,False,0,0,0,0.0,0.0
8,mcv:877,mcv,174,4,1,False,0,0,0,0.0,0.0
8,mcv:1439,mcv,1388,3,1,False,0,0,0,0.0,0.0
8,mcv:196,mcv,448,6,1,False,0,0,0,0.0,0.0
8,fd:359,fd,27,4,1,True,0,0,0,0.0,0.0
8,fd:391,fd,27,3,2,False,0,0,0,0.0,0.0
8,fd:80,fd,27,6,1,False,0,0,0,0.0,0.0
8,mcv:89,mcv,426,6,2,False,0,0,0,0.0,0.0
8,fd:235,fd,27,5,1,True,1,0,1,0.0,0.008600844478022118
8,fd:494,fd,27,3,1,False,0,0,0,0.0,0.0
8,fd:548,fd,27,3,1,False,0,0,0,0.0,0.0
8,mcv:1027,mcv,896,3,1,False,0,0,0,0.0,0.0
8,mcv:878,mcv,362,4,1,False,0,0,0,0.0,0.0
8,mcv:327,mcv,226,5,2,False,0,0,0,0.0,0.0
8,mcv:2079,mcv,304,1,1,False,0,0,0,0.0,0.0
8,mcv:2128,mcv,650,0,1,False,0,0,0,0.0,0.0
8,mcv:2133,mcv,946,0,1,False,0,0,0,0.0,0.0
8,mcv:1789,mcv,958,2,1,False,0,0,0,0.0,0.0
8,fd:219,fd,27,5,1,True,1,0,1,0.0,4.6496996302547444e-05
8,mcv:1359,mcv,418,3,1,False,0,0,0,0.0,0.0
8,mcv:1320,mcv,496,3,1,False,0,0,0,0.0,0.0
8,mcv:580,mcv,408,5,1,False,0,0,0,0.0,0.0
8,mcv:979,mcv,904,3,2,False,0,0,0,0.0,0.0
8,mcv:1319,mcv,642,3,1,True,1,1,0,0.03797103970217308,0.0
8,fd:337,fd,27,4,1,False,0,0,0,0.0,0.0
8,fd:628,fd,27,1,2,False,0,0,0,0.0,0.0
8,fd:644,fd,27,2,1,False,0,0,0,0.0,0.0
8,fd:495,fd,27,3,1,False,0,0,0,0.0,0.0
8,mcv:76,mcv,148,7,2,False,0,0,0,0.0,0.0
8,mcv:562,mcv,386,5,1,False,0,0,0,0.0,0.0
8,mcv:648,mcv,1242,3,2,False,0,0,0,0.0,0.0
8,mcv:1791,mcv,530,1,2,False,0,0,0,0.0,0.0
8,fd:511,fd,27,3,1,False,0,0,0,0.0,0.0
8,mcv:2029,mcv,218,1,1,False,0,0,0,0.0,0.0
8,mcv:1457,mcv,458,2,2,False,0,0,0,0.0,0.0
8,mcv:1255,mcv,366,3,1,False,0,0,0,0.0,0.0
8,mcv:2005,mcv,782,1,1,False,0,0,0,0.0,0.0
8,fd:587,fd,27,1,2,False,0,0,0,0.0,0.0
8,mcv:1518,mcv,748,2,1,False,0,0,0,0.0,0.0
8,mcv:1874,mcv,686,1,1,False,0,0,0,0.0,0.0
8,mcv:573,mcv,292,5,1,False,0,0,0,0.0,0.0
8,mcv:85,mcv,170,6,3,True,3,3,0,0.002493911395370585,0.0
8,mcv:1524,mcv,362,1,2,False,0,0,0,0.0,0.0
8,mcv:1630,mcv,278,1,2,False,0,0,0,0.0,0.0
8,mcv:412,mcv,362,4,2,False,0,0,0,0.0,0.0
8,fd:102,fd,27,6,1,False,0,0,0,0.0,0.0
8,mcv:267,mcv,610,6,1,False,0,0,0,0.0,0.0
8,mcv:263,mcv,548,6,1,True,1,1,0,0.002736959529689109,0.0
8,mcv:1709,mcv,222,1,2,False,0,0,0,0.0,0.0
8,mcv:561,mcv,404,5,1,False,0,0,0,0.0,0.0
8,mcv:1772,mcv,196,2,1,False,0,0,0,0.0,0.0
8,mcv:558,mcv,540,4,2,True,1,0,1,0.0,0.5625933066646063
8,mcv:80,mcv,288,7,2,False,0,0,0,0.0,0.0
8,fd:608,fd,27,1,2,False,0,0,0,0.0,0.0
8,mcv:326,mcv,292,6,1,False,0,0,0,0.0,0.0
8,mcv:73,mcv,658,8,1,False,0,0,0,0.0,0.0
8,mcv:293,mcv,540,5,2,False,0,0,0,0.0,0.0
8,fd:100,fd,27,6,1,False,0,0,0,0.0,0.0
8,fd:633,fd,27,2,1,False,0,0,0,0.0,0.0
8,mcv:56,mcv,1128,6,3,False,0,0,0,0.0,0.0
8,mcv:1609,mcv,658,2,1,False,0,0,0,0.0,0.0
8,fd:218,fd,27,5,1,True,0,0,0,0.0,0.0
8,mcv:531,mcv,288,5,1,False,0,0,0,0.0,0.0
8,mcv:1622,mcv,720,2,1,False,0,0,0,0.0,0.0
8,mcv:801,mcv,492,4,1,False,0,0,0,0.0,0.0
8,fd:333,fd,27,4,1,False,0,0,0,0.0,0.0
8,mcv:74,mcv,434,7,2,False,0,0,0,0.0,0.0
8,mcv:869,mcv,448,4,1,True,0,0,0,0.0,0.0
8,mcv:481,mcv,330,4,2,False,0,0,0,0.0,0.0
8,mcv:1702,mcv,810,2,1,False,0,0,0,0.0,0.0
8,mcv:276,mcv,966,4,3,False,0,0,0,0.0,0.0
8,mcv:138,mcv,392,5,3,False,0,0,0,0.0,0.0
8,fd:50,fd,27,5,3,False,0,0,0,0.0,0.0
8,mcv:525,mcv,452,4,2,False,0,0,0,0.0,0.0
8,mcv:1614,mcv,466,2,1,False,0,0,0,0.0,0.0
8,mcv:337,mcv,248,4,3,False,0,0,0,0.0,0.0
8,fd:312,fd,27,4,1,False,0,0,0,0.0,0.0
8,fd:581,fd,41,2,1,True,0,0,0,0.0,0.0
8,fd:258,fd,27,5,1,False,0,0,0,0.0,0.0
8,mcv:1447,mcv,386,3,1,False,0,0,0,0.0,0.0
8,mcv:1813,mcv,662,1,2,False,0,0,0,0.0,0.0
8,fd:552,fd,27,3,1,False,0,0,0,0.0,0.0
8,mcv:964,mcv,226,4,1,True,0,0,0,0.0,0.0
8,mcv:1432,mcv,318,2,2,False,0,0,0,0.0,0.0
8,mcv:1110,mcv,314,2,2,False,0,0,0,0.0,0.0
8,fd:651,fd,27,1,2,True,0,0,0,0.0,0.0
8,mcv:1107,mcv,590,3,1,False,0,0,0,0.0,0.0
8,fd:752,fd,41,0,1,False,0,0,0,0.0,0.0
8,fd:544,fd,27,2,2,False,0,0,0,0.0,0.0
8,mcv:619,mcv,474,5,1,True,0,0,0,0.0,0.0
8,mcv:346,mcv,340,5,2,False,0,0,0,0.0,0.0
8,mcv:723,mcv,874,3,2,False,0,0,0,0.0,0.0
8,fd:140,fd,27,5,2,False,0,0,0,0.0,0.0
8,mcv:2243,mcv,204,0,1,False,0,0,0,0.0,0.0
8,fd:183,fd,27,5,1,False,0,0,0,0.0,0.0
8,mcv:1284,mcv,222,3,1,False,0,0,0,0.0,0.0
8,fd:109,fd,27,6,1,True,0,0,0,0.0,0.0
8,mcv:694,mcv,410,3,2,False,0,0,0,0.0,0.0
8,mcv:26,mcv,574,8,2,False,0,0,0,0.0,0.0
8,mcv:925,mcv,292,3,2,False,0,0,0,0.0,0.0
8,mcv:701,mcv,392,4,1,False,0,0,0,0.0,0.0
8,fd:485,fd,27,3,1,False,0,0,0,0.0,0.0
8,mcv:1601,mcv,196,1,2,False,0,0,0,0.0,0.0
8,mcv:922,mcv,904,4,1,False,0,0,0,0.0,0.0
8,mcv:459,mcv,200,5,1,False,0,0,0,0.0,0.0
8,mcv:1798,mcv,578,2,1,False,0,0,0,0.0,0.0
8,mcv:1602,mcv,218,2,1,False,0,0,0,0.0,0.0
8,mcv:806,mcv,326,3,2,False,0,0,0,0.0,0.0
8,mcv:287,mcv,200,6,1,False,0,0,0,0.0,0.0
8,mcv:1219,mcv,388,3,1,False,0,0,0,0.0,0.0
8,fd:54,fd,27,6,2,False,0,0,0,0.0,0.0
8,mcv:149,mcv,378,6,2,False,0,0,0,0.0,0.0
8,mcv:1151,mcv,532,3,1,False,0,0,0,0.0,0.0
8,mcv:116,mcv,148,6,2,False,0,0,0,0.0,0.0
8,mcv:1325,mcv,728,1,3,False,0,0,0,0.0,0.0
8,mcv:204,mcv,362,3,4,False,0,0,0,0.0,0.0
8,fd:368,fd,27,4,1,False,0,0,0,0.0,0.0
8,mcv:784,mcv,378,4,1,False,0,0,0,0.0,0.0
8,mcv:1308,mcv,912,3,1,False,0,0,0,0.0,0.0
8,mcv:783,mcv,218,2,3,False,0,0,0,0.0,0.0
8,fd:306,fd,27,4,1,True,0,0,0,0.0,0.0
8,mcv:935,mcv,1082,4,1,False,0,0,0,0.0,0.0
8,mcv:235,mcv,300,5,2,False,0,0,0,0.0,0.0
8,mcv:371,mcv,594,4,2,False,0,0,0,0.0,0.0
8,mcv:236,mcv,148,5,2,False,0,0,0,0.0,0.0
8,fd:35,fd,27,7,1,False,0,0,0,0.0,0.0
8,mcv:91,mcv,274,7,1,False,0,0,0,0.0,0.0
8,mcv:665,mcv,664,4,1,False,0,0,0,0.0,0.0
8,mcv:1411,mcv,1052,2,2,False,0,0,0,0.0,0.0
8,fd:93,fd,41,5,2,False,0,0,0,0.0,0.0
8,mcv:1528,mcv,292,2,1,False,0,0,0,0.0,0.0
8,mcv:1043,mcv,916,3,1,False,0,0,0,0.0,0.0
8,fd:163,fd,27,4,2,False,0,0,0,0.0,0.0
8,mcv:719,mcv,314,4,1,False,0,0,0,0.0,0.0
8,mcv:653,mcv,366,4,1,False,0,0,0,0.0,0.0
8,mcv:617,mcv,366,5,1,False,0,0,0,0.0,0.0
8,mcv:1908,mcv,170,1,1,False,0,0,0,0.0,0.0
8,mcv:1231,mcv,524,3,1,False,0,0,0,0.0,0.0
8,mcv:415,mcv,730,4,2,False,0,0,0,0.0,0.0
8,fd:268,fd,27,4,1,False,0,0,0,0.0,0.0
8,mcv:157,mcv,148,7,1,False,0,0,0,0.0,0.0
8,fd:92,fd,27,5,2,False,0,0,0,0.0,0.0
8,fd:59,fd,27,7,1,False,0,0,0,0.0,0.0
8,mcv:1341,mcv,148,3,1,False,0,0,0,0.0,0.0
8,mcv:1135,mcv,504,2,2,True,2,1,1,0.017422221047149522,0.009843619054862307
8,mcv:1131,mcv,148,2,2,False,0,0,0,0.0,0.0
8,mcv:414,mcv,1110,3,3,False,0,0,0,0.0,0.0
8,fd:449,fd,27,2,2,False,0,0,0,0.0,0.0
8,mcv:1203,mcv,772,3,1,False,0,0,0,0.0,0.0
8,mcv:1062,mcv,770,3,1,False,0,0,0,0.0,0.0
8,mcv:1152,mcv,314,2,2,False,0,0,0,0.0,0.0
8,mcv:1160,mcv,222,3,1,False,0,0,0,0.0,0.0
8,mcv:1380,mcv,366,3,1,False,0,0,0,0.0,0.0
8,mcv:1055,mcv,362,3,1,False,0,0,0,0.0,0.0
8,fd:459,fd,27,3,1,False,0,0,0,0.0,0.0
8,mcv:752,mcv,632,4,1,False,0,0,0,0.0,0.0
8,mcv:1568,mcv,196,2,1,False,0,0,0,0.0,0.0
8,mcv:1724,mcv,200,2,1,False,0,0,0,0.0,0.0
8,fd:615,fd,27,2,1,False,0,0,0,0.0,0.0
8,mcv:702,mcv,362,4,1,False,0,0,0,0.0,0.0
8,mcv:408,mcv,634,5,1,False,0,0,0,0.0,0.0
8,mcv:144,mcv,174,7,1,False,0,0,0,0.0,0.0
8,mcv:1869,mcv,1020,1,1,False,0,0,0,0.0,0.0
8,fd:52,fd,27,7,1,False,0,0,0,0.0,0.0
8,mcv:2183,mcv,336,0,1,False,0,0,0,0.0,0.0
8,mcv:1512,mcv,256,2,1,False,0,0,0,0.0,0.0
8,mcv:1685,mcv,244,2,1,False,0,0,0,0.0,0.0
8,mcv:2025,mcv,196,1,1,False,0,0,0,0.0,0.0
8,mcv:1266,mcv,304,3,1,True,0,0,0,0.0,0.0
8,mcv:347,mcv,148,6,1,False,0,0,0,0.0,0.0
8,fd:704,fd,27,1,1,False,0,0,0,0.0,0.0
8,mcv:1833,mcv,196,2,1,False,0,0,0,0.0,0.0
8,mcv:105,mcv,344,6,2,False,0,0,0,0.0,0.0
8,mcv:1274,mcv,266,2,2,False,0,0,0,0.0,0.0
8,mcv:706,mcv,476,4,1,False,0,0,0,0.0,0.0
8,fd:479,fd,41,3,1,False,0,0,0,0.0,0.0
8,mcv:1235,mcv,704,2,2,False,0,0,0,0.0,0.0
8,fd:141,fd,41,6,1,True,0,0,0,0.0,0.0
8,mcv:288,mcv,174,6,1,False,0,0,0,0.0,0.0
8,mcv:848,mcv,218,3,2,False,0,0,0,0.0,0.0
8,mcv:1088,mcv,910,3,1,False,0,0,0,0.0,0.0
8,mcv:1091,mcv,274,2,2,False,0,0,0,0.0,0.0
8,mcv:1525,mcv,366,2,1,False,0,0,0,0.0,0.0
8,fd:702,fd,27,1,1,False,0,0,0,0.0,0.0
8,mcv:612,mcv,218,4,2,False,0,0,0,0.0,0.0
8,mcv:2015,mcv,414,1,1,False,0,0,0,0.0,0.0
8,fd:161,fd,41,5,1,False,0,0,0,0.0,0.0
8,mcv:820,mcv,266,4,1,False,0,0,0,0.0,0.0
8,mcv:1074,mcv,884,3,1,True,1,0,1,0.0,2.3471820487230843e-08
8,mcv:1246,mcv,358,3,1,False,0,0,0,0.0,0.0
8,mcv:713,mcv,362,4,1,False,0,0,0,0.0,0.0
8,fd:41,fd,41,6,2,False,0,0,0,0.0,0.0
8,mcv:281,mcv,178,5,2,False,0,0,0,0.0,0.0
8,mcv:1637,mcv,358,2,1,False,0,0,0,0.0,0.0
8,mcv:1660,mcv,568,2,1,False,0,0,0,0.0,0.0
8,mcv:1287,mcv,196,3,1,False,0,0,0,0.0,0.0
8,mcv:824,mcv,244,3,2,False,0,0,0,0.0,0.0
8,mcv:849,mcv,222,3,2,False,0,0,0,0.0,0.0
8,mcv:22,mcv,314,9,1,False,0,0,0,0.0,0.0
8,mcv:699,mcv,318,4,1,False,0,0,0,0.0,0.0
8,mcv:410,mcv,278,5,1,False,0,0,0,0.0,0.0
8,mcv:597,mcv,248,5,1,False,0,0,0,0.0,0.0
8,mcv:60,mcv,218,7,2,False,0,0,0,0.0,0.0
8,mcv:59,mcv,244,8,1,True,0,0,0,0.0,0.0
8,mcv:502,mcv,458,5,1,False,0,0,0,0.0,0.0
8,mcv:847,mcv,218,3,2,False,0,0,0,0.0,0.0
8,mcv:1269,mcv,304,1,3,False,0,0,0,0.0,0.0
8,fd:245,fd,27,5,1,False,0,0,0,0.0,0.0
8,fd:481,fd,27,1,3,True,0,0,0,0.0,0.0
8,mcv:353,mcv,270,6,1,True,0,0,0,0.0,0.0
8,fd:23,fd,27,8,1,False,0,0,0,0.0,0.0
8,mcv:350,mcv,218,6,1,False,0,0,0,0.0,0.0
8,mcv:1667,mcv,388,2,1,False,0,0,0,0.0,0.0
8,mcv:1670,mcv,388,2,1,False,0,0,0,0.0,0.0
8,mcv:123,mcv,148,7,1,False,0,0,0,0.0,0.0
8,fd:358,fd,27,4,1,False,0,0,0,0.0,0.0
8,mcv:1182,mcv,170,3,1,False,0,0,0,0.0,0.0
8,fd:176,fd,27,5,1,False,0,0,0,0.0,0.0
8,mcv:439,mcv,170,5,1,True,1,0,1,0.0,0.03857351823369415
8,mcv:911,mcv,382,4,1,False,0,0,0,0.0,0.0
8,fd:44,fd,27,7,1,False,0,0,0,0.0,0.0
8,mcv:246,mcv,426,5,2,False,0,0,0,0.0,0.0
8,mcv:372,mcv,318,5,1,False,0,0,0,0.0,0.0
8,mcv:19,mcv,196,9,1,False,0,0,0,0.0,0.0
8,mcv:1157,mcv,512,3,1,False,0,0,0,0.0,0.0
8,fd:7,fd,27,9,1,False,0,0,0,0.0,0.0
8,fd:457,fd,27,3,1,False,0,0,0,0.0,0.0
8,mcv:655,mcv,756,3,2,False,0,0,0,0.0,0.0
8,mcv:1041,mcv,454,3,1,False,0,0,0,0.0,0.0
8,mcv:1399,mcv,736,3,1,False,0,0,0,0.0,0.0
8,fd:146,fd,27,5,1,False,0,0,0,0.0,0.0
8,mcv:879,mcv,714,4,1,False,0,0,0,0.0,0.0
8,fd:270,fd,27,3,2,False,0,0,0,0.0,0.0
8,mcv:660,mcv,410,3,2,False,0,0,0,0.0,0.0
8,fd:437,fd,27,3,1,False,0,0,0,0.0,0.0
8,mcv:222,mcv,1202,6,1,False,0,0,0,0.0,0.0
8,mcv:1065,mcv,518,3,1,False,0,0,0,0.0,0.0
8,mcv:722,mcv,248,4,1,False,0,0,0,0.0,0.0
8,mcv:1004,mcv,914,3,1,False,0,0,0,0.0,0.0
8,mcv:17,mcv,392,9,1,False,0,0,0,0.0,0.0
8,mcv:390,mcv,536,4,2,False,0,0,0,0.0,0.0
8,mcv:1017,mcv,1032,2,2,False,0,0,0,0.0,0.0
8,mcv:1415,mcv,1386,2,2,True,2,2,0,1.9867543642106944,0.0
8,mcv:65,mcv,196,8,1,True,1,0,1,0.0,7.892007651832955e-07
8,mcv:2047,mcv,440,1,1,False,0,0,0,0.0,0.0
8,mcv:1893,mcv,448,1,1,False,0,0,0,0.0,0.0
8,mcv:1513,mcv,726,2,1,False,0,0,0,0.0,0.0
8,fd:409,fd,27,3,1,False,0,0,0,0.0,0.0
8,mcv:1522,mcv,874,2,1,False,0,0,0,0.0,0.0
8,mcv:1009,mcv,418,3,1,False,0,0,0,0.0,0.0
8,mcv:1500,mcv,814,2,1,False,0,0,0,0.0,0.0
8,mcv:1092,mcv,274,3,1,False,0,0,0,0.0,0.0
8,mcv:2148,mcv,408,0,1,False,0,0,0,0.0,0.0
8,mcv:357,mcv,756,5,1,False,0,0,0,0.0,0.0
8,mcv:1442,mcv,370,2,2,False,0,0,0,0.0,0.0
8,mcv:627,mcv,562,4,1,False,0,0,0,0.0,0.0
8,mcv:1102,mcv,274,3,1,False,0,0,0,0.0,0.0
8,mcv:1073,mcv,544,3,1,False,0,0,0,0.0,0.0
8,mcv:311,mcv,1956,6,1,False,0,0,0,0.0,0.0
8,mcv:348,mcv,200,6,1,False,0,0,0,0.0,0.0
8,mcv:650,mcv,610,4,1,False,0,0,0,0.0,0.0
8,mcv:68,mcv,1012,8,1,False,0,0,0,0.0,0.0
8,fd:214,fd,27,5,1,False,0,0,0,0.0,0.0
8,mcv:1441,mcv,696,3,1,True,0,0,0,0.0,0.0
8,mcv:553,mcv,456,5,1,True,1,1,0,0.14908955146422898,0.0
8,mcv:75,mcv,1458,8,1,False,0,0,0,0.0,0.0
8,mcv:909,mcv,492,4,1,False,0,0,0,0.0,0.0
8,fd:142,fd,27,6,1,False,0,0,0,0.0,0.0
8,mcv:188,mcv,814,7,1,False,0,0,0,0.0,0.0
8,fd:357,fd,27,4,1,False,0,0,0,0.0,0.0
8,mcv:1481,mcv,514,2,1,False,0,0,0,0.0,0.0
8,mcv:855,mcv,222,3,2,False,0,0,0,0.0,0.0
8,mcv:1884,mcv,248,1,1,False,0,0,0,0.0,0.0
8,fd:324,fd,27,3,2,False,0,0,0,0.0,0.0
8,mcv:850,mcv,318,3,2,False,0,0,0,0.0,0.0
8,mcv:442,mcv,314,5,1,False,0,0,0,0.0,0.0
8,mcv:1053,mcv,770,2,2,False,0,0,0,0.0,0.0
8,mcv:206,mcv,704,6,1,False,0,0,0,0.0,0.0
8,fd:307,fd,27,3,2,False,0,0,0,0.0,0.0
8,mcv:787,mcv,614,3,2,False,0,0,0,0.0,0.0
8,mcv:1166,mcv,196,3,1,False,0,0,0,0.0,0.0
8,fd:461,fd,27,3,1,False,0,0,0,0.0,0.0
8,mcv:380,mcv,498,4,2,False,0,0,0,0.0,0.0
8,mcv:386,mcv,296,5,1,False,0,0,0,0.0,0.0
8,mcv:532,mcv,964,5,1,False,0,0,0,0.0,0.0
8,fd:262,fd,27,5,1,False,0,0,0,0.0,0.0
8,mcv:750,mcv,218,4,1,False,0,0,0,0.0,0.0
8,fd:387,fd,41,4,1,False,0,0,0,0.0,0.0
8,fd:483,fd,27,3,1,False,0,0,0,0.0,0.0
8,mcv:434,mcv,850,5,1,False,0,0,0,0.0,0.0
8,mcv:973,mcv,296,4,1,True,0,0,0,0.0,0.0
8,mcv:1922,mcv,292,1,1,False,0,0,0,0.0,0.0
8,mcv:1559,mcv,170,2,1,False,0,0,0,0.0,0.0
8,mcv:880,mcv,196,3,2,False,0,0,0,0.0,0.0
8,mcv:1427,mcv,296,3,1,False,0,0,0,0.0,0.0
8,mcv:626,mcv,964,5,1,False,0,0,0,0.0,0.0
8,mcv:1275,mcv,244,3,1,False,0,0,0,0.0,0.0
8,mcv:1064,mcv,366,3,1,False,0,0,0,0.0,0.0
8,mcv:1318,mcv,322,2,2,True,0,0,0,0.0,0.0
8,mcv:507,mcv,384,5,1,False,0,0,0,0.0,0.0
8,mcv:1552,mcv,218,2,1,True,1,0,1,0.0,0.14566856547249252
8,mcv:448,mcv,340,5,1,False,0,0,0,0.0,0.0
8,mcv:1586,mcv,218,2,1,False,0,0,0,0.0,0.0
8,mcv:1334,mcv,278,3,1,False,0,0,0,0.0,0.0
8,mcv:827,mcv,432,4,1,False,0,0,0,0.0,0.0
8,mcv:2190,mcv,410,0,1,False,0,0,0,0.0,0.0
8,mcv:2020,mcv,624,1,1,False,0,0,0,0.0,0.0
8,mcv:1306,mcv,646,3,1,False,0,0,0,0.0,0.0
8,mcv:1177,mcv,488,2,2,False,0,0,0,0.0,0.0
8,mcv:253,mcv,270,6,1,False,0,0,0,0.0,0.0
8,fd:239,fd,27,5,1,False,0,0,0,0.0,0.0
8,fd:202,fd,27,5,1,False,0,0,0,0.0,0.0
8,mcv:306,mcv,148,6,1,False,0,0,0,0.0,0.0
8,mcv:304,mcv,378,5,2,False,0,0,0,0.0,0.0
8,mcv:473,mcv,926,5,1,False,0,0,0,0.0,0.0
8,mcv:799,mcv,418,4,1,True,0,0,0,0.0,0.0
8,fd:116,fd,27,5,2,False,0,0,0,0.0,0.0
8,mcv:587,mcv,400,5,1,False,0,0,0,0.0,0.0
8,mcv:1573,mcv,440,2,1,False,0,0,0,0.0,0.0
8,fd:118,fd,41,6,1,True,0,0,0,0.0,0.0
8,mcv:921,mcv,382,3,2,False,0,0,0,0.0,0.0
8,fd:335,fd,27,4,1,False,0,0,0,0.0,0.0
8,mcv:472,mcv,620,5,1,False,0,0,0,0.0,0.0
8,mcv:446,mcv,148,5,1,False,0,0,0,0.0,0.0
8,mcv:1577,mcv,196,2,1,False,0,0,0,0.0,0.0
8,mcv:2049,mcv,196,1,1,False,0,0,0,0.0,0.0
8,mcv:874,mcv,196,4,1,False,0,0,0,0.0,0.0
8,mcv:908,mcv,492,4,1,False,0,0,0,0.0,0.0
8,fd:362,fd,41,3,2,False,0,0,0,0.0,0.0
8,mcv:1746,mcv,218,2,1,False,0,0,0,0.0,0.0
8,fd:356,fd,27,4,1,False,0,0,0,0.0,0.0
8,fd:311,fd,27,4,1,False,0,0,0,0.0,0.0
8,mcv:528,mcv,244,5,1,False,0,0,0,0.0,0.0
8,mcv:1353,mcv,650,3,1,False,0,0,0,0.0,0.0
8,mcv:800,mcv,1054,4,1,False,0,0,0,0.0,0.0
8,mcv:419,mcv,170,5,1,False,0,0,0,0.0,0.0
8,fd:165,fd,27,5,1,False,0,0,0,0.0,0.0
8,mcv:422,mcv,466,5,1,True,1,1,0,0.23260005851436638,0.0
8,mcv:378,mcv,362,5,1,False,0,0,0,0.0,0.0
8,mcv:280,mcv,244,6,1,False,0,0,0,0.0,0.0
8,fd:712,fd,27,1,1,False,0,0,0,0.0,0.0
8,mcv:1585,mcv,218,2,1,True,1,1,0,1.775739422171796e-08,0.0
8,mcv:1118,mcv,196,3,1,False,0,0,0,0.0,0.0
8,mcv:278,mcv,690,6,1,False,0,0,0,0.0,0.0
8,mcv:1054,mcv,362,3,1,False,0,0,0,0.0,0.0
8,fd:106,fd,27,6,1,False,0,0,0,0.0,0.0
8,fd:443,fd,27,3,1,False,0,0,0,0.0,0.0
8,mcv:2041,mcv,488,1,1,False,0,0,0,0.0,0.0
8,mcv:1322,mcv,196,3,1,False,0,0,0,0.0,0.0
8,mcv:1902,mcv,196,1,1,False,0,0,0,0.0,0.0
8,mcv:255,mcv,270,6,1,False,0,0,0,0.0,0.0
8,mcv:111,mcv,174,7,1,False,0,0,0,0.0,0.0
8,mcv:1795,mcv,934,2,1,False,0,0,0,0.0,0.0
8,mcv:1595,mcv,170,2,1,True,1,0,1,0.0,0.021687962753978107
8,mcv:341,mcv,196,4,3,False,0,0,0,0.0,0.0
8,mcv:519,mcv,196,4,2,False,0,0,0,0.0,0.0
8,mcv:1903,mcv,248,1,1,False,0,0,0,0.0,0.0
8,fd:675,fd,27,1,1,False,0,0,0,0.0,0.0
8,mcv:735,mcv,278,4,1,False,0,0,0,0.0,0.0
8,fd:97,fd,27,6,1,True,0,0,0,0.0,0.0
8,fd:138,fd,27,6,1,False,0,0,0,0.0,0.0
8,fd:136,fd,27,4,3,False,0,0,0,0.0,0.0
8,mcv:2180,mcv,484,0,1,False,0,0,0,0.0,0.0
8,mcv:344,mcv,296,6,1,False,0,0,0,0.0,0.0
8,mcv:1546,mcv,174,2,1,False,0,0,0,0.0,0.0
8,fd:43,fd,27,7,1,True,0,0,0,0.0,0.0
8,mcv:1124,mcv,148,3,1,False,0,0,0,0.0,0.0
8,fd:569,fd,27,2,1,False,0,0,0,0.0,0.0
8,mcv:515,mcv,222,4,2,False,0,0,0,0.0,0.0
8,mcv:1180,mcv,526,3,1,False,0,0,0,0.0,0.0
8,mcv:1136,mcv,170,3,1,False,0,0,0,0.0,0.0
8,mcv:1687,mcv,274,2,1,False,0,0,0,0.0,0.0
8,mcv:1763,mcv,436,2,1,False,0,0,0,0.0,0.0
8,mcv:2028,mcv,278,1,1,False,0,0,0,0.0,0.0
8,mcv:1621,mcv,458,2,1,False,0,0,0,0.0,0.0
8,fd:600,fd,27,2,1,False,0,0,0,0.0,0.0
8,fd:676,fd,27,1,1,False,0,0,0,0.0,0.0
8,fd:195,fd,27,4,2,False,0,0,0,0.0,0.0
8,mcv:1905,mcv,274,0,2,False,0,0,0,0.0,0.0
8,fd:291,fd,27,4,1,False,0,0,0,0.0,0.0
8,fd:497,fd,27,3,1,False,0,0,0,0.0,0.0
8,mcv:1153,mcv,422,3,1,False,0,0,0,0.0,0.0
8,mcv:2163,mcv,296,0,1,False,0,0,0,0.0,0.0
8,mcv:1265,mcv,432,1,3,False,0,0,0,0.0,0.0
8,mcv:2248,mcv,318,0,1,False,0,0,0,0.0,0.0
8,mcv:1651,mcv,694,2,1,False,0,0,0,0.0,0.0
8,fd:455,fd,27,3,1,False,0,0,0,0.0,0.0
8,mcv:500,mcv,752,4,2,False,0,0,0,0.0,0.0
8,mcv:231,mcv,170,6,1,False,0,0,0,0.0,0.0
8,mcv:741,mcv,196,4,1,False,0,0,0,0.0,0.0
8,mcv:1655,mcv,546,2,1,False,0,0,0,0.0,0.0
8,mcv:937,mcv,448,4,1,True,1,1,0,0.2648742441690288,0.0
8,fd:369,fd,27,4,1,False,0,0,0,0.0,0.0
8,mcv:1159,mcv,388,3,1,True,1,1,0,0.09974354010866882,0.0
8,fd:127,fd,41,6,1,True,1,0,1,0.0,0.004728646229317235
8,mcv:1517,mcv,340,2,1,False,0,0,0,0.0,0.0
8,mcv:318,mcv,148,6,1,False,0,0,0,0.0,0.0
8,mcv:2211,mcv,320,0,1,False,0,0,0,0.0,0.0
8,mcv:664,mcv,598,4,1,False,0,0,0,0.0,0.0
8,fd:550,fd,41,3,1,True,0,0,0,0.0,0.0
8,fd:331,fd,27,4,1,False,0,0,0,0.0,0.0
8,mcv:373,mcv,480,4,2,True,2,1,1,0.03478017092743313,0.002613426272628061
8,mcv:1046,mcv,698,3,1,False,0,0,0,0.0,0.0
8,mcv:1297,mcv,362,3,1,False,0,0,0,0.0,0.0
8,mcv:1428,mcv,1006,3,1,False,0,0,0,0.0,0.0
8,fd:275,fd,27,4,1,False,0,0,0,0.0,0.0
8,mcv:866,mcv,508,4,1,False,0,0,0,0.0,0.0
8,fd:147,fd,27,4,2,False,0,0,0,0.0,0.0
8,mcv:521,mcv,300,4,2,False,0,0,0,0.0,0.0
8,mcv:952,mcv,620,4,1,False,0,0,0,0.0,0.0
8,fd:475,fd,27,3,1,False,0,0,0,0.0,0.0
8,mcv:1445,mcv,460,3,1,False,0,0,0,0.0,0.0
8,fd:419,fd,41,3,1,False,0,0,0,0.0,0.0
8,fd:489,fd,27,2,2,False,0,0,0,0.0,0.0
8,mcv:1241,mcv,844,3,1,True,0,0,0,0.0,0.0
8,mcv:816,mcv,476,4,1,False,0,0,0,0.0,0.0
8,mcv:1980,mcv,568,1,1,False,0,0,0,0.0,0.0
8,mcv:1852,mcv,352,1,1,False,0,0,0,0.0,0.0
8,mcv:822,mcv,384,4,1,False,0,0,0,0.0,0.0
8,fd:377,fd,41,4,1,False,0,0,0,0.0,0.0
8,mcv:2200,mcv,1252,0,1,False,0,0,0,0.0,0.0
8,mcv:950,mcv,300,4,1,False,0,0,0,0.0,0.0
8,mcv:2014,mcv,1054,1,1,False,0,0,0,0.0,0.0
8,fd:540,fd,27,3,1,False,0,0,0,0.0,0.0
8,fd:661,fd,27,1,1,False,0,0,0,0.0,0.0
8,mcv:668,mcv,370,4,1,False,0,0,0,0.0,0.0
8,mcv:1300,mcv,528,2,2,False,0,0,0,0.0,0.0
8,mcv:1827,mcv,1166,1,2,False,0,0,0,0.0,0.0
8,fd:641,fd,27,2,1,False,0,0,0,0.0,0.0
8,mcv:1690,mcv,270,2,1,False,0,0,0,0.0,0.0
8,mcv:2121,mcv,674,1,1,False,0,0,0,0.0,0.0
8,mcv:1289,mcv,766,3,1,False,0,0,0,0.0,0.0
8,mcv:620,mcv,222,5,1,False,0,0,0,0.0,0.0
8,mcv:1784,mcv,292,2,1,False,0,0,0,0.0,0.0
8,fd:259,fd,27,5,1,False,0,0,0,0.0,0.0
8,mcv:932,mcv,296,4,1,False,0,0,0,0.0,0.0
8,mcv:2051,mcv,226,1,1,False,0,0,0,0.0,0.0
8,mcv:765,mcv,296,3,2,False,0,0,0,0.0,0.0
8,mcv:1013,mcv,690,3,1,False,0,0,0,0.0,0.0
8,fd:253,fd,27,4,2,False,0,0,0,0.0,0.0
8,fd:298,fd,27,3,2,False,0,0,0,0.0,0.0
8,fd:716,fd,27,1,1,False,0,0,0,0.0,0.0
8,mcv:1808,mcv,378,2,1,False,0,0,0,0.0,0.0
8,mcv:443,mcv,148,5,1,False,0,0,0,0.0,0.0
8,fd:532,fd,27,3,1,False,0,0,0,0.0,0.0
8,mcv:360,mcv,348,5,1,False,0,0,0,0.0,0.0
8,mcv:608,mcv,318,4,2,False,0,0,0,0.0,0.0
8,mcv:305,mcv,274,6,1,False,0,0,0,0.0,0.0
8,mcv:1408,mcv,248,3,1,False,0,0,0,0.0,0.0
8,mcv:1384,mcv,274,3,1,True,1,0,1,0.0,0.008908802709638897
8,mcv:1844,mcv,716,1,1,False,0,0,0,0.0,0.0
8,fd:521,fd,27,3,1,False,0,0,0,0.0,0.0
8,mcv:1788,mcv,524,2,1,False,0,0,0,0.0,0.0
8,fd:117,fd,27,6,1,False,0,0,0,0.0,0.0
8,mcv:1471,mcv,712,2,1,False,0,0,0,0.0,0.0
8,fd:367,fd,27,4,1,False,0,0,0,0.0,0.0
8,mcv:2246,mcv,296,0,1,False,0,0,0,0.0,0.0
8,mcv:2145,mcv,362,0,1,False,0,0,0,0.0,0.0
8,fd:565,fd,27,2,1,False,0,0,0,0.0,0.0
8,mcv:162,mcv,382,7,1,False,0,0,0,0.0,0.0
8,fd:63,fd,27,7,1,False,0,0,0,0.0,0.0
8,fd:423,fd,27,3,1,False,0,0,0,0.0,0.0
8,mcv:537,mcv,714,4,2,False,0,0,0,0.0,0.0
8,fd:74,fd,27,7,1,False,0,0,0,0.0,0.0
8,mcv:1491,mcv,1116,2,1,False,0,0,0,0.0,0.0
8,fd:684,fd,27,1,1,False,0,0,0,0.0,0.0
8,mcv:910,mcv,602,4,1,False,0,0,0,0.0,0.0
8,mcv:2245,mcv,1046,0,1,False,0,0,0,0.0,0.0
8,mcv:1939,mcv,462,1,1,False,0,0,0,0.0,0.0
8,fd:392,fd,27,4,1,False,0,0,0,0.0,0.0
8,fd:640,fd,41,2,1,False,0,0,0,0.0,0.0
8,mcv:1521,mcv,704,2,1,False,0,0,0,0.0,0.0
8,mcv:541,mcv,218,5,1,False,0,0,0,0.0,0.0
8,fd:467,fd,27,3,1,True,1,1,0,0.025211683658111994,0.0
8,mcv:1052,mcv,796,3,1,True,1,0,1,0.0,0.6275982237437114
8,fd:753,fd,27,0,1,False,0,0,0,0.0,0.0
8,mcv:1191,mcv,196,3,1,False,0,0,0,0.0,0.0
8,mcv:184,mcv,344,7,1,False,0,0,0,0.0,0.0
8,mcv:388,mcv,362,4,2,False,0,0,0,0.0,0.0
8,mcv:9,mcv,512,10,1,False,0,0,0,0.0,0.0
8,mcv:982,mcv,418,4,1,False,0,0,0,0.0,0.0
8,mcv:1730,mcv,692,2,1,False,0,0,0,0.0,0.0
8,fd:38,fd,27,7,1,False,0,0,0,0.0,0.0
8,mcv:461,mcv,170,5,1,False,0,0,0,0.0,0.0
8,mcv:980,mcv,506,4,1,False,0,0,0,0.0,0.0
8,fd:394,fd,27,4,1,False,0,0,0,0.0,0.0
8,fd:3,fd,41,10,1,True,0,0,0,0.0,0.0
8,fd:617,fd,27,2,1,True,0,0,0,0.0,0.0
8,mcv:95,mcv,682,7,1,False,0,0,0,0.0,0.0
8,mcv:1090,mcv,388,3,1,False,0,0,0,0.0,0.0
8,mcv:1783,mcv,392,2,1,False,0,0,0,0.0,0.0
8,mcv:889,mcv,218,4,1,False,0,0,0,0.0,0.0
8,mcv:766,mcv,170,4,1,False,0,0,0,0.0,0.0
8,fd:11,fd,27,9,1,False,0,0,0,0.0,0.0
8,fd:299,fd,27,4,1,False,0,0,0,0.0,0.0
8,mcv:460,mcv,170,5,1,False,0,0,0,0.0,0.0
8,mcv:1940,mcv,170,1,1,False,0,0,0,0.0,0.0
8,mcv:625,mcv,806,5,1,False,0,0,0,0.0,0.0
8,fd:184,fd,27,5,1,False,0,0,0,0.0,0.0
8,mcv:1173,mcv,170,3,1,False,0,0,0,0.0,0.0
8,mcv:2141,mcv,340,0,1,False,0,0,0,0.0,0.0
8,fd:261,fd,27,5,1,False,0,0,0,0.0,0.0
8,mcv:29,mcv,876,9,1,True,1,1,0,0.28736968489251424,0.0
8,mcv:1965,mcv,278,1,1,False,0,0,0,0.0,0.0
8,fd:689,fd,27,1,1,False,0,0,0,0.0,0.0
8,fd:234,fd,27,5,1,False,0,0,0,0.0,0.0
8,mcv:498,mcv,432,4,2,False,0,0,0,0.0,0.0
8,mcv:1258,mcv,296,3,1,True,1,0,1,0.0,0.03815348722412537
8,mcv:1631,mcv,476,2,1,False,0,0,0,0.0,0.0
8,mcv:1677,mcv,196,2,1,False,0,0,0,0.0,0.0
8,mcv:1257,mcv,318,3,1,False,0,0,0,0.0,0.0
8,fd:593,fd,27,2,1,False,0,0,0,0.0,0.0
8,mcv:1357,mcv,482,3,1,False,0,0,0,0.0,0.0
8,mcv:2205,mcv,662,0,1,False,0,0,0,0.0,0.0
8,mcv:1111,mcv,384,3,1,False,0,0,0,0.0,0.0
8,mcv:1738,mcv,196,2,1,False,0,0,0,0.0,0.0
8,fd:688,fd,27,1,1,False,0,0,0,0.0,0.0
8,fd:313,fd,27,4,1,False,0,0,0,0.0,0.0
8,mcv:1964,mcv,278,1,1,False,0,0,0,0.0,0.0
8,mcv:579,mcv,322,5,1,False,0,0,0,0.0,0.0
8,mcv:1531,mcv,314,2,1,False,0,0,0,0.0,0.0
8,mcv:108,mcv,572,7,1,False,0,0,0,0.0,0.0
8,mcv:805,mcv,348,4,1,False,0,0,0,0.0,0.0
8,fd:477,fd,27,3,1,False,0,0,0,0.0,0.0
8,mcv:479,mcv,690,5,1,False,0,0,0,0.0,0.0
8,mcv:1682,mcv,174,2,1,False,0,0,0,0.0,0.0
8,mcv:674,mcv,296,4,1,True,0,0,0,0.0,0.0
8,mcv:845,mcv,410,4,1,False,0,0,0,0.0,0.0
8,mcv:1680,mcv,388,2,1,False,0,0,0,0.0,0.0
8,mcv:1968,mcv,266,1,1,False,0,0,0,0.0,0.0
8,mcv:63,mcv,196,8,1,False,0,0,0,0.0,0.0
8,mcv:1226,mcv,288,3,1,False,0,0,0,0.0,0.0
8,fd:597,fd,27,2,1,False,0,0,0,0.0,0.0
8,mcv:1686,mcv,506,2,1,False,0,0,0,0.0,0.0
8,mcv:1281,mcv,352,3,1,True,1,1,0,0.5260360236047825,0.0
8,mcv:457,mcv,318,5,1,False,0,0,0,0.0,0.0
8,mcv:781,mcv,218,4,1,False,0,0,0,0.0,0.0
8,fd:154,fd,41,4,2,True,0,0,0,0.0,0.0
8,mcv:389,mcv,408,4,2,False,0,0,0,0.0,0.0
8,mcv:998,mcv,200,4,1,False,0,0,0,0.0,0.0
8,mcv:216,mcv,304,6,1,False,0,0,0,0.0,0.0
8,mcv:1991,mcv,576,1,1,False,0,0,0,0.0,0.0
8,fd:85,fd,27,6,1,True,0,0,0,0.0,0.0
8,mcv:1072,mcv,304,3,1,False,0,0,0,0.0,0.0
8,mcv:1431,mcv,304,3,1,False,0,0,0,0.0,0.0
8,mcv:1247,mcv,550,3,1,False,0,0,0,0.0,0.0
8,fd:432,fd,27,3,1,False,0,0,0,0.0,0.0
8,mcv:1349,mcv,694,3,1,False,0,0,0,0.0,0.0
8,fd:543,fd,27,3,1,False,0,0,0,0.0,0.0
8,fd:427,fd,27,3,1,False,0,0,0,0.0,0.0
8,mcv:1100,mcv,524,3,1,False,0,0,0,0.0,0.0
8,mcv:1458,mcv,296,3,1,False,0,0,0,0.0,0.0
8,fd:697,fd,27,1,1,False,0,0,0,0.0,0.0
8,fd:403,fd,27,4,1,False,0,0,0,0.0,0.0
8,mcv:2192,mcv,340,0,1,False,0,0,0,0.0,0.0
8,mcv:1254,mcv,502,3,1,False,0,0,0,0.0,0.0
8,mcv:2034,mcv,366,1,1,False,0,0,0,0.0,0.0
8,mcv:689,mcv,444,4,1,False,0,0,0,0.0,0.0
8,mcv:716,mcv,396,4,1,False,0,0,0,0.0,0.0
8,mcv:416,mcv,344,5,1,False,0,0,0,0.0,0.0
8,mcv:1493,mcv,304,2,1,True,0,0,0,0.0,0.0
8,mcv:720,mcv,900,4,1,False,0,0,0,0.0,0.0
8,mcv:1700,mcv,226,2,1,False,0,0,0,0.0,0.0
8,fd:559,fd,41,2,1,False,0,0,0,0.0,0.0
8,mcv:417,mcv,314,4,2,False,0,0,0,0.0,0.0
8,mcv:1832,mcv,170,2,1,False,0,0,0,0.0,0.0
8,mcv:99,mcv,492,7,1,False,0,0,0,0.0,0.0
8,mcv:1302,mcv,248,3,1,False,0,0,0,0.0,0.0
8,mcv:1488,mcv,572,2,1,False,0,0,0,0.0,0.0
8,mcv:1831,mcv,222,2,1,False,0,0,0,0.0,0.0
8,mcv:1536,mcv,476,2,1,False,0,0,0,0.0,0.0
8,mcv:1067,mcv,562,3,1,False,0,0,0,0.0,0.0
8,mcv:1526,mcv,1922,2,1,False,0,0,0,0.0,0.0
8,mcv:1883,mcv,572,1,1,False,0,0,0,0.0,0.0
8,mcv:407,mcv,318,5,1,False,0,0,0,0.0,0.0
8,mcv:1087,mcv,454,3,1,False,0,0,0,0.0,0.0
8,mcv:1161,mcv,218,3,1,False,0,0,0,0.0,0.0
8,mcv:591,mcv,470,5,1,False,0,0,0,0.0,0.0
8,mcv:1900,mcv,326,1,1,False,0,0,0,0.0,0.0
8,mcv:1563,mcv,458,2,1,False,0,0,0,0.0,0.0
8,fd:21,fd,27,8,1,True,0,0,0,0.0,0.0
8,mcv:2048,mcv,800,1,1,False,0,0,0,0.0,0.0
8,mcv:729,mcv,270,4,1,False,0,0,0,0.0,0.0
8,fd:243,fd,41,5,1,False,0,0,0,0.0,0.0
8,mcv:49,mcv,544,8,1,False,0,0,0,0.0,0.0
8,mcv:727,mcv,270,3,2,False,0,0,0,0.0,0.0
8,fd:287,fd,27,4,1,False,0,0,0,0.0,0.0
8,mcv:227,mcv,170,6,1,False,0,0,0,0.0,0.0
8,fd:674,fd,27,1,1,False,0,0,0,0.0,0.0
8,mcv:425,mcv,422,5,1,True,0,0,0,0.0,0.0
8,mcv:1544,mcv,222,2,1,False,0,0,0,0.0,0.0
8,fd:568,fd,27,2,1,True,0,0,0,0.0,0.0
8,mcv:329,mcv,1244,6,1,False,0,0,0,0.0,0.0
8,fd:363,fd,27,4,1,False,0,0,0,0.0,0.0
8,mcv:424,mcv,218,5,1,True,1,1,0,0.07792503962584929,0.0
8,fd:167,fd,27,5,1,False,0,0,0,0.0,0.0
8,mcv:923,mcv,314,4,1,False,0,0,0,0.0,0.0
8,mcv:1824,mcv,266,2,1,False,0,0,0,0.0,0.0
8,mcv:1198,mcv,1414,3,1,False,0,0,0,0.0,0.0
8,mcv:1437,mcv,686,3,1,False,0,0,0,0.0,0.0
8,mcv:687,mcv,574,4,1,False,0,0,0,0.0,0.0
8,mcv:103,mcv,502,7,1,False,0,0,0,0.0,0.0
8,mcv:1263,mcv,1002,3,1,False,0,0,0,0.0,0.0
8,mcv:1862,mcv,536,1,1,False,0,0,0,0.0,0.0
8,mcv:684,mcv,396,4,1,False,0,0,0,0.0,0.0
8,mcv:1068,mcv,330,3,1,False,0,0,0,0.0,0.0
8,fd:428,fd,27,3,1,False,0,0,0,0.0,0.0
8,fd:505,fd,27,3,1,False,0,0,0,0.0,0.0
8,mcv:1345,mcv,434,3,1,False,0,0,0,0.0,0.0
8,mcv:906,mcv,522,4,1,False,0,0,0,0.0,0.0
8,mcv:2249,mcv,484,0,1,False,0,0,0,0.0,0.0
8,mcv:1753,mcv,148,2,1,False,0,0,0,0.0,0.0
8,fd:755,fd,27,0,1,False,0,0,0,0.0,0.0
8,fd:627,fd,41,2,1,False,0,0,0,0.0,0.0
8,mcv:1050,mcv,274,3,1,False,0,0,0,0.0,0.0
8,fd:422,fd,27,3,1,True,0,0,0,0.0,0.0
8,mcv:1098,mcv,520,3,1,False,0,0,0,0.0,0.0
8,mcv:1978,mcv,476,1,1,False,0,0,0,0.0,0.0
8,mcv:247,mcv,270,6,1,False,0,0,0,0.0,0.0
8,mcv:114,mcv,266,7,1,False,0,0,0,0.0,0.0
8,mcv:1156,mcv,270,3,1,False,0,0,0,0.0,0.0
8,mcv:1642,mcv,542,2,1,False,0,0,0,0.0,0.0
8,mcv:1749,mcv,612,2,1,False,0,0,0,0.0,0.0
8,mcv:941,mcv,348,4,1,True,1,0,1,0.0,0.09718971926979436
8,fd:492,fd,27,3,1,False,0,0,0,0.0,0.0
8,mcv:1632,mcv,738,1,2,False,0,0,0,0.0,0.0
8,fd:473,fd,27,3,1,False,0,0,0,0.0,0.0
8,mcv:1413,mcv,526,2,2,False,0,0,0,0.0,0.0
8,mcv:1223,mcv,278,3,1,False,0,0,0,0.0,0.0
8,mcv:1313,mcv,798,3,1,False,0,0,0,0.0,0.0
8,fd:533,fd,27,2,2,False,0,0,0,0.0,0.0
8,mcv:1085,mcv,340,3,1,False,0,0,0,0.0,0.0
8,mcv:1865,mcv,340,1,1,True,0,0,0,0.0,0.0
8,mcv:1130,mcv,226,3,1,False,0,0,0,0.0,0.0
8,mcv:690,mcv,318,4,1,False,0,0,0,0.0,0.0
8,fd:164,fd,27,5,1,False,0,0,0,0.0,0.0
8,mcv:842,mcv,428,4,1,False,0,0,0,0.0,0.0
8,fd:446,fd,27,3,1,False,0,0,0,0.0,0.0
8,mcv:423,mcv,196,5,1,False,0,0,0,0.0,0.0
8,mcv:1116,mcv,292,3,1,False,0,0,0,0.0,0.0
8,mcv:421,mcv,610,5,1,False,0,0,0,0.0,0.0
8,mcv:429,mcv,478,5,1,False,0,0,0,0.0,0.0
8,mcv:1948,mcv,522,1,1,False,0,0,0,0.0,0.0
8,mcv:738,mcv,248,4,1,False,0,0,0,0.0,0.0
8,mcv:843,mcv,244,4,1,True,0,0,0,0.0,0.0
8,fd:170,fd,27,5,1,False,0,0,0,0.0,0.0
8,mcv:1279,mcv,428,3,1,False,0,0,0,0.0,0.0
8,mcv:1365,mcv,340,3,1,True,0,0,0,0.0,0.0
8,mcv:1335,mcv,270,3,1,False,0,0,0,0.0,0.0
8,fd:166,fd,27,5,1,False,0,0,0,0.0,0.0
8,mcv:1626,mcv,554,2,1,False,0,0,0,0.0,0.0
8,mcv:2181,mcv,1126,0,1,False,0,0,0,0.0,0.0
8,mcv:1859,mcv,642,1,1,False,0,0,0,0.0,0.0
8,mcv:1581,mcv,170,2,1,False,0,0,0,0.0,0.0
8,mcv:1029,mcv,830,3,1,True,0,0,0,0.0,0.0
8,mcv:1023,mcv,684,3,1,False,0,0,0,0.0,0.0
8,mcv:1022,mcv,492,3,1,False,0,0,0,0.0,0.0
8,fd:413,fd,27,3,1,False,0,0,0,0.0,0.0
8,fd:584,fd,27,2,1,False,0,0,0,0.0,0.0
8,mcv:1816,mcv,1284,2,1,False,0,0,0,0.0,0.0
8,mcv:1174,mcv,436,3,1,True,0,0,0,0.0,0.0
8,mcv:152,mcv,568,7,1,False,0,0,0,0.0,0.0
8,mcv:893,mcv,766,4,1,False,0,0,0,0.0,0.0
8,fd:498,fd,27,3,1,False,0,0,0,0.0,0.0
8,mcv:2241,mcv,956,0,1,False,0,0,0,0.0,0.0
8,mcv:1714,mcv,318,2,1,False,0,0,0,0.0,0.0
8,mcv:962,mcv,248,4,1,False,0,0,0,0.0,0.0
8,mcv:1409,mcv,952,3,1,False,0,0,0,0.0,0.0
8,fd:736,fd,27,1,1,False,0,0,0,0.0,0.0
8,mcv:1327,mcv,174,3,1,False,0,0,0,0.0,0.0
8,mcv:2096,mcv,850,1,1,False,0,0,0,0.0,0.0
9,mcv:435,mcv,322,5,1,False,0,0,0,0.0,0.0
9,mcv:1923,mcv,218,1,1,False,0,0,0,0.0,0.0
9,mcv:144,mcv,174,6,2,False,0,0,0,0.0,0.0
9,mcv:2090,mcv,148,0,2,False,0,0,0,0.0,0.0
9,mcv:759,mcv,170,3,2,False,0,0,0,0.0,0.0
9,fd:313,fd,27,2,3,True,2,1,1,0.00017832567497699792,0.000587926778238046
9,fd:52,fd,27,6,2,True,0,0,0,0.0,0.0
9,mcv:1624,mcv,278,2,1,False,0,0,0,0.0,0.0
9,fd:731,fd,41,0,2,False,0,0,0,0.0,0.0
9,mcv:1679,mcv,174,2,1,False,0,0,0,0.0,0.0
9,mcv:478,mcv,344,4,2,False,0,0,0,0.0,0.0
9,mcv:957,mcv,148,3,2,False,0,0,0,0.0,0.0
9,mcv:480,mcv,362,4,2,False,0,0,0,0.0,0.0
9,mcv:1154,mcv,148,3,1,False,0,0,0,0.0,0.0
9,mcv:438,mcv,170,4,2,False,0,0,0,0.0,0.0
9,fd:583,fd,27,2,1,False,0,0,0,0.0,0.0
9,mcv:610,mcv,170,4,2,False,0,0,0,0.0,0.0
9,mcv:805,mcv,348,2,3,False,0,0,0,0.0,0.0
9,mcv:145,mcv,218,6,2,True,1,1,0,0.003232585049621317,0.0
9,fd:595,fd,27,2,1,False,0,0,0,0.0,0.0
9,mcv:1790,mcv,708,1,2,False,0,0,0,0.0,0.0
9,mcv:1333,mcv,774,3,1,False,0,0,0,0.0,0.0
9,fd:476,fd,41,3,1,False,0,0,0,0.0,0.0
9,mcv:965,mcv,1632,3,2,False,0,0,0,0.0,0.0
9,mcv:1249,mcv,638,2,2,False,0,0,0,0.0,0.0
9,mcv:2131,mcv,852,0,1,False,0,0,0,0.0,0.0
9,mcv:1379,mcv,268,3,1,False,0,0,0,0.0,0.0
9,mcv:152,mcv,568,6,2,False,0,0,0,0.0,0.0
9,mcv:639,mcv,900,3,2,False,0,0,0,0.0,0.0
9,mcv:1647,mcv,616,2,1,False,0,0,0,0.0,0.0
9,mcv:302,mcv,568,4,3,False,0,0,0,0.0,0.0
9,mcv:1648,mcv,756,2,1,False,0,0,0,0.0,0.0
9,fd:69,fd,27,6,2,True,0,0,0,0.0,0.0
9,fd:640,fd,41,1,2,False,0,0,0,0.0,0.0
9,mcv:649,mcv,1032,3,2,False,0,0,0,0.0,0.0
9,mcv:1749,mcv,612,2,1,False,0,0,0,0.0,0.0
9,fd:227,fd,27,3,3,False,0,0,0,0.0,0.0
9,mcv:185,mcv,1750,3,5,False,0,0,0,0.0,0.0
9,fd:414,fd,27,2,2,False,0,0,0,0.0,0.0
9,mcv:198,mcv,2208,5,2,False,0,0,0,0.0,0.0
9,mcv:570,mcv,340,3,3,False,0,0,0,0.0,0.0
9,mcv:959,mcv,340,3,2,False,0,0,0,0.0,0.0
9,mcv:177,mcv,854,6,2,False,0,0,0,0.0,0.0
9,mcv:1026,mcv,628,2,2,False,0,0,0,0.0,0.0
9,mcv:2129,mcv,812,0,1,False,0,0,0,0.0,0.0
9,mcv:1250,mcv,344,3,1,False,0,0,0,0.0,0.0
9,mcv:67,mcv,384,6,3,False,0,0,0,0.0,0.0
9,mcv:1027,mcv,896,3,1,False,0,0,0,0.0,0.0
9,mcv:135,mcv,572,5,3,False,0,0,0,0.0,0.0
9,mcv:1382,mcv,1500,3,1,False,0,0,0,0.0,0.0
9,mcv:1783,mcv,392,1,2,False,0,0,0,0.0,0.0
9,mcv:832,mcv,1500,4,1,True,1,1,0,0.34693884669340824,0.0
9,mcv:1337,mcv,1346,3,1,False,0,0,0,0.0,0.0
9,mcv:448,mcv,340,2,4,False,0,0,0,0.0,0.0
9,mcv:419,mcv,170,5,1,False,0,0,0,0.0,0.0
9,mcv:427,mcv,222,3,3,False,0,0,0,0.0,0.0
9,mcv:1254,mcv,502,3,1,False,0,0,0,0.0,0.0
9,mcv:623,mcv,266,4,2,True,2,1,1,0.3044631371963371,7.290579784324791e-08
9,mcv:230,mcv,170,3,4,False,0,0,0,0.0,0.0
9,mcv:1253,mcv,340,2,2,False,0,0,0,0.0,0.0
9,mcv:1538,mcv,318,1,2,False,0,0,0,0.0,0.0
9,mcv:777,mcv,170,3,2,False,0,0,0,0.0,0.0
9,mcv:778,mcv,222,3,2,False,0,0,0,0.0,0.0
9,mcv:552,mcv,434,5,1,False,0,0,0,0.0,0.0
9,mcv:420,mcv,170,3,3,True,3,2,1,0.022646573753570598,0.0013705419261942353
9,mcv:1122,mcv,174,1,3,False,0,0,0,0.0,0.0
9,fd:21,fd,27,7,2,False,0,0,0,0.0,0.0
9,mcv:1921,mcv,170,1,1,False,0,0,0,0.0,0.0
9,mcv:259,mcv,544,4,3,False,0,0,0,0.0,0.0
9,fd:79,fd,27,4,3,False,0,0,0,0.0,0.0
9,mcv:1190,mcv,148,1,3,False,0,0,0,0.0,0.0
9,mcv:72,mcv,606,8,1,False,0,0,0,0.0,0.0
9,mcv:42,mcv,318,8,1,False,0,0,0,0.0,0.0
9,mcv:1034,mcv,620,3,1,False,0,0,0,0.0,0.0
9,mcv:375,mcv,252,3,3,False,0,0,0,0.0,0.0
9,mcv:51,mcv,562,7,2,False,0,0,0,0.0,0.0
9,fd:417,fd,27,3,1,False,0,0,0,0.0,0.0
9,fd:149,fd,27,3,3,False,0,0,0,0.0,0.0
9,mcv:1020,mcv,492,2,2,False,0,0,0,0.0,0.0
9,mcv:1542,mcv,148,0,3,False,0,0,0,0.0,0.0
9,mcv:49,mcv,544,7,2,False,0,0,0,0.0,0.0
9,mcv:1197,mcv,218,3,1,True,0,0,0,0.0,0.0
9,mcv:1477,mcv,514,2,1,False,0,0,0,0.0,0.0
9,fd:265,fd,27,2,3,False,0,0,0,0.0,0.0
9,mcv:1049,mcv,454,3,1,False,0,0,0,0.0,0.0
9,mcv:750,mcv,218,4,1,False,0,0,0,0.0,0.0
9,fd:557,fd,27,1,2,False,0,0,0,0.0,0.0
9,mcv:1137,mcv,170,2,2,False,0,0,0,0.0,0.0
9,fd:411,fd,27,2,2,False,0,0,0,0.0,0.0
9,mcv:958,mcv,174,4,1,False,0,0,0,0.0,0.0
9,mcv:88,mcv,1272,7,1,False,0,0,0,0.0,0.0
9,mcv:1483,mcv,318,1,2,False,0,0,0,0.0,0.0
9,mcv:1036,mcv,318,3,1,False,0,0,0,0.0,0.0
9,fd:213,fd,27,5,1,False,0,0,0,0.0,0.0
9,mcv:201,mcv,868,6,1,False,0,0,0,0.0,0.0
9,fd:19,fd,27,8,1,False,0,0,0,0.0,0.0
9,mcv:1018,mcv,614,2,2,False,0,0,0,0.0,0.0
9,fd:412,fd,27,2,2,False,0,0,0,0.0,0.0
9,mcv:195,mcv,470,4,3,False,0,0,0,0.0,0.0
9,mcv:227,mcv,170,5,2,False,0,0,0,0.0,0.0
9,mcv:646,mcv,382,2,3,False,0,0,0,0.0,0.0
9,mcv:1323,mcv,440,3,1,False,0,0,0,0.0,0.0
9,mcv:782,mcv,218,4,1,False,0,0,0,0.0,0.0
9,mcv:1603,mcv,170,2,1,False,0,0,0,0.0,0.0
9,mcv:2079,mcv,304,1,1,False,0,0,0,0.0,0.0
9,mcv:877,mcv,174,4,1,False,0,0,0,0.0,0.0
9,mcv:785,mcv,458,3,2,False,0,0,0,0.0,0.0
9,fd:337,fd,27,4,1,False,0,0,0,0.0,0.0
9,fd:31,fd,27,8,1,False,0,0,0,0.0,0.0
9,mcv:966,mcv,352,4,1,False,0,0,0,0.0,0.0
9,fd:281,fd,41,3,2,False,0,0,0,0.0,0.0
9,fd:635,fd,41,1,2,False,0,0,0,0.0,0.0
9,mcv:1661,mcv,620,2,1,False,0,0,0,0.0,0.0
9,fd:591,fd,27,2,1,False,0,0,0,0.0,0.0
9,mcv:81,mcv,322,8,1,False,0,0,0,0.0,0.0
9,mcv:17,mcv,392,8,2,False,0,0,0,0.0,0.0
9,fd:534,fd,41,3,1,False,0,0,0,0.0,0.0
9,fd:385,fd,41,4,1,False,0,0,0,0.0,0.0
9,fd:657,fd,27,2,1,False,0,0,0,0.0,0.0
9,fd:482,fd,27,1,3,False,0,0,0,0.0,0.0
9,fd:634,fd,27,2,1,False,0,0,0,0.0,0.0
9,mcv:1416,mcv,642,3,1,False,0,0,0,0.0,0.0
9,fd:604,fd,27,1,2,False,0,0,0,0.0,0.0
9,mcv:680,mcv,478,2,3,False,0,0,0,0.0,0.0
9,mcv:179,mcv,674,5,3,False,0,0,0,0.0,0.0
9,mcv:1270,mcv,664,1,3,False,0,0,0,0.0,0.0
9,fd:701,fd,27,0,2,False,0,0,0,0.0,0.0
9,mcv:182,mcv,244,6,2,True,2,1,1,0.4594120423887731,0.4658075660015697
9,mcv:2034,mcv,366,1,1,False,0,0,0,0.0,0.0
9,mcv:606,mcv,1000,5,1,False,0,0,0,0.0,0.0
9,mcv:689,mcv,444,2,3,False,0,0,0,0.0,0.0
9,mcv:1774,mcv,304,2,1,False,0,0,0,0.0,0.0
9,mcv:688,mcv,444,3,2,False,0,0,0,0.0,0.0
9,mcv:1668,mcv,572,2,1,False,0,0,0,0.0,0.0
9,mcv:1697,mcv,292,2,1,False,0,0,0,0.0,0.0
9,fd:637,fd,27,1,2,False,0,0,0,0.0,0.0
9,fd:318,fd,41,1,4,False,0,0,0,0.0,0.0
9,mcv:970,mcv,512,4,1,False,0,0,0,0.0,0.0
9,mcv:290,mcv,388,5,2,False,0,0,0,0.0,0.0
9,mcv:955,mcv,148,3,2,False,0,0,0,0.0,0.0
9,mcv:1804,mcv,326,2,1,False,0,0,0,0.0,0.0
9,mcv:47,mcv,434,8,1,False,0,0,0,0.0,0.0
9,fd:648,fd,27,2,1,False,0,0,0,0.0,0.0
9,mcv:1826,mcv,296,2,1,False,0,0,0,0.0,0.0
9,mcv:685,mcv,668,3,2,False,0,0,0,0.0,0.0
9,mcv:841,mcv,330,1,4,True,2,1,1,0.6067830172775872,0.2605031535462776
9,mcv:840,mcv,356,4,1,False,0,0,0,0.0,0.0
9,fd:639,fd,27,1,2,False,0,0,0,0.0,0.0
9,fd:379,fd,41,3,2,False,0,0,0,0.0,0.0
9,mcv:1779,mcv,200,1,2,False,0,0,0,0.0,0.0
9,mcv:1299,mcv,634,2,2,False,0,0,0,0.0,0.0
9,mcv:1777,mcv,200,1,2,False,0,0,0,0.0,0.0
9,fd:381,fd,27,4,1,False,0,0,0,0.0,0.0
9,mcv:84,mcv,222,7,2,False,0,0,0,0.0,0.0
9,mcv:99,mcv,492,4,4,False,0,0,0,0.0,0.0
9,mcv:1298,mcv,304,3,1,False,0,0,0,0.0,0.0
9,mcv:683,mcv,304,3,2,False,0,0,0,0.0,0.0
9,mcv:1667,mcv,388,1,2,False,0,0,0,0.0,0.0
9,mcv:1775,mcv,512,1,2,False,0,0,0,0.0,0.0
9,mcv:2009,mcv,278,0,2,False,0,0,0,0.0,0.0
9,mcv:1694,mcv,226,1,2,False,0,0,0,0.0,0.0
9,mcv:408,mcv,634,5,1,False,0,0,0,0.0,0.0
9,mcv:1244,mcv,266,3,1,False,0,0,0,0.0,0.0
9,mcv:1514,mcv,362,2,1,False,0,0,0,0.0,0.0
9,mcv:334,mcv,314,6,1,False,0,0,0,0.0,0.0
9,mcv:351,mcv,266,5,2,False,0,0,0,0.0,0.0
9,mcv:1555,mcv,196,2,1,False,0,0,0,0.0,0.0
9,mcv:114,mcv,266,6,2,False,0,0,0,0.0,0.0
9,mcv:822,mcv,384,2,3,False,0,0,0,0.0,0.0
9,mcv:705,mcv,362,4,1,False,0,0,0,0.0,0.0
9,mcv:1519,mcv,388,2,1,False,0,0,0,0.0,0.0
9,mcv:50,mcv,170,6,3,True,3,1,2,0.0029491735640303496,0.20864949586142933
9,fd:175,fd,27,4,2,True,0,0,0,0.0,0.0
9,mcv:1561,mcv,170,2,1,True,0,0,0,0.0,0.0
9,mcv:595,mcv,218,3,3,False,0,0,0,0.0,0.0
9,mcv:117,mcv,200,6,2,False,0,0,0,0.0,0.0
9,mcv:712,mcv,370,3,2,False,0,0,0,0.0,0.0
9,mcv:437,mcv,196,4,2,False,0,0,0,0.0,0.0
9,mcv:1240,mcv,358,2,2,False,0,0,0,0.0,0.0
9,mcv:1138,mcv,266,3,1,False,0,0,0,0.0,0.0
9,fd:563,fd,27,2,1,False,0,0,0,0.0,0.0
9,mcv:243,mcv,200,6,1,False,0,0,0,0.0,0.0
9,mcv:412,mcv,362,4,2,False,0,0,0,0.0,0.0
9,mcv:314,mcv,768,5,2,False,0,0,0,0.0,0.0
9,mcv:404,mcv,388,4,2,True,2,0,2,0.0,0.6710883013893312
9,fd:531,fd,27,3,1,False,0,0,0,0.0,0.0
9,fd:252,fd,41,3,3,False,0,0,0,0.0,0.0
9,mcv:338,mcv,736,4,3,False,0,0,0,0.0,0.0
9,mcv:698,mcv,616,4,1,False,0,0,0,0.0,0.0
9,mcv:1726,mcv,540,0,3,False,0,0,0,0.0,0.0
9,mcv:559,mcv,724,4,2,False,0,0,0,0.0,0.0
9,fd:86,fd,27,5,2,True,0,0,0,0.0,0.0
9,mcv:1178,mcv,404,3,1,False,0,0,0,0.0,0.0
9,fd:384,fd,41,4,1,False,0,0,0,0.0,0.0
9,fd:303,fd,27,4,1,False,0,0,0,0.0,0.0
9,mcv:969,mcv,660,4,1,True,1,1,0,0.002069765290093173,0.0
9,mcv:1086,mcv,546,3,1,False,0,0,0,0.0,0.0
9,mcv:774,mcv,512,4,1,False,0,0,0,0.0,0.0
9,mcv:607,mcv,304,3,3,False,0,0,0,0.0,0.0
9,mcv:1405,mcv,248,3,1,False,0,0,0,0.0,0.0
9,mcv:1075,mcv,362,3,1,False,0,0,0,0.0,0.0
9,mcv:1080,mcv,838,2,2,False,0,0,0,0.0,0.0
9,mcv:54,mcv,196,7,2,False,0,0,0,0.0,0.0
9,mcv:775,mcv,296,3,2,False,0,0,0,0.0,0.0
9,mcv:1402,mcv,322,2,2,False,0,0,0,0.0,0.0
9,mcv:161,mcv,654,5,3,False,0,0,0,0.0,0.0
9,fd:123,fd,27,5,2,False,0,0,0,0.0,0.0
9,fd:22,fd,27,7,2,True,1,0,1,0.0,0.015671468483985818
9,mcv:219,mcv,704,5,2,False,0,0,0,0.0,0.0
9,mcv:57,mcv,544,7,2,False,0,0,0,0.0,0.0
9,fd:723,fd,41,0,2,False,0,0,0,0.0,0.0
9,mcv:1986,mcv,296,0,2,False,0,0,0,0.0,0.0
9,mcv:273,mcv,750,6,1,False,0,0,0,0.0,0.0
9,fd:408,fd,27,3,1,False,0,0,0,0.0,0.0
9,fd:95,fd,27,3,4,False,0,0,0,0.0,0.0
9,fd:37,fd,27,7,1,False,0,0,0,0.0,0.0
9,mcv:764,mcv,148,2,3,False,0,0,0,0.0,0.0
9,mcv:192,mcv,1408,5,2,False,0,0,0,0.0,0.0
9,fd:696,fd,27,0,2,False,0,0,0,0.0,0.0
9,mcv:1945,mcv,1556,1,1,False,0,0,0,0.0,0.0
9,fd:695,fd,27,0,2,False,0,0,0,0.0,0.0
9,mcv:1988,mcv,252,0,2,False,0,0,0,0.0,0.0
9,fd:83,fd,27,6,1,False,0,0,0,0.0,0.0
9,mcv:1167,mcv,548,3,1,False,0,0,0,0.0,0.0
9,mcv:1012,mcv,304,3,1,False,0,0,0,0.0,0.0
9,mcv:482,mcv,344,2,4,True,4,3,1,1.101886939807486,0.15297833914062875
9,mcv:1057,mcv,410,2,2,False,0,0,0,0.0,0.0
9,mcv:1008,mcv,756,2,2,False,0,0,0,0.0,0.0
9,mcv:94,mcv,1224,7,1,False,0,0,0,0.0,0.0
9,mcv:1161,mcv,218,3,1,False,0,0,0,0.0,0.0
9,mcv:1162,mcv,274,3,1,False,0,0,0,0.0,0.0
9,mcv:576,mcv,482,2,4,False,0,0,0,0.0,0.0
9,fd:558,fd,27,2,1,False,0,0,0,0.0,0.0
9,mcv:669,mcv,774,4,1,False,0,0,0,0.0,0.0
9,mcv:443,mcv,148,4,2,False,0,0,0,0.0,0.0
9,fd:231,fd,27,2,4,False,0,0,0,0.0,0.0
9,mcv:1466,mcv,572,1,2,False,0,0,0,0.0,0.0
9,mcv:1837,mcv,936,1,1,False,0,0,0,0.0,0.0
9,mcv:360,mcv,348,4,2,False,0,0,0,0.0,0.0
9,fd:528,fd,27,3,1,False,0,0,0,0.0,0.0
9,mcv:1401,mcv,460,3,1,False,0,0,0,0.0,0.0
9,mcv:1606,mcv,1260,2,1,False,0,0,0,0.0,0.0
9,mcv:672,mcv,340,4,1,False,0,0,0,0.0,0.0
9,mcv:1490,mcv,252,2,1,False,0,0,0,0.0,0.0
9,mcv:1610,mcv,434,1,2,False,0,0,0,0.0,0.0
9,mcv:205,mcv,1484,6,1,False,0,0,0,0.0,0.0
9,mcv:249,mcv,544,3,4,False,0,0,0,0.0,0.0
9,mcv:1465,mcv,1620,2,1,False,0,0,0,0.0,0.0
9,mcv:43,mcv,340,8,1,False,0,0,0,0.0,0.0
9,mcv:1006,mcv,414,3,1,False,0,0,0,0.0,0.0
9,mcv:2075,mcv,148,0,2,False,0,0,0,0.0,0.0
9,mcv:487,mcv,174,5,1,False,0,0,0,0.0,0.0
9,mcv:137,mcv,1136,7,1,False,0,0,0,0.0,0.0
9,mcv:1635,mcv,174,2,1,False,0,0,0,0.0,0.0
9,mcv:463,mcv,790,4,2,False,0,0,0,0.0,0.0
9,fd:578,fd,27,1,2,False,0,0,0,0.0,0.0
9,mcv:1782,mcv,300,2,1,False,0,0,0,0.0,0.0
9,mcv:340,mcv,248,4,3,False,0,0,0,0.0,0.0
9,mcv:1688,mcv,304,2,1,False,0,0,0,0.0,0.0
9,mcv:1643,mcv,300,2,1,False,0,0,0,0.0,0.0
9,mcv:515,mcv,222,4,2,False,0,0,0,0.0,0.0
9,mcv:1594,mcv,200,1,2,False,0,0,0,0.0,0.0
9,fd:10,fd,27,7,3,False,0,0,0,0.0,0.0
9,mcv:1176,mcv,196,3,1,False,0,0,0,0.0,0.0
9,fd:601,fd,41,2,1,False,0,0,0,0.0,0.0
9,mcv:2170,mcv,304,0,1,False,0,0,0,0.0,0.0
9,mcv:1421,mcv,330,3,1,False,0,0,0,0.0,0.0
9,fd:195,fd,27,4,2,True,2,1,1,0.008432313448220263,0.007519297191226126
9,fd:745,fd,27,0,1,False,0,0,0,0.0,0.0
9,mcv:22,mcv,314,7,3,False,0,0,0,0.0,0.0
9,mcv:134,mcv,358,7,1,False,0,0,0,0.0,0.0
9,mcv:1584,mcv,266,2,1,False,0,0,0,0.0,0.0
9,mcv:27,mcv,248,7,3,False,0,0,0,0.0,0.0
9,mcv:240,mcv,218,6,1,False,0,0,0,0.0,0.0
9,mcv:112,mcv,170,7,1,True,1,0,1,0.0,0.007061367958944853
9,mcv:1139,mcv,362,3,1,False,0,0,0,0.0,0.0
9,mcv:494,mcv,300,5,1,False,0,0,0,0.0,0.0
9,fd:611,fd,27,0,3,False,0,0,0,0.0,0.0
9,mcv:831,mcv,340,4,1,False,0,0,0,0.0,0.0
9,mcv:1715,mcv,196,0,3,False,0,0,0,0.0,0.0
9,mcv:53,mcv,404,6,3,False,0,0,0,0.0,0.0
9,mcv:344,mcv,296,5,2,False,0,0,0,0.0,0.0
9,mcv:1582,mcv,222,1,2,False,0,0,0,0.0,0.0
9,mcv:2186,mcv,454,0,1,False,0,0,0,0.0,0.0
9,mcv:825,mcv,1562,2,3,False,0,0,0,0.0,0.0
9,fd:96,fd,27,6,1,False,0,0,0,0.0,0.0
9,mcv:41,mcv,968,8,2,False,0,0,0,0.0,0.0
9,mcv:162,mcv,382,5,3,False,0,0,0,0.0,0.0
9,fd:63,fd,27,5,3,False,0,0,0,0.0,0.0
9,mcv:1245,mcv,406,3,1,False,0,0,0,0.0,0.0
9,mcv:75,mcv,1458,7,2,False,0,0,0,0.0,0.0
9,mcv:345,mcv,1192,5,2,False,0,0,0,0.0,0.0
9,mcv:1641,mcv,676,1,2,False,0,0,0,0.0,0.0
9,mcv:1831,mcv,222,1,2,False,0,0,0,0.0,0.0
9,mcv:2121,mcv,674,1,1,False,0,0,0,0.0,0.0
9,mcv:767,mcv,148,3,2,False,0,0,0,0.0,0.0
9,fd:138,fd,27,5,2,False,0,0,0,0.0,0.0
9,mcv:823,mcv,244,2,3,False,0,0,0,0.0,0.0
9,fd:139,fd,27,5,2,False,0,0,0,0.0,0.0
9,mcv:1575,mcv,266,2,1,False,0,0,0,0.0,0.0
9,mcv:252,mcv,740,5,2,False,0,0,0,0.0,0.0
9,mcv:251,mcv,296,6,1,False,0,0,0,0.0,0.0
9,mcv:1292,mcv,588,1,3,False,0,0,0,0.0,0.0
9,fd:155,fd,27,3,3,False,0,0,0,0.0,0.0
9,mcv:883,mcv,196,4,1,False,0,0,0,0.0,0.0
9,mcv:20,mcv,382,6,4,False,0,0,0,0.0,0.0
9,mcv:1290,mcv,362,3,1,False,0,0,0,0.0,0.0
9,fd:35,fd,27,6,2,False,0,0,0,0.0,0.0
9,mcv:1767,mcv,270,1,2,False,0,0,0,0.0,0.0
9,mcv:397,mcv,304,3,3,False,0,0,0,0.0,0.0
9,mcv:1599,mcv,266,1,2,False,0,0,0,0.0,0.0
9,mcv:1497,mcv,444,2,1,False,0,0,0,0.0,0.0
9,mcv:1978,mcv,476,1,1,False,0,0,0,0.0,0.0
9,mcv:1699,mcv,248,1,2,False,0,0,0,0.0,0.0
9,mcv:1713,mcv,252,2,1,True,1,1,0,0.3020782614105584,0.0
9,fd:610,fd,41,2,1,False,0,0,0,0.0,0.0
9,mcv:1186,mcv,270,1,3,False,0,0,0,0.0,0.0
9,fd:147,fd,27,5,1,False,0,0,0,0.0,0.0
9,mcv:370,mcv,408,4,2,False,0,0,0,0.0,0.0
9,mcv:1484,mcv,432,2,1,False,0,0,0,0.0,0.0
9,mcv:157,mcv,148,5,3,False,0,0,0,0.0,0.0
9,mcv:330,mcv,248,5,2,False,0,0,0,0.0,0.0
9,fd:605,fd,27,1,2,False,0,0,0,0.0,0.0
9,mcv:1858,mcv,296,1,1,False,0,0,0,0.0,0.0
9,mcv:453,mcv,170,4,2,False,0,0,0,0.0,0.0
9,mcv:1640,mcv,244,2,1,False,0,0,0,0.0,0.0
9,fd:145,fd,41,4,2,False,0,0,0,0.0,0.0
9,mcv:783,mcv,218,3,2,False,0,0,0,0.0,0.0
9,fd:661,fd,27,1,1,False,0,0,0,0.0,0.0
9,fd:184,fd,27,4,2,False,0,0,0,0.0,0.0
9,fd:56,fd,27,5,3,False,0,0,0,0.0,0.0
9,fd:358,fd,27,3,2,False,0,0,0,0.0,0.0
9,mcv:216,mcv,304,5,2,False,0,0,0,0.0,0.0
9,mcv:520,mcv,226,3,3,False,0,0,0,0.0,0.0
9,mcv:889,mcv,218,4,1,False,0,0,0,0.0,0.0
9,mcv:373,mcv,480,5,1,False,0,0,0,0.0,0.0
9,fd:346,fd,27,4,1,False,0,0,0,0.0,0.0
9,mcv:16,mcv,304,7,3,False,0,0,0,0.0,0.0
9,mcv:91,mcv,274,6,2,False,0,0,0,0.0,0.0
9,mcv:213,mcv,556,4,3,False,0,0,0,0.0,0.0
9,mcv:214,mcv,470,5,2,False,0,0,0,0.0,0.0
9,fd:85,fd,27,5,2,False,0,0,0,0.0,0.0
9,mcv:1189,mcv,292,2,2,False,0,0,0,0.0,0.0
9,mcv:911,mcv,382,3,2,False,0,0,0,0.0,0.0
9,mcv:2056,mcv,614,1,1,False,0,0,0,0.0,0.0
9,mcv:15,mcv,418,7,3,False,0,0,0,0.0,0.0
9,fd:82,fd,27,4,3,False,0,0,0,0.0,0.0
9,fd:133,fd,27,5,2,True,0,0,0,0.0,0.0
9,fd:632,fd,27,1,2,False,0,0,0,0.0,0.0
9,fd:488,fd,41,1,3,False,0,0,0,0.0,0.0
9,mcv:461,mcv,170,4,2,False,0,0,0,0.0,0.0
9,fd:757,fd,27,0,1,False,0,0,0,0.0,0.0
9,mcv:2252,mcv,148,0,1,False,0,0,0,0.0,0.0
9,fd:339,fd,27,4,1,False,0,0,0,0.0,0.0
9,mcv:1236,mcv,358,3,1,False,0,0,0,0.0,0.0
9,mcv:202,mcv,486,4,3,False,0,0,0,0.0,0.0
9,fd:159,fd,41,3,3,False,0,0,0,0.0,0.0
9,mcv:816,mcv,476,3,2,False,0,0,0,0.0,0.0
9,mcv:28,mcv,540,7,3,False,0,0,0,0.0,0.0
9,mcv:460,mcv,170,4,2,False,0,0,0,0.0,0.0
9,mcv:1852,mcv,352,1,1,False,0,0,0,0.0,0.0
9,mcv:1042,mcv,550,3,1,False,0,0,0,0.0,0.0
9,mcv:1700,mcv,226,2,1,False,0,0,0,0.0,0.0
9,fd:664,fd,27,1,1,False,0,0,0,0.0,0.0
9,fd:59,fd,27,5,3,False,0,0,0,0.0,0.0
9,fd:5,fd,27,7,3,False,0,0,0,0.0,0.0
9,mcv:895,mcv,226,4,1,False,0,0,0,0.0,0.0
9,mcv:1982,mcv,266,1,1,False,0,0,0,0.0,0.0
9,mcv:376,mcv,274,5,1,False,0,0,0,0.0,0.0
9,mcv:391,mcv,304,3,3,False,0,0,0,0.0,0.0
9,mcv:1693,mcv,392,2,1,False,0,0,0,0.0,0.0
9,fd:150,fd,41,5,1,False,0,0,0,0.0,0.0
9,mcv:307,mcv,170,4,3,False,0,0,0,0.0,0.0
9,mcv:154,mcv,382,5,3,False,0,0,0,0.0,0.0
9,fd:426,fd,27,3,1,True,1,0,1,0.0,0.00020809020709422477
9,fd:718,fd,27,1,1,False,0,0,0,0.0,0.0
9,mcv:46,mcv,634,8,1,False,0,0,0,0.0,0.0
9,mcv:771,mcv,410,2,3,False,0,0,0,0.0,0.0
9,fd:44,fd,27,5,3,False,0,0,0,0.0,0.0
9,fd:119,fd,27,6,1,False,0,0,0,0.0,0.0
9,mcv:309,mcv,434,6,1,False,0,0,0,0.0,0.0
9,mcv:2197,mcv,410,0,1,False,0,0,0,0.0,0.0
9,mcv:123,mcv,148,5,3,False,0,0,0,0.0,0.0
9,mcv:839,mcv,1286,3,2,False,0,0,0,0.0,0.0
9,mcv:2061,mcv,148,1,1,False,0,0,0,0.0,0.0
9,mcv:1066,mcv,304,3,1,False,0,0,0,0.0,0.0
9,mcv:906,mcv,522,2,3,False,0,0,0,0.0,0.0
9,mcv:122,mcv,540,5,3,False,0,0,0,0.0,0.0
9,fd:429,fd,27,2,2,False,0,0,0,0.0,0.0
9,mcv:1069,mcv,304,2,2,False,0,0,0,0.0,0.0
9,mcv:772,mcv,170,4,1,False,0,0,0,0.0,0.0
9,mcv:1670,mcv,388,0,3,False,0,0,0,0.0,0.0
9,mcv:1099,mcv,418,2,2,False,0,0,0,0.0,0.0
9,mcv:1370,mcv,222,1,3,False,0,0,0,0.0,0.0
9,fd:438,fd,27,3,1,False,0,0,0,0.0,0.0
9,fd:436,fd,27,2,2,False,0,0,0,0.0,0.0
9,mcv:413,mcv,384,5,1,True,1,0,0,0.0,0.0
9,fd:364,fd,27,3,2,False,0,0,0,0.0,0.0
9,mcv:165,mcv,218,7,1,False,0,0,0,0.0,0.0
9,mcv:1658,mcv,296,2,1,False,0,0,0,0.0,0.0
9,mcv:139,mcv,432,5,3,False,0,0,0,0.0,0.0
9,fd:88,fd,27,6,1,False,0,0,0,0.0,0.0
9,mcv:38,mcv,196,3,7,False,0,0,0,0.0,0.0
9,mcv:926,mcv,218,3,2,False,0,0,0,0.0,0.0
9,mcv:1105,mcv,296,3,1,False,0,0,0,0.0,0.0
9,mcv:1652,mcv,344,2,1,True,1,0,1,0.0,0.06286981031701888
9,mcv:109,mcv,270,6,2,False,0,0,0,0.0,0.0
9,mcv:563,mcv,244,4,2,False,0,0,0,0.0,0.0
9,fd:222,fd,27,4,2,False,0,0,0,0.0,0.0
9,mcv:223,mcv,340,6,1,False,0,0,0,0.0,0.0
9,mcv:565,mcv,244,4,2,False,0,0,0,0.0,0.0
9,mcv:499,mcv,366,3,3,False,0,0,0,0.0,0.0
9,fd:220,fd,27,4,2,False,0,0,0,0.0,0.0
9,mcv:229,mcv,148,6,1,False,0,0,0,0.0,0.0
9,mcv:739,mcv,148,3,2,False,0,0,0,0.0,0.0
9,mcv:1112,mcv,170,3,1,False,0,0,0,0.0,0.0
9,fd:102,fd,27,6,1,False,0,0,0,0.0,0.0
9,mcv:125,mcv,996,6,2,False,0,0,0,0.0,0.0
9,mcv:267,mcv,610,6,1,False,0,0,0,0.0,0.0
9,mcv:1198,mcv,1414,3,1,False,0,0,0,0.0,0.0
9,mcv:1199,mcv,812,1,3,False,0,0,0,0.0,0.0
9,mcv:322,mcv,196,6,1,False,0,0,0,0.0,0.0
9,mcv:533,mcv,384,5,1,False,0,0,0,0.0,0.0
9,mcv:1256,mcv,572,3,1,False,0,0,0,0.0,0.0
9,mcv:1336,mcv,248,3,1,False,0,0,0,0.0,0.0
9,mcv:300,mcv,196,5,2,False,0,0,0,0.0,0.0
9,fd:115,fd,27,5,2,True,0,0,0,0.0,0.0
9,fd:105,fd,27,6,1,False,0,0,0,0.0,0.0
9,mcv:277,mcv,318,6,1,False,0,0,0,0.0,0.0
9,mcv:301,mcv,384,6,1,False,0,0,0,0.0,0.0
9,mcv:464,mcv,592,4,2,False,0,0,0,0.0,0.0
9,mcv:297,mcv,222,6,1,False,0,0,0,0.0,0.0
9,mcv:1999,mcv,366,1,1,False,0,0,0,0.0,0.0
9,fd:146,fd,27,4,2,False,0,0,0,0.0,0.0
9,mcv:372,mcv,318,4,2,False,0,0,0,0.0,0.0
9,mcv:753,mcv,410,3,2,True,2,0,2,0.0,1.1764633188268034
9,mcv:655,mcv,756,3,2,False,0,0,0,0.0,0.0
9,mcv:1163,mcv,444,1,3,False,0,0,0,0.0,0.0
9,fd:573,fd,27,2,1,False,0,0,0,0.0,0.0
9,mcv:444,mcv,378,4,2,False,0,0,0,0.0,0.0
9,mcv:1574,mcv,366,2,1,False,0,0,0,0.0,0.0
9,mcv:1308,mcv,912,3,1,False,0,0,0,0.0,0.0
9,mcv:1911,mcv,170,1,1,False,0,0,0,0.0,0.0
9,fd:177,fd,27,4,2,False,0,0,0,0.0,0.0
9,mcv:2160,mcv,532,0,1,False,0,0,0,0.0,0.0
9,fd:582,fd,27,2,1,False,0,0,0,0.0,0.0
9,mcv:1164,mcv,514,3,1,False,0,0,0,0.0,0.0
9,mcv:867,mcv,1356,3,2,False,0,0,0,0.0,0.0
9,mcv:549,mcv,1052,5,1,False,0,0,0,0.0,0.0
9,mcv:1218,mcv,772,3,1,False,0,0,0,0.0,0.0
9,mcv:475,mcv,658,4,2,False,0,0,0,0.0,0.0
9,mcv:1914,mcv,344,1,1,False,0,0,0,0.0,0.0
9,mcv:1623,mcv,614,2,1,False,0,0,0,0.0,0.0
9,mcv:1554,mcv,462,2,1,False,0,0,0,0.0,0.0
9,mcv:584,mcv,356,5,1,False,0,0,0,0.0,0.0
9,mcv:173,mcv,964,5,3,True,3,2,1,0.1790813722562843,0.2112635231412754
9,mcv:462,mcv,784,3,3,False,0,0,0,0.0,0.0
9,mcv:1295,mcv,566,2,2,False,0,0,0,0.0,0.0
9,fd:246,fd,27,4,2,False,0,0,0,0.0,0.0
9,mcv:784,mcv,378,4,1,False,0,0,0,0.0,0.0
9,fd:185,fd,27,3,3,False,0,0,0,0.0,0.0
9,mcv:329,mcv,1244,4,3,False,0,0,0,0.0,0.0
9,mcv:260,mcv,196,4,3,False,0,0,0,0.0,0.0
9,fd:16,fd,41,8,2,False,0,0,0,0.0,0.0
9,mcv:172,mcv,174,6,2,False,0,0,0,0.0,0.0
9,fd:237,fd,27,5,1,False,0,0,0,0.0,0.0
9,mcv:36,mcv,510,8,2,False,0,0,0,0.0,0.0
9,fd:66,fd,27,6,2,True,0,0,0,0.0,0.0
9,mcv:1701,mcv,1148,1,2,False,0,0,0,0.0,0.0
9,fd:99,fd,27,4,3,True,0,0,0,0.0,0.0
9,mcv:598,mcv,538,4,2,False,0,0,0,0.0,0.0
9,fd:306,fd,27,4,1,True,0,0,0,0.0,0.0
9,mcv:1296,mcv,362,3,1,False,0,0,0,0.0,0.0
9,mcv:2089,mcv,226,1,1,False,0,0,0,0.0,0.0
9,mcv:678,mcv,326,3,2,False,0,0,0,0.0,0.0
9,mcv:1065,mcv,518,2,2,False,0,0,0,0.0,0.0
9,mcv:690,mcv,318,4,1,False,0,0,0,0.0,0.0
9,mcv:2143,mcv,252,0,1,False,0,0,0,0.0,0.0
9,mcv:2236,mcv,174,0,1,False,0,0,0,0.0,0.0
9,mcv:1084,mcv,770,2,2,False,0,0,0,0.0,0.0
9,mcv:111,mcv,174,6,2,False,0,0,0,0.0,0.0
9,mcv:1882,mcv,770,1,1,False,0,0,0,0.0,0.0
9,mcv:676,mcv,518,4,1,False,0,0,0,0.0,0.0
9,mcv:1035,mcv,708,3,1,False,0,0,0,0.0,0.0
9,fd:267,fd,27,3,2,False,0,0,0,0.0,0.0
9,fd:668,fd,27,0,2,False,0,0,0,0.0,0.0
9,mcv:199,mcv,686,3,4,False,0,0,0,0.0,0.0
9,mcv:704,mcv,318,3,2,False,0,0,0,0.0,0.0
9,mcv:1504,mcv,318,2,1,False,0,0,0,0.0,0.0
9,fd:43,fd,27,6,2,True,1,0,1,0.0,0.011333835084535338
9,mcv:1037,mcv,274,2,2,False,0,0,0,0.0,0.0
9,mcv:407,mcv,318,3,3,False,0,0,0,0.0,0.0
9,mcv:1074,mcv,884,3,1,False,0,0,0,0.0,0.0
9,mcv:1134,mcv,148,1,3,False,0,0,0,0.0,0.0
9,fd:730,fd,27,1,1,False,0,0,0,0.0,0.0
9,mcv:445,mcv,314,4,2,False,0,0,0,0.0,0.0
9,mcv:661,mcv,388,4,1,False,0,0,0,0.0,0.0
9,mcv:662,mcv,572,3,2,False,0,0,0,0.0,0.0
9,mcv:677,mcv,304,3,2,False,0,0,0,0.0,0.0
9,mcv:684,mcv,396,3,2,False,0,0,0,0.0,0.0
9,fd:280,fd,41,3,2,False,0,0,0,0.0,0.0
9,mcv:1166,mcv,196,3,1,False,0,0,0,0.0,0.0
9,mcv:1550,mcv,248,2,1,False,0,0,0,0.0,0.0
9,fd:461,fd,27,3,1,True,0,0,0,0.0,0.0
9,mcv:1545,mcv,148,2,1,False,0,0,0,0.0,0.0
9,mcv:396,mcv,492,3,3,False,0,0,0,0.0,0.0
9,fd:418,fd,27,2,2,False,0,0,0,0.0,0.0
9,mcv:652,mcv,274,3,2,False,0,0,0,0.0,0.0
9,mcv:1090,mcv,388,2,2,False,0,0,0,0.0,0.0
9,fd:271,fd,27,4,1,False,0,0,0,0.0,0.0
9,fd:448,fd,41,1,3,False,0,0,0,0.0,0.0
9,mcv:1881,mcv,252,0,2,False,0,0,0,0.0,0.0
9,mcv:617,mcv,366,3,3,False,0,0,0,0.0,0.0
9,mcv:79,mcv,392,4,5,True,5,2,3,0.37539663072852303,96.51031027678665
9,fd:347,fd,27,3,2,False,0,0,0,0.0,0.0
9,fd:34,fd,27,7,1,False,0,0,0,0.0,0.0
9,mcv:87,mcv,418,7,1,False,0,0,0,0.0,0.0
9,fd:77,fd,27,6,1,False,0,0,0,0.0,0.0
9,mcv:896,mcv,174,3,2,False,0,0,0,0.0,0.0
9,fd:30,fd,41,4,5,False,0,0,0,0.0,0.0
9,mcv:100,mcv,396,5,3,False,0,0,0,0.0,0.0
9,mcv:1474,mcv,436,1,2,False,0,0,0,0.0,0.0
9,mcv:191,mcv,348,6,1,False,0,0,0,0.0,0.0
9,mcv:32,mcv,322,8,2,False,0,0,0,0.0,0.0
9,mcv:1473,mcv,896,2,1,False,0,0,0,0.0,0.0
9,mcv:101,mcv,562,6,2,False,0,0,0,0.0,0.0
9,mcv:627,mcv,562,2,3,False,0,0,0,0.0,0.0
9,fd:13,fd,27,8,2,True,0,0,0,0.0,0.0
9,mcv:119,mcv,148,6,2,False,0,0,0,0.0,0.0
9,mcv:1730,mcv,692,0,3,False,0,0,0,0.0,0.0
9,mcv:1089,mcv,362,3,1,False,0,0,0,0.0,0.0
9,mcv:269,mcv,1312,5,2,False,0,0,0,0.0,0.0
9,mcv:442,mcv,314,5,1,False,0,0,0,0.0,0.0
9,mcv:160,mcv,810,7,1,False,0,0,0,0.0,0.0
9,mcv:1046,mcv,698,3,1,False,0,0,0,0.0,0.0
9,mcv:658,mcv,588,4,1,False,0,0,0,0.0,0.0
9,mcv:304,mcv,378,5,2,False,0,0,0,0.0,0.0
9,mcv:473,mcv,926,4,2,False,0,0,0,0.0,0.0
9,fd:284,fd,27,3,2,False,0,0,0,0.0,0.0
9,fd:116,fd,27,5,2,False,0,0,0,0.0,0.0
9,fd:500,fd,27,3,1,False,0,0,0,0.0,0.0
9,mcv:1573,mcv,440,2,1,False,0,0,0,0.0,0.0
9,mcv:796,mcv,440,3,2,False,0,0,0,0.0,0.0
9,fd:419,fd,41,3,1,False,0,0,0,0.0,0.0
9,mcv:1931,mcv,462,1,1,False,0,0,0,0.0,0.0
9,fd:62,fd,27,7,1,False,0,0,0,0.0,0.0
9,mcv:543,mcv,1098,3,3,False,0,0,0,0.0,0.0
9,mcv:891,mcv,248,4,1,False,0,0,0,0.0,0.0
9,mcv:710,mcv,1138,3,2,False,0,0,0,0.0,0.0
9,mcv:1850,mcv,786,1,1,False,0,0,0,0.0,0.0
9,fd:148,fd,27,5,1,False,0,0,0,0.0,0.0
9,fd:345,fd,27,4,1,False,0,0,0,0.0,0.0
9,mcv:899,mcv,418,4,1,False,0,0,0,0.0,0.0
9,mcv:1877,mcv,638,1,1,False,0,0,0,0.0,0.0
9,mcv:2146,mcv,958,0,1,False,0,0,0,0.0,0.0
9,mcv:1214,mcv,1282,2,2,False,0,0,0,0.0,0.0
9,mcv:1329,mcv,610,3,1,False,0,0,0,0.0,0.0
9,mcv:894,mcv,694,4,1,False,0,0,0,0.0,0.0
9,mcv:795,mcv,804,4,1,False,0,0,0,0.0,0.0
9,mcv:708,mcv,816,1,4,False,0,0,0,0.0,0.0
9,fd:617,fd,27,0,3,False,0,0,0,0.0,0.0
9,fd:350,fd,27,4,1,False,0,0,0,0.0,0.0
9,mcv:1758,mcv,930,1,2,False,0,0,0,0.0,0.0
9,mcv:1878,mcv,672,1,1,False,0,0,0,0.0,0.0
9,mcv:374,mcv,374,5,1,False,0,0,0,0.0,0.0
9,mcv:920,mcv,196,4,1,False,0,0,0,0.0,0.0
9,mcv:1787,mcv,196,2,1,False,0,0,0,0.0,0.0
9,mcv:902,mcv,652,3,2,False,0,0,0,0.0,0.0
9,mcv:919,mcv,266,3,2,True,1,1,0,0.07561601728121481,0.0
9,mcv:209,mcv,362,5,2,False,0,0,0,0.0,0.0
9,fd:361,fd,27,4,1,False,0,0,0,0.0,0.0
9,fd:57,fd,27,5,3,True,1,1,0,0.0024144522540185953,0.0
9,fd:424,fd,27,2,2,False,0,0,0,0.0,0.0
9,mcv:14,mcv,410,9,1,True,1,1,0,0.2903240297800227,0.0
9,mcv:1002,mcv,740,4,1,False,0,0,0,0.0,0.0
9,mcv:1785,mcv,174,2,1,False,0,0,0,0.0,0.0
9,mcv:384,mcv,388,4,2,False,0,0,0,0.0,0.0
9,fd:502,fd,27,2,2,True,0,0,0,0.0,0.0
9,mcv:308,mcv,170,4,3,False,0,0,0,0.0,0.0
9,mcv:78,mcv,196,7,2,False,0,0,0,0.0,0.0
9,mcv:1340,mcv,148,3,1,False,0,0,0,0.0,0.0
9,mcv:600,mcv,288,4,2,False,0,0,0,0.0,0.0
9,mcv:11,mcv,1162,9,2,False,0,0,0,0.0,0.0
9,fd:407,fd,27,4,1,False,0,0,0,0.0,0.0
9,fd:153,fd,27,4,2,False,0,0,0,0.0,0.0
9,mcv:2118,mcv,148,1,1,False,0,0,0,0.0,0.0
9,fd:554,fd,27,2,2,False,0,0,0,0.0,0.0
9,mcv:166,mcv,942,6,2,False,0,0,0,0.0,0.0
9,mcv:566,mcv,244,5,1,False,0,0,0,0.0,0.0
9,mcv:1061,mcv,388,2,2,False,0,0,0,0.0,0.0
9,mcv:44,mcv,340,7,2,False,0,0,0,0.0,0.0
9,mcv:1454,mcv,196,1,3,False,0,0,0,0.0,0.0
9,mcv:356,mcv,218,4,3,False,0,0,0,0.0,0.0
9,fd:223,fd,27,5,1,True,0,0,0,0.0,0.0
9,mcv:1339,mcv,174,2,2,False,0,0,0,0.0,0.0
9,fd:643,fd,27,2,1,False,0,0,0,0.0,0.0
9,mcv:1455,mcv,608,2,2,False,0,0,0,0.0,0.0
9,fd:29,fd,27,7,2,False,0,0,0,0.0,0.0
9,mcv:381,mcv,362,4,2,False,0,0,0,0.0,0.0
9,mcv:98,mcv,1878,7,1,False,0,0,0,0.0,0.0
9,fd:642,fd,27,2,1,False,0,0,0,0.0,0.0
9,mcv:33,mcv,196,8,2,False,0,0,0,0.0,0.0
9,mcv:155,mcv,196,5,3,False,0,0,0,0.0,0.0
9,fd:387,fd,41,4,1,False,0,0,0,0.0,0.0
9,fd:262,fd,27,5,1,False,0,0,0,0.0,0.0
9,mcv:490,mcv,288,5,1,False,0,0,0,0.0,0.0
9,mcv:1013,mcv,690,3,1,False,0,0,0,0.0,0.0
9,fd:400,fd,27,3,2,False,0,0,0,0.0,0.0
9,mcv:973,mcv,296,4,1,True,1,1,0,5.918835731028399,0.0
9,mcv:2126,mcv,2058,0,1,False,0,0,0,0.0,0.0
9,mcv:1014,mcv,458,2,2,False,0,0,0,0.0,0.0
9,mcv:814,mcv,340,4,1,False,0,0,0,0.0,0.0
9,mcv:1234,mcv,1052,3,1,False,0,0,0,0.0,0.0
9,mcv:992,mcv,170,4,1,False,0,0,0,0.0,0.0
9,mcv:275,mcv,218,5,2,False,0,0,0,0.0,0.0
9,mcv:21,mcv,218,9,1,False,0,0,0,0.0,0.0
9,mcv:636,mcv,440,4,1,False,0,0,0,0.0,0.0
9,mcv:1809,mcv,296,2,1,False,0,0,0,0.0,0.0
9,mcv:352,mcv,938,4,3,False,0,0,0,0.0,0.0
9,mcv:1810,mcv,314,1,2,False,0,0,0,0.0,0.0
9,mcv:994,mcv,174,3,2,False,0,0,0,0.0,0.0
9,fd:650,fd,27,2,1,False,0,0,0,0.0,0.0
9,mcv:363,mcv,370,5,1,False,0,0,0,0.0,0.0
9,mcv:626,mcv,964,5,1,False,0,0,0,0.0,0.0
9,mcv:1828,mcv,218,2,1,False,0,0,0,0.0,0.0
9,fd:156,fd,27,4,2,False,0,0,0,0.0,0.0
9,fd:547,fd,27,3,1,False,0,0,0,0.0,0.0
9,mcv:635,mcv,1366,4,1,False,0,0,0,0.0,0.0
9,fd:370,fd,27,3,2,False,0,0,0,0.0,0.0
9,mcv:1072,mcv,304,3,1,False,0,0,0,0.0,0.0
9,fd:432,fd,27,3,1,False,0,0,0,0.0,0.0
9,fd:45,fd,41,7,1,False,0,0,0,0.0,0.0
9,mcv:687,mcv,574,2,3,False,0,0,0,0.0,0.0
9,mcv:1319,mcv,642,3,1,False,0,0,0,0.0,0.0
9,mcv:1619,mcv,462,2,1,False,0,0,0,0.0,0.0
9,mcv:1469,mcv,440,1,2,False,0,0,0,0.0,0.0
9,mcv:882,mcv,196,3,2,False,0,0,0,0.0,0.0
9,mcv:2125,mcv,326,0,1,False,0,0,0,0.0,0.0
9,mcv:633,mcv,948,4,1,True,1,0,1,0.0,0.23188449228521035
9,fd:494,fd,27,3,1,False,0,0,0,0.0,0.0
9,mcv:395,mcv,644,5,1,False,0,0,0,0.0,0.0
9,mcv:1438,mcv,440,3,1,False,0,0,0,0.0,0.0
9,mcv:1840,mcv,1120,1,1,False,0,0,0,0.0,0.0
9,mcv:682,mcv,440,4,1,False,0,0,0,0.0,0.0
9,mcv:392,mcv,592,4,2,False,0,0,0,0.0,0.0
9,mcv:126,mcv,488,7,1,True,1,1,0,4.431987690282126,0.0
9,fd:338,fd,27,3,2,False,0,0,0,0.0,0.0
9,fd:158,fd,27,5,1,False,0,0,0,0.0,0.0
9,fd:580,fd,27,2,1,False,0,0,0,0.0,0.0
9,mcv:938,mcv,400,3,2,False,0,0,0,0.0,0.0
9,mcv:1315,mcv,470,3,1,False,0,0,0,0.0,0.0
9,mcv:1423,mcv,552,2,2,False,0,0,0,0.0,0.0
9,fd:47,fd,27,7,1,False,0,0,0,0.0,0.0
9,fd:132,fd,41,5,2,False,0,0,0,0.0,0.0
9,mcv:325,mcv,590,5,2,False,0,0,0,0.0,0.0
9,mcv:1972,mcv,754,1,1,False,0,0,0,0.0,0.0
9,mcv:1201,mcv,522,2,2,False,0,0,0,0.0,0.0
9,mcv:272,mcv,358,5,2,False,0,0,0,0.0,0.0
9,mcv:573,mcv,292,5,1,False,0,0,0,0.0,0.0
9,mcv:1941,mcv,1058,1,1,False,0,0,0,0.0,0.0
9,fd:692,fd,27,1,1,False,0,0,0,0.0,0.0
9,mcv:1378,mcv,226,3,1,False,0,0,0,0.0,0.0
9,mcv:493,mcv,542,4,2,False,0,0,0,0.0,0.0
9,mcv:789,mcv,886,4,1,True,1,0,1,0.0,0.3002137143676673
9,mcv:820,mcv,266,3,2,False,0,0,0,0.0,0.0
9,fd:545,fd,41,3,1,True,0,0,0,0.0,0.0
9,mcv:1233,mcv,196,3,1,False,0,0,0,0.0,0.0
9,mcv:266,mcv,654,5,2,False,0,0,0,0.0,0.0
9,fd:538,fd,27,2,2,False,0,0,0,0.0,0.0
9,fd:3,fd,41,9,2,True,0,0,0,0.0,0.0
9,mcv:1979,mcv,1066,1,1,False,0,0,0,0.0,0.0
9,mcv:1633,mcv,406,1,2,False,0,0,0,0.0,0.0
9,mcv:1435,mcv,148,3,1,False,0,0,0,0.0,0.0
9,mcv:131,mcv,196,7,1,False,0,0,0,0.0,0.0
9,mcv:56,mcv,1128,7,2,False,0,0,0,0.0,0.0
9,mcv:9,mcv,512,9,2,False,0,0,0,0.0,0.0
9,fd:308,fd,41,4,1,False,0,0,0,0.0,0.0
9,fd:406,fd,27,4,1,False,0,0,0,0.0,0.0
9,mcv:1342,mcv,196,2,2,False,0,0,0,0.0,0.0
9,mcv:1368,mcv,484,3,1,False,0,0,0,0.0,0.0
9,mcv:1834,mcv,308,2,1,True,1,1,0,0.30132872445407943,0.0
9,fd:143,fd,27,5,2,False,0,0,0,0.0,0.0
9,mcv:567,mcv,314,4,2,False,0,0,0,0.0,0.0
9,fd:259,fd,27,5,1,False,0,0,0,0.0,0.0
9,mcv:568,mcv,196,4,2,False,0,0,0,0.0,0.0
9,mcv:762,mcv,196,4,1,False,0,0,0,0.0,0.0
9,mcv:620,mcv,222,5,1,False,0,0,0,0.0,0.0
9,fd:360,fd,27,3,2,False,0,0,0,0.0,0.0
9,fd:297,fd,27,4,1,True,0,0,0,0.0,0.0
9,mcv:1172,mcv,196,3,1,False,0,0,0,0.0,0.0
9,fd:615,fd,27,2,1,False,0,0,0,0.0,0.0
9,mcv:1835,mcv,506,2,1,True,0,0,0,0.0,0.0
9,fd:504,fd,27,2,2,True,0,0,0,0.0,0.0
9,mcv:355,mcv,348,5,2,False,0,0,0,0.0,0.0
9,mcv:1343,mcv,326,2,2,False,0,0,0,0.0,0.0
9,mcv:918,mcv,244,3,2,False,0,0,0,0.0,0.0
9,fd:503,fd,27,2,2,False,0,0,0,0.0,0.0
9,mcv:1451,mcv,314,3,1,False,0,0,0,0.0,0.0
9,mcv:1462,mcv,218,3,1,False,0,0,0,0.0,0.0
9,mcv:1170,mcv,222,3,1,False,0,0,0,0.0,0.0
9,mcv:121,mcv,218,6,2,False,0,0,0,0.0,0.0
9,mcv:1463,mcv,288,3,1,True,0,0,0,0.0,0.0
9,mcv:1453,mcv,576,3,1,False,0,0,0,0.0,0.0
9,fd:464,fd,27,3,1,True,0,0,0,0.0,0.0
9,mcv:1452,mcv,336,2,2,False,0,0,0,0.0,0.0
9,fd:224,fd,27,4,2,False,0,0,0,0.0,0.0
9,mcv:1724,mcv,200,2,1,False,0,0,0,0.0,0.0
9,fd:225,fd,27,4,2,False,0,0,0,0.0,0.0
9,mcv:1001,mcv,196,4,1,False,0,0,0,0.0,0.0
9,mcv:1174,mcv,436,2,2,False,0,0,0,0.0,0.0
9,mcv:146,mcv,942,6,2,True,2,1,1,0.010366713080673051,0.6570328830104035
9,mcv:321,mcv,502,6,1,False,0,0,0,0.0,0.0
9,mcv:58,mcv,288,6,3,False,0,0,0,0.0,0.0
9,mcv:856,mcv,274,3,2,False,0,0,0,0.0,0.0
9,mcv:268,mcv,2382,6,1,True,0,0,0,0.0,0.0
9,mcv:469,mcv,856,5,1,False,0,0,0,0.0,0.0
9,mcv:25,mcv,524,7,3,False,0,0,0,0.0,0.0
9,mcv:55,mcv,856,7,2,False,0,0,0,0.0,0.0
9,fd:192,fd,27,4,2,False,0,0,0,0.0,0.0
9,mcv:791,mcv,1290,4,1,False,0,0,0,0.0,0.0
9,mcv:250,mcv,218,5,2,False,0,0,0,0.0,0.0
9,fd:178,fd,27,4,2,False,0,0,0,0.0,0.0
9,mcv:447,mcv,388,4,2,False,0,0,0,0.0,0.0
9,mcv:512,mcv,480,4,2,False,0,0,0,0.0,0.0
9,mcv:1278,mcv,288,3,1,False,0,0,0,0.0,0.0
9,fd:130,fd,27,6,1,False,0,0,0,0.0,0.0
9,mcv:763,mcv,218,3,2,False,0,0,0,0.0,0.0
9,mcv:2066,mcv,428,1,1,False,0,0,0,0.0,0.0
9,fd:131,fd,27,4,3,False,0,0,0,0.0,0.0
9,mcv:1672,mcv,428,1,2,False,0,0,0,0.0,0.0
9,mcv:264,mcv,1124,4,3,False,0,0,0,0.0,0.0
9,mcv:285,mcv,266,5,2,False,0,0,0,0.0,0.0
9,mcv:282,mcv,1184,5,2,False,0,0,0,0.0,0.0
9,mcv:4,mcv,288,7,4,True,4,4,0,4.963583169684388,0.0
9,mcv:124,mcv,856,4,4,False,0,0,0,0.0,0.0
9,fd:9,fd,27,7,3,False,0,0,0,0.0,0.0
9,mcv:2099,mcv,406,1,1,False,0,0,0,0.0,0.0
9,mcv:323,mcv,1052,4,3,False,0,0,0,0.0,0.0
9,mcv:511,mcv,266,4,2,False,0,0,0,0.0,0.0
9,fd:103,fd,27,6,1,False,0,0,0,0.0,0.0
9,mcv:10,mcv,546,8,3,False,0,0,0,0.0,0.0
9,mcv:1576,mcv,196,2,1,False,0,0,0,0.0,0.0
9,mcv:927,mcv,244,4,1,False,0,0,0,0.0,0.0
9,mcv:740,mcv,200,4,1,False,0,0,0,0.0,0.0
9,mcv:1040,mcv,620,3,1,False,0,0,0,0.0,0.0
9,mcv:1485,mcv,502,2,1,False,0,0,0,0.0,0.0
9,fd:128,fd,27,5,2,False,0,0,0,0.0,0.0
9,mcv:1127,mcv,318,2,2,False,0,0,0,0.0,0.0
9,mcv:1845,mcv,988,1,1,False,0,0,0,0.0,0.0
9,mcv:1021,mcv,426,3,1,False,0,0,0,0.0,0.0
9,mcv:430,mcv,382,5,1,False,0,0,0,0.0,0.0
9,mcv:1354,mcv,588,3,1,False,0,0,0,0.0,0.0
9,mcv:1646,mcv,366,2,1,False,0,0,0,0.0,0.0
9,fd:122,fd,27,5,2,True,2,1,1,0.00018529955968737966,0.00012055027955137909
9,mcv:1252,mcv,436,3,1,True,1,0,1,0.0,0.13435790707563444
9,mcv:18,mcv,174,7,3,False,0,0,0,0.0,0.0
9,mcv:1352,mcv,650,3,1,False,0,0,0,0.0,0.0
9,mcv:313,mcv,382,5,2,False,0,0,0,0.0,0.0
9,mcv:654,mcv,594,4,1,False,0,0,0,0.0,0.0
9,mcv:411,mcv,388,4,2,False,0,0,0,0.0,0.0
9,mcv:197,mcv,646,6,1,True,1,0,1,0.0,0.0007204203912969387
9,mcv:1656,mcv,458,2,1,False,0,0,0,0.0,0.0
9,mcv:644,mcv,986,3,2,True,0,0,0,0.0,0.0
9,fd:162,fd,27,4,2,False,0,0,0,0.0,0.0
9,mcv:836,mcv,1014,3,2,False,0,0,0,0.0,0.0
9,mcv:409,mcv,748,4,2,False,0,0,0,0.0,0.0
9,fd:699,fd,27,1,1,False,0,0,0,0.0,0.0
9,mcv:1875,mcv,748,1,1,False,0,0,0,0.0,0.0
9,mcv:2000,mcv,252,1,1,False,0,0,0,0.0,0.0
9,fd:36,fd,27,7,1,False,0,0,0,0.0,0.0
9,fd:588,fd,27,2,1,False,0,0,0,0.0,0.0
9,mcv:2187,mcv,422,0,1,False,0,0,0,0.0,0.0
9,mcv:369,mcv,786,5,1,False,0,0,0,0.0,0.0
9,fd:6,fd,27,7,3,True,2,2,0,0.0018981526872714483,0.0
9,fd:293,fd,27,4,1,False,0,0,0,0.0,0.0
9,fd:171,fd,27,5,1,False,0,0,0,0.0,0.0
9,mcv:92,mcv,410,7,1,False,0,0,0,0.0,0.0
9,mcv:319,mcv,174,5,2,False,0,0,0,0.0,0.0
9,mcv:1128,mcv,318,3,1,False,0,0,0,0.0,0.0
9,mcv:1523,mcv,502,2,1,False,0,0,0,0.0,0.0
9,mcv:828,mcv,1014,4,1,False,0,0,0,0.0,0.0
9,mcv:640,mcv,918,3,2,False,0,0,0,0.0,0.0
9,mcv:235,mcv,300,5,2,False,0,0,0,0.0,0.0
9,fd:239,fd,27,5,1,False,0,0,0,0.0,0.0
9,mcv:861,mcv,222,3,2,False,0,0,0,0.0,0.0
9,mcv:593,mcv,566,5,1,False,0,0,0,0.0,0.0
9,mcv:1126,mcv,244,3,1,False,0,0,0,0.0,0.0
9,fd:328,fd,27,3,2,False,0,0,0,0.0,0.0
9,mcv:1549,mcv,196,2,1,False,0,0,0,0.0,0.0
9,fd:197,fd,27,5,1,True,0,0,0,0.0,0.0
9,fd:172,fd,27,5,1,False,0,0,0,0.0,0.0
9,fd:17,fd,41,9,1,False,0,0,0,0.0,0.0
9,fd:524,fd,27,2,2,False,0,0,0,0.0,0.0
9,mcv:1760,mcv,696,2,1,False,0,0,0,0.0,0.0
9,mcv:1569,mcv,196,2,1,False,0,0,0,0.0,0.0
9,mcv:176,mcv,854,6,2,False,0,0,0,0.0,0.0
9,mcv:1551,mcv,148,2,1,False,0,0,0,0.0,0.0
9,fd:64,fd,41,7,1,False,0,0,0,0.0,0.0
9,fd:244,fd,27,5,1,True,0,0,0,0.0,0.0
9,fd:622,fd,41,2,1,False,0,0,0,0.0,0.0
9,fd:455,fd,27,3,1,False,0,0,0,0.0,0.0
9,mcv:951,mcv,196,3,2,True,0,0,0,0.0,0.0
9,mcv:231,mcv,170,4,3,False,0,0,0,0.0,0.0
9,mcv:1237,mcv,358,3,1,False,0,0,0,0.0,0.0
9,mcv:1394,mcv,244,2,2,True,0,0,0,0.0,0.0
9,fd:569,fd,27,2,1,False,0,0,0,0.0,0.0
9,fd:602,fd,27,2,1,False,0,0,0,0.0,0.0
9,mcv:320,mcv,436,5,2,False,0,0,0,0.0,0.0
9,mcv:916,mcv,218,4,1,False,0,0,0,0.0,0.0
9,fd:91,fd,27,6,1,False,0,0,0,0.0,0.0
9,mcv:863,mcv,244,3,2,False,0,0,0,0.0,0.0
9,mcv:1977,mcv,602,1,1,False,0,0,0,0.0,0.0
9,mcv:975,mcv,408,3,2,False,0,0,0,0.0,0.0
9,fd:329,fd,27,3,2,True,0,0,0,0.0,0.0
9,mcv:1159,mcv,388,2,2,False,0,0,0,0.0,0.0
9,mcv:83,mcv,740,6,3,False,0,0,0,0.0,0.0
9,mcv:234,mcv,400,6,1,False,0,0,0,0.0,0.0
9,mcv:564,mcv,200,5,1,False,0,0,0,0.0,0.0
9,mcv:1153,mcv,422,3,1,False,0,0,0,0.0,0.0
9,mcv:517,mcv,414,5,1,False,0,0,0,0.0,0.0
9,mcv:1243,mcv,650,3,1,False,0,0,0,0.0,0.0
9,fd:221,fd,41,5,1,False,0,0,0,0.0,0.0
9,fd:32,fd,27,6,3,True,0,0,0,0.0,0.0
9,mcv:946,mcv,436,3,2,True,0,0,0,0.0,0.0
9,mcv:1570,mcv,448,2,1,False,0,0,0,0.0,0.0
9,mcv:238,mcv,608,6,1,False,0,0,0,0.0,0.0
9,mcv:1740,mcv,514,2,1,False,0,0,0,0.0,0.0
9,mcv:1744,mcv,544,2,1,False,0,0,0,0.0,0.0
9,mcv:587,mcv,400,5,1,False,0,0,0,0.0,0.0
9,mcv:82,mcv,300,6,3,False,0,0,0,0.0,0.0
9,mcv:862,mcv,382,3,2,False,0,0,0,0.0,0.0
9,mcv:37,mcv,456,9,1,False,0,0,0,0.0,0.0
9,fd:256,fd,27,5,1,False,0,0,0,0.0,0.0
9,mcv:819,mcv,358,4,1,False,0,0,0,0.0,0.0
9,fd:68,fd,27,6,2,False,0,0,0,0.0,0.0
9,mcv:934,mcv,404,4,1,False,0,0,0,0.0,0.0
9,fd:109,fd,27,5,2,False,0,0,0,0.0,0.0
9,mcv:1450,mcv,1226,3,1,False,0,0,0,0.0,0.0
9,fd:129,fd,27,5,2,False,0,0,0,0.0,0.0
9,mcv:19,mcv,196,7,3,False,0,0,0,0.0,0.0
9,mcv:1546,mcv,174,2,1,False,0,0,0,0.0,0.0
9,fd:7,fd,27,7,3,False,0,0,0,0.0,0.0
9,fd:570,fd,27,2,1,False,0,0,0,0.0,0.0
9,mcv:436,mcv,196,4,2,False,0,0,0,0.0,0.0
9,fd:374,fd,27,3,2,False,0,0,0,0.0,0.0
9,fd:630,fd,27,2,1,False,0,0,0,0.0,0.0
9,mcv:1289,mcv,766,3,1,False,0,0,0,0.0,0.0
9,mcv:431,mcv,174,5,1,False,0,0,0,0.0,0.0
9,fd:92,fd,27,5,2,False,0,0,0,0.0,0.0
9,mcv:1689,mcv,456,2,1,False,0,0,0,0.0,0.0
9,mcv:170,mcv,724,7,1,True,0,0,0,0.0,0.0
9,mcv:1906,mcv,430,1,1,False,0,0,0,0.0,0.0
9,fd:572,fd,27,2,1,False,0,0,0,0.0,0.0
9,mcv:1287,mcv,196,3,1,False,0,0,0,0.0,0.0
9,mcv:1242,mcv,726,3,1,False,0,0,0,0.0,0.0
9,fd:678,fd,27,1,1,False,0,0,0,0.0,0.0
9,mcv:441,mcv,850,5,1,False,0,0,0,0.0,0.0
9,mcv:616,mcv,714,5,1,False,0,0,0,0.0,0.0
9,mcv:287,mcv,200,5,2,False,0,0,0,0.0,0.0
9,mcv:332,mcv,218,5,2,False,0,0,0,0.0,0.0
9,fd:388,fd,27,3,2,True,0,0,0,0.0,0.0
9,mcv:1460,mcv,292,3,1,False,0,0,0,0.0,0.0
9,fd:344,fd,27,4,1,False,0,0,0,0.0,0.0
9,fd:165,fd,27,3,3,False,0,0,0,0.0,0.0
9,mcv:276,mcv,966,5,2,False,0,0,0,0.0,0.0
9,mcv:422,mcv,466,3,3,True,3,1,2,0.6895445506644755,0.05367238412092856
9,mcv:1307,mcv,378,2,2,False,0,0,0,0.0,0.0
9,mcv:110,mcv,148,6,2,False,0,0,0,0.0,0.0
9,mcv:138,mcv,392,6,2,False,0,0,0,0.0,0.0
9,mcv:1649,mcv,410,1,2,False,0,0,0,0.0,0.0
9,fd:490,fd,27,2,2,False,0,0,0,0.0,0.0
9,mcv:1707,mcv,532,1,2,False,0,0,0,0.0,0.0
9,mcv:1312,mcv,690,2,2,False,0,0,0,0.0,0.0
9,mcv:525,mcv,452,5,1,False,0,0,0,0.0,0.0
9,mcv:1334,mcv,278,3,1,False,0,0,0,0.0,0.0
9,mcv:583,mcv,196,3,3,False,0,0,0,0.0,0.0
9,mcv:426,mcv,200,4,2,False,0,0,0,0.0,0.0
9,mcv:2078,mcv,200,1,1,False,0,0,0,0.0,0.0
9,fd:168,fd,27,4,2,False,0,0,0,0.0,0.0
9,mcv:1304,mcv,720,2,2,False,0,0,0,0.0,0.0
9,mcv:153,mcv,428,6,2,False,0,0,0,0.0,0.0
9,mcv:733,mcv,218,3,2,False,0,0,0,0.0,0.0
9,fd:724,fd,27,1,1,False,0,0,0,0.0,0.0
9,mcv:169,mcv,170,7,1,False,0,0,0,0.0,0.0
9,mcv:996,mcv,218,4,1,False,0,0,0,0.0,0.0
9,mcv:727,mcv,270,3,2,False,0,0,0,0.0,0.0
9,fd:50,fd,27,6,2,False,0,0,0,0.0,0.0
9,mcv:892,mcv,226,4,1,False,0,0,0,0.0,0.0
9,mcv:1720,mcv,314,2,1,False,0,0,0,0.0,0.0
9,mcv:270,mcv,488,6,1,True,1,1,0,0.09654132184806974,0.0
9,fd:614,fd,41,1,2,False,0,0,0,0.0,0.0
9,fd:332,fd,27,3,2,False,0,0,0,0.0,0.0
9,fd:193,fd,27,4,2,False,0,0,0,0.0,0.0
9,fd:182,fd,27,3,3,False,0,0,0,0.0,0.0
9,mcv:1305,mcv,466,3,1,False,0,0,0,0.0,0.0
9,fd:466,fd,27,3,1,False,0,0,0,0.0,0.0
9,mcv:271,mcv,804,6,1,True,0,0,0,0.0,0.0
9,mcv:452,mcv,488,3,3,False,0,0,0,0.0,0.0
9,fd:200,fd,41,5,1,False,0,0,0,0.0,0.0
9,mcv:456,mcv,534,3,3,False,0,0,0,0.0,0.0
9,mcv:513,mcv,174,4,2,False,0,0,0,0.0,0.0
9,mcv:1723,mcv,512,1,2,False,0,0,0,0.0,0.0
9,fd:53,fd,27,4,4,False,0,0,0,0.0,0.0
9,mcv:257,mcv,462,4,3,False,0,0,0,0.0,0.0
9,mcv:394,mcv,418,5,1,False,0,0,0,0.0,0.0
9,fd:157,fd,27,5,1,False,0,0,0,0.0,0.0
9,mcv:868,mcv,536,3,2,False,0,0,0,0.0,0.0
9,mcv:524,mcv,808,5,1,False,0,0,0,0.0,0.0
9,mcv:393,mcv,644,5,1,False,0,0,0,0.0,0.0
9,fd:104,fd,41,6,1,False,0,0,0,0.0,0.0
9,mcv:794,mcv,1044,3,2,False,0,0,0,0.0,0.0
9,mcv:286,mcv,492,5,2,False,0,0,0,0.0,0.0
9,mcv:1601,mcv,196,0,3,False,0,0,0,0.0,0.0
9,mcv:147,mcv,538,4,4,False,0,0,0,0.0,0.0
9,mcv:1210,mcv,510,3,1,False,0,0,0,0.0,0.0
9,mcv:8,mcv,952,10,1,False,0,0,0,0.0,0.0
9,mcv:1188,mcv,196,3,1,False,0,0,0,0.0,0.0
9,mcv:681,mcv,330,2,3,False,0,0,0,0.0,0.0
9,mcv:359,mcv,822,4,2,False,0,0,0,0.0,0.0
9,mcv:1047,mcv,362,3,1,False,0,0,0,0.0,0.0
9,mcv:1039,mcv,426,3,1,False,0,0,0,0.0,0.0
9,fd:420,fd,27,3,1,False,0,0,0,0.0,0.0
9,mcv:630,mcv,1234,4,1,False,0,0,0,0.0,0.0
9,mcv:189,mcv,800,6,1,False,0,0,0,0.0,0.0
9,mcv:1853,mcv,812,1,1,False,0,0,0,0.0,0.0
9,mcv:1041,mcv,454,2,2,False,0,0,0,0.0,0.0
9,mcv:1048,mcv,414,3,1,False,0,0,0,0.0,0.0
9,mcv:1876,mcv,388,1,1,False,0,0,0,0.0,0.0
9,fd:421,fd,27,3,1,False,0,0,0,0.0,0.0
9,fd:435,fd,41,2,2,False,0,0,0,0.0,0.0
9,fd:496,fd,27,3,1,False,0,0,0,0.0,0.0
9,mcv:1095,mcv,304,2,2,False,0,0,0,0.0,0.0
9,mcv:1321,mcv,270,3,1,False,0,0,0,0.0,0.0
9,fd:550,fd,41,3,1,False,0,0,0,0.0,0.0
9,mcv:306,mcv,148,4,3,False,0,0,0,0.0,0.0
9,mcv:339,mcv,218,6,1,False,0,0,0,0.0,0.0
9,mcv:846,mcv,314,4,1,True,1,1,0,0.017711561281724464,0.0
9,fd:118,fd,41,4,3,True,0,0,0,0.0,0.0
9,mcv:265,mcv,618,6,1,False,0,0,0,0.0,0.0
9,mcv:1445,mcv,460,3,1,False,0,0,0,0.0,0.0
9,fd:108,fd,27,6,1,False,0,0,0,0.0,0.0
9,mcv:1202,mcv,1390,3,1,False,0,0,0,0.0,0.0
9,mcv:510,mcv,196,4,2,False,0,0,0,0.0,0.0
9,fd:530,fd,41,2,2,False,0,0,0,0.0,0.0
9,fd:58,fd,27,7,1,True,1,1,0,0.030517572076610655,0.0
9,fd:255,fd,27,4,2,False,0,0,0,0.0,0.0
9,mcv:855,mcv,222,4,1,False,0,0,0,0.0,0.0
9,mcv:1276,mcv,218,3,1,False,0,0,0,0.0,0.0
9,mcv:1404,mcv,456,2,2,False,0,0,0,0.0,0.0
9,fd:324,fd,27,4,1,False,0,0,0,0.0,0.0
9,mcv:284,mcv,226,6,1,False,0,0,0,0.0,0.0
9,mcv:611,mcv,200,4,2,False,0,0,0,0.0,0.0
9,mcv:1280,mcv,602,3,1,False,0,0,0,0.0,0.0
9,mcv:280,mcv,244,5,2,False,0,0,0,0.0,0.0
9,fd:307,fd,27,4,1,False,0,0,0,0.0,0.0
9,fd:191,fd,27,4,2,True,0,0,0,0.0,0.0
9,mcv:156,mcv,430,7,1,False,0,0,0,0.0,0.0
9,mcv:2,mcv,218,10,2,False,0,0,0,0.0,0.0
9,fd:326,fd,41,4,1,True,0,0,0,0.0,0.0
9,fd:101,fd,27,6,1,False,0,0,0,0.0,0.0
9,mcv:787,mcv,614,4,1,False,0,0,0,0.0,0.0
9,mcv:786,mcv,588,4,1,False,0,0,0,0.0,0.0
9,fd:352,fd,27,3,2,True,0,0,0,0.0,0.0
9,mcv:901,mcv,200,3,2,False,0,0,0,0.0,0.0
9,mcv:858,mcv,478,4,1,False,0,0,0,0.0,0.0
9,mcv:39,mcv,1014,6,4,False,0,0,0,0.0,0.0
9,mcv:113,mcv,218,6,2,False,0,0,0,0.0,0.0
9,mcv:248,mcv,218,4,3,True,0,0,0,0.0,0.0
9,mcv:757,mcv,148,3,2,False,0,0,0,0.0,0.0
9,mcv:1920,mcv,170,1,1,False,0,0,0,0.0,0.0
9,mcv:746,mcv,636,3,2,False,0,0,0,0.0,0.0
9,mcv:115,mcv,592,6,2,False,0,0,0,0.0,0.0
9,mcv:1608,mcv,886,2,1,False,0,0,0,0.0,0.0
9,mcv:2035,mcv,690,1,1,False,0,0,0,0.0,0.0
9,mcv:45,mcv,652,6,3,False,0,0,0,0.0,0.0
9,mcv:1478,mcv,628,2,1,False,0,0,0,0.0,0.0
9,mcv:1580,mcv,148,2,1,False,0,0,0,0.0,0.0
9,mcv:1025,mcv,856,3,1,True,1,1,0,0.07002602133232716,0.0
9,mcv:1377,mcv,572,3,1,True,1,1,0,0.001165143760363918,0.0
9,fd:485,fd,27,2,2,False,0,0,0,0.0,0.0
9,mcv:792,mcv,544,4,1,False,0,0,0,0.0,0.0
9,mcv:859,mcv,274,2,3,False,0,0,0,0.0,0.0
9,mcv:1498,mcv,396,2,1,False,0,0,0,0.0,0.0
9,mcv:642,mcv,518,4,1,False,0,0,0,0.0,0.0
9,mcv:1031,mcv,448,3,1,False,0,0,0,0.0,0.0
9,fd:413,fd,27,3,1,False,0,0,0,0.0,0.0
9,mcv:90,mcv,1194,7,1,False,0,0,0,0.0,0.0
9,mcv:638,mcv,1518,4,1,False,0,0,0,0.0,0.0
9,fd:603,fd,27,2,1,False,0,0,0,0.0,0.0
9,mcv:761,mcv,292,4,1,False,0,0,0,0.0,0.0
9,mcv:1284,mcv,222,2,2,False,0,0,0,0.0,0.0
9,fd:401,fd,27,4,1,False,0,0,0,0.0,0.0
9,fd:84,fd,27,5,2,False,0,0,0,0.0,0.0
9,mcv:1301,mcv,226,3,1,False,0,0,0,0.0,0.0
9,mcv:2208,mcv,362,0,1,False,0,0,0,0.0,0.0
9,mcv:2168,mcv,196,0,1,False,0,0,0,0.0,0.0
9,fd:110,fd,27,5,2,True,0,0,0,0.0,0.0
9,mcv:995,mcv,304,4,1,False,0,0,0,0.0,0.0
9,mcv:215,mcv,304,5,2,False,0,0,0,0.0,0.0
9,fd:519,fd,27,3,1,False,0,0,0,0.0,0.0
9,mcv:1691,mcv,174,2,1,False,0,0,0,0.0,0.0
9,mcv:261,mcv,614,5,2,False,0,0,0,0.0,0.0
9,mcv:1949,mcv,1008,1,1,False,0,0,0,0.0,0.0
9,mcv:1022,mcv,492,3,1,False,0,0,0,0.0,0.0
9,mcv:167,mcv,196,6,2,False,0,0,0,0.0,0.0
9,mcv:637,mcv,560,4,1,False,0,0,0,0.0,0.0
9,mcv:289,mcv,462,5,2,False,0,0,0,0.0,0.0
9,mcv:1073,mcv,544,2,2,False,0,0,0,0.0,0.0
9,mcv:186,mcv,200,7,1,False,0,0,0,0.0,0.0
9,mcv:164,mcv,292,7,1,False,0,0,0,0.0,0.0
9,mcv:1121,mcv,148,3,1,False,0,0,0,0.0,0.0
9,mcv:925,mcv,292,3,2,False,0,0,0,0.0,0.0
9,mcv:1860,mcv,278,1,1,True,0,0,0,0.0,0.0
9,fd:423,fd,27,2,2,False,0,0,0,0.0,0.0
9,mcv:1657,mcv,392,2,1,False,0,0,0,0.0,0.0
9,mcv:106,mcv,362,5,3,False,0,0,0,0.0,0.0
9,mcv:1539,mcv,318,2,1,False,0,0,0,0.0,0.0
9,mcv:1064,mcv,366,2,2,False,0,0,0,0.0,0.0
9,fd:42,fd,41,7,1,False,0,0,0,0.0,0.0
9,mcv:423,mcv,196,5,1,False,0,0,0,0.0,0.0
9,mcv:2004,mcv,388,1,1,False,0,0,0,0.0,0.0
9,mcv:107,mcv,278,7,1,True,1,1,0,3.4094107783491934,0.0
9,mcv:1459,mcv,270,3,1,False,0,0,0,0.0,0.0
9,mcv:1525,mcv,366,2,1,False,0,0,0,0.0,0.0
9,mcv:2068,mcv,244,1,1,False,0,0,0,0.0,0.0
9,fd:75,fd,27,7,1,False,0,0,0,0.0,0.0
9,mcv:1052,mcv,796,2,2,True,0,0,0,0.0,0.0
9,fd:589,fd,27,2,1,False,0,0,0,0.0,0.0
9,mcv:379,mcv,748,5,1,False,0,0,0,0.0,0.0
9,mcv:424,mcv,218,4,2,True,1,0,1,0.0,0.03527378760666222
9,mcv:210,mcv,392,6,1,False,0,0,0,0.0,0.0
9,mcv:837,mcv,296,4,1,False,0,0,0,0.0,0.0
9,mcv:1054,mcv,362,3,1,False,0,0,0,0.0,0.0
9,fd:166,fd,27,5,1,False,0,0,0,0.0,0.0
9,mcv:1093,mcv,340,3,1,False,0,0,0,0.0,0.0
9,fd:333,fd,27,4,1,False,0,0,0,0.0,0.0
9,mcv:597,mcv,248,3,3,False,0,0,0,0.0,0.0
9,mcv:869,mcv,448,4,1,True,0,0,0,0.0,0.0
9,mcv:1165,mcv,196,3,1,False,0,0,0,0.0,0.0
9,fd:460,fd,27,3,1,False,0,0,0,0.0,0.0
9,mcv:1094,mcv,318,3,1,False,0,0,0,0.0,0.0
9,mcv:711,mcv,888,3,2,False,0,0,0,0.0,0.0
9,fd:743,fd,27,0,1,False,0,0,0,0.0,0.0
9,mcv:183,mcv,506,5,3,False,0,0,0,0.0,0.0
9,mcv:732,mcv,148,4,1,False,0,0,0,0.0,0.0
9,fd:442,fd,27,3,1,False,0,0,0,0.0,0.0
9,fd:289,fd,27,3,2,False,0,0,0,0.0,0.0
9,mcv:2147,mcv,1120,0,1,False,0,0,0,0.0,0.0
9,fd:260,fd,27,4,2,False,0,0,0,0.0,0.0
9,mcv:148,mcv,992,6,2,False,0,0,0,0.0,0.0
9,mcv:624,mcv,222,4,2,False,0,0,0,0.0,0.0
9,fd:73,fd,27,5,3,False,0,0,0,0.0,0.0
9,mcv:731,mcv,344,3,2,False,0,0,0,0.0,0.0
9,mcv:766,mcv,170,4,1,False,0,0,0,0.0,0.0
9,fd:299,fd,27,4,1,False,0,0,0,0.0,0.0
9,fd:667,fd,41,1,1,False,0,0,0,0.0,0.0
9,mcv:526,mcv,378,5,1,False,0,0,0,0.0,0.0
9,fd:245,fd,27,3,3,False,0,0,0,0.0,0.0
9,mcv:1880,mcv,300,1,1,True,0,0,0,0.0,0.0
9,fd:285,fd,27,3,2,False,0,0,0,0.0,0.0
9,mcv:1311,mcv,584,3,1,True,0,0,0,0.0,0.0
9,mcv:1117,mcv,174,3,1,True,0,0,0,0.0,0.0
9,fd:290,fd,27,4,1,False,0,0,0,0.0,0.0
9,mcv:724,mcv,148,3,2,False,0,0,0,0.0,0.0
9,fd:314,fd,27,4,1,True,1,1,0,0.0004199101908808345,0.0
9,mcv:807,mcv,278,4,1,False,0,0,0,0.0,0.0
9,mcv:944,mcv,362,3,2,False,0,0,0,0.0,0.0
9,mcv:2138,mcv,760,0,1,False,0,0,0,0.0,0.0
9,fd:376,fd,27,3,2,False,0,0,0,0.0,0.0
9,mcv:1793,mcv,910,2,1,True,1,0,1,0.0,0.00014377735669302005
9,mcv:659,mcv,432,4,1,False,0,0,0,0.0,0.0
9,mcv:948,mcv,484,3,2,False,0,0,0,0.0,0.0
9,mcv:557,mcv,628,5,1,False,0,0,0,0.0,0.0
9,mcv:368,mcv,668,4,2,True,1,1,0,0.026310367396504164,0.0
9,fd:710,fd,27,1,1,False,0,0,0,0.0,0.0
9,fd:8,fd,27,9,1,False,0,0,0,0.0,0.0
9,mcv:1702,mcv,810,1,2,False,0,0,0,0.0,0.0
9,fd:309,fd,27,4,1,False,0,0,0,0.0,0.0
9,mcv:24,mcv,340,9,1,False,0,0,0,0.0,0.0
9,mcv:1208,mcv,914,3,1,False,0,0,0,0.0,0.0
9,mcv:1848,mcv,1150,1,1,False,0,0,0,0.0,0.0
9,fd:465,fd,27,3,1,True,0,0,0,0.0,0.0
9,mcv:2038,mcv,558,1,1,False,0,0,0,0.0,0.0
9,mcv:367,mcv,1242,4,2,False,0,0,0,0.0,0.0
9,mcv:1184,mcv,318,3,1,False,0,0,0,0.0,0.0
9,mcv:1998,mcv,1076,1,1,False,0,0,0,0.0,0.0
9,mcv:797,mcv,488,4,1,False,0,0,0,0.0,0.0
9,fd:713,fd,27,1,1,False,0,0,0,0.0,0.0
9,mcv:2214,mcv,406,0,1,False,0,0,0,0.0,0.0
9,mcv:1468,mcv,734,1,2,False,0,0,0,0.0,0.0
9,mcv:2031,mcv,384,0,2,False,0,0,0,0.0,0.0
9,mcv:2043,mcv,292,1,1,False,0,0,0,0.0,0.0
9,mcv:531,mcv,288,5,1,False,0,0,0,0.0,0.0
9,mcv:1016,mcv,572,3,1,True,0,0,0,0.0,0.0
9,mcv:362,mcv,576,4,2,True,1,1,0,0.02159479294791411,0.0
9,mcv:999,mcv,200,4,1,False,0,0,0,0.0,0.0
9,mcv:449,mcv,196,5,1,False,0,0,0,0.0,0.0
9,mcv:1819,mcv,344,2,1,False,0,0,0,0.0,0.0
9,mcv:180,mcv,370,7,1,False,0,0,0,0.0,0.0
9,mcv:540,mcv,414,4,2,False,0,0,0,0.0,0.0
9,fd:575,fd,27,2,1,False,0,0,0,0.0,0.0
9,mcv:1812,mcv,624,2,1,False,0,0,0,0.0,0.0
9,mcv:1272,mcv,374,3,1,False,0,0,0,0.0,0.0
9,mcv:1663,mcv,304,2,1,True,1,1,0,0.016818032865202115,0.0
9,mcv:140,mcv,1002,6,2,False,0,0,0,0.0,0.0
9,fd:654,fd,27,2,1,False,0,0,0,0.0,0.0
9,fd:179,fd,27,5,1,False,0,0,0,0.0,0.0
9,mcv:527,mcv,178,5,1,False,0,0,0,0.0,0.0
9,fd:480,fd,27,2,2,False,0,0,0,0.0,0.0
9,fd:590,fd,41,2,1,False,0,0,0,0.0,0.0
9,mcv:609,mcv,274,4,2,False,0,0,0,0.0,0.0
9,mcv:881,mcv,248,3,2,False,0,0,0,0.0,0.0
9,mcv:1443,mcv,396,2,2,False,0,0,0,0.0,0.0
9,fd:71,fd,27,7,1,False,0,0,0,0.0,0.0
9,fd:98,fd,27,5,2,False,0,0,0,0.0,0.0
9,fd:342,fd,41,4,1,False,0,0,0,0.0,0.0
9,mcv:1267,mcv,436,2,2,False,0,0,0,0.0,0.0
9,mcv:256,mcv,296,5,2,False,0,0,0,0.0,0.0
9,mcv:2016,mcv,388,1,1,False,0,0,0,0.0,0.0
9,fd:254,fd,27,4,2,False,0,0,0,0.0,0.0
9,fd:208,fd,27,4,2,False,0,0,0,0.0,0.0
9,mcv:1592,mcv,366,2,1,False,0,0,0,0.0,0.0
9,fd:204,fd,27,4,2,False,0,0,0,0.0,0.0
9,fd:549,fd,27,2,2,False,0,0,0,0.0,0.0
9,mcv:887,mcv,256,4,1,False,0,0,0,0.0,0.0
9,fd:404,fd,27,4,1,False,0,0,0,0.0,0.0
9,mcv:2013,mcv,448,1,1,False,0,0,0,0.0,0.0
9,mcv:299,mcv,226,6,1,False,0,0,0,0.0,0.0
9,mcv:451,mcv,170,5,1,True,1,1,0,0.01828384420124629,0.0
9,mcv:530,mcv,414,4,2,True,1,1,0,0.2947133218386013,0.0
9,fd:201,fd,41,5,1,False,0,0,0,0.0,0.0
9,mcv:1588,mcv,196,2,1,False,0,0,0,0.0,0.0
9,fd:203,fd,41,5,1,False,0,0,0,0.0,0.0
9,fd:51,fd,27,6,2,False,0,0,0,0.0,0.0
9,mcv:529,mcv,322,5,1,False,0,0,0,0.0,0.0
9,mcv:2233,mcv,292,0,1,False,0,0,0,0.0,0.0
9,mcv:971,mcv,1880,4,1,False,0,0,0,0.0,0.0
9,mcv:1033,mcv,654,3,1,False,0,0,0,0.0,0.0
9,fd:266,fd,27,4,1,False,0,0,0,0.0,0.0
9,fd:169,fd,27,4,2,False,0,0,0,0.0,0.0
9,mcv:61,mcv,358,5,4,False,0,0,0,0.0,0.0
9,fd:469,fd,27,2,2,False,0,0,0,0.0,0.0
9,fd:700,fd,27,1,1,False,0,0,0,0.0,0.0
9,mcv:1666,mcv,366,2,1,False,0,0,0,0.0,0.0
9,mcv:1938,mcv,170,1,1,False,0,0,0,0.0,0.0
9,mcv:1194,mcv,366,2,2,False,0,0,0,0.0,0.0
9,mcv:458,mcv,170,3,3,False,0,0,0,0.0,0.0
9,fd:672,fd,27,1,1,False,0,0,0,0.0,0.0
9,mcv:1600,mcv,218,1,2,False,0,0,0,0.0,0.0
9,mcv:1185,mcv,410,2,2,False,0,0,0,0.0,0.0
9,mcv:989,mcv,410,3,2,False,0,0,0,0.0,0.0
9,fd:288,fd,27,4,1,False,0,0,0,0.0,0.0
9,mcv:1669,mcv,410,2,1,False,0,0,0,0.0,0.0
9,mcv:2008,mcv,436,1,1,False,0,0,0,0.0,0.0
9,mcv:956,mcv,278,3,2,False,0,0,0,0.0,0.0
9,mcv:2172,mcv,244,0,1,False,0,0,0,0.0,0.0
9,mcv:1032,mcv,532,3,1,False,0,0,0,0.0,0.0
9,mcv:505,mcv,174,4,2,False,0,0,0,0.0,0.0
9,mcv:142,mcv,626,7,1,False,0,0,0,0.0,0.0
9,mcv:2018,mcv,244,1,1,False,0,0,0,0.0,0.0
9,mcv:40,mcv,840,8,2,True,2,2,0,0.9433033985410431,0.0
9,mcv:730,mcv,512,4,1,False,0,0,0,0.0,0.0
9,fd:416,fd,27,3,1,False,0,0,0,0.0,0.0
9,mcv:2019,mcv,218,1,1,False,0,0,0,0.0,0.0
9,mcv:725,mcv,410,4,1,False,0,0,0,0.0,0.0
9,mcv:1024,mcv,1146,3,1,False,0,0,0,0.0,0.0
9,mcv:838,mcv,546,2,3,True,2,1,1,2.3061575537766665,0.19055071097553755
9,fd:18,fd,27,8,2,False,0,0,0,0.0,0.0
9,mcv:0,mcv,196,9,4,False,0,0,0,0.0,0.0
9,mcv:1895,mcv,196,1,1,False,0,0,0,0.0,0.0
9,mcv:1030,mcv,514,3,1,False,0,0,0,0.0,0.0
9,mcv:2113,mcv,222,1,1,True,0,0,0,0.0,0.0
9,fd:0,fd,27,9,4,True,0,0,0,0.0,0.0
9,fd:380,fd,27,3,2,False,0,0,0,0.0,0.0
9,mcv:331,mcv,992,5,2,False,0,0,0,0.0,0.0
9,mcv:641,mcv,668,3,2,False,0,0,0,0.0,0.0
9,mcv:1671,mcv,2142,2,1,False,0,0,0,0.0,0.0
9,mcv:1543,mcv,148,2,1,False,0,0,0,0.0,0.0
9,mcv:1424,mcv,772,2,2,False,0,0,0,0.0,0.0
9,mcv:428,mcv,828,4,2,False,0,0,0,0.0,0.0
9,mcv:647,mcv,1350,4,1,False,0,0,0,0.0,0.0
9,fd:320,fd,27,4,1,False,0,0,0,0.0,0.0
9,mcv:560,mcv,382,4,2,False,0,0,0,0.0,0.0
9,mcv:1077,mcv,498,2,2,False,0,0,0,0.0,0.0
9,fd:598,fd,27,2,1,False,0,0,0,0.0,0.0
9,mcv:1509,mcv,318,2,1,False,0,0,0,0.0,0.0
9,mcv:1727,mcv,746,2,1,False,0,0,0,0.0,0.0
9,mcv:962,mcv,248,4,1,False,0,0,0,0.0,0.0
9,mcv:851,mcv,452,4,1,False,0,0,0,0.0,0.0
9,mcv:1683,mcv,196,2,1,False,0,0,0,0.0,0.0
9,fd:217,fd,27,4,2,False,0,0,0,0.0,0.0
9,mcv:982,mcv,418,3,2,True,0,0,0,0.0,0.0
9,mcv:1403,mcv,620,2,2,False,0,0,0,0.0,0.0
9,fd:529,fd,27,2,2,False,0,0,0,0.0,0.0
9,mcv:721,mcv,318,4,1,False,0,0,0,0.0,0.0
9,mcv:2088,mcv,642,1,1,False,0,0,0,0.0,0.0
9,fd:392,fd,27,2,3,False,0,0,0,0.0,0.0
9,mcv:1104,mcv,340,3,1,False,0,0,0,0.0,0.0
9,mcv:1110,mcv,314,2,2,False,0,0,0,0.0,0.0
9,fd:394,fd,27,3,2,False,0,0,0,0.0,0.0
9,mcv:943,mcv,244,4,1,False,0,0,0,0.0,0.0
9,fd:286,fd,27,4,1,False,0,0,0,0.0,0.0
9,mcv:961,mcv,218,3,2,False,0,0,0,0.0,0.0
9,fd:440,fd,27,2,2,False,0,0,0,0.0,0.0
9,fd:729,fd,27,1,1,False,0,0,0,0.0,0.0
9,mcv:341,mcv,196,5,2,False,0,0,0,0.0,0.0
9,mcv:85,mcv,170,5,4,True,4,1,3,0.1442950379969219,0.019723331017915013
9,mcv:225,mcv,314,4,3,True,1,0,1,0.0,0.49703667737241264
9,mcv:947,mcv,196,4,1,False,0,0,0,0.0,0.0
9,fd:375,fd,27,4,1,False,0,0,0,0.0,0.0
9,mcv:1109,mcv,958,2,2,False,0,0,0,0.0,0.0
9,fd:136,fd,27,5,2,False,0,0,0,0.0,0.0
9,mcv:980,mcv,506,2,3,False,0,0,0,0.0,0.0
9,mcv:386,mcv,296,5,1,False,0,0,0,0.0,0.0
9,mcv:1535,mcv,248,2,1,False,0,0,0,0.0,0.0
9,fd:141,fd,41,6,1,True,0,0,0,0.0,0.0
9,mcv:1433,mcv,300,3,1,True,0,0,0,0.0,0.0
9,mcv:305,mcv,274,6,1,False,0,0,0,0.0,0.0
9,fd:89,fd,41,6,1,False,0,0,0,0.0,0.0
9,mcv:612,mcv,218,5,1,False,0,0,0,0.0,0.0
9,mcv:1053,mcv,770,2,2,False,0,0,0,0.0,0.0
9,mcv:347,mcv,148,6,1,False,0,0,0,0.0,0.0
9,fd:117,fd,27,6,1,False,0,0,0,0.0,0.0
9,mcv:417,mcv,314,5,1,False,0,0,0,0.0,0.0
9,mcv:1833,mcv,196,2,1,False,0,0,0,0.0,0.0
9,mcv:2111,mcv,318,1,1,False,0,0,0,0.0,0.0
9,mcv:1108,mcv,572,2,2,False,0,0,0,0.0,0.0
9,mcv:226,mcv,252,6,1,True,1,0,1,0.0,0.0008661139418515429
9,mcv:719,mcv,314,4,1,False,0,0,0,0.0,0.0
9,mcv:385,mcv,400,4,2,False,0,0,0,0.0,0.0
9,fd:144,fd,27,3,3,False,0,0,0,0.0,0.0
9,fd:33,fd,27,6,2,False,0,0,0,0.0,0.0
9,mcv:1924,mcv,270,1,1,False,0,0,0,0.0,0.0
9,fd:447,fd,41,3,1,False,0,0,0,0.0,0.0
9,mcv:1133,mcv,148,3,1,False,0,0,0,0.0,0.0
9,mcv:86,mcv,414,6,2,False,0,0,0,0.0,0.0
9,mcv:1547,mcv,226,2,1,False,0,0,0,0.0,0.0
9,mcv:358,mcv,392,3,3,False,0,0,0,0.0,0.0
9,mcv:1294,mcv,226,3,1,False,0,0,0,0.0,0.0
9,mcv:1228,mcv,628,2,2,False,0,0,0,0.0,0.0
9,mcv:542,mcv,808,4,2,False,0,0,0,0.0,0.0
9,mcv:244,mcv,292,5,2,True,1,0,1,0.0,0.0008397288485042509
9,mcv:1150,mcv,218,3,1,False,0,0,0,0.0,0.0
9,mcv:1970,mcv,562,1,1,False,0,0,0,0.0,0.0
9,mcv:68,mcv,1012,7,2,True,2,2,0,0.04536675451651262,0.0
9,mcv:812,mcv,384,4,1,False,0,0,0,0.0,0.0
9,mcv:245,mcv,532,6,1,True,0,0,0,0.0,0.0
9,mcv:246,mcv,426,5,2,False,0,0,0,0.0,0.0
9,fd:425,fd,27,3,1,False,0,0,0,0.0,0.0
9,mcv:591,mcv,470,4,2,False,0,0,0,0.0,0.0
9,mcv:703,mcv,496,4,1,True,0,0,0,0.0,0.0
9,mcv:1330,mcv,340,2,2,False,0,0,0,0.0,0.0
9,mcv:5,mcv,414,10,1,False,0,0,0,0.0,0.0
9,mcv:316,mcv,196,6,1,False,0,0,0,0.0,0.0
9,mcv:1083,mcv,388,2,2,False,0,0,0,0.0,0.0
9,fd:283,fd,27,4,1,False,0,0,0,0.0,0.0
9,fd:434,fd,27,2,2,False,0,0,0,0.0,0.0
9,mcv:1063,mcv,594,3,1,False,0,0,0,0.0,0.0
9,mcv:400,mcv,616,5,1,False,0,0,0,0.0,0.0
9,mcv:2048,mcv,800,1,1,False,0,0,0,0.0,0.0
9,fd:514,fd,27,3,1,False,0,0,0,0.0,0.0
9,mcv:206,mcv,704,6,1,False,0,0,0,0.0,0.0
9,mcv:382,mcv,388,4,2,False,0,0,0,0.0,0.0
9,fd:151,fd,27,4,2,False,0,0,0,0.0,0.0
9,mcv:1051,mcv,884,2,2,False,0,0,0,0.0,0.0
9,mcv:1389,mcv,318,3,1,False,0,0,0,0.0,0.0
9,fd:125,fd,27,6,1,True,1,1,0,0.0018043632260180686,0.0
9,fd:501,fd,27,2,2,False,0,0,0,0.0,0.0
9,fd:510,fd,41,3,1,True,0,0,0,0.0,0.0
9,mcv:1060,mcv,362,3,1,False,0,0,0,0.0,0.0
9,mcv:1364,mcv,392,3,1,False,0,0,0,0.0,0.0
9,fd:154,fd,41,4,2,False,0,0,0,0.0,0.0
9,fd:243,fd,41,4,2,False,0,0,0,0.0,0.0
9,fd:522,fd,27,3,1,False,0,0,0,0.0,0.0
9,fd:433,fd,27,3,1,False,0,0,0,0.0,0.0
9,fd:499,fd,27,2,2,True,0,0,0,0.0,0.0
9,mcv:1356,mcv,226,3,1,False,0,0,0,0.0,0.0
9,mcv:1082,mcv,550,3,1,False,0,0,0,0.0,0.0
9,mcv:696,mcv,362,4,1,False,0,0,0,0.0,0.0
9,mcv:1328,mcv,248,2,2,False,0,0,0,0.0,0.0
9,mcv:389,mcv,408,4,2,True,2,2,0,1.080196481152484,0.0
9,mcv:1499,mcv,484,2,1,False,0,0,0,0.0,0.0
9,mcv:1203,mcv,772,3,1,True,0,0,0,0.0,0.0
9,mcv:1719,mcv,366,1,2,False,0,0,0,0.0,0.0
9,mcv:263,mcv,548,6,1,True,1,1,0,0.0693808174269146,0.0
9,fd:612,fd,27,1,2,False,0,0,0,0.0,0.0
9,mcv:2097,mcv,432,1,1,False,0,0,0,0.0,0.0
9,mcv:1398,mcv,318,3,1,False,0,0,0,0.0,0.0
9,mcv:175,mcv,292,6,2,False,0,0,0,0.0,0.0
9,mcv:212,mcv,532,5,2,False,0,0,0,0.0,0.0
9,mcv:594,mcv,314,5,1,False,0,0,0,0.0,0.0
9,mcv:151,mcv,384,6,2,False,0,0,0,0.0,0.0
9,mcv:1200,mcv,680,3,1,False,0,0,0,0.0,0.0
9,fd:67,fd,27,6,2,False,0,0,0,0.0,0.0
9,fd:100,fd,27,6,1,False,0,0,0,0.0,0.0
9,mcv:872,mcv,510,4,1,False,0,0,0,0.0,0.0
9,mcv:870,mcv,356,3,2,False,0,0,0,0.0,0.0
9,mcv:163,mcv,218,7,1,False,0,0,0,0.0,0.0
9,mcv:984,mcv,300,4,1,True,0,0,0,0.0,0.0
9,fd:111,fd,27,5,2,False,0,0,0,0.0,0.0
9,mcv:291,mcv,378,5,2,True,2,1,1,0.00017996572856482373,0.0938573472081985
9,mcv:1129,mcv,378,3,1,False,0,0,0,0.0,0.0
9,mcv:1136,mcv,170,3,1,False,0,0,0,0.0,0.0
9,mcv:184,mcv,344,6,2,False,0,0,0,0.0,0.0
9,fd:74,fd,27,6,2,False,0,0,0,0.0,0.0
9,fd:334,fd,27,3,2,False,0,0,0,0.0,0.0
9,fd:396,fd,41,4,1,False,0,0,0,0.0,0.0
9,mcv:2239,mcv,148,0,1,False,0,0,0,0.0,0.0
9,fd:395,fd,27,4,1,False,0,0,0,0.0,0.0
9,mcv:985,mcv,148,4,1,False,0,0,0,0.0,0.0
9,fd:445,fd,27,3,1,False,0,0,0,0.0,0.0
9,mcv:556,mcv,382,3,3,False,0,0,0,0.0,0.0
9,mcv:1738,mcv,196,1,2,False,0,0,0,0.0,0.0
9,mcv:1739,mcv,170,2,1,False,0,0,0,0.0,0.0
9,mcv:2057,mcv,1090,1,1,False,0,0,0,0.0,0.0
9,mcv:326,mcv,292,6,1,False,0,0,0,0.0,0.0
9,mcv:912,mcv,270,3,2,False,0,0,0,0.0,0.0
9,mcv:73,mcv,658,6,3,False,0,0,0,0.0,0.0
9,mcv:1357,mcv,482,2,2,False,0,0,0,0.0,0.0
9,mcv:7,mcv,738,8,3,False,0,0,0,0.0,0.0
9,fd:216,fd,27,3,3,False,0,0,0,0.0,0.0
9,mcv:574,mcv,406,4,2,False,0,0,0,0.0,0.0
9,mcv:324,mcv,846,5,2,False,0,0,0,0.0,0.0
9,mcv:602,mcv,482,5,1,False,0,0,0,0.0,0.0
9,mcv:561,mcv,404,4,2,False,0,0,0,0.0,0.0
9,fd:248,fd,27,5,1,False,0,0,0,0.0,0.0
9,fd:218,fd,27,4,2,False,0,0,0,0.0,0.0
9,fd:258,fd,27,4,2,False,0,0,0,0.0,0.0
9,mcv:1447,mcv,386,3,1,False,0,0,0,0.0,0.0
9,mcv:1813,mcv,662,2,1,False,0,0,0,0.0,0.0
9,fd:552,fd,27,3,1,False,0,0,0,0.0,0.0
9,mcv:964,mcv,226,3,2,False,0,0,0,0.0,0.0
9,mcv:1432,mcv,318,3,1,False,0,0,0,0.0,0.0
9,fd:651,fd,27,2,1,False,0,0,0,0.0,0.0
9,mcv:1107,mcv,590,3,1,False,0,0,0,0.0,0.0
9,fd:752,fd,41,0,1,False,0,0,0,0.0,0.0
9,mcv:1791,mcv,530,2,1,False,0,0,0,0.0,0.0
9,fd:544,fd,27,3,1,False,0,0,0,0.0,0.0
9,mcv:619,mcv,474,4,2,True,0,0,0,0.0,0.0
9,mcv:346,mcv,340,5,2,False,0,0,0,0.0,0.0
9,mcv:1407,mcv,550,3,1,False,0,0,0,0.0,0.0
9,mcv:723,mcv,874,2,3,False,0,0,0,0.0,0.0
9,fd:140,fd,27,5,2,False,0,0,0,0.0,0.0
9,mcv:2243,mcv,204,0,1,False,0,0,0,0.0,0.0
9,mcv:908,mcv,492,3,2,False,0,0,0,0.0,0.0
9,fd:127,fd,41,6,1,False,0,0,0,0.0,0.0
9,fd:688,fd,27,0,2,False,0,0,0,0.0,0.0
9,mcv:2124,mcv,1198,0,1,False,0,0,0,0.0,0.0
9,mcv:318,mcv,148,6,1,False,0,0,0,0.0,0.0
9,mcv:1964,mcv,278,0,2,False,0,0,0,0.0,0.0
9,mcv:631,mcv,326,4,1,False,0,0,0,0.0,0.0
9,fd:356,fd,27,3,2,False,0,0,0,0.0,0.0
9,mcv:1622,mcv,720,2,1,False,0,0,0,0.0,0.0
9,fd:581,fd,41,2,1,True,1,1,0,0.08887433702538017,0.0
9,mcv:1472,mcv,348,2,1,False,0,0,0,0.0,0.0
9,fd:183,fd,27,4,2,False,0,0,0,0.0,0.0
9,fd:181,fd,27,4,2,False,0,0,0,0.0,0.0
9,mcv:405,mcv,1356,4,2,False,0,0,0,0.0,0.0
9,mcv:481,mcv,330,5,1,False,0,0,0,0.0,0.0
9,mcv:694,mcv,410,3,2,False,0,0,0,0.0,0.0
9,mcv:403,mcv,322,5,1,False,0,0,0,0.0,0.0
9,mcv:26,mcv,574,8,2,False,0,0,0,0.0,0.0
9,mcv:701,mcv,392,4,1,False,0,0,0,0.0,0.0
9,mcv:174,mcv,728,7,1,False,0,0,0,0.0,0.0
9,mcv:1598,mcv,300,2,1,False,0,0,0,0.0,0.0
9,mcv:398,mcv,362,5,1,False,0,0,0,0.0,0.0
9,mcv:692,mcv,708,4,1,False,0,0,0,0.0,0.0
9,mcv:697,mcv,498,3,2,False,0,0,0,0.0,0.0
9,mcv:922,mcv,904,4,1,False,0,0,0,0.0,0.0
9,mcv:337,mcv,248,5,2,False,0,0,0,0.0,0.0
9,mcv:1192,mcv,526,3,1,False,0,0,0,0.0,0.0
9,mcv:459,mcv,200,4,2,False,0,0,0,0.0,0.0
9,mcv:1798,mcv,578,2,1,False,0,0,0,0.0,0.0
9,mcv:455,mcv,196,4,2,False,0,0,0,0.0,0.0
9,mcv:128,mcv,414,6,2,False,0,0,0,0.0,0.0
9,mcv:477,mcv,850,4,2,False,0,0,0,0.0,0.0
9,mcv:1602,mcv,218,1,2,False,0,0,0,0.0,0.0
9,mcv:806,mcv,326,3,2,False,0,0,0,0.0,0.0
9,mcv:1219,mcv,388,3,1,False,0,0,0,0.0,0.0
9,fd:54,fd,27,6,2,False,0,0,0,0.0,0.0
9,mcv:149,mcv,378,6,2,False,0,0,0,0.0,0.0
9,mcv:1151,mcv,532,3,1,False,0,0,0,0.0,0.0
9,mcv:116,mcv,148,6,2,False,0,0,0,0.0,0.0
9,mcv:1950,mcv,756,1,1,False,0,0,0,0.0,0.0
9,mcv:474,mcv,1926,4,2,False,0,0,0,0.0,0.0
9,mcv:60,mcv,218,7,2,False,0,0,0,0.0,0.0
9,mcv:1829,mcv,218,2,1,False,0,0,0,0.0,0.0
9,mcv:59,mcv,244,7,2,True,0,0,0,0.0,0.0
9,mcv:502,mcv,458,4,2,False,0,0,0,0.0,0.0
9,mcv:847,mcv,218,4,1,False,0,0,0,0.0,0.0
9,mcv:1269,mcv,304,1,3,True,1,0,1,0.0,0.48785596643538054
9,fd:481,fd,27,1,3,False,0,0,0,0.0,0.0
9,mcv:80,mcv,288,7,2,False,0,0,0,0.0,0.0
9,mcv:353,mcv,270,5,2,True,0,0,0,0.0,0.0
9,fd:23,fd,27,7,2,False,0,0,0,0.0,0.0
9,mcv:350,mcv,218,6,1,False,0,0,0,0.0,0.0
9,mcv:349,mcv,170,6,1,False,0,0,0,0.0,0.0
9,mcv:953,mcv,196,4,1,False,0,0,0,0.0,0.0
9,mcv:237,mcv,174,6,1,False,0,0,0,0.0,0.0
9,mcv:2158,mcv,374,0,1,False,0,0,0,0.0,0.0
9,mcv:810,mcv,454,4,1,False,0,0,0,0.0,0.0
9,fd:562,fd,27,2,1,True,0,0,0,0.0,0.0
9,mcv:1963,mcv,414,1,1,False,0,0,0,0.0,0.0
9,mcv:983,mcv,686,4,1,False,0,0,0,0.0,0.0
9,fd:207,fd,27,4,2,False,0,0,0,0.0,0.0
9,fd:90,fd,27,6,1,True,0,0,0,0.0,0.0
9,mcv:1496,mcv,500,2,1,False,0,0,0,0.0,0.0
9,mcv:735,mcv,278,4,1,False,0,0,0,0.0,0.0
9,mcv:233,mcv,174,6,1,False,0,0,0,0.0,0.0
9,fd:291,fd,27,4,1,False,0,0,0,0.0,0.0
9,fd:315,fd,27,4,1,False,0,0,0,0.0,0.0
9,fd:94,fd,27,6,1,False,0,0,0,0.0,0.0
9,mcv:1503,mcv,506,2,1,False,0,0,0,0.0,0.0
9,mcv:539,mcv,642,4,2,False,0,0,0,0.0,0.0
9,mcv:1716,mcv,200,2,1,False,0,0,0,0.0,0.0
9,mcv:809,mcv,500,4,1,True,1,1,0,0.005719296172176147,0.0
9,mcv:1157,mcv,512,2,2,False,0,0,0,0.0,0.0
9,mcv:1044,mcv,968,3,1,True,1,1,0,0.1265775225404404,0.0
9,fd:457,fd,27,2,2,False,0,0,0,0.0,0.0
9,mcv:1709,mcv,222,1,2,False,0,0,0,0.0,0.0
9,mcv:1567,mcv,196,2,1,False,0,0,0,0.0,0.0
9,fd:608,fd,27,1,2,False,0,0,0,0.0,0.0
9,mcv:1399,mcv,736,3,1,False,0,0,0,0.0,0.0
9,mcv:879,mcv,714,4,1,False,0,0,0,0.0,0.0
9,fd:270,fd,27,4,1,False,0,0,0,0.0,0.0
9,mcv:660,mcv,410,4,1,False,0,0,0,0.0,0.0
9,fd:87,fd,41,5,2,False,0,0,0,0.0,0.0
9,fd:437,fd,27,3,1,False,0,0,0,0.0,0.0
9,mcv:222,mcv,1202,6,1,False,0,0,0,0.0,0.0
9,mcv:722,mcv,248,4,1,False,0,0,0,0.0,0.0
9,mcv:1004,mcv,914,3,1,True,1,1,0,10.836599866477712,0.0
9,mcv:181,mcv,408,7,1,False,0,0,0,0.0,0.0
9,mcv:390,mcv,536,5,1,False,0,0,0,0.0,0.0
9,mcv:1017,mcv,1032,2,2,True,0,0,0,0.0,0.0
9,mcv:601,mcv,548,5,1,True,0,0,0,0.0,0.0
9,mcv:1415,mcv,1386,3,1,True,1,1,0,0.938260808723653,0.0
9,mcv:65,mcv,196,8,1,True,1,1,0,4.300515162404601,0.0
9,fd:40,fd,41,6,2,False,0,0,0,0.0,0.0
9,fd:343,fd,27,4,1,False,0,0,0,0.0,0.0
9,fd:2,fd,27,9,2,False,0,0,0,0.0,0.0
9,mcv:2047,mcv,440,1,1,False,0,0,0,0.0,0.0
9,fd:247,fd,27,5,1,False,0,0,0,0.0,0.0
9,mcv:888,mcv,500,4,1,False,0,0,0,0.0,0.0
9,mcv:1893,mcv,448,0,2,False,0,0,0,0.0,0.0
9,mcv:1513,mcv,726,2,1,False,0,0,0,0.0,0.0
9,mcv:194,mcv,692,6,1,False,0,0,0,0.0,0.0
9,mcv:1822,mcv,666,2,1,False,0,0,0,0.0,0.0
9,mcv:1325,mcv,728,3,1,True,0,0,0,0.0,0.0
9,fd:409,fd,27,3,1,False,0,0,0,0.0,0.0
9,mcv:1522,mcv,874,2,1,False,0,0,0,0.0,0.0
9,fd:72,fd,27,7,1,False,0,0,0,0.0,0.0
9,mcv:1009,mcv,418,3,1,False,0,0,0,0.0,0.0
9,mcv:102,mcv,564,6,2,False,0,0,0,0.0,0.0
9,mcv:1500,mcv,814,2,1,False,0,0,0,0.0,0.0
9,mcv:1092,mcv,274,3,1,False,0,0,0,0.0,0.0
9,mcv:2148,mcv,408,0,1,False,0,0,0,0.0,0.0
9,mcv:357,mcv,756,4,2,False,0,0,0,0.0,0.0
9,mcv:414,mcv,1110,4,2,False,0,0,0,0.0,0.0
9,mcv:1412,mcv,874,3,1,False,0,0,0,0.0,0.0
9,mcv:1442,mcv,370,2,2,False,0,0,0,0.0,0.0
9,mcv:3,mcv,326,9,2,False,0,0,0,0.0,0.0
9,mcv:1102,mcv,274,3,1,False,0,0,0,0.0,0.0
9,mcv:221,mcv,278,5,2,True,1,1,0,1.2525426907379638,0.0
9,mcv:2193,mcv,474,0,1,False,0,0,0,0.0,0.0
9,mcv:236,mcv,148,6,1,False,0,0,0,0.0,0.0
9,mcv:1935,mcv,436,1,1,False,0,0,0,0.0,0.0
9,fd:93,fd,41,6,1,True,1,1,0,0.00037980549695815213,0.0
9,mcv:1839,mcv,392,1,1,False,0,0,0,0.0,0.0
9,mcv:1097,mcv,292,3,1,False,0,0,0,0.0,0.0
9,mcv:255,mcv,270,5,2,False,0,0,0,0.0,0.0
9,mcv:1528,mcv,292,2,1,False,0,0,0,0.0,0.0
9,mcv:1910,mcv,326,1,1,False,0,0,0,0.0,0.0
9,fd:683,fd,27,1,1,False,0,0,0,0.0,0.0
9,mcv:1903,mcv,248,1,1,False,0,0,0,0.0,0.0
9,fd:97,fd,27,5,2,False,0,0,0,0.0,0.0
9,mcv:1830,mcv,414,2,1,False,0,0,0,0.0,0.0
9,fd:189,fd,27,4,2,False,0,0,0,0.0,0.0
9,mcv:716,mcv,396,4,1,False,0,0,0,0.0,0.0
9,fd:316,fd,27,3,2,False,0,0,0,0.0,0.0
9,mcv:1124,mcv,148,3,1,False,0,0,0,0.0,0.0
9,fd:679,fd,27,1,1,False,0,0,0,0.0,0.0
9,mcv:829,mcv,550,3,2,False,0,0,0,0.0,0.0
9,mcv:48,mcv,524,8,1,False,0,0,0,0.0,0.0
9,fd:676,fd,27,1,1,False,0,0,0,0.0,0.0
9,fd:20,fd,27,8,1,True,0,0,0,0.0,0.0
9,mcv:496,mcv,296,4,2,False,0,0,0,0.0,0.0
9,mcv:361,mcv,580,5,1,True,1,1,0,0.001936392404347398,0.0
9,fd:599,fd,27,1,2,False,0,0,0,0.0,0.0
9,mcv:1684,mcv,196,1,2,True,1,1,0,0.017564972514758637,0.0
9,mcv:1946,mcv,948,1,1,False,0,0,0,0.0,0.0
9,mcv:509,mcv,218,5,1,False,0,0,0,0.0,0.0
9,fd:319,fd,27,4,1,False,0,0,0,0.0,0.0
9,mcv:2010,mcv,840,1,1,False,0,0,0,0.0,0.0
9,mcv:1273,mcv,410,3,1,False,0,0,0,0.0,0.0
9,mcv:2012,mcv,664,1,1,False,0,0,0,0.0,0.0
9,mcv:1266,mcv,304,3,1,False,0,0,0,0.0,0.0
9,mcv:1501,mcv,514,2,1,False,0,0,0,0.0,0.0
9,mcv:519,mcv,196,5,1,False,0,0,0,0.0,0.0
9,mcv:1274,mcv,266,2,2,False,0,0,0,0.0,0.0
9,fd:479,fd,41,3,1,False,0,0,0,0.0,0.0
9,mcv:2232,mcv,366,0,1,False,0,0,0,0.0,0.0
9,mcv:1286,mcv,362,3,1,False,0,0,0,0.0,0.0
9,mcv:2244,mcv,410,0,1,False,0,0,0,0.0,0.0
9,mcv:507,mcv,384,4,2,False,0,0,0,0.0,0.0
9,mcv:211,mcv,550,5,2,False,0,0,0,0.0,0.0
9,mcv:518,mcv,292,5,1,False,0,0,0,0.0,0.0
9,mcv:2007,mcv,686,0,2,False,0,0,0,0.0,0.0
9,mcv:1687,mcv,274,2,1,False,0,0,0,0.0,0.0
9,mcv:1763,mcv,436,2,1,False,0,0,0,0.0,0.0
9,mcv:844,mcv,362,4,1,True,0,0,0,0.0,0.0
9,mcv:1788,mcv,524,2,1,False,0,0,0,0.0,0.0
9,fd:600,fd,27,2,1,False,0,0,0,0.0,0.0
9,mcv:2028,mcv,278,1,1,False,0,0,0,0.0,0.0
9,mcv:1607,mcv,1708,2,1,False,0,0,0,0.0,0.0
9,mcv:1204,mcv,838,3,1,False,0,0,0,0.0,0.0
9,mcv:941,mcv,348,4,1,True,1,0,1,0.0,0.2520785714634366
9,mcv:1944,mcv,864,1,1,False,0,0,0,0.0,0.0
9,mcv:1859,mcv,642,1,1,False,0,0,0,0.0,0.0
9,fd:38,fd,27,6,2,False,0,0,0,0.0,0.0
9,fd:107,fd,27,6,1,False,0,0,0,0.0,0.0
9,mcv:857,mcv,538,4,1,False,0,0,0,0.0,0.0
9,mcv:95,mcv,682,6,2,False,0,0,0,0.0,0.0
9,mcv:670,mcv,278,3,2,True,1,1,0,0.03560302647499358,0.0
9,mcv:283,mcv,244,6,1,False,0,0,0,0.0,0.0
9,mcv:2179,mcv,410,0,1,False,0,0,0,0.0,0.0
9,mcv:849,mcv,222,3,2,False,0,0,0,0.0,0.0
9,fd:276,fd,41,3,2,False,0,0,0,0.0,0.0
9,fd:325,fd,41,4,1,False,0,0,0,0.0,0.0
9,mcv:1221,mcv,664,3,1,False,0,0,0,0.0,0.0
9,mcv:380,mcv,498,4,2,False,0,0,0,0.0,0.0
9,mcv:1686,mcv,506,1,2,False,0,0,0,0.0,0.0
9,mcv:489,mcv,270,5,1,False,0,0,0,0.0,0.0
9,mcv:1247,mcv,550,3,1,False,0,0,0,0.0,0.0
9,mcv:1975,mcv,546,1,1,False,0,0,0,0.0,0.0
9,fd:229,fd,27,5,1,False,0,0,0,0.0,0.0
9,mcv:572,mcv,322,5,1,False,0,0,0,0.0,0.0
9,mcv:62,mcv,340,7,2,False,0,0,0,0.0,0.0
9,mcv:1969,mcv,340,1,1,False,0,0,0,0.0,0.0
9,mcv:521,mcv,300,4,2,False,0,0,0,0.0,0.0
9,mcv:483,mcv,222,4,2,False,0,0,0,0.0,0.0
9,fd:188,fd,27,5,1,True,0,0,0,0.0,0.0
9,mcv:1293,mcv,480,2,2,False,0,0,0,0.0,0.0
9,mcv:1985,mcv,366,1,1,False,0,0,0,0.0,0.0
9,fd:452,fd,27,3,1,False,0,0,0,0.0,0.0
9,mcv:1146,mcv,556,3,1,False,0,0,0,0.0,0.0
9,mcv:30,mcv,912,9,1,False,0,0,0,0.0,0.0
9,mcv:893,mcv,766,4,1,False,0,0,0,0.0,0.0
9,mcv:241,mcv,292,5,2,False,0,0,0,0.0,0.0
9,fd:456,fd,27,2,2,False,0,0,0,0.0,0.0
9,mcv:744,mcv,314,3,2,False,0,0,0,0.0,0.0
9,mcv:1409,mcv,952,3,1,False,0,0,0,0.0,0.0
9,fd:451,fd,27,2,2,False,0,0,0,0.0,0.0
9,mcv:865,mcv,200,4,1,False,0,0,0,0.0,0.0
9,mcv:743,mcv,196,4,1,False,0,0,0,0.0,0.0
9,mcv:599,mcv,728,5,1,False,0,0,0,0.0,0.0
9,mcv:1152,mcv,314,3,1,False,0,0,0,0.0,0.0
9,mcv:1155,mcv,196,2,2,False,0,0,0,0.0,0.0
9,mcv:1806,mcv,846,2,1,False,0,0,0,0.0,0.0
9,mcv:1145,mcv,196,2,2,False,0,0,0,0.0,0.0
9,mcv:1283,mcv,296,2,2,False,0,0,0,0.0,0.0
9,mcv:932,mcv,296,4,1,False,0,0,0,0.0,0.0
9,mcv:1395,mcv,838,3,1,False,0,0,0,0.0,0.0
9,mcv:1506,mcv,296,2,1,False,0,0,0,0.0,0.0
9,fd:367,fd,27,4,1,False,0,0,0,0.0,0.0
9,mcv:1870,mcv,664,1,1,True,1,0,1,0.0,0.0025697357897906947
9,mcv:1769,mcv,366,2,1,False,0,0,0,0.0,0.0
9,mcv:1410,mcv,1092,3,1,False,0,0,0,0.0,0.0
9,fd:520,fd,27,3,1,False,0,0,0,0.0,0.0
9,mcv:1383,mcv,196,3,1,False,0,0,0,0.0,0.0
9,fd:353,fd,27,4,1,False,0,0,0,0.0,0.0
9,mcv:1225,mcv,480,2,2,False,0,0,0,0.0,0.0
9,mcv:1995,mcv,296,1,1,False,0,0,0,0.0,0.0
9,mcv:1271,mcv,388,3,1,False,0,0,0,0.0,0.0
9,mcv:1984,mcv,888,0,2,False,0,0,0,0.0,0.0
9,mcv:491,mcv,288,5,1,False,0,0,0,0.0,0.0
9,mcv:1182,mcv,170,3,1,False,0,0,0,0.0,0.0
9,mcv:258,mcv,218,5,2,False,0,0,0,0.0,0.0
9,mcv:2037,mcv,632,1,1,False,0,0,0,0.0,0.0
9,mcv:768,mcv,170,3,2,False,0,0,0,0.0,0.0
9,mcv:1596,mcv,218,2,1,False,0,0,0,0.0,0.0
9,mcv:1393,mcv,362,3,1,False,0,0,0,0.0,0.0
9,fd:27,fd,27,8,1,False,0,0,0,0.0,0.0
9,mcv:1605,mcv,170,2,1,False,0,0,0,0.0,0.0
9,mcv:1177,mcv,488,3,1,False,0,0,0,0.0,0.0
9,mcv:904,mcv,600,4,1,True,1,1,0,0.7055842256526745,0.0
9,mcv:1634,mcv,362,2,1,False,0,0,0,0.0,0.0
9,fd:523,fd,27,3,1,True,0,0,0,0.0,0.0
9,mcv:484,mcv,646,5,1,False,0,0,0,0.0,0.0
9,mcv:1391,mcv,226,3,1,False,0,0,0,0.0,0.0
9,mcv:1183,mcv,318,3,1,False,0,0,0,0.0,0.0
9,mcv:1932,mcv,196,1,1,False,0,0,0,0.0,0.0
9,mcv:1350,mcv,694,2,2,False,0,0,0,0.0,0.0
9,mcv:1662,mcv,1256,2,1,False,0,0,0,0.0,0.0
9,mcv:71,mcv,456,8,1,False,0,0,0,0.0,0.0
9,mcv:2173,mcv,218,0,1,False,0,0,0,0.0,0.0
9,mcv:136,mcv,926,7,1,False,0,0,0,0.0,0.0
9,mcv:97,mcv,362,6,2,False,0,0,0,0.0,0.0
9,mcv:2145,mcv,362,0,1,False,0,0,0,0.0,0.0
9,fd:565,fd,27,2,1,False,0,0,0,0.0,0.0
9,fd:341,fd,27,3,2,False,0,0,0,0.0,0.0
9,mcv:537,mcv,714,5,1,False,0,0,0,0.0,0.0
9,mcv:1491,mcv,1116,1,2,False,0,0,0,0.0,0.0
9,fd:684,fd,27,1,1,False,0,0,0,0.0,0.0
9,mcv:387,mcv,932,5,1,False,0,0,0,0.0,0.0
9,fd:390,fd,27,3,2,False,0,0,0,0.0,0.0
9,mcv:885,mcv,222,3,2,False,0,0,0,0.0,0.0
9,mcv:910,mcv,602,4,1,False,0,0,0,0.0,0.0
9,mcv:2245,mcv,1046,0,1,False,0,0,0,0.0,0.0
9,mcv:1939,mcv,462,1,1,False,0,0,0,0.0,0.0
9,mcv:204,mcv,362,5,2,False,0,0,0,0.0,0.0
9,mcv:1521,mcv,704,2,1,False,0,0,0,0.0,0.0
9,mcv:541,mcv,218,5,1,False,0,0,0,0.0,0.0
9,fd:467,fd,27,1,3,False,0,0,0,0.0,0.0
9,fd:753,fd,27,0,1,False,0,0,0,0.0,0.0
9,mcv:1191,mcv,196,1,3,False,0,0,0,0.0,0.0
9,mcv:13,mcv,278,9,1,False,0,0,0,0.0,0.0
9,mcv:388,mcv,362,5,1,False,0,0,0,0.0,0.0
9,mcv:6,mcv,842,8,3,False,0,0,0,0.0,0.0
9,mcv:1524,mcv,362,2,1,False,0,0,0,0.0,0.0
9,fd:4,fd,41,9,1,False,0,0,0,0.0,0.0
9,mcv:207,mcv,1036,6,1,False,0,0,0,0.0,0.0
9,mcv:978,mcv,1208,3,2,True,0,0,0,0.0,0.0
9,mcv:1965,mcv,278,1,1,False,0,0,0,0.0,0.0
9,fd:689,fd,27,1,1,False,0,0,0,0.0,0.0
9,fd:234,fd,27,5,1,False,0,0,0,0.0,0.0
9,fd:322,fd,27,4,1,False,0,0,0,0.0,0.0
9,mcv:1411,mcv,1052,3,1,True,1,1,0,3.502606550161792,0.0
9,mcv:1654,mcv,1088,2,1,True,0,0,0,0.0,0.0
9,mcv:1265,mcv,432,3,1,False,0,0,0,0.0,0.0
9,mcv:498,mcv,432,5,1,False,0,0,0,0.0,0.0
9,mcv:1258,mcv,296,3,1,False,0,0,0,0.0,0.0
9,mcv:1631,mcv,476,2,1,False,0,0,0,0.0,0.0
9,mcv:1532,mcv,292,2,1,False,0,0,0,0.0,0.0
9,mcv:1677,mcv,196,2,1,False,0,0,0,0.0,0.0
9,mcv:1257,mcv,318,3,1,False,0,0,0,0.0,0.0
9,fd:593,fd,27,2,1,True,1,0,1,0.0,0.06478682275482184
9,fd:163,fd,27,5,1,False,0,0,0,0.0,0.0
9,mcv:2205,mcv,662,0,1,False,0,0,0,0.0,0.0
9,mcv:1111,mcv,384,3,1,False,0,0,0,0.0,0.0
9,mcv:853,mcv,196,4,1,False,0,0,0,0.0,0.0
9,mcv:804,mcv,664,4,1,False,0,0,0,0.0,0.0
9,mcv:500,mcv,752,5,1,False,0,0,0,0.0,0.0
9,mcv:415,mcv,730,5,1,False,0,0,0,0.0,0.0
9,mcv:1736,mcv,322,2,1,False,0,0,0,0.0,0.0
9,mcv:717,mcv,406,4,1,False,0,0,0,0.0,0.0
9,mcv:579,mcv,322,5,1,False,0,0,0,0.0,0.0
9,mcv:1531,mcv,314,2,1,False,0,0,0,0.0,0.0
9,mcv:76,mcv,148,8,1,False,0,0,0,0.0,0.0
9,mcv:108,mcv,572,7,1,False,0,0,0,0.0,0.0
9,fd:477,fd,27,3,1,False,0,0,0,0.0,0.0
9,mcv:479,mcv,690,5,1,False,0,0,0,0.0,0.0
9,mcv:1480,mcv,764,2,1,False,0,0,0,0.0,0.0
9,mcv:1,mcv,244,11,2,False,0,0,0,0.0,0.0
9,fd:491,fd,27,3,1,False,0,0,0,0.0,0.0
9,mcv:643,mcv,628,4,1,False,0,0,0,0.0,0.0
9,mcv:523,mcv,448,5,1,True,1,0,0,0.0,0.0
9,fd:199,fd,27,5,1,False,0,0,0,0.0,0.0
9,mcv:538,mcv,278,5,1,False,0,0,0,0.0,0.0
9,mcv:278,mcv,690,5,2,False,0,0,0,0.0,0.0
9,fd:198,fd,41,4,2,False,0,0,0,0.0,0.0
9,mcv:1309,mcv,720,3,1,False,0,0,0,0.0,0.0
9,fd:106,fd,27,5,2,False,0,0,0,0.0,0.0
9,fd:1,fd,27,11,2,False,0,0,0,0.0,0.0
9,mcv:522,mcv,470,4,2,False,0,0,0,0.0,0.0
9,fd:206,fd,41,5,1,False,0,0,0,0.0,0.0
9,mcv:132,mcv,196,7,1,False,0,0,0,0.0,0.0
9,mcv:1682,mcv,174,2,1,False,0,0,0,0.0,0.0
9,mcv:674,mcv,296,4,1,True,0,0,0,0.0,0.0
9,mcv:845,mcv,410,4,1,False,0,0,0,0.0,0.0
9,fd:48,fd,27,7,1,False,0,0,0,0.0,0.0
9,mcv:12,mcv,476,9,1,False,0,0,0,0.0,0.0
9,fd:253,fd,27,5,1,False,0,0,0,0.0,0.0
9,mcv:516,mcv,300,5,1,False,0,0,0,0.0,0.0
9,mcv:1680,mcv,388,2,1,False,0,0,0,0.0,0.0
9,mcv:1968,mcv,266,1,1,False,0,0,0,0.0,0.0
9,mcv:63,mcv,196,7,2,False,0,0,0,0.0,0.0
9,mcv:608,mcv,318,5,1,False,0,0,0,0.0,0.0
9,mcv:1226,mcv,288,3,1,False,0,0,0,0.0,0.0
9,fd:597,fd,27,2,1,False,0,0,0,0.0,0.0
9,mcv:274,mcv,432,6,1,False,0,0,0,0.0,0.0
9,mcv:492,mcv,594,5,1,False,0,0,0,0.0,0.0
9,mcv:1434,mcv,518,3,1,False,0,0,0,0.0,0.0
9,mcv:1281,mcv,352,3,1,False,0,0,0,0.0,0.0
9,mcv:457,mcv,318,4,2,False,0,0,0,0.0,0.0
9,mcv:781,mcv,218,4,1,False,0,0,0,0.0,0.0
9,mcv:1604,mcv,170,2,1,False,0,0,0,0.0,0.0
9,fd:196,fd,27,5,1,False,0,0,0,0.0,0.0
9,fd:26,fd,41,7,2,False,0,0,0,0.0,0.0
9,mcv:303,mcv,292,5,2,False,0,0,0,0.0,0.0
9,mcv:1010,mcv,866,3,1,False,0,0,0,0.0,0.0
9,fd:214,fd,27,5,1,False,0,0,0,0.0,0.0
9,fd:410,fd,27,3,1,False,0,0,0,0.0,0.0
9,mcv:553,mcv,456,5,1,True,0,0,0,0.0,0.0
9,mcv:70,mcv,662,7,2,False,0,0,0,0.0,0.0
9,mcv:1011,mcv,1128,3,1,False,0,0,0,0.0,0.0
9,mcv:702,mcv,362,4,1,False,0,0,0,0.0,0.0
9,mcv:288,mcv,174,6,1,False,0,0,0,0.0,0.0
9,mcv:695,mcv,594,4,1,False,0,0,0,0.0,0.0
9,mcv:1387,mcv,786,3,1,False,0,0,0,0.0,0.0
9,mcv:218,mcv,804,6,1,False,0,0,0,0.0,0.0
9,mcv:1302,mcv,248,3,1,False,0,0,0,0.0,0.0
9,fd:539,fd,41,3,1,False,0,0,0,0.0,0.0
9,mcv:1426,mcv,512,3,1,False,0,0,0,0.0,0.0
9,mcv:401,mcv,318,5,1,False,0,0,0,0.0,0.0
9,mcv:1942,mcv,1082,1,1,False,0,0,0,0.0,0.0
9,fd:205,fd,27,5,1,True,1,0,1,0.0,0.0033180692642797993
9,mcv:298,mcv,174,6,1,False,0,0,0,0.0,0.0
9,mcv:465,mcv,1306,5,1,False,0,0,0,0.0,0.0
9,mcv:1115,mcv,174,3,1,False,0,0,0,0.0,0.0
9,mcv:728,mcv,382,2,3,False,0,0,0,0.0,0.0
9,fd:164,fd,27,5,1,False,0,0,0,0.0,0.0
9,mcv:569,mcv,270,5,1,False,0,0,0,0.0,0.0
9,mcv:536,mcv,174,5,1,False,0,0,0,0.0,0.0
9,fd:226,fd,27,5,1,False,0,0,0,0.0,0.0
9,mcv:312,mcv,382,6,1,False,0,0,0,0.0,0.0
9,mcv:1116,mcv,292,2,2,False,0,0,0,0.0,0.0
9,mcv:421,mcv,610,5,1,False,0,0,0,0.0,0.0
9,mcv:1748,mcv,226,2,1,False,0,0,0,0.0,0.0
9,mcv:1703,mcv,896,2,1,True,0,0,0,0.0,0.0
9,fd:121,fd,27,6,1,False,0,0,0,0.0,0.0
9,fd:114,fd,27,6,1,False,0,0,0,0.0,0.0
9,mcv:141,mcv,848,5,3,False,0,0,0,0.0,0.0
9,mcv:1279,mcv,428,3,1,True,1,1,0,0.818894420131719,0.0
9,fd:441,fd,27,3,1,False,0,0,0,0.0,0.0
9,mcv:1578,mcv,314,2,1,False,0,0,0,0.0,0.0
9,mcv:118,mcv,196,7,1,False,0,0,0,0.0,0.0
9,mcv:503,mcv,196,5,1,False,0,0,0,0.0,0.0
9,mcv:535,mcv,340,5,1,False,0,0,0,0.0,0.0
9,mcv:336,mcv,174,6,1,False,0,0,0,0.0,0.0
9,fd:458,fd,27,3,1,False,0,0,0,0.0,0.0
9,mcv:1437,mcv,686,3,1,False,0,0,0,0.0,0.0
9,mcv:1861,mcv,304,1,1,False,0,0,0,0.0,0.0
9,fd:665,fd,27,1,1,False,0,0,0,0.0,0.0
9,mcv:103,mcv,502,7,1,False,0,0,0,0.0,0.0
9,mcv:952,mcv,620,4,1,False,0,0,0,0.0,0.0
9,mcv:1436,mcv,418,3,1,False,0,0,0,0.0,0.0
9,mcv:754,mcv,218,4,1,False,0,0,0,0.0,0.0
9,fd:653,fd,27,2,1,False,0,0,0,0.0,0.0
9,mcv:1158,mcv,462,3,1,False,0,0,0,0.0,0.0
9,fd:135,fd,27,6,1,False,0,0,0,0.0,0.0
9,mcv:760,mcv,222,4,1,False,0,0,0,0.0,0.0
9,mcv:1818,mcv,624,2,1,False,0,0,0,0.0,0.0
9,mcv:558,mcv,540,4,2,False,0,0,0,0.0,0.0
9,mcv:1674,mcv,708,2,1,False,0,0,0,0.0,0.0
9,mcv:143,mcv,196,7,1,False,0,0,0,0.0,0.0
9,mcv:988,mcv,344,4,1,False,0,0,0,0.0,0.0
9,fd:546,fd,27,3,1,False,0,0,0,0.0,0.0
9,mcv:621,mcv,222,5,1,False,0,0,0,0.0,0.0
9,mcv:1827,mcv,1166,2,1,False,0,0,0,0.0,0.0
9,fd:362,fd,41,4,1,False,0,0,0,0.0,0.0
9,mcv:425,mcv,422,5,1,False,0,0,0,0.0,0.0
9,mcv:1544,mcv,222,2,1,False,0,0,0,0.0,0.0
9,mcv:328,mcv,510,6,1,False,0,0,0,0.0,0.0
9,mcv:588,mcv,540,5,1,False,0,0,0,0.0,0.0
9,fd:568,fd,27,2,1,True,0,0,0,0.0,0.0
9,fd:240,fd,41,5,1,False,0,0,0,0.0,0.0
9,fd:363,fd,27,3,2,False,0,0,0,0.0,0.0
9,mcv:921,mcv,382,4,1,False,0,0,0,0.0,0.0
9,mcv:924,mcv,218,3,2,False,0,0,0,0.0,0.0
9,fd:167,fd,27,5,1,False,0,0,0,0.0,0.0
9,mcv:923,mcv,314,3,2,False,0,0,0,0.0,0.0
9,mcv:1824,mcv,266,1,2,False,0,0,0,0.0,0.0
9,mcv:281,mcv,178,6,1,False,0,0,0,0.0,0.0
9,mcv:1865,mcv,340,1,1,False,0,0,0,0.0,0.0
9,fd:41,fd,41,7,1,True,0,0,0,0.0,0.0
9,mcv:105,mcv,344,7,1,False,0,0,0,0.0,0.0
9,mcv:1512,mcv,256,2,1,True,1,0,1,0.0,0.24092718886195774
9,mcv:860,mcv,222,4,1,False,0,0,0,0.0,0.0
9,mcv:292,mcv,406,6,1,False,0,0,0,0.0,0.0
9,mcv:294,mcv,196,6,1,True,0,0,0,0.0,0.0
9,mcv:1440,mcv,218,3,1,False,0,0,0,0.0,0.0
9,mcv:873,mcv,536,4,1,False,0,0,0,0.0,0.0
9,fd:112,fd,41,6,1,False,0,0,0,0.0,0.0
9,mcv:1303,mcv,536,3,1,True,0,0,0,0.0,0.0
9,fd:330,fd,27,4,1,False,0,0,0,0.0,0.0
9,mcv:546,mcv,406,5,1,False,0,0,0,0.0,0.0
9,fd:327,fd,27,4,1,False,0,0,0,0.0,0.0
9,mcv:864,mcv,244,4,1,False,0,0,0,0.0,0.0
9,mcv:295,mcv,200,6,1,True,1,0,1,0.0,1.6006250991296156e-08
9,mcv:232,mcv,148,6,1,False,0,0,0,0.0,0.0
9,fd:264,fd,27,4,1,False,0,0,0,0.0,0.0
9,mcv:433,mcv,200,5,1,False,0,0,0,0.0,0.0
9,mcv:1464,mcv,414,2,1,False,0,0,0,0.0,0.0
9,mcv:634,mcv,440,4,1,False,0,0,0,0.0,0.0
9,fd:174,fd,41,5,1,True,0,0,0,0.0,0.0
9,mcv:364,mcv,510,5,1,False,0,0,0,0.0,0.0
9,mcv:1564,mcv,170,2,1,False,0,0,0,0.0,0.0
9,fd:555,fd,27,2,1,False,0,0,0,0.0,0.0
9,fd:49,fd,27,7,1,True,0,0,0,0.0,0.0
9,mcv:1620,mcv,734,2,1,False,0,0,0,0.0,0.0
9,mcv:1960,mcv,414,1,1,False,0,0,0,0.0,0.0
9,mcv:803,mcv,620,4,1,False,0,0,0,0.0,0.0
9,mcv:1958,mcv,440,1,1,False,0,0,0,0.0,0.0
9,fd:586,fd,27,2,1,False,0,0,0,0.0,0.0
9,mcv:1614,mcv,466,2,1,False,0,0,0,0.0,0.0
9,fd:317,fd,41,3,2,False,0,0,0,0.0,0.0
9,mcv:1629,mcv,300,2,1,False,0,0,0,0.0,0.0
9,mcv:1206,mcv,786,3,1,False,0,0,0,0.0,0.0
9,mcv:793,mcv,620,4,1,False,0,0,0,0.0,0.0
9,fd:686,fd,27,1,1,False,0,0,0,0.0,0.0
9,mcv:813,mcv,288,4,1,False,0,0,0,0.0,0.0
9,mcv:133,mcv,196,7,1,False,0,0,0,0.0,0.0
9,mcv:1209,mcv,1072,3,1,False,0,0,0,0.0,0.0
9,mcv:1207,mcv,804,3,1,False,0,0,0,0.0,0.0
9,mcv:830,mcv,322,3,2,False,0,0,0,0.0,0.0
9,fd:236,fd,27,5,1,False,0,0,0,0.0,0.0
9,fd:505,fd,27,3,1,False,0,0,0,0.0,0.0
9,mcv:1345,mcv,434,3,1,False,0,0,0,0.0,0.0
9,mcv:581,mcv,148,5,1,False,0,0,0,0.0,0.0
9,mcv:979,mcv,904,4,1,False,0,0,0,0.0,0.0
9,mcv:1492,mcv,940,2,1,False,0,0,0,0.0,0.0
9,mcv:1871,mcv,1138,1,1,False,0,0,0,0.0,0.0
9,fd:391,fd,27,4,1,False,0,0,0,0.0,0.0
9,mcv:217,mcv,660,6,1,False,0,0,0,0.0,0.0
9,mcv:220,mcv,852,6,1,False,0,0,0,0.0,0.0
9,mcv:1510,mcv,362,2,1,False,0,0,0,0.0,0.0
9,mcv:798,mcv,382,4,1,False,0,0,0,0.0,0.0
9,mcv:604,mcv,538,5,1,False,0,0,0,0.0,0.0
9,mcv:470,mcv,620,5,1,False,0,0,0,0.0,0.0
9,mcv:406,mcv,378,5,1,False,0,0,0,0.0,0.0
9,mcv:1371,mcv,300,3,1,False,0,0,0,0.0,0.0
9,mcv:1873,mcv,1900,1,1,False,0,0,0,0.0,0.0
9,mcv:2021,mcv,304,1,1,False,0,0,0,0.0,0.0
9,mcv:691,mcv,958,4,1,True,1,0,1,0.0,0.004543754551782575
9,mcv:472,mcv,620,5,1,False,0,0,0,0.0,0.0
9,fd:310,fd,27,4,1,False,0,0,0,0.0,0.0
9,fd:517,fd,27,3,1,False,0,0,0,0.0,0.0
9,fd:250,fd,27,5,1,False,0,0,0,0.0,0.0
9,mcv:1348,mcv,434,3,1,False,0,0,0,0.0,0.0
9,fd:541,fd,27,3,1,False,0,0,0,0.0,0.0
9,mcv:2117,mcv,266,1,1,False,0,0,0,0.0,0.0
9,mcv:1811,mcv,296,2,1,False,0,0,0,0.0,0.0
9,mcv:158,mcv,838,7,1,False,0,0,0,0.0,0.0
9,mcv:1196,mcv,244,3,1,False,0,0,0,0.0,0.0
9,mcv:622,mcv,170,5,1,False,0,0,0,0.0,0.0
9,mcv:903,mcv,672,4,1,False,0,0,0,0.0,0.0
9,mcv:551,mcv,588,5,1,False,0,0,0,0.0,0.0
9,fd:386,fd,27,4,1,False,0,0,0,0.0,0.0
9,fd:212,fd,27,5,1,False,0,0,0,0.0,0.0
9,mcv:1808,mcv,378,2,1,True,1,0,1,0.0,0.1652501630085239
9,mcv:1193,mcv,296,3,1,False,0,0,0,0.0,0.0
9,fd:302,fd,27,3,2,False,0,0,0,0.0,0.0
9,mcv:1814,mcv,318,2,1,False,0,0,0,0.0,0.0
9,fd:577,fd,27,2,1,False,0,0,0,0.0,0.0
9,mcv:1373,mcv,278,3,1,False,0,0,0,0.0,0.0
9,fd:470,fd,27,3,1,False,0,0,0,0.0,0.0
9,fd:60,fd,27,7,1,False,0,0,0,0.0,0.0
9,mcv:773,mcv,196,3,2,False,0,0,0,0.0,0.0
9,fd:377,fd,41,4,1,False,0,0,0,0.0,0.0
9,fd:518,fd,41,3,1,False,0,0,0,0.0,0.0
9,mcv:2054,mcv,820,1,1,False,0,0,0,0.0,0.0
9,mcv:596,mcv,218,5,1,False,0,0,0,0.0,0.0
9,mcv:254,mcv,218,6,1,False,0,0,0,0.0,0.0
9,mcv:949,mcv,300,4,1,False,0,0,0,0.0,0.0
9,mcv:950,mcv,300,4,1,False,0,0,0,0.0,0.0
9,fd:652,fd,27,2,1,False,0,0,0,0.0,0.0
9,mcv:1593,mcv,222,2,1,False,0,0,0,0.0,0.0
9,fd:468,fd,27,3,1,False,0,0,0,0.0,0.0
9,mcv:1429,mcv,414,3,1,False,0,0,0,0.0,0.0
9,mcv:1745,mcv,322,2,1,False,0,0,0,0.0,0.0
9,mcv:972,mcv,366,4,1,False,0,0,0,0.0,0.0
9,fd:331,fd,27,4,1,False,0,0,0,0.0,0.0
9,mcv:2207,mcv,480,0,1,False,0,0,0,0.0,0.0
9,mcv:1147,mcv,488,3,1,False,0,0,0,0.0,0.0
9,mcv:1140,mcv,292,3,1,False,0,0,0,0.0,0.0
9,mcv:2071,mcv,662,1,1,False,0,0,0,0.0,0.0
9,fd:708,fd,27,1,1,False,0,0,0,0.0,0.0
9,mcv:1495,mcv,304,2,1,False,0,0,0,0.0,0.0
9,mcv:1141,mcv,514,3,1,False,0,0,0,0.0,0.0
9,mcv:866,mcv,508,4,1,False,0,0,0,0.0,0.0
9,mcv:1718,mcv,552,2,1,False,0,0,0,0.0,0.0
9,fd:560,fd,27,2,1,False,0,0,0,0.0,0.0
9,mcv:454,mcv,170,5,1,False,0,0,0,0.0,0.0
9,mcv:1553,mcv,170,2,1,False,0,0,0,0.0,0.0
9,mcv:317,mcv,174,6,1,False,0,0,0,0.0,0.0
9,mcv:1541,mcv,270,2,1,False,0,0,0,0.0,0.0
9,mcv:2032,mcv,226,1,1,False,0,0,0,0.0,0.0
9,fd:219,fd,27,5,1,True,1,1,0,0.024194589307693137,0.0
9,mcv:2153,mcv,496,0,1,False,0,0,0,0.0,0.0
9,mcv:228,mcv,170,6,1,False,0,0,0,0.0,0.0
9,mcv:1494,mcv,304,2,1,False,0,0,0,0.0,0.0
9,mcv:1863,mcv,514,1,1,False,0,0,0,0.0,0.0
9,fd:618,fd,41,2,1,True,1,1,0,0.0009511426550914415,0.0
9,mcv:1936,mcv,314,1,1,False,0,0,0,0.0,0.0
9,mcv:1195,mcv,496,3,1,True,0,0,0,0.0,0.0
9,mcv:1118,mcv,196,3,1,False,0,0,0,0.0,0.0
9,mcv:1731,mcv,664,2,1,False,0,0,0,0.0,0.0
9,mcv:562,mcv,386,5,1,False,0,0,0,0.0,0.0
9,mcv:1187,mcv,248,3,1,False,0,0,0,0.0,0.0
9,fd:126,fd,27,6,1,False,0,0,0,0.0,0.0
9,mcv:1695,mcv,362,2,1,False,0,0,0,0.0,0.0
9,fd:561,fd,27,2,1,False,0,0,0,0.0,0.0
9,fd:443,fd,27,3,1,True,0,0,0,0.0,0.0
9,mcv:253,mcv,270,6,1,True,1,1,0,0.003946164155900211,0.0
9,fd:402,fd,41,4,1,False,0,0,0,0.0,0.0
9,mcv:74,mcv,434,8,1,False,0,0,0,0.0,0.0
9,mcv:532,mcv,964,5,1,True,0,0,0,0.0,0.0
9,mcv:1297,mcv,362,3,1,False,0,0,0,0.0,0.0
9,mcv:2112,mcv,148,1,1,False,0,0,0,0.0,0.0
9,mcv:880,mcv,196,4,1,True,1,1,0,2096.222346243883,0.0
9,mcv:188,mcv,814,7,1,True,1,0,1,0.0,244.78408696820145
9,fd:335,fd,27,4,1,False,0,0,0,0.0,0.0
9,mcv:997,mcv,178,4,1,False,0,0,0,0.0,0.0
9,mcv:874,mcv,196,4,1,False,0,0,0,0.0,0.0
9,mcv:2045,mcv,218,1,1,False,0,0,0,0.0,0.0
9,mcv:625,mcv,806,5,1,False,0,0,0,0.0,0.0
9,fd:740,fd,27,1,1,False,0,0,0,0.0,0.0
9,mcv:1698,mcv,620,2,1,False,0,0,0,0.0,0.0
9,mcv:293,mcv,540,6,1,False,0,0,0,0.0,0.0
9,mcv:2210,mcv,292,0,1,False,0,0,0,0.0,0.0
9,fd:261,fd,27,5,1,False,0,0,0,0.0,0.0
9,mcv:848,mcv,218,4,1,False,0,0,0,0.0,0.0
9,mcv:1096,mcv,410,3,1,False,0,0,0,0.0,0.0
9,mcv:734,mcv,170,4,1,False,0,0,0,0.0,0.0
9,mcv:713,mcv,362,4,1,False,0,0,0,0.0,0.0
9,fd:508,fd,27,3,1,False,0,0,0,0.0,0.0
9,mcv:707,mcv,1124,4,1,False,0,0,0,0.0,0.0
9,mcv:1351,mcv,434,3,1,True,0,0,0,0.0,0.0
9,mcv:706,mcv,476,4,1,False,0,0,0,0.0,0.0
9,mcv:279,mcv,716,6,1,False,0,0,0,0.0,0.0
