seed,query_index,query_id,outcome,delta,mechanism,empty_qerror,train_qerror,oracle_qerror,cross_mechanism,negative_magnitude,repairable_single_removal,oracle_gap,dominant,missing_class,mcv_trace,fd_trace,labels,best_single_removal,best_missing_add
0,0,query.1,positive,0.006344235033100443,mcv_only,1.7998583054180384,1.793514070384938,1.0174759221678513,False,0.0,0.0,0.7760381482170866,,,[35],[],[],"{""candidate"": ""mcv:35"", ""qerror_without"": 1.7998583603788785, ""attribution"": 0.006344289993940544, ""change_kind"": ""mcv_winner_replacement"", ""trace_without"": {""mcv"": [77], ""fd"": [], ""rows"": 717410.9434384983}}","{""candidate"": ""fd:486"", ""qerror_with_add"": 1.793514070384938, ""gain"": 0.0, ""useful"": false}"
0,7,query.8,neutral,0.0,no_extstat_consumption,1.361422326716653,1.361422326716653,1.001080195764987,False,0.0,0.0,0.3603421309516659,,S1_no_training_signal,[],[],"[""N6_missing_test_useful""]",null,"{""candidate"": ""mcv:226"", ""qerror_with_add"": 1.001080195764987, ""gain"": 0.3603421309516659, ""useful"": true}"
0,20,query.21,negative,-0.050487079585963324,mcv_only,1.2914954919730355,1.3419825715589988,1.0714674783824665,False,0.050487079585963324,0.050487079585963324,0.27051509317653233,mcv_consumption_removal,S1_no_training_signal,[50],[],"[""N2_harmful_mcv_correction"", ""N6_missing_test_useful""]","{""candidate"": ""mcv:50"", ""qerror_without"": 1.2914954919730355, ""attribution"": -0.050487079585963324, ""change_kind"": ""mcv_consumption_removal"", ""trace_without"": {""mcv"": [], ""fd"": [], ""rows"": 396933.39048496063}}","{""candidate"": ""mcv:412"", ""qerror_with_add"": 1.1395544867528906, ""gain"": 0.2024280848061082, ""useful"": true}"
0,31,query.32,positive,0.01690114706608159,mcv_only,1.2699100896416324,1.2530089425755508,1.1967219724916274,False,0.0,0.0,0.05628697008392347,,S1_no_training_signal,[773],[],"[""N6_missing_test_useful""]","{""candidate"": ""mcv:773"", ""qerror_without"": 1.2699100896416324, ""attribution"": 0.01690114706608159, ""change_kind"": ""mcv_consumption_removal"", ""trace_without"": {""mcv"": [], ""fd"": [], ""rows"": 286603.4683110407}}","{""candidate"": ""mcv:383"", ""qerror_with_add"": 1.1796100901887767, ""gain"": 0.07339885238677413, ""useful"": true}"
0,32,query.33,negative,-0.007061367958944853,mcv_only,1.0132712793166891,1.020332647275634,1.0028701972340919,False,0.007061367958944853,0.007061367958944853,0.01746245004154212,mcv_consumption_removal,,[112],[],"[""N2_harmful_mcv_correction""]","{""candidate"": ""mcv:112"", ""qerror_without"": 1.0132712793166891, ""attribution"": -0.007061367958944853, ""change_kind"": ""mcv_consumption_removal"", ""trace_without"": {""mcv"": [], ""fd"": [], ""rows"": 770671.8430801288}}","{""candidate"": ""mcv:1139"", ""qerror_with_add"": 1.020332647275634, ""gain"": 0.0, ""useful"": false}"
0,37,query.38,positive,0.042887948678409504,mcv_only,2.295593288209963,2.2527053395315533,1.4054107318206417,True,0.0,0.0,0.8472946077109116,,S1_no_training_signal,[1117],[],"[""N6_missing_test_useful""]","{""candidate"": ""mcv:1117"", ""qerror_without"": 2.3533742651509644, ""attribution"": 0.1006689256194111, ""change_kind"": ""mcv_consumption_removal"", ""trace_without"": {""mcv"": [], ""fd"": [0], ""rows"": 567010.2285741476}}","{""candidate"": ""mcv:59"", ""qerror_with_add"": 1.4091294987858987, ""gain"": 0.8435758407456546, ""useful"": true}"
0,41,query.42,positive,0.034610665593266976,mcv_fd_composed,1.479871054306232,1.445260388712965,1.028720861966745,True,0.0,0.0,0.41653952674621997,,S1_no_training_signal,[883],[133],"[""N4_mcv_to_fd_suppression"", ""N6_missing_test_useful""]","{""candidate"": ""mcv:883"", ""qerror_without"": 1.4358711554233412, ""attribution"": -0.00938923328962371, ""change_kind"": ""mcv_consumption_removal"", ""trace_without"": {""mcv"": [], ""fd"": [133, 5], ""rows"": 491161.0608906419}}","{""candidate"": ""mcv:1292"", ""qerror_with_add"": 1.3212570493244886, ""gain"": 0.1240033393884763, ""useful"": true}"
0,46,query.47,positive,0.006345530024449708,mcv_only,1.2777837763883686,1.271438246363919,1.003079781103087,False,0.0,0.0,0.26835846526083196,,,[40],[],[],"{""candidate"": ""mcv:40"", ""qerror_without"": 1.2766974995704135, ""attribution"": 0.005259253206494563, ""change_kind"": ""mcv_winner_replacement"", ""trace_without"": {""mcv"": [879], ""fd"": [], ""rows"": 816033.5555999421}}","{""candidate"": ""mcv:530"", ""qerror_with_add"": 1.271438246363919, ""gain"": 0.0, ""useful"": false}"
0,47,query.48,neutral,0.0,no_extstat_consumption,2.418887934006248,2.418887934006248,1.5873170237439005,False,0.0,0.0,0.8315709102623476,,S1_no_training_signal,[],[],"[""N6_missing_test_useful""]",null,"{""candidate"": ""mcv:1999"", ""qerror_with_add"": 1.744653149985703, ""gain"": 0.6742347840205452, ""useful"": true}"
0,48,query.49,neutral,0.0,no_extstat_consumption,1.5569468757487683,1.5569468757487683,1.00502098584757,False,0.0,0.0,0.5519258899011983,,S1_no_training_signal,[],[],"[""N6_missing_test_useful""]",null,"{""candidate"": ""mcv:1262"", ""qerror_with_add"": 1.2006475136252157, ""gain"": 0.3562993621235526, ""useful"": true}"
0,50,query.51,positive,0.05210080972180875,mcv_fd_composed,1.3843429200290676,1.3322421103072588,1.3636424443020652,False,0.0,0.0,0.0,,,"[4, 65]",[174],"[""N1_mcv_winner_replacement""]","{""candidate"": ""mcv:4"", ""qerror_without"": 1.2810383542779566, ""attribution"": -0.05120375602930216, ""change_kind"": ""mcv_winner_replacement"", ""trace_without"": {""mcv"": [60, 919], ""fd"": [174], ""rows"": 421387.3183328996}}","{""candidate"": ""mcv:741"", ""qerror_with_add"": 1.3322421103072588, ""gain"": 0.0, ""useful"": false}"
0,51,query.52,negative,-0.7837177489719618,mcv_fd_composed,1.3723397198167675,2.1560574687887293,1.1919057816693728,False,0.7837177489719618,0.7587222049929316,0.9641516871193565,mcv_winner_replacement,S1_no_training_signal,[221],[121],"[""N4_mcv_to_fd_suppression"", ""N5_multi_statistic_interaction"", ""N6_missing_test_useful""]","{""candidate"": ""mcv:221"", ""qerror_without"": 1.3973352637957976, ""attribution"": -0.7587222049929316, ""change_kind"": ""mcv_winner_replacement"", ""trace_without"": {""mcv"": [536, 713], ""fd"": [], ""rows"": 77778.75704987762}}","{""candidate"": ""mcv:107"", ""qerror_with_add"": 1.3778371341900775, ""gain"": 0.7782203345986518, ""useful"": true}"
0,55,query.56,negative,-0.15437935465306496,mcv_only,1.073772695168076,1.228152049821141,1.0047676902170302,False,0.15437935465306496,0.15437935465306496,0.22338435960411074,mcv_consumption_removal,,[385],[],"[""N2_harmful_mcv_correction""]","{""candidate"": ""mcv:385"", ""qerror_without"": 1.073772695168076, ""attribution"": -0.15437935465306496, ""change_kind"": ""mcv_consumption_removal"", ""trace_without"": {""mcv"": [], ""fd"": [], ""rows"": 355366.1472385699}}","{""candidate"": ""mcv:1407"", ""qerror_with_add"": 1.228152049821141, ""gain"": 0.0, ""useful"": false}"
0,63,query.64,positive,0.38396491850083914,mcv_fd_composed,1.7331344217907005,1.3491695032898614,1.2371418076478875,False,0.0,0.0,0.1120276956419739,,S2_positive_signal_budget_pressure,[1429],[687],"[""N6_missing_test_useful"", ""N7_budget_displacement""]","{""candidate"": ""fd:687"", ""qerror_without"": 1.4695805910852584, ""attribution"": 0.120411087795397, ""change_kind"": ""fd_control_change"", ""trace_without"": {""mcv"": [1429], ""fd"": [], ""rows"": 278176.64609880734}}","{""candidate"": ""mcv:1962"", ""qerror_with_add"": 1.3434905783662732, ""gain"": 0.0056789249235882355, ""useful"": true}"
0,71,query.72,positive,5.918835731028399,mcv_only,7.511368534404937,1.592532803376538,1.5877110755435346,False,0.0,0.0,0.004821727833003386,,S1_no_training_signal,[973],[],"[""N6_missing_test_useful""]","{""candidate"": ""mcv:973"", ""qerror_without"": 7.511368534404937, ""attribution"": 5.918835731028399, ""change_kind"": ""mcv_consumption_removal"", ""trace_without"": {""mcv"": [], ""fd"": [], ""rows"": 30638.87225183774}}","{""candidate"": ""fd:554"", ""qerror_with_add"": 1.587711109389752, ""gain"": 0.004821693986786002, ""useful"": true}"
0,72,query.73,neutral,0.0,no_extstat_consumption,4.593953655574878,4.593953655574878,1.4331571362052362,False,0.0,0.0,3.160796519369642,,S1_no_training_signal,[],[],"[""N6_missing_test_useful""]",null,"{""candidate"": ""mcv:2201"", ""qerror_with_add"": 1.583903537010791, ""gain"": 3.010050118564087, ""useful"": true}"
0,75,query.76,negative,-0.129455026075733,mcv_only,1.1412350189642961,1.2706900450400291,1.2831071702357246,False,0.129455026075733,0.129455026075733,0.0,mcv_consumption_removal,,[721],[],"[""N2_harmful_mcv_correction""]","{""candidate"": ""mcv:721"", ""qerror_without"": 1.1412350189642961, ""attribution"": -0.129455026075733, ""change_kind"": ""mcv_consumption_removal"", ""trace_without"": {""mcv"": [], ""fd"": [], ""rows"": 1075731.974220472}}","{""candidate"": ""mcv:226"", ""qerror_with_add"": 1.2831071702357246, ""gain"": -0.012417125195695489, ""useful"": false}"
0,97,query.98,neutral,0.0,no_extstat_consumption,1.2269656106766704,1.2269656106766704,1.0033115507040786,False,0.0,0.0,0.2236540599725918,,S1_no_training_signal,[],[],"[""N6_missing_test_useful""]",null,"{""candidate"": ""mcv:1"", ""qerror_with_add"": 1.0043095316289539, ""gain"": 0.22265607904771656, ""useful"": true}"
0,104,query.105,negative,-0.02441405207431413,mcv_fd_composed,1.0178365946733003,1.0422506467476145,1.000040480954639,True,0.02441405207431413,0.0,0.04221016579297543,N6_missing_benefit_without_harmful_presence,S1_no_training_signal,[270],[5],"[""N5_multi_statistic_interaction"", ""N6_missing_test_useful""]","{""candidate"": ""fd:5"", ""qerror_without"": 1.0425982403948082, ""attribution"": 0.00034759364719372243, ""change_kind"": ""fd_control_change"", ""trace_without"": {""mcv"": [270], ""fd"": [], ""rows"": 365457.1677156433}}","{""candidate"": ""fd:53"", ""qerror_with_add"": 1.042150093007616, ""gain"": 0.00010055373999851014, ""useful"": true}"
0,111,query.112,neutral,0.0,no_extstat_consumption,1.0041905342427915,1.0041905342427915,1.0028447030611933,False,0.0,0.0,0.001345831181598145,,S1_no_training_signal,[],[],"[""N6_missing_test_useful""]",null,"{""candidate"": ""mcv:100"", ""qerror_with_add"": 1.0028447329482952, ""gain"": 0.0013458012944962405, ""useful"": true}"
0,113,query.114,neutral,0.0,no_extstat_consumption,1.071909128836779,1.071909128836779,1.0431158329124932,False,0.0,0.0,0.02879329592428581,,S1_no_training_signal,[],[],"[""N6_missing_test_useful""]",null,"{""candidate"": ""mcv:983"", ""qerror_with_add"": 1.0432192225195305, ""gain"": 0.028689906317248548, ""useful"": true}"
0,122,query.123,negative,-1.8868394733350797,mcv_only,12.723366105389394,14.610205578724473,1.241350112374637,False,1.8868394733350797,0.0,13.368855466349837,N6_missing_benefit_without_harmful_presence,S1_no_training_signal,"[86, 939]",[],"[""N5_multi_statistic_interaction"", ""N6_missing_test_useful""]","{""candidate"": ""mcv:939"", ""qerror_without"": 14.610205865312437, ""attribution"": 2.8658796402680764e-07, ""change_kind"": ""mcv_winner_replacement"", ""trace_without"": {""mcv"": [86, 941], ""fd"": [], ""rows"": 88041.10054437275}}","{""candidate"": ""mcv:226"", ""qerror_with_add"": 2.0536720134810333, ""gain"": 12.55653356524344, ""useful"": true}"
0,124,query.125,negative,-0.01277592282389417,fd_only,4.6204579103813055,4.6332338332052,1.0014563150072442,False,0.01277592282389417,0.01277592282389417,3.6317775181979552,fd_control_change,S1_no_training_signal,[],[52],"[""N3_fd_harmful_correction"", ""N6_missing_test_useful""]","{""candidate"": ""fd:52"", ""qerror_without"": 4.6204579103813055, ""attribution"": -0.01277592282389417, ""change_kind"": ""fd_control_change"", ""trace_without"": {""mcv"": [], ""fd"": [], ""rows"": 223879.66758961577}}","{""candidate"": ""mcv:83"", ""qerror_with_add"": 1.00375801638948, ""gain"": 3.6294758168157197, ""useful"": true}"
0,128,query.129,negative,-0.23180963582965863,mcv_only,1.0360210902774918,1.2678307261071504,1.0263134062483659,False,0.23180963582965863,0.23180963582965863,0.24151731985878455,mcv_consumption_removal,,[1209],[],"[""N2_harmful_mcv_correction""]","{""candidate"": ""mcv:1209"", ""qerror_without"": 1.0360210902774918, ""attribution"": -0.23180963582965863, ""change_kind"": ""mcv_consumption_removal"", ""trace_without"": {""mcv"": [], ""fd"": [], ""rows"": 342848.2328529262}}","{""candidate"": ""mcv:1957"", ""qerror_with_add"": 1.2678307261071504, ""gain"": 0.0, ""useful"": false}"
0,132,query.133,positive,0.838003953292112,mcv_only,4.1061042659614255,3.2681003126693136,1.5739505959406157,False,0.0,0.0,1.6941497167286979,,,[794],[],[],"{""candidate"": ""mcv:794"", ""qerror_without"": 3.8744987985364063, ""attribution"": 0.6063984858670928, ""change_kind"": ""mcv_winner_replacement"", ""trace_without"": {""mcv"": [1101], ""fd"": [], ""rows"": 148275.95254824075}}","{""candidate"": ""mcv:1213"", ""qerror_with_add"": 3.2681003126693136, ""gain"": 0.0, ""useful"": false}"
0,133,query.134,negative,-0.030133114431084795,mcv_only,2.249236334764908,2.279369449195993,1.1813696677621117,False,0.030133114431084795,0.030133114431084795,1.097999781433881,mcv_winner_replacement,S1_no_training_signal,"[96, 170]",[],"[""N1_mcv_winner_replacement"", ""N6_missing_test_useful""]","{""candidate"": ""mcv:170"", ""qerror_without"": 2.2461370062541586, ""attribution"": -0.03323244294183425, ""change_kind"": ""mcv_winner_replacement"", ""trace_without"": {""mcv"": [96, 588], ""fd"": [], ""rows"": 481356.2115710315}}","{""candidate"": ""mcv:703"", ""qerror_with_add"": 1.2867040529860077, ""gain"": 0.9926653962099852, ""useful"": true}"
0,144,query.145,neutral,0.0,no_extstat_consumption,1.7299057312739659,1.7299057312739659,1.2256586661742443,False,0.0,0.0,0.5042470650997215,,S1_no_training_signal,[],[],"[""N6_missing_test_useful""]",null,"{""candidate"": ""mcv:1"", ""qerror_with_add"": 1.2256586661742443, ""gain"": 0.5042470650997215, ""useful"": true}"
0,149,query.150,positive,0.5198779847192663,mcv_only,6.538092856752774,6.018214872033508,3.650516212293459,False,0.0,0.0,2.367698659740049,,S1_no_training_signal,[411],[],"[""N6_missing_test_useful""]","{""candidate"": ""mcv:411"", ""qerror_without"": 7.903246866634571, ""attribution"": 1.8850319946010634, ""change_kind"": ""mcv_winner_replacement"", ""trace_without"": {""mcv"": [1052], ""fd"": [], ""rows"": 358862.730473276}}","{""candidate"": ""mcv:107"", ""qerror_with_add"": 4.392281694214286, ""gain"": 1.6259331778192223, ""useful"": true}"
0,154,query.155,positive,0.19846845099415122,mcv_only,1.2042282039296783,1.005759752935527,1.005759752935527,False,0.0,0.0,0.0,,,[4],[],[],"{""candidate"": ""mcv:4"", ""qerror_without"": 1.2042282039296783, ""attribution"": 0.19846845099415122, ""change_kind"": ""mcv_consumption_removal"", ""trace_without"": {""mcv"": [], ""fd"": [], ""rows"": 1057688.0822498836}}",null
0,155,query.156,negative,-0.6423211651923653,mcv_fd_composed,1.1544263621152548,1.79674752730762,1.0475245981855512,False,0.6423211651923653,0.6423211651923653,0.7492229291220689,mcv_consumption_removal,S1_no_training_signal,"[196, 1757]",[85],"[""N2_harmful_mcv_correction"", ""N6_missing_test_useful""]","{""candidate"": ""mcv:1757"", ""qerror_without"": 1.1454333084446457, ""attribution"": -0.6513142188629744, ""change_kind"": ""mcv_consumption_removal"", ""trace_without"": {""mcv"": [196], ""fd"": [85], ""rows"": 44036.61010041041}}","{""candidate"": ""mcv:274"", ""qerror_with_add"": 1.0919585082295762, ""gain"": 0.7047890190780439, ""useful"": true}"
0,158,query.159,negative,-0.03105518796716833,mcv_only,3.691691133402734,3.722746321369902,1.160683467758631,True,0.03105518796716833,0.0,2.562062853611271,N6_missing_benefit_without_harmful_presence,S1_no_training_signal,"[31, 120, 190]",[],"[""N5_multi_statistic_interaction"", ""N6_missing_test_useful""]","{""candidate"": ""mcv:190"", ""qerror_without"": 3.722746321369902, ""attribution"": 0.0, ""change_kind"": ""mcv_consumption_removal"", ""trace_without"": {""mcv"": [31, 120], ""fd"": [], ""rows"": 13945.407719851653}}","{""candidate"": ""mcv:37"", ""qerror_with_add"": 3.64772071967917, ""gain"": 0.07502560169073202, ""useful"": true}"
0,161,query.162,negative,-1.5387421425361891,mcv_only,1.1227085463811601,2.6614506889173493,1.0003289389543333,False,1.5387421425361891,1.4537025789855382,1.661121749963016,mcv_winner_replacement,,"[35, 126]",[],"[""N1_mcv_winner_replacement"", ""N2_harmful_mcv_correction"", ""N5_multi_statistic_interaction""]","{""candidate"": ""mcv:126"", ""qerror_without"": 1.207748109931811, ""attribution"": -1.4537025789855382, ""change_kind"": ""mcv_winner_replacement"", ""trace_without"": {""mcv"": [35, 532, 798], ""fd"": [], ""rows"": 80050.75247439036}}","{""candidate"": ""fd:15"", ""qerror_with_add"": 2.6614506889173493, ""gain"": 0.0, ""useful"": false}"
0,163,query.164,neutral,0.0,no_extstat_consumption,1.0259696079300447,1.0259696079300447,1.0259696139758547,False,0.0,0.0,0.0,,,[],[],[],null,"{""candidate"": ""mcv:59"", ""qerror_with_add"": 1.0259696139758547, ""gain"": -6.045810074795099e-09, ""useful"": false}"
0,166,query.167,positive,0.0013692606822814923,mcv_only,1.8986137464319348,1.8972444857496533,1.214429715695408,True,0.0,0.0,0.6828147700542453,,S1_no_training_signal,[196],[],"[""N6_missing_test_useful""]","{""candidate"": ""mcv:196"", ""qerror_without"": 1.9162230203703066, ""attribution"": 0.018978534620653242, ""change_kind"": ""mcv_winner_replacement"", ""trace_without"": {""mcv"": [198], ""fd"": [514], ""rows"": 228547.91963956648}}","{""candidate"": ""mcv:1003"", ""qerror_with_add"": 1.232086397950986, ""gain"": 0.6651580877986674, ""useful"": true}"
0,169,query.170,negative,-1.8448285743488668e-07,mcv_only,6.751731561651183,6.75173174613404,2.6902814710724265,False,1.8448285743488668e-07,0.0,4.061450275061613,N6_missing_benefit_without_harmful_presence,S1_no_training_signal,[422],[],"[""N5_multi_statistic_interaction"", ""N6_missing_test_useful""]","{""candidate"": ""mcv:422"", ""qerror_without"": 8.992644984167583, ""attribution"": 2.240913238033543, ""change_kind"": ""mcv_winner_replacement"", ""trace_without"": {""mcv"": [869], ""fd"": [], ""rows"": 75592.17373691271}}","{""candidate"": ""mcv:597"", ""qerror_with_add"": 6.2725529531107425, ""gain"": 0.4791787930232978, ""useful"": true}"
0,170,query.171,negative,-0.3197883053639843,mcv_only,1.007685858226624,1.3274741635906082,1.007685858226624,False,0.3197883053639843,0.3197883053639843,0.3197883053639843,mcv_consumption_removal,,[1536],[],"[""N2_harmful_mcv_correction""]","{""candidate"": ""mcv:1536"", ""qerror_without"": 1.007685858226624, ""attribution"": -0.3197883053639843, ""change_kind"": ""mcv_consumption_removal"", ""trace_without"": {""mcv"": [], ""fd"": [], ""rows"": 66678.57323885571}}",null
0,181,query.182,neutral,0.0,no_extstat_consumption,1.000229295688476,1.000229295688476,1.0000299438657871,False,0.0,0.0,0.00019935182268882023,,S1_no_training_signal,[],[],"[""N6_missing_test_useful""]",null,"{""candidate"": ""fd:352"", ""qerror_with_add"": 1.0000299438657871, ""gain"": 0.00019935182268882023, ""useful"": true}"
0,183,query.184,positive,4065.140651134681,mcv_fd_composed,4167.571901046825,102.43124991214384,4.248326404880979,False,0.0,0.0,98.18292350726286,,S1_no_training_signal,"[833, 1268]",[121],"[""N3_fd_harmful_correction"", ""N6_missing_test_useful""]","{""candidate"": ""fd:121"", ""qerror_without"": 102.38462020695208, ""attribution"": -0.04662970519176213, ""change_kind"": ""fd_control_change"", ""trace_without"": {""mcv"": [833, 1268], ""fd"": [], ""rows"": 1331.000062690377}}","{""candidate"": ""mcv:530"", ""qerror_with_add"": 5.175196335806198, ""gain"": 97.25605357633765, ""useful"": true}"
0,197,query.198,neutral,0.0,no_extstat_consumption,1.3452710620957011,1.3452710620957011,1.3015668061399928,False,0.0,0.0,0.04370425595570837,,S1_no_training_signal,[],[],"[""N6_missing_test_useful""]",null,"{""candidate"": ""mcv:1987"", ""qerror_with_add"": 1.3015668061399928, ""gain"": 0.04370425595570837, ""useful"": true}"
0,204,query.205,neutral,0.0,no_extstat_consumption,1.0260063413361096,1.0260063413361096,1.005615920885946,False,0.0,0.0,0.020390420450163482,,,[],[],[],null,"{""candidate"": ""mcv:431"", ""qerror_with_add"": 1.0298870367155437, ""gain"": -0.0038806953794341403, ""useful"": false}"
0,207,query.208,positive,0.5859400173592315,mcv_only,2.2246863927113885,1.638746375352157,1.2791299328834036,False,0.0,0.0,0.35961644246875335,,S1_no_training_signal,[990],[],"[""N1_mcv_winner_replacement"", ""N6_missing_test_useful""]","{""candidate"": ""mcv:990"", ""qerror_without"": 1.3135939851201512, ""attribution"": -0.3251523902320057, ""change_kind"": ""mcv_winner_replacement"", ""trace_without"": {""mcv"": [1205], ""fd"": [], ""rows"": 151759.22108212602}}","{""candidate"": ""mcv:665"", ""qerror_with_add"": 1.2791299328834036, ""gain"": 0.35961644246875335, ""useful"": true}"
0,215,query.216,positive,0.06764901911620247,mcv_only,1.1020150765754246,1.0343660574592222,1.1018629423312258,False,0.0,0.0,0.0,,,[86],[],[],"{""candidate"": ""mcv:86"", ""qerror_without"": 1.1020150765754246, ""attribution"": 0.06764901911620247, ""change_kind"": ""mcv_consumption_removal"", ""trace_without"": {""mcv"": [], ""fd"": [], ""rows"": 593531.807234974}}","{""candidate"": ""fd:447"", ""qerror_with_add"": 1.0345088724068265, ""gain"": -0.00014281494760437496, ""useful"": false}"
0,222,query.223,positive,0.1150273536176345,mcv_fd_composed,1.53791771174424,1.4228903581266055,1.161642324665494,True,0.0,0.0,0.26124803346111136,,S2_positive_signal_budget_pressure,[166],[422],"[""N6_missing_test_useful"", ""N7_budget_displacement""]","{""candidate"": ""fd:422"", ""qerror_without"": 1.423385703627829, ""attribution"": 0.000495345501223543, ""change_kind"": ""fd_control_change"", ""trace_without"": {""mcv"": [166], ""fd"": [], ""rows"": 96417.99805225807}}","{""candidate"": ""mcv:1111"", ""qerror_with_add"": 1.1232657072050176, ""gain"": 0.29962465092158785, ""useful"": true}"
0,226,query.227,positive,0.04561006714840099,mcv_only,1.2123481037672674,1.1667380366188664,1.0819413138054927,False,0.0,0.0,0.08479672281337369,,,[50],[],[],"{""candidate"": ""mcv:50"", ""qerror_without"": 1.2123481037672674, ""attribution"": 0.04561006714840099, ""change_kind"": ""mcv_consumption_removal"", ""trace_without"": {""mcv"": [], ""fd"": [], ""rows"": 1124940.102402973}}","{""candidate"": ""mcv:440"", ""qerror_with_add"": 1.1667380366188664, ""gain"": 0.0, ""useful"": false}"
0,229,query.230,positive,4.401034872991604,mcv_only,5.494561748237695,1.0935268752460912,1.0935268737080168,False,0.0,0.0,1.5380743345616565e-09,,S1_no_training_signal,[96],[],"[""N6_missing_test_useful""]","{""candidate"": ""mcv:96"", ""qerror_without"": 5.494561748237695, ""attribution"": 4.401034872991604, ""change_kind"": ""mcv_consumption_removal"", ""trace_without"": {""mcv"": [], ""fd"": [], ""rows"": 385591.85980607674}}","{""candidate"": ""mcv:82"", ""qerror_with_add"": 1.0935268737080168, ""gain"": 1.5380743345616565e-09, ""useful"": true}"
0,241,query.242,neutral,0.0,no_extstat_consumption,1.1247139287885473,1.1247139287885473,1.0388513661174146,False,0.0,0.0,0.08586256267113268,,S1_no_training_signal,[],[],"[""N6_missing_test_useful""]",null,"{""candidate"": ""mcv:1552"", ""qerror_with_add"": 1.0405694167136113, ""gain"": 0.084144512074936, ""useful"": true}"
0,244,query.245,positive,0.6066315527053034,mcv_only,2.1609480081565153,1.5543164554512119,1.5485418336605994,False,0.0,0.0,0.0057746217906125,,,"[196, 835, 863]",[],"[""N2_harmful_mcv_correction""]","{""candidate"": ""mcv:863"", ""qerror_without"": 1.5500439167248174, ""attribution"": -0.004272538726394437, ""change_kind"": ""mcv_consumption_removal"", ""trace_without"": {""mcv"": [196, 835], ""fd"": [], ""rows"": 120732.06312464975}}","{""candidate"": ""mcv:1261"", ""qerror_with_add"": 1.5543164554512119, ""gain"": 0.0, ""useful"": false}"
0,248,query.249,positive,3.933885728280018e-08,mcv_only,1.0891813943392405,1.0891813550003833,1.0334552035898177,False,0.0,0.0,0.05572615141056558,,,"[833, 1457]",[],[],"{""candidate"": ""mcv:833"", ""qerror_without"": 1.0891813632442269, ""attribution"": 8.243843607758095e-09, ""change_kind"": ""mcv_consumption_removal"", ""trace_without"": {""mcv"": [1457], ""fd"": [], ""rows"": 544729.2985557286}}","{""candidate"": ""mcv:2005"", ""qerror_with_add"": 1.0891813550003833, ""gain"": 0.0, ""useful"": false}"
0,250,query.251,positive,0.007627782492666935,mcv_only,1.6289605008102637,1.6213327183175967,1.3502222049096393,False,0.0,0.0,0.27111051340795744,,S1_no_training_signal,[469],[],"[""N6_missing_test_useful""]","{""candidate"": ""mcv:469"", ""qerror_without"": 1.6289605008102637, ""attribution"": 0.007627782492666935, ""change_kind"": ""mcv_consumption_removal"", ""trace_without"": {""mcv"": [], ""fd"": [], ""rows"": 213725.86985800188}}","{""candidate"": ""mcv:56"", ""qerror_with_add"": 1.3505600809489808, ""gain"": 0.2707726373686159, ""useful"": true}"
0,252,query.253,negative,-0.002184804474960389,mcv_only,1.1175142512059266,1.119699055680887,1.0946218559729828,False,0.002184804474960389,0.002184804474960389,0.02507719970790423,mcv_consumption_removal,,"[35, 425, 629]",[],"[""N2_harmful_mcv_correction""]","{""candidate"": ""mcv:425"", ""qerror_without"": 1.111591061188009, ""attribution"": -0.008107994492877912, ""change_kind"": ""mcv_consumption_removal"", ""trace_without"": {""mcv"": [35, 629], ""fd"": [], ""rows"": 1202345.801787643}}","{""candidate"": ""mcv:862"", ""qerror_with_add"": 1.119699055680887, ""gain"": 0.0, ""useful"": false}"
0,258,query.259,negative,-0.17517825592465242,mcv_only,2.1403758785806284,2.315554134505281,1.037425005196655,False,0.17517825592465242,0.174978707060772,1.2781291293086259,mcv_consumption_removal,S1_no_training_signal,"[166, 751, 829]",[],"[""N2_harmful_mcv_correction"", ""N5_multi_statistic_interaction"", ""N6_missing_test_useful""]","{""candidate"": ""mcv:166"", ""qerror_without"": 2.140575427444509, ""attribution"": -0.174978707060772, ""change_kind"": ""mcv_consumption_removal"", ""trace_without"": {""mcv"": [751, 829], ""fd"": [], ""rows"": 173797.60010507455}}","{""candidate"": ""mcv:123"", ""qerror_with_add"": 2.312254872731684, ""gain"": 0.00329926177359674, ""useful"": true}"
0,260,query.261,neutral,0.0,no_extstat_consumption,1.0055364966647922,1.0055364966647922,1.0020051853785306,False,0.0,0.0,0.003531311286261607,,S1_no_training_signal,[],[],"[""N6_missing_test_useful""]",null,"{""candidate"": ""mcv:115"", ""qerror_with_add"": 1.0020051853785306, ""gain"": 0.003531311286261607, ""useful"": true}"
0,261,query.262,neutral,0.0,no_extstat_consumption,1.0147065572289062,1.0147065572289062,1.001747406048377,False,0.0,0.0,0.01295915118052915,,S1_no_training_signal,[],[],"[""N6_missing_test_useful""]",null,"{""candidate"": ""mcv:201"", ""qerror_with_add"": 1.0024663026311356, ""gain"": 0.012240254597770672, ""useful"": true}"
0,266,query.267,positive,0.05231548680364173,mcv_only,1.3205672307151186,1.2682517439114769,1.0961342482160903,True,0.0,0.0,0.1721174956953866,,S1_no_training_signal,"[31, 109]",[],"[""N6_missing_test_useful""]","{""candidate"": ""mcv:109"", ""qerror_without"": 1.2813698324770935, ""attribution"": 0.013118088565616581, ""change_kind"": ""mcv_consumption_removal"", ""trace_without"": {""mcv"": [31], ""fd"": [93], ""rows"": 38172.00730949261}}","{""candidate"": ""mcv:665"", ""qerror_with_add"": 1.1882402582239624, ""gain"": 0.08001148568751448, ""useful"": true}"
0,272,query.273,positive,0.0064136004190913365,mcv_only,1.7178249880564123,1.711411387637321,1.1685976203211605,False,0.0,0.0,0.5428137673161604,,S1_no_training_signal,"[706, 824]",[],"[""N1_mcv_winner_replacement"", ""N6_missing_test_useful""]","{""candidate"": ""mcv:706"", ""qerror_without"": 1.3917112702833412, ""attribution"": -0.31970011735397974, ""change_kind"": ""mcv_winner_replacement"", ""trace_without"": {""mcv"": [713, 838], ""fd"": [], ""rows"": 70657.18119228524}}","{""candidate"": ""mcv:105"", ""qerror_with_add"": 1.1768033864284426, ""gain"": 0.5346080012088783, ""useful"": true}"
0,276,query.277,negative,-0.14326637006277454,mcv_only,1.1529924490834003,1.2962588191461748,1.0177943369786122,False,0.14326637006277454,0.14326637006277454,0.2784644821675626,mcv_winner_replacement,,"[4, 841]",[],"[""N1_mcv_winner_replacement""]","{""candidate"": ""mcv:841"", ""qerror_without"": 1.0357556655998972, ""attribution"": -0.2605031535462776, ""change_kind"": ""mcv_winner_replacement"", ""trace_without"": {""mcv"": [4, 1269], ""fd"": [], ""rows"": 350951.3067092068}}","{""candidate"": ""mcv:1667"", ""qerror_with_add"": 1.2962588191461748, ""gain"": 0.0, ""useful"": false}"
0,278,query.279,positive,0.0712532562259709,mcv_only,1.199753356942815,1.128500100716844,1.128500107608688,False,0.0,0.0,0.0,,,"[96, 838]",[],"[""N2_harmful_mcv_correction""]","{""candidate"": ""mcv:96"", ""qerror_without"": 1.0497696223705022, ""attribution"": -0.07873047834634184, ""change_kind"": ""mcv_consumption_removal"", ""trace_without"": {""mcv"": [838], ""fd"": [], ""rows"": 202918.36846497335}}","{""candidate"": ""mcv:993"", ""qerror_with_add"": 1.128500107608688, ""gain"": -6.891843984391244e-09, ""useful"": false}"
0,280,query.281,positive,0.01800488283682289,mcv_only,1.7507612612827994,1.7327563784459765,1.1589973959497952,False,0.0,0.0,0.5737589824961813,,S2_positive_signal_budget_pressure,[365],[],"[""N6_missing_test_useful"", ""N7_budget_displacement""]","{""candidate"": ""mcv:365"", ""qerror_without"": 1.7507612612827994, ""attribution"": 0.01800488283682289, ""change_kind"": ""mcv_consumption_removal"", ""trace_without"": {""mcv"": [], ""fd"": [], ""rows"": 140710.43333055987}}","{""candidate"": ""mcv:701"", ""qerror_with_add"": 1.730180206500515, ""gain"": 0.0025761719454615584, ""useful"": true}"
0,282,query.283,positive,0.019233002337068816,mcv_only,1.4880103185476843,1.4687773162106155,1.2891336771726043,False,0.0,0.0,0.17964363903801117,,S2_positive_signal_budget_pressure,"[879, 973]",[],"[""N2_harmful_mcv_correction"", ""N6_missing_test_useful"", ""N7_budget_displacement""]","{""candidate"": ""mcv:879"", ""qerror_without"": 1.4687772896617102, ""attribution"": -2.654890529640852e-08, ""change_kind"": ""mcv_consumption_removal"", ""trace_without"": {""mcv"": [973], ""fd"": [], ""rows"": 57605.44530053227}}","{""candidate"": ""mcv:1595"", ""qerror_with_add"": 1.4051640082003092, ""gain"": 0.06361330801030629, ""useful"": true}"
0,286,query.287,positive,0.0004637979612482912,fd_only,1.018822758625483,1.0183589606642347,1.0100354891722536,False,0.0,0.0,0.008323471491981094,,S1_no_training_signal,[],[121],"[""N6_missing_test_useful""]","{""candidate"": ""fd:121"", ""qerror_without"": 1.018822758625483, ""attribution"": 0.0004637979612482912, ""change_kind"": ""fd_control_change"", ""trace_without"": {""mcv"": [], ""fd"": [], ""rows"": 1083109.8840869563}}","{""candidate"": ""mcv:169"", ""qerror_with_add"": 1.0103571597338217, ""gain"": 0.008001800930413028, ""useful"": true}"
0,290,query.291,negative,-0.04339749929985115,mcv_fd_composed,1.1653736602971028,1.208771159596954,1.0010799193587665,False,0.04339749929985115,0.04339749929985115,0.2076912402381874,fd_control_change,S1_no_training_signal,[584],[655],"[""N3_fd_harmful_correction"", ""N6_missing_test_useful""]","{""candidate"": ""fd:655"", ""qerror_without"": 1.1648524871963701, ""attribution"": -0.04391867240058378, ""change_kind"": ""fd_control_change"", ""trace_without"": {""mcv"": [584], ""fd"": [], ""rows"": 557218.8357752556}}","{""candidate"": ""mcv:619"", ""qerror_with_add"": 1.0147924031660163, ""gain"": 0.19397875643093765, ""useful"": true}"
0,298,query.299,positive,0.12838635421668654,mcv_only,1.6852146193154014,1.5568282650987149,1.3604175679861283,False,0.0,0.0,0.19641069711258652,,S1_no_training_signal,[565],[],"[""N1_mcv_winner_replacement"", ""N6_missing_test_useful""]","{""candidate"": ""mcv:565"", ""qerror_without"": 1.318983662465022, ""attribution"": -0.2378446026336929, ""change_kind"": ""mcv_winner_replacement"", ""trace_without"": {""mcv"": [1365, 1652], ""fd"": [], ""rows"": 920131.1847425436}}","{""candidate"": ""mcv:87"", ""qerror_with_add"": 1.360417609347787, ""gain"": 0.19641065575092775, ""useful"": true}"
0,308,query.309,negative,-0.0005768627313273988,fd_only,1.0143636002674254,1.0149404629987528,1.0134601109030914,False,0.0005768627313273988,0.0005768627313273988,0.0014803520956614413,fd_control_change,S1_no_training_signal,[],[404],"[""N3_fd_harmful_correction"", ""N6_missing_test_useful""]","{""candidate"": ""fd:404"", ""qerror_without"": 1.0143636002674254, ""attribution"": -0.0005768627313273988, ""change_kind"": ""fd_control_change"", ""trace_without"": {""mcv"": [], ""fd"": [], ""rows"": 1566764.7153374597}}","{""candidate"": ""mcv:999"", ""qerror_with_add"": 1.0134601109030914, ""gain"": 0.0014803520956614413, ""useful"": true}"
0,312,query.313,neutral,0.0,no_extstat_consumption,1.3109994827145597,1.3109994827145597,1.0079521523827581,False,0.0,0.0,0.30304733033180153,,S1_no_training_signal,[],[],"[""N6_missing_test_useful""]",null,"{""candidate"": ""mcv:1377"", ""qerror_with_add"": 1.0079521523827581, ""gain"": 0.30304733033180153, ""useful"": true}"
0,313,query.314,positive,0.00529159193602502,mcv_only,1.182296157953929,1.177004566017904,1.008005743744011,False,0.0,0.0,0.16899882227389296,,S1_no_training_signal,[863],[],"[""N6_missing_test_useful""]","{""candidate"": ""mcv:863"", ""qerror_without"": 1.182296157953929, ""attribution"": 0.00529159193602502, ""change_kind"": ""mcv_consumption_removal"", ""trace_without"": {""mcv"": [], ""fd"": [], ""rows"": 79343.91004225478}}","{""candidate"": ""mcv:95"", ""qerror_with_add"": 1.0198093178947212, ""gain"": 0.15719524812318286, ""useful"": true}"
0,316,query.317,negative,-0.004495518112448638,mcv_only,1.2708821388678673,1.275377656980316,1.0007496438910035,False,0.004495518112448638,0.004495518112448638,0.2746280130893124,mcv_consumption_removal,,[35],[],"[""N2_harmful_mcv_correction""]","{""candidate"": ""mcv:35"", ""qerror_without"": 1.2708821388678673, ""attribution"": -0.004495518112448638, ""change_kind"": ""mcv_consumption_removal"", ""trace_without"": {""mcv"": [], ""fd"": [], ""rows"": 1298776.6131251066}}","{""candidate"": ""mcv:960"", ""qerror_with_add"": 1.275377656980316, ""gain"": 0.0, ""useful"": false}"
0,320,query.321,negative,-0.023104912548025158,mcv_fd_composed,1.1696456014041676,1.1927505139521928,1.0003591375664949,False,0.023104912548025158,0.023104912548025158,0.19239137638569792,mcv_consumption_removal,,[126],[613],"[""N2_harmful_mcv_correction"", ""N3_fd_harmful_correction""]","{""candidate"": ""mcv:126"", ""qerror_without"": 1.16932403015124, ""attribution"": -0.023426483800952802, ""change_kind"": ""mcv_consumption_removal"", ""trace_without"": {""mcv"": [], ""fd"": [613], ""rows"": 14146.634785107823}}","{""candidate"": ""fd:495"", ""qerror_with_add"": 1.1927505139521928, ""gain"": 0.0, ""useful"": false}"
0,327,query.328,negative,-0.0006395314081439896,fd_only,1.0464896401796873,1.0471291715878313,1.0421002799415087,False,0.0006395314081439896,0.0006395314081439896,0.005028891646322586,fd_control_change,S1_no_training_signal,[],[188],"[""N3_fd_harmful_correction"", ""N6_missing_test_useful""]","{""candidate"": ""fd:188"", ""qerror_without"": 1.0464896401796873, ""attribution"": -0.0006395314081439896, ""change_kind"": ""fd_control_change"", ""trace_without"": {""mcv"": [], ""fd"": [], ""rows"": 651943.1625287818}}","{""candidate"": ""mcv:482"", ""qerror_with_add"": 1.04463606907805, ""gain"": 0.0024931025097811865, ""useful"": true}"
0,342,query.343,positive,0.07580971062428432,mcv_only,2.839222257287797,2.763412546663513,1.1111523514096362,False,0.0,0.0,1.6522601952538767,,S1_no_training_signal,[1101],[],"[""N6_missing_test_useful""]","{""candidate"": ""mcv:1101"", ""qerror_without"": 2.839222257287797, ""attribution"": 0.07580971062428432, ""change_kind"": ""mcv_consumption_removal"", ""trace_without"": {""mcv"": [], ""fd"": [], ""rows"": 26984.150255706463}}","{""candidate"": ""mcv:1076"", ""qerror_with_add"": 1.1705413893897152, ""gain"": 1.5928711572737977, ""useful"": true}"
0,350,query.351,positive,0.0022905116869542663,fd_only,1.0138763427326596,1.0115858310457053,1.0115522369300023,False,0.0,0.0,3.359411570302839e-05,,S2_positive_signal_budget_pressure,[],[568],"[""N6_missing_test_useful"", ""N7_budget_displacement""]","{""candidate"": ""fd:568"", ""qerror_without"": 1.0138763427326596, ""attribution"": 0.0022905116869542663, ""change_kind"": ""fd_control_change"", ""trace_without"": {""mcv"": [], ""fd"": [], ""rows"": 1128127.713205351}}","{""candidate"": ""fd:272"", ""qerror_with_add"": 1.0115522369300023, ""gain"": 3.359411570302839e-05, ""useful"": true}"
0,360,query.361,negative,-4.034047170458026,mcv_only,4.409735916266321,8.443783086724347,1.0317949730508165,True,4.034047170458026,4.034047170458026,7.41198811367353,mcv_consumption_removal,S1_no_training_signal,"[512, 1099]",[],"[""N2_harmful_mcv_correction"", ""N6_missing_test_useful""]","{""candidate"": ""mcv:1099"", ""qerror_without"": 4.246546487489185, ""attribution"": -4.197236599235161, ""change_kind"": ""mcv_consumption_removal"", ""trace_without"": {""mcv"": [512], ""fd"": [], ""rows"": 51429.92450998152}}","{""candidate"": ""mcv:498"", ""qerror_with_add"": 4.951940663431606, ""gain"": 3.4918424232927405, ""useful"": true}"
0,361,query.362,positive,1.1278525157872177,mcv_only,2.5774864819605887,1.449633966173371,1.0641363918678755,True,0.0,0.0,0.3854975743054956,,S1_no_training_signal,"[31, 706]",[],"[""N6_missing_test_useful""]","{""candidate"": ""mcv:706"", ""qerror_without"": 1.449633966173371, ""attribution"": 0.0, ""change_kind"": ""mcv_winner_replacement"", ""trace_without"": {""mcv"": [31, 1074], ""fd"": [], ""rows"": 237175.04419931668}}","{""candidate"": ""mcv:105"", ""qerror_with_add"": 1.2149950841986656, ""gain"": 0.2346388819747054, ""useful"": true}"
0,363,query.364,positive,0.04127573899011239,mcv_only,15.015793754403663,14.974518015413551,1.5628384302671892,False,0.0,0.0,13.411679585146363,,S1_no_training_signal,[863],[],"[""N1_mcv_winner_replacement"", ""N6_missing_test_useful""]","{""candidate"": ""mcv:863"", ""qerror_without"": 11.502841760776253, ""attribution"": -3.4716762546372983, ""change_kind"": ""mcv_winner_replacement"", ""trace_without"": {""mcv"": [1394], ""fd"": [], ""rows"": 66520.93390256907}}","{""candidate"": ""mcv:263"", ""qerror_with_add"": 1.563325785438873, ""gain"": 13.411192229974677, ""useful"": true}"
0,368,query.369,positive,0.272008558517568,mcv_only,1.279105677927858,1.00709711941029,1.1267494424783664,False,0.0,0.0,0.0,,,[86],[],[],"{""candidate"": ""mcv:86"", ""qerror_without"": 1.279105677927858, ""attribution"": 0.272008558517568, ""change_kind"": ""mcv_consumption_removal"", ""trace_without"": {""mcv"": [], ""fd"": [], ""rows"": 31473.674311092873}}","{""candidate"": ""mcv:117"", ""qerror_with_add"": 1.00709711941029, ""gain"": 0.0, ""useful"": false}"
0,373,query.374,positive,4.944393075817096,mcv_fd_composed,64.04186277967081,59.09746970385371,3.896827682550514,False,0.0,0.0,55.200642021303196,,S1_no_training_signal,"[158, 1493]","[404, 85]","[""N1_mcv_winner_replacement"", ""N3_fd_harmful_correction"", ""N6_missing_test_useful""]","{""candidate"": ""mcv:158"", ""qerror_without"": 12.390810573204728, ""attribution"": -46.70665913064899, ""change_kind"": ""mcv_winner_replacement"", ""trace_without"": {""mcv"": [385, 1536], ""fd"": [404, 85], ""rows"": 21101.55040616765}}","{""candidate"": ""mcv:416"", ""qerror_with_add"": 58.67018705964961, ""gain"": 0.4272826442041051, ""useful"": true}"
0,386,query.387,positive,0.0014076808503740157,mcv_only,1.4540460243497912,1.4526383434994172,1.1530837665302627,False,0.0,0.0,0.29955457696915455,,S1_no_training_signal,"[65, 197, 399]",[],"[""N6_missing_test_useful""]","{""candidate"": ""mcv:65"", ""qerror_without"": 1.4526383864473489, ""attribution"": 4.294793165549038e-08, ""change_kind"": ""mcv_winner_replacement"", ""trace_without"": {""mcv"": [120, 197, 399], ""fd"": [], ""rows"": 727840.4659164785}}","{""candidate"": ""mcv:249"", ""qerror_with_add"": 1.4519856194756433, ""gain"": 0.0006527240237739207, ""useful"": true}"
0,388,query.389,neutral,0.0,no_extstat_consumption,1.1830684326358198,1.1830684326358198,1.0734839379495165,False,0.0,0.0,0.10958449468630338,,S1_no_training_signal,[],[],"[""N6_missing_test_useful""]",null,"{""candidate"": ""mcv:1563"", ""qerror_with_add"": 1.0734839379495165, ""gain"": 0.10958449468630338, ""useful"": true}"
0,401,query.402,neutral,0.0,no_extstat_consumption,1.0007632265933057,1.0007632265933057,1.0000078611101015,False,0.0,0.0,0.0007553654832042067,,S1_no_training_signal,[],[],"[""N6_missing_test_useful""]",null,"{""candidate"": ""mcv:224"", ""qerror_with_add"": 1.0000078611101015, ""gain"": 0.0007553654832042067, ""useful"": true}"
0,402,query.403,positive,1.8778556540859483,mcv_fd_composed,27.317873623516192,25.440017969430244,1.3628376142899516,False,0.0,0.0,24.077180355140293,,,[60],[581],"[""N3_fd_harmful_correction""]","{""candidate"": ""fd:581"", ""qerror_without"": 23.365188863341288, ""attribution"": -2.0748291060889557, ""change_kind"": ""fd_control_change"", ""trace_without"": {""mcv"": [60], ""fd"": [], ""rows"": 194094.62388777608}}","{""candidate"": ""mcv:984"", ""qerror_with_add"": 25.440017969430244, ""gain"": 0.0, ""useful"": false}"
0,409,query.410,positive,0.0017970262638054013,mcv_only,1.323665338889644,1.3218683126258386,1.0318801945113136,False,0.0,0.0,0.28998811811452496,,S1_no_training_signal,"[122, 623]",[],"[""N6_missing_test_useful""]","{""candidate"": ""mcv:623"", ""qerror_without"": 1.3218683520205852, ""attribution"": 3.939474657599362e-08, ""change_kind"": ""mcv_winner_replacement"", ""trace_without"": {""mcv"": [122, 1405], ""fd"": [], ""rows"": 160293.57210656657}}","{""candidate"": ""mcv:1406"", ""qerror_with_add"": 1.0327792085960077, ""gain"": 0.2890891040298309, ""useful"": true}"
0,412,query.413,neutral,0.0,no_extstat_consumption,1.5111225109242572,1.5111225109242572,1.156842886832207,False,0.0,0.0,0.35427962409205027,,S1_no_training_signal,[],[],"[""N6_missing_test_useful""]",null,"{""candidate"": ""mcv:497"", ""qerror_with_add"": 1.1591078112885063, ""gain"": 0.35201469963575094, ""useful"": true}"
0,414,query.415,neutral,0.0,no_extstat_consumption,1.2477868812302484,1.2477868812302484,1.011689784752881,False,0.0,0.0,0.23609709647736743,,S1_no_training_signal,[],[],"[""N6_missing_test_useful""]",null,"{""candidate"": ""mcv:1444"", ""qerror_with_add"": 1.011689784752881, ""gain"": 0.23609709647736743, ""useful"": true}"
0,421,query.422,negative,-0.0018874920800175943,mcv_only,1.1970516150426693,1.198939107122687,1.156998527541322,False,0.0018874920800175943,0.0018874920800175943,0.04194057958136499,mcv_consumption_removal,S2_positive_signal_budget_pressure,[29],[],"[""N2_harmful_mcv_correction"", ""N6_missing_test_useful"", ""N7_budget_displacement""]","{""candidate"": ""mcv:29"", ""qerror_without"": 1.1970516150426693, ""attribution"": -0.0018874920800175943, ""change_kind"": ""mcv_consumption_removal"", ""trace_without"": {""mcv"": [], ""fd"": [], ""rows"": 475121.75652658584}}","{""candidate"": ""mcv:870"", ""qerror_with_add"": 1.1989017497871977, ""gain"": 3.735733548926312e-05, ""useful"": true}"
0,422,query.423,positive,0.0017298326408734521,mcv_only,1.2733289569652515,1.271599124324378,1.0003146764502084,False,0.0,0.0,0.2712844478741696,,,[940],[],[],"{""candidate"": ""mcv:940"", ""qerror_without"": 1.2733288982609348, ""attribution"": 0.001729773936556711, ""change_kind"": ""mcv_winner_replacement"", ""trace_without"": {""mcv"": [941], ""fd"": [], ""rows"": 362610.16350968136}}","{""candidate"": ""mcv:1768"", ""qerror_with_add"": 1.271599124324378, ""gain"": 0.0, ""useful"": false}"
0,424,query.425,positive,0.0006172066271683541,fd_only,1.0105759560442393,1.009958749417071,1.005509751763308,False,0.0,0.0,0.004448997653762943,,S1_no_training_signal,[],[49],"[""N6_missing_test_useful""]","{""candidate"": ""fd:49"", ""qerror_without"": 1.0105759560442393, ""attribution"": 0.0006172066271683541, ""change_kind"": ""fd_control_change"", ""trace_without"": {""mcv"": [], ""fd"": [], ""rows"": 1887098.1330932397}}","{""candidate"": ""mcv:488"", ""qerror_with_add"": 1.005509751763308, ""gain"": 0.004448997653762943, ""useful"": true}"
0,432,query.433,negative,-0.01186329055351254,mcv_only,1.6426252742309557,1.6544885647844683,1.2647271977841943,False,0.01186329055351254,0.01186329055351254,0.389761367000274,mcv_consumption_removal,S1_no_training_signal,"[77, 976]",[],"[""N2_harmful_mcv_correction"", ""N6_missing_test_useful""]","{""candidate"": ""mcv:77"", ""qerror_without"": 1.6426252610510195, ""attribution"": -0.011863303733448793, ""change_kind"": ""mcv_consumption_removal"", ""trace_without"": {""mcv"": [976], ""fd"": [], ""rows"": 937297.7735742854}}","{""candidate"": ""mcv:438"", ""qerror_with_add"": 1.6544885287519902, ""gain"": 3.6032478112346666e-08, ""useful"": true}"
0,434,query.435,positive,0.0003200734497170732,fd_only,1.014040938202245,1.013720864752528,1.0086403522147669,False,0.0,0.0,0.005080512537761095,,S1_no_training_signal,[],[93],"[""N6_missing_test_useful""]","{""candidate"": ""fd:93"", ""qerror_without"": 1.014040938202245, ""attribution"": 0.0003200734497170732, ""change_kind"": ""fd_control_change"", ""trace_without"": {""mcv"": [], ""fd"": [], ""rows"": 1751345.4665336194}}","{""candidate"": ""mcv:690"", ""qerror_with_add"": 1.0094044186456423, ""gain"": 0.004316446106885641, ""useful"": true}"
0,438,query.439,negative,-0.34222433600709445,mcv_only,2.7492500783933123,3.0914744144004067,1.7770706223803219,False,0.34222433600709445,0.30650574013643084,1.3144037920200848,mcv_consumption_removal,S1_no_training_signal,"[939, 990, 1109]",[],"[""N2_harmful_mcv_correction"", ""N5_multi_statistic_interaction"", ""N6_missing_test_useful""]","{""candidate"": ""mcv:990"", ""qerror_without"": 2.784968674263976, ""attribution"": -0.30650574013643084, ""change_kind"": ""mcv_consumption_removal"", ""trace_without"": {""mcv"": [939, 1109], ""fd"": [], ""rows"": 51564.67335775432}}","{""candidate"": ""mcv:59"", ""qerror_with_add"": 2.314067406455657, ""gain"": 0.7774070079447499, ""useful"": true}"
0,439,query.440,negative,-0.004570299363714891,mcv_only,1.780297580545958,1.7848678799096729,1.612401096587527,False,0.004570299363714891,0.0016424309817417715,0.17246678332214582,mcv_winner_replacement,S1_no_training_signal,[691],[],"[""N1_mcv_winner_replacement"", ""N5_multi_statistic_interaction"", ""N6_missing_test_useful""]","{""candidate"": ""mcv:691"", ""qerror_without"": 1.7832254489279311, ""attribution"": -0.0016424309817417715, ""change_kind"": ""mcv_winner_replacement"", ""trace_without"": {""mcv"": [798], ""fd"": [], ""rows"": 282723.2620257278}}","{""candidate"": ""mcv:323"", ""qerror_with_add"": 1.6165403475315303, ""gain"": 0.16832753237814257, ""useful"": true}"
0,440,query.441,negative,-1.1304843061665792e-08,mcv_only,1.068660286916499,1.068660298221342,1.012242875301631,False,1.1304843061665792e-08,1.1304843061665792e-08,0.05641742291971097,mcv_consumption_removal,S1_no_training_signal,[565],[],"[""N2_harmful_mcv_correction"", ""N6_missing_test_useful""]","{""candidate"": ""mcv:565"", ""qerror_without"": 1.068660286916499, ""attribution"": -1.1304843061665792e-08, ""change_kind"": ""mcv_consumption_removal"", ""trace_without"": {""mcv"": [], ""fd"": [], ""rows"": 588637.9494975581}}","{""candidate"": ""mcv:262"", ""qerror_with_add"": 1.0122428831967423, ""gain"": 0.05641741502459974, ""useful"": true}"
0,449,query.450,positive,0.03285608754694347,mcv_only,1.1600652728472687,1.1272091853003252,1.091418235632823,False,0.0,0.0,0.03579094966750218,,,[112],[],[],"{""candidate"": ""mcv:112"", ""qerror_without"": 1.1600652728472687, ""attribution"": 0.03285608754694347, ""change_kind"": ""mcv_consumption_removal"", ""trace_without"": {""mcv"": [], ""fd"": [], ""rows"": 245680.94361414027}}","{""candidate"": ""mcv:823"", ""qerror_with_add"": 1.1272091853003252, ""gain"": 0.0, ""useful"": false}"
0,454,query.455,positive,0.30219965995012865,mcv_only,1.539753283876118,1.2375536239259894,1.165526816376086,False,0.0,0.0,0.07202680754990354,,S1_no_training_signal,"[14, 773, 1800]",[],"[""N6_missing_test_useful""]","{""candidate"": ""mcv:773"", ""qerror_without"": 1.2375536423669755, ""attribution"": 1.844098607151068e-08, ""change_kind"": ""mcv_consumption_removal"", ""trace_without"": {""mcv"": [14, 1800], ""fd"": [], ""rows"": 292220.8683482361}}","{""candidate"": ""mcv:83"", ""qerror_with_add"": 1.1761439859880423, ""gain"": 0.06140963793794718, ""useful"": true}"
0,455,query.456,negative,-0.07806872564076595,mcv_fd_composed,1.9452015172093449,2.023270242850111,1.0825138792937858,False,0.07806872564076595,0.07479023573205179,0.940756363556325,mcv_consumption_removal,S1_no_training_signal,"[420, 1044]",[216],"[""N1_mcv_winner_replacement"", ""N2_harmful_mcv_correction"", ""N3_fd_harmful_correction"", ""N5_multi_statistic_interaction"", ""N6_missing_test_useful""]","{""candidate"": ""mcv:1044"", ""qerror_without"": 1.948480007118059, ""attribution"": -0.07479023573205179, ""change_kind"": ""mcv_consumption_removal"", ""trace_without"": {""mcv"": [420], ""fd"": [216], ""rows"": 367413.1840622097}}","{""candidate"": ""mcv:789"", ""qerror_with_add"": 1.0902780707003148, ""gain"": 0.932992172149796, ""useful"": true}"
0,457,query.458,negative,-0.05184223023893342,mcv_only,1.0584399257636827,1.1102821560026161,1.202280110614356,True,0.05184223023893342,0.05184223023893342,0.0,mcv_consumption_removal,S1_no_training_signal,[843],[],"[""N4_mcv_to_fd_suppression"", ""N6_missing_test_useful""]","{""candidate"": ""mcv:843"", ""qerror_without"": 1.0530835236566967, ""attribution"": -0.05719863234591949, ""change_kind"": ""mcv_consumption_removal"", ""trace_without"": {""mcv"": [], ""fd"": [180], ""rows"": 592526.6002010078}}","{""candidate"": ""mcv:567"", ""qerror_with_add"": 1.0063584714032565, ""gain"": 0.10392368459935963, ""useful"": true}"
1,1,query.2,negative,-1.367794322248983e-09,mcv_only,1.1079295631428598,1.1079295645106542,1.0553434301460582,True,1.367794322248983e-09,0.0,0.052586134364595916,N6_missing_benefit_without_harmful_presence,S1_no_training_signal,[145],[],"[""N5_multi_statistic_interaction"", ""N6_missing_test_useful""]","{""candidate"": ""mcv:145"", ""qerror_without"": 1.1081023184740155, ""attribution"": 0.00017275396336136062, ""change_kind"": ""mcv_consumption_removal"", ""trace_without"": {""mcv"": [], ""fd"": [313], ""rows"": 1296142.8495097822}}","{""candidate"": ""mcv:438"", ""qerror_with_add"": 1.0553711485719695, ""gain"": 0.05255841593868471, ""useful"": true}"
1,4,query.5,negative,-0.0005704677392524005,mcv_only,1.435978114586357,1.4365485823256094,1.0621507549987061,True,0.0005704677392524005,0.00040893861564628153,0.3743978273269033,mcv_consumption_removal,S2_positive_signal_budget_pressure,[420],[],"[""N4_mcv_to_fd_suppression"", ""N5_multi_statistic_interaction"", ""N6_missing_test_useful"", ""N7_budget_displacement""]","{""candidate"": ""mcv:420"", ""qerror_without"": 1.4361396437099632, ""attribution"": -0.00040893861564628153, ""change_kind"": ""mcv_consumption_removal"", ""trace_without"": {""mcv"": [], ""fd"": [557], ""rows"": 372156.9188520687}}","{""candidate"": ""mcv:1018"", ""qerror_with_add"": 1.0866885934928416, ""gain"": 0.3498599888327678, ""useful"": true}"
1,11,query.12,positive,0.11664939063342561,mcv_only,1.224134140859492,1.1074847502260663,1.128629303187523,False,0.0,0.0,0.0,,,[753],[],[],"{""candidate"": ""mcv:753"", ""qerror_without"": 1.224134140859492, ""attribution"": 0.11664939063342561, ""change_kind"": ""mcv_consumption_removal"", ""trace_without"": {""mcv"": [], ""fd"": [], ""rows"": 1006738.9346501138}}","{""candidate"": ""mcv:1225"", ""qerror_with_add"": 1.1074847502260663, ""gain"": 0.0, ""useful"": false}"
1,13,query.14,negative,-0.007650521715727665,fd_only,1.0113878515483354,1.019038373264063,1.011387838008323,False,0.007650521715727665,0.007650521715727665,0.00765053525574011,fd_control_change,S1_no_training_signal,[],[136],"[""N3_fd_harmful_correction"", ""N6_missing_test_useful""]","{""candidate"": ""fd:136"", ""qerror_without"": 1.0113878515483354, ""attribution"": -0.007650521715727665, ""change_kind"": ""fd_control_change"", ""trace_without"": {""mcv"": [], ""fd"": [], ""rows"": 1753573.587262199}}","{""candidate"": ""mcv:947"", ""qerror_with_add"": 1.011387838008323, ""gain"": 0.00765053525574011, ""useful"": true}"
1,14,query.15,neutral,0.0,no_extstat_consumption,2.060903518666446,2.060903518666446,1.3322316746539555,False,0.0,0.0,0.7286718440124904,,S1_no_training_signal,[],[],"[""N6_missing_test_useful""]",null,"{""candidate"": ""mcv:2053"", ""qerror_with_add"": 1.401760631364247, ""gain"": 0.6591428873021989, ""useful"": true}"
1,15,query.16,positive,1.004517241124972,mcv_fd_composed,2.6885879750756447,1.6840707339506726,1.2101335264284458,False,0.0,0.0,0.4739372075222268,,S1_no_training_signal,[173],[283],"[""N6_missing_test_useful""]","{""candidate"": ""mcv:173"", ""qerror_without"": 1.8217330252088684, ""attribution"": 0.13766229125819573, ""change_kind"": ""mcv_consumption_removal"", ""trace_without"": {""mcv"": [], ""fd"": [283], ""rows"": 11912.832286449759}}","{""candidate"": ""mcv:2110"", ""qerror_with_add"": 1.2225782644885006, ""gain"": 0.46149246946217204, ""useful"": true}"
1,17,query.18,positive,0.05942767753625833,mcv_only,1.144649883309961,1.0852222057737027,1.0852221963774298,False,0.0,0.0,9.396272870887401e-09,,S1_no_training_signal,[1429],[],"[""N6_missing_test_useful""]","{""candidate"": ""mcv:1429"", ""qerror_without"": 1.144649883309961, ""attribution"": 0.05942767753625833, ""change_kind"": ""mcv_consumption_removal"", ""trace_without"": {""mcv"": [], ""fd"": [], ""rows"": 1013065.2323545376}}","{""candidate"": ""mcv:2017"", ""qerror_with_add"": 1.0852221963774298, ""gain"": 9.396272870887401e-09, ""useful"": true}"
1,32,query.33,neutral,0.0,no_extstat_consumption,1.0132712793166891,1.0132712793166891,1.020332647275634,False,0.0,0.0,0.0,,,[],[],[],null,"{""candidate"": ""mcv:112"", ""qerror_with_add"": 1.020332647275634, ""gain"": -0.007061367958944853, ""useful"": false}"
1,48,query.49,positive,0.16735135141836133,mcv_only,1.5569468757487683,1.389595524330407,1.00502098584757,True,0.0,0.0,0.38457453848283696,,S1_no_training_signal,[145],[],"[""N6_missing_test_useful""]","{""candidate"": ""mcv:145"", ""qerror_without"": 1.635082660670985, ""attribution"": 0.24548713634057795, ""change_kind"": ""mcv_winner_replacement"", ""trace_without"": {""mcv"": [498], ""fd"": [], ""rows"": 421258.8247479437}}","{""candidate"": ""mcv:1262"", ""qerror_with_add"": 1.0715936665659551, ""gain"": 0.3180018577644519, ""useful"": true}"
1,51,query.52,positive,0.013990525293211986,mcv_only,1.3723397198167675,1.3583491945235555,1.0000512957735679,False,0.0,0.0,0.35829789874998763,,S1_no_training_signal,"[107, 928]",[],"[""N6_missing_test_useful""]","{""candidate"": ""mcv:928"", ""qerror_without"": 1.3723397339206547, ""attribution"": 0.013990539397099155, ""change_kind"": ""mcv_consumption_removal"", ""trace_without"": {""mcv"": [107], ""fd"": [], ""rows"": 79195.40425278088}}","{""candidate"": ""fd:115"", ""qerror_with_add"": 1.3464413811589984, ""gain"": 0.011907813364557152, ""useful"": true}"
1,52,query.53,negative,-1.8779987565054057e-08,mcv_only,1.0095864158805332,1.0095864346605208,1.0047072258455236,False,1.8779987565054057e-08,1.8779987565054057e-08,0.004879208814997149,mcv_consumption_removal,S1_no_training_signal,[753],[],"[""N2_harmful_mcv_correction"", ""N6_missing_test_useful""]","{""candidate"": ""mcv:753"", ""qerror_without"": 1.0095864158805332, ""attribution"": -1.8779987565054057e-08, ""change_kind"": ""mcv_consumption_removal"", ""trace_without"": {""mcv"": [], ""fd"": [], ""rows"": 1217704.578822978}}","{""candidate"": ""mcv:655"", ""qerror_with_add"": 1.0047072258455236, ""gain"": 0.004879208814997149, ""useful"": true}"
1,60,query.61,positive,0.15064321744171139,mcv_only,1033.2705344086473,1033.1198911912056,55.509389573535714,True,0.0,0.0,977.6105016176699,,S1_no_training_signal,"[107, 187]",[],"[""N6_missing_test_useful""]","{""candidate"": ""mcv:187"", ""qerror_without"": 1036.5375667282078, ""attribution"": 3.4176755370021965, ""change_kind"": ""mcv_consumption_removal"", ""trace_without"": {""mcv"": [107], ""fd"": [554, 261], ""rows"": 110909.51963991825}}","{""candidate"": ""mcv:29"", ""qerror_with_add"": 55.646097358743084, ""gain"": 977.4737938324625, ""useful"": true}"
1,61,query.62,neutral,0.0,no_extstat_consumption,2093.155099456452,2093.155099456452,2.763929682094142,False,0.0,0.0,2090.391169774358,,S1_no_training_signal,[],[],"[""N6_missing_test_useful""]",null,"{""candidate"": ""mcv:990"", ""qerror_with_add"": 2.767420184646938, ""gain"": 2090.3876792718047, ""useful"": true}"
1,68,query.69,positive,0.11234909814929894,mcv_only,1.3094300552322364,1.1970809570829375,1.1056688409704498,False,0.0,0.0,0.09141211611248767,,S1_no_training_signal,[1730],[],"[""N6_missing_test_useful""]","{""candidate"": ""mcv:1730"", ""qerror_without"": 1.3094300552322364, ""attribution"": 0.11234909814929894, ""change_kind"": ""mcv_consumption_removal"", ""trace_without"": {""mcv"": [], ""fd"": [], ""rows"": 630327.6732514093}}","{""candidate"": ""mcv:1878"", ""qerror_with_add"": 1.1058671263564102, ""gain"": 0.09121383072652733, ""useful"": true}"
1,88,query.89,positive,0.0010268221539979638,mcv_fd_composed,1.0355567636963448,1.0345299415423468,1.0328997303760057,False,0.0,0.0,0.0016302111663411,,S1_no_training_signal,[270],[474],"[""N6_missing_test_useful""]","{""candidate"": ""fd:474"", ""qerror_without"": 1.0348622249014183, ""attribution"": 0.00033228335907153905, ""change_kind"": ""fd_control_change"", ""trace_without"": {""mcv"": [270], ""fd"": [], ""rows"": 578632.5808317552}}","{""candidate"": ""mcv:957"", ""qerror_with_add"": 1.0328997303760057, ""gain"": 0.0016302111663411, ""useful"": true}"
1,95,query.96,positive,0.40668738808460936,mcv_only,1.7361492145166297,1.3294618264320204,1.2786543256814935,False,0.0,0.0,0.05080750075052687,,S1_no_training_signal,"[1452, 1834]",[],"[""N6_missing_test_useful""]","{""candidate"": ""mcv:1452"", ""qerror_without"": 1.3856901942677529, ""attribution"": 0.056228367835732485, ""change_kind"": ""mcv_winner_replacement"", ""trace_without"": {""mcv"": [1463], ""fd"": [], ""rows"": 709115.2149772176}}","{""candidate"": ""mcv:567"", ""qerror_with_add"": 1.3180600385856551, ""gain"": 0.011401787846365252, ""useful"": true}"
1,97,query.98,negative,-7.43091541499652e-05,fd_only,1.2269656106766704,1.2270399198308204,1.0027522902253048,False,7.43091541499652e-05,7.43091541499652e-05,0.22428762960551563,fd_control_change,S1_no_training_signal,[],[145],"[""N3_fd_harmful_correction"", ""N6_missing_test_useful""]","{""candidate"": ""fd:145"", ""qerror_without"": 1.2269656106766704, ""attribution"": -7.43091541499652e-05, ""change_kind"": ""fd_control_change"", ""trace_without"": {""mcv"": [], ""fd"": [], ""rows"": 242735.51462260843}}","{""candidate"": ""mcv:1"", ""qerror_with_add"": 1.0043703559838915, ""gain"": 0.22266956384692893, ""useful"": true}"
1,107,query.108,neutral,0.0,no_extstat_consumption,1.1340459091158797,1.1340459091158797,1.1247737147329921,False,0.0,0.0,0.00927219438288751,,S2_positive_signal_budget_pressure,[],[],"[""N6_missing_test_useful"", ""N7_budget_displacement""]",null,"{""candidate"": ""mcv:630"", ""qerror_with_add"": 1.1280548358568485, ""gain"": 0.005991073259031143, ""useful"": true}"
1,110,query.111,negative,-0.0411103775999504,mcv_only,1.242147694047651,1.2832580716476014,1.0000318627787184,True,0.0411103775999504,0.0411103775999504,0.28322620886888306,mcv_consumption_removal,S1_no_training_signal,"[270, 498, 1057, 1396]",[],"[""N2_harmful_mcv_correction"", ""N4_mcv_to_fd_suppression"", ""N6_missing_test_useful""]","{""candidate"": ""mcv:1057"", ""qerror_without"": 1.1831404461173234, ""attribution"": -0.10011762553027803, ""change_kind"": ""mcv_consumption_removal"", ""trace_without"": {""mcv"": [270, 498, 1396], ""fd"": [], ""rows"": 216043.66653073835}}","{""candidate"": ""mcv:976"", ""qerror_with_add"": 1.023468740452044, ""gain"": 0.25978933119555747, ""useful"": true}"
1,112,query.113,positive,0.11156446889470839,mcv_only,1.2047430258357597,1.0931785569410513,1.0869191414452994,False,0.0,0.0,0.006259415495751819,,S1_no_training_signal,[1303],[],"[""N6_missing_test_useful""]","{""candidate"": ""mcv:1303"", ""qerror_without"": 1.2047430258357597, ""attribution"": 0.11156446889470839, ""change_kind"": ""mcv_consumption_removal"", ""trace_without"": {""mcv"": [], ""fd"": [], ""rows"": 753571.5816323711}}","{""candidate"": ""mcv:981"", ""qerror_with_add"": 1.0869191414452994, ""gain"": 0.006259415495751819, ""useful"": true}"
1,113,query.114,neutral,0.0,no_extstat_consumption,1.071909128836779,1.071909128836779,1.0431158329124932,False,0.0,0.0,0.02879329592428581,,S1_no_training_signal,[],[],"[""N6_missing_test_useful""]",null,"{""candidate"": ""mcv:983"", ""qerror_with_add"": 1.0432192225195305, ""gain"": 0.028689906317248548, ""useful"": true}"
1,117,query.118,negative,-0.41624443878949013,mcv_only,1.0259580139202074,1.4422024527096975,1.0183494398882953,False,0.41624443878949013,0.399462005791549,0.4238530128214022,mcv_consumption_removal,,"[498, 1761]",[],"[""N2_harmful_mcv_correction"", ""N5_multi_statistic_interaction""]","{""candidate"": ""mcv:1761"", ""qerror_without"": 1.0427404469181485, ""attribution"": -0.399462005791549, ""change_kind"": ""mcv_consumption_removal"", ""trace_without"": {""mcv"": [498], ""fd"": [], ""rows"": 334927.18880966236}}","{""candidate"": ""mcv:1686"", ""qerror_with_add"": 1.4422024527096975, ""gain"": 0.0, ""useful"": false}"
1,118,query.119,positive,0.0063833751996758,fd_only,1.1620293834880204,1.1556460082883446,1.0117537730420203,False,0.0,0.0,0.14389223524632433,,S1_no_training_signal,[],[504],"[""N6_missing_test_useful""]","{""candidate"": ""fd:504"", ""qerror_without"": 1.1620293834880204, ""attribution"": 0.0063833751996758, ""change_kind"": ""fd_control_change"", ""trace_without"": {""mcv"": [], ""fd"": [], ""rows"": 51484.06817426812}}","{""candidate"": ""mcv:1793"", ""qerror_with_add"": 1.0249102654607598, ""gain"": 0.13073574282758482, ""useful"": true}"
1,119,query.120,positive,0.45916588953208115,mcv_only,1.5308208192822845,1.0716549297502034,1.0815746909696209,False,0.0,0.0,0.0,,,"[96, 588]",[],[],"{""candidate"": ""mcv:588"", ""qerror_without"": 1.087592504584822, ""attribution"": 0.015937574834618662, ""change_kind"": ""mcv_consumption_removal"", ""trace_without"": {""mcv"": [96], ""fd"": [], ""rows"": 361523.3616715269}}","{""candidate"": ""fd:39"", ""qerror_with_add"": 1.0716549297502034, ""gain"": 0.0, ""useful"": false}"
1,124,query.125,neutral,0.0,no_extstat_consumption,4.6204579103813055,4.6204579103813055,3.88166426440927,False,0.0,0.0,0.7387936459720357,,S1_no_training_signal,[],[],"[""N6_missing_test_useful""]",null,"{""candidate"": ""mcv:1045"", ""qerror_with_add"": 4.042195482941611, ""gain"": 0.5782624274396948, ""useful"": true}"
1,130,query.131,neutral,0.0,no_extstat_consumption,1.0042230470758344,1.0042230470758344,1.0016270558450657,False,0.0,0.0,0.0025959912307687016,,S1_no_training_signal,[],[],"[""N6_missing_test_useful""]",null,"{""candidate"": ""mcv:2189"", ""qerror_with_add"": 1.0016270558450657, ""gain"": 0.0025959912307687016, ""useful"": true}"
1,136,query.137,neutral,0.0,no_extstat_consumption,1.1127066512284944,1.1127066512284944,1.0294826313056757,False,0.0,0.0,0.08322401992281869,,S1_no_training_signal,[],[],"[""N6_missing_test_useful""]",null,"{""candidate"": ""mcv:113"", ""qerror_with_add"": 1.0399449701510362, ""gain"": 0.07276168107745828, ""useful"": true}"
1,145,query.146,neutral,0.0,no_extstat_consumption,1.0021305466145771,1.0021305466145771,1.0021305466145771,False,0.0,0.0,0.0,,,[],[],[],null,null
1,148,query.149,negative,-0.00992943939683566,mcv_only,1.0039055395218255,1.0138349789186611,1.0222631137624285,False,0.00992943939683566,0.006203171997360757,0.0,mcv_consumption_removal,S1_no_training_signal,"[188, 826]",[],"[""N2_harmful_mcv_correction"", ""N5_multi_statistic_interaction"", ""N6_missing_test_useful""]","{""candidate"": ""mcv:188"", ""qerror_without"": 1.0076318069213004, ""attribution"": -0.006203171997360757, ""change_kind"": ""mcv_consumption_removal"", ""trace_without"": {""mcv"": [826], ""fd"": [], ""rows"": 99454.26697493927}}","{""candidate"": ""mcv:1"", ""qerror_with_add"": 1.0100858130644972, ""gain"": 0.0037491658541639605, ""useful"": true}"
1,151,query.152,neutral,0.0,no_extstat_consumption,1.0428991085451242,1.0428991085451242,1.000593746820004,False,0.0,0.0,0.04230536172512034,,S1_no_training_signal,[],[],"[""N6_missing_test_useful""]",null,"{""candidate"": ""mcv:649"", ""qerror_with_add"": 1.0059192883728088, ""gain"": 0.03697982017231549, ""useful"": true}"
1,155,query.156,negative,-0.6427763264940625,mcv_only,1.1544263621152548,1.7972026886093173,1.0722623015323896,False,0.6427763264940625,0.6427763264940625,0.7249403870769278,mcv_consumption_removal,S1_no_training_signal,"[196, 1757]",[],"[""N2_harmful_mcv_correction"", ""N6_missing_test_useful""]","{""candidate"": ""mcv:1757"", ""qerror_without"": 1.1457234754869015, ""attribution"": -0.6514792131224159, ""change_kind"": ""mcv_consumption_removal"", ""trace_without"": {""mcv"": [196], ""fd"": [], ""rows"": 44025.45734568626}}","{""candidate"": ""mcv:1597"", ""qerror_with_add"": 1.7777079397199946, ""gain"": 0.019494748889322677, ""useful"": true}"
1,162,query.163,positive,0.5256026757146082,mcv_fd_composed,1.9141141643633504,1.3885114886487422,1.2396823877236063,False,0.0,0.0,0.1488291009251359,,S1_no_training_signal,"[665, 1815]",[474],"[""N2_harmful_mcv_correction"", ""N6_missing_test_useful""]","{""candidate"": ""mcv:665"", ""qerror_without"": 1.359677511861394, ""attribution"": -0.028833976787348226, ""change_kind"": ""mcv_consumption_removal"", ""trace_without"": {""mcv"": [1815], ""fd"": [474], ""rows"": 263344.7982160208}}","{""candidate"": ""mcv:91"", ""qerror_with_add"": 1.3594337348549121, ""gain"": 0.02907775379383004, ""useful"": true}"
1,170,query.171,negative,-0.3197883053639843,mcv_only,1.007685858226624,1.3274741635906082,1.007685858226624,False,0.3197883053639843,0.3197883053639843,0.3197883053639843,mcv_consumption_removal,,[1536],[],"[""N2_harmful_mcv_correction""]","{""candidate"": ""mcv:1536"", ""qerror_without"": 1.007685858226624, ""attribution"": -0.3197883053639843, ""change_kind"": ""mcv_consumption_removal"", ""trace_without"": {""mcv"": [], ""fd"": [], ""rows"": 66678.57323885571}}",null
1,176,query.177,neutral,0.0,no_extstat_consumption,1.027749167004433,1.027749167004433,1.0162010702629583,False,0.0,0.0,0.011548096741474723,,S1_no_training_signal,[],[],"[""N6_missing_test_useful""]",null,"{""candidate"": ""mcv:1043"", ""qerror_with_add"": 1.016666115417964, ""gain"": 0.01108305158646905, ""useful"": true}"
1,194,query.195,positive,1.9606290335934253,mcv_only,5.411919835195818,3.451290801602393,2.614927220096797,True,0.0,0.0,0.8363635815055961,,S1_no_training_signal,"[40, 173, 420, 623, 838]",[],"[""N1_mcv_winner_replacement"", ""N2_harmful_mcv_correction"", ""N6_missing_test_useful""]","{""candidate"": ""mcv:173"", ""qerror_without"": 3.0728935950439222, ""attribution"": -0.37839720655847087, ""change_kind"": ""mcv_consumption_removal"", ""trace_without"": {""mcv"": [40, 420, 623, 838], ""fd"": [], ""rows"": 1401.2394793400285}}","{""candidate"": ""mcv:172"", ""qerror_with_add"": 3.069659318052624, ""gain"": 0.38163148354976917, ""useful"": true}"
1,195,query.196,negative,-0.012120868987055777,mcv_only,1.2174840587624218,1.2296049277494776,1.0885535687545895,False,0.012120868987055777,0.012120868987055777,0.14105135899488808,mcv_winner_replacement,S1_no_training_signal,"[169, 538, 813]",[],"[""N1_mcv_winner_replacement"", ""N6_missing_test_useful""]","{""candidate"": ""mcv:169"", ""qerror_without"": 1.1095517335339982, ""attribution"": -0.12005319421547944, ""change_kind"": ""mcv_winner_replacement"", ""trace_without"": {""mcv"": [538, 623, 813], ""fd"": [], ""rows"": 479442.85181870824}}","{""candidate"": ""mcv:157"", ""qerror_with_add"": 1.2289539940492118, ""gain"": 0.00065093370026581, ""useful"": true}"
1,199,query.200,negative,-0.02763293640212794,mcv_only,1.6627587960740096,1.6903917324761375,1.076621142493589,False,0.02763293640212794,0.02763293640212794,0.6137705899825485,mcv_consumption_removal,S1_no_training_signal,[2040],[],"[""N2_harmful_mcv_correction"", ""N6_missing_test_useful""]","{""candidate"": ""mcv:2040"", ""qerror_without"": 1.6627587960740096, ""attribution"": -0.02763293640212794, ""change_kind"": ""mcv_consumption_removal"", ""trace_without"": {""mcv"": [], ""fd"": [], ""rows"": 561504.7727935419}}","{""candidate"": ""mcv:217"", ""qerror_with_add"": 1.0945132165755038, ""gain"": 0.5958785159006337, ""useful"": true}"
1,201,query.202,negative,-1.084543730760866,mcv_only,5.329214639770764,6.41375837053163,1.1754692088195342,False,1.084543730760866,1.084543730760866,5.238289161712096,mcv_consumption_removal,S1_no_training_signal,[468],[],"[""N2_harmful_mcv_correction"", ""N6_missing_test_useful""]","{""candidate"": ""mcv:468"", ""qerror_without"": 5.329214639770764, ""attribution"": -1.084543730760866, ""change_kind"": ""mcv_consumption_removal"", ""trace_without"": {""mcv"": [], ""fd"": [], ""rows"": 283333.02553805243}}","{""candidate"": ""mcv:294"", ""qerror_with_add"": 1.188463295977346, ""gain"": 5.225295074554284, ""useful"": true}"
1,206,query.207,positive,0.04047614064969385,mcv_only,1.473201619531143,1.4327254788814492,1.0935639386145946,True,0.0,0.0,0.33916154026685463,,S1_no_training_signal,[1075],[],"[""N6_missing_test_useful""]","{""candidate"": ""mcv:1075"", ""qerror_without"": 1.4959560948164377, ""attribution"": 0.06323061593498847, ""change_kind"": ""mcv_consumption_removal"", ""trace_without"": {""mcv"": [], ""fd"": [22], ""rows"": 947459.3047837063}}","{""candidate"": ""mcv:404"", ""qerror_with_add"": 1.0935639386145946, ""gain"": 0.33916154026685463, ""useful"": true}"
1,212,query.213,negative,-0.0036355974791792978,mcv_only,1.0203229784062897,1.023958575885469,1.0028743667508102,False,0.0036355974791792978,0.0036355974791792978,0.021084209134658805,mcv_consumption_removal,,"[120, 167]",[],"[""N2_harmful_mcv_correction""]","{""candidate"": ""mcv:167"", ""qerror_without"": 1.0203229673923375, ""attribution"": -0.0036356084931314925, ""change_kind"": ""mcv_consumption_removal"", ""trace_without"": {""mcv"": [120], ""fd"": [], ""rows"": 1673661.2372495579}}","{""candidate"": ""mcv:763"", ""qerror_with_add"": 1.023958575885469, ""gain"": 0.0, ""useful"": false}"
1,213,query.214,positive,0.0009717001588860352,mcv_only,1.0384811229717086,1.0375094228128225,1.015117247908123,False,0.0,0.0,0.02239217490469958,,,[251],[],[],"{""candidate"": ""mcv:251"", ""qerror_without"": 1.0384811229717086, ""attribution"": 0.0009717001588860352, ""change_kind"": ""mcv_consumption_removal"", ""trace_without"": {""mcv"": [], ""fd"": [], ""rows"": 1583602.7110042637}}","{""candidate"": ""mcv:949"", ""qerror_with_add"": 1.0375094228128225, ""gain"": 0.0, ""useful"": false}"
1,216,query.217,positive,0.0038433292445596567,mcv_only,1.0443104657763111,1.0404671365317515,1.0192753432069277,False,0.0,0.0,0.021191793324823793,,,[68],[],[],"{""candidate"": ""mcv:68"", ""qerror_without"": 1.0443104657763111, ""attribution"": 0.0038433292445596567, ""change_kind"": ""mcv_consumption_removal"", ""trace_without"": {""mcv"": [], ""fd"": [], ""rows"": 1524921.9960811043}}","{""candidate"": ""mcv:245"", ""qerror_with_add"": 1.0404671365317515, ""gain"": 0.0, ""useful"": false}"
1,221,query.222,positive,6.450737943808349e-09,mcv_only,1.0784914004187585,1.0784913939680205,1.0438444509054676,False,0.0,0.0,0.03464694306255289,,S1_no_training_signal,[714],[],"[""N6_missing_test_useful""]","{""candidate"": ""mcv:714"", ""qerror_without"": 1.0784914004187585, ""attribution"": 6.450737943808349e-09, ""change_kind"": ""mcv_consumption_removal"", ""trace_without"": {""mcv"": [], ""fd"": [], ""rows"": 1512218.8265634251}}","{""candidate"": ""mcv:217"", ""qerror_with_add"": 1.0784913892304797, ""gain"": 4.737540804100604e-09, ""useful"": true}"
1,224,query.225,positive,0.056870115015918765,mcv_only,1.0666553254548148,1.009785210438896,1.009785210438896,False,0.0,0.0,0.0,,,[973],[],[],"{""candidate"": ""mcv:973"", ""qerror_without"": 1.0666553254548148, ""attribution"": 0.056870115015918765, ""change_kind"": ""mcv_consumption_removal"", ""trace_without"": {""mcv"": [], ""fd"": [], ""rows"": 1175505.3681068276}}",null
1,228,query.229,positive,2.076571526103212,mcv_only,22.249925014884752,20.17335348878154,13.277840579429482,False,0.0,0.0,6.895512909352059,,S1_no_training_signal,"[86, 291]",[],"[""N1_mcv_winner_replacement"", ""N6_missing_test_useful""]","{""candidate"": ""mcv:86"", ""qerror_without"": 17.81972065442645, ""attribution"": -2.353632834355089, ""change_kind"": ""mcv_winner_replacement"", ""trace_without"": {""mcv"": [291, 754, 1473], ""fd"": [], ""rows"": 179890.08000643502}}","{""candidate"": ""mcv:60"", ""qerror_with_add"": 13.406519573517171, ""gain"": 6.766833915264369, ""useful"": true}"
1,230,query.231,negative,-8.08603539681485e-09,mcv_only,1.3332313236025437,1.333231331688579,1.058622133315712,False,8.08603539681485e-09,8.08603539681485e-09,0.2746091983728671,mcv_winner_replacement,S1_no_training_signal,[928],[],"[""N1_mcv_winner_replacement"", ""N6_missing_test_useful""]","{""candidate"": ""mcv:928"", ""qerror_without"": 1.3126890322839526, ""attribution"": -0.020542299404626485, ""change_kind"": ""mcv_winner_replacement"", ""trace_without"": {""mcv"": [937], ""fd"": [], ""rows"": 818117.687102586}}","{""candidate"": ""mcv:502"", ""qerror_with_add"": 1.0636812918153786, ""gain"": 0.2695500398732005, ""useful"": true}"
1,235,query.236,negative,-0.004200653228801254,mcv_only,1.1124407663740459,1.1166414196028471,1.003624894137303,True,0.004200653228801254,0.004038440366834761,0.1130165254655442,mcv_consumption_removal,S1_no_training_signal,"[187, 1044]",[],"[""N2_harmful_mcv_correction"", ""N4_mcv_to_fd_suppression"", ""N5_multi_statistic_interaction"", ""N6_missing_test_useful""]","{""candidate"": ""mcv:1044"", ""qerror_without"": 1.1126029792360124, ""attribution"": -0.004038440366834761, ""change_kind"": ""mcv_consumption_removal"", ""trace_without"": {""mcv"": [187], ""fd"": [], ""rows"": 577279.5974724375}}","{""candidate"": ""mcv:1842"", ""qerror_with_add"": 1.0120743403334698, ""gain"": 0.10456707926937736, ""useful"": true}"
1,241,query.242,neutral,0.0,no_extstat_consumption,1.1247139287885473,1.1247139287885473,1.0388513661174146,False,0.0,0.0,0.08586256267113268,,S1_no_training_signal,[],[],"[""N6_missing_test_useful""]",null,"{""candidate"": ""mcv:1552"", ""qerror_with_add"": 1.0405694167136113, ""gain"": 0.084144512074936, ""useful"": true}"
1,245,query.246,positive,0.39333550913380866,mcv_only,2.2415033307273027,1.848167821593494,1.8146302020928027,False,0.0,0.0,0.03353761950069134,,S1_no_training_signal,"[4, 68]",[],"[""N6_missing_test_useful""]","{""candidate"": ""mcv:68"", ""qerror_without"": 1.8684200592787517, ""attribution"": 0.020252237685257635, ""change_kind"": ""mcv_winner_replacement"", ""trace_without"": {""mcv"": [4, 644], ""fd"": [], ""rows"": 66868.88550152724}}","{""candidate"": ""mcv:389"", ""qerror_with_add"": 1.7894488961627553, ""gain"": 0.058718925430738755, ""useful"": true}"
1,249,query.250,neutral,0.0,no_extstat_consumption,1.447648753420555,1.447648753420555,1.0647232608754336,False,0.0,0.0,0.38292549254512154,,S1_no_training_signal,[],[],"[""N6_missing_test_useful""]",null,"{""candidate"": ""mcv:1518"", ""qerror_with_add"": 1.064927374184893, ""gain"": 0.3827213792356621, ""useful"": true}"
1,253,query.254,negative,-0.3392410130987349,mcv_only,2.1499260341027,2.489167047201435,1.2199082809597532,False,0.3392410130987349,0.3392410130987349,1.2692587662416817,mcv_consumption_removal,S1_no_training_signal,[830],[],"[""N2_harmful_mcv_correction"", ""N6_missing_test_useful""]","{""candidate"": ""mcv:830"", ""qerror_without"": 2.1499260341027, ""attribution"": -0.3392410130987349, ""change_kind"": ""mcv_consumption_removal"", ""trace_without"": {""mcv"": [], ""fd"": [], ""rows"": 132538.51317676928}}","{""candidate"": ""mcv:794"", ""qerror_with_add"": 1.4267976742848314, ""gain"": 1.0623693729166035, ""useful"": true}"
1,255,query.256,neutral,0.0,no_extstat_consumption,1.202963300226407,1.202963300226407,1.0124502292922513,False,0.0,0.0,0.19051307093415581,,S1_no_training_signal,[],[],"[""N6_missing_test_useful""]",null,"{""candidate"": ""mcv:1252"", ""qerror_with_add"": 1.0124502292922513, ""gain"": 0.19051307093415581, ""useful"": true}"
1,256,query.257,positive,0.08887433702538017,fd_only,1.089711304083632,1.0008369670582518,1.0038003288478303,False,0.0,0.0,0.0,,S1_no_training_signal,[],[581],"[""N6_missing_test_useful""]","{""candidate"": ""fd:581"", ""qerror_without"": 1.089711304083632, ""attribution"": 0.08887433702538017, ""change_kind"": ""fd_control_change"", ""trace_without"": {""mcv"": [], ""fd"": [], ""rows"": 507174.6965722804}}","{""candidate"": ""mcv:318"", ""qerror_with_add"": 1.0008369502804146, ""gain"": 1.677783711961922e-08, ""useful"": true}"
1,258,query.259,negative,-0.1751782555301702,mcv_only,2.1403758785806284,2.3155541341107986,1.033004680221387,False,0.1751782555301702,0.17497870703096252,1.2825494538894116,mcv_consumption_removal,,"[166, 439, 829]",[],"[""N2_harmful_mcv_correction"", ""N5_multi_statistic_interaction""]","{""candidate"": ""mcv:166"", ""qerror_without"": 2.140575427079836, ""attribution"": -0.17497870703096252, ""change_kind"": ""mcv_consumption_removal"", ""trace_without"": {""mcv"": [439, 829], ""fd"": [], ""rows"": 173797.60007546603}}","{""candidate"": ""mcv:450"", ""qerror_with_add"": 2.3155541341107986, ""gain"": 0.0, ""useful"": false}"
1,259,query.260,neutral,0.0,no_extstat_consumption,1.0734970792740468,1.0734970792740468,1.0031150661180837,False,0.0,0.0,0.07038201315596315,,S2_positive_signal_budget_pressure,[],[],"[""N6_missing_test_useful"", ""N7_budget_displacement""]",null,"{""candidate"": ""mcv:1151"", ""qerror_with_add"": 1.0031150661180837, ""gain"": 0.07038201315596315, ""useful"": true}"
1,270,query.271,negative,-0.01151078242899839,mcv_only,1.1977004608502833,1.2092112432792816,1.0020676361373737,False,0.01151078242899839,0.01151078242899839,0.20714360714190794,mcv_consumption_removal,S1_no_training_signal,[1055],[],"[""N2_harmful_mcv_correction"", ""N6_missing_test_useful""]","{""candidate"": ""mcv:1055"", ""qerror_without"": 1.1977004608502833, ""attribution"": -0.01151078242899839, ""change_kind"": ""mcv_consumption_removal"", ""trace_without"": {""mcv"": [], ""fd"": [], ""rows"": 524879.150128826}}","{""candidate"": ""mcv:1203"", ""qerror_with_add"": 1.00625083962053, ""gain"": 0.20296040365875156, ""useful"": true}"
1,277,query.278,neutral,0.0,no_extstat_consumption,1.0038456376208946,1.0038456376208946,1.0003594693425344,False,0.0,0.0,0.0034861682783602355,,S1_no_training_signal,[],[],"[""N6_missing_test_useful""]",null,"{""candidate"": ""mcv:1039"", ""qerror_with_add"": 1.00092579806878, ""gain"": 0.0029198395521146114, ""useful"": true}"
1,283,query.284,positive,0.006131738552523025,mcv_fd_composed,1.0073501000300729,1.0012183614775498,1.000635261038703,False,0.0,0.0,0.0005831004388467953,,S1_no_training_signal,[809],[280],"[""N6_missing_test_useful""]","{""candidate"": ""fd:280"", ""qerror_without"": 1.0016308038578967, ""attribution"": 0.00041244238034687797, ""change_kind"": ""fd_control_change"", ""trace_without"": {""mcv"": [809], ""fd"": [], ""rows"": 1150923.070216948}}","{""candidate"": ""mcv:1503"", ""qerror_with_add"": 1.000635261038703, ""gain"": 0.0005831004388467953, ""useful"": true}"
1,284,query.285,positive,0.11962545271615,mcv_only,40.54307144471822,40.42344599200207,10.647059138524535,False,0.0,0.0,29.77638685347754,,S1_no_training_signal,[743],[],"[""N1_mcv_winner_replacement"", ""N6_missing_test_useful""]","{""candidate"": ""mcv:743"", ""qerror_without"": 37.56554464217713, ""attribution"": -2.8579013498249424, ""change_kind"": ""mcv_winner_replacement"", ""trace_without"": {""mcv"": [1558], ""fd"": [], ""rows"": 65814.83421309433}}","{""candidate"": ""mcv:65"", ""qerror_with_add"": 12.78311140014116, ""gain"": 27.640334591860913, ""useful"": true}"
1,291,query.292,neutral,0.0,no_extstat_consumption,1.0957439444537822,1.0957439444537822,1.0098319569797136,False,0.0,0.0,0.08591198747406859,,S1_no_training_signal,[],[],"[""N6_missing_test_useful""]",null,"{""candidate"": ""mcv:869"", ""qerror_with_add"": 1.0098319569797136, ""gain"": 0.08591198747406859, ""useful"": true}"
1,300,query.301,negative,-0.003663796999111124,mcv_fd_composed,1.4858661906034623,1.4895299876025734,1.0020878485092568,False,0.003663796999111124,0.003663796999111124,0.4874421390933166,mcv_consumption_removal,S1_no_training_signal,[1396],[219],"[""N2_harmful_mcv_correction"", ""N6_missing_test_useful""]","{""candidate"": ""mcv:1396"", ""qerror_without"": 1.4570898932258352, ""attribution"": -0.03244009437673823, ""change_kind"": ""mcv_consumption_removal"", ""trace_without"": {""mcv"": [], ""fd"": [219], ""rows"": 111805.73055745596}}","{""candidate"": ""mcv:2142"", ""qerror_with_add"": 1.0487076826038113, ""gain"": 0.44082230499876207, ""useful"": true}"
1,301,query.302,positive,4.439707135261983e-08,mcv_only,1.11362438439246,1.1136243399953887,1.0045886451115962,False,0.0,0.0,0.1090356948837925,,S1_no_training_signal,[2066],[],"[""N6_missing_test_useful""]","{""candidate"": ""mcv:2066"", ""qerror_without"": 1.11362438439246, ""attribution"": 4.439707135261983e-08, ""change_kind"": ""mcv_consumption_removal"", ""trace_without"": {""mcv"": [], ""fd"": [], ""rows"": 372326.61731469113}}","{""candidate"": ""mcv:1653"", ""qerror_with_add"": 1.0045886451115962, ""gain"": 0.1090356948837925, ""useful"": true}"
1,302,query.303,negative,-0.2897287008116287,mcv_fd_composed,1.4929615219483394,1.7826902227599681,1.048764944119097,False,0.2897287008116287,0.2897287008116287,0.7339252786408712,mcv_winner_replacement,S1_no_training_signal,"[357, 829]",[93],"[""N1_mcv_winner_replacement"", ""N2_harmful_mcv_correction"", ""N6_missing_test_useful""]","{""candidate"": ""mcv:357"", ""qerror_without"": 1.2029012626774722, ""attribution"": -0.5797889600824959, ""change_kind"": ""mcv_winner_replacement"", ""trace_without"": {""mcv"": [361], ""fd"": [93], ""rows"": 369700.33517974505}}","{""candidate"": ""mcv:1935"", ""qerror_with_add"": 1.7195435639847914, ""gain"": 0.06314665877517678, ""useful"": true}"
1,311,query.312,positive,0.022962487517954155,mcv_only,1.2290756226668749,1.2061131351489207,1.2061131351489207,True,0.0,0.0,0.0,,,[1117],[],[],"{""candidate"": ""mcv:1117"", ""qerror_without"": 1.2323278538214768, ""attribution"": 0.026214718672556092, ""change_kind"": ""mcv_consumption_removal"", ""trace_without"": {""mcv"": [], ""fd"": [172], ""rows"": 571413.1732270652}}",null
1,322,query.323,neutral,0.0,no_extstat_consumption,1.0008026023682268,1.0008026023682268,1.0008026023682268,False,0.0,0.0,0.0,,,[],[],[],null,null
1,328,query.329,negative,-0.005066668729319046,mcv_only,1.59221085157195,1.597277520301269,1.1718622177367444,True,0.005066668729319046,0.005066668729319046,0.42541530256452464,mcv_consumption_removal,S1_no_training_signal,"[1135, 1316, 1595]",[],"[""N1_mcv_winner_replacement"", ""N2_harmful_mcv_correction"", ""N6_missing_test_useful""]","{""candidate"": ""mcv:1135"", ""qerror_without"": 1.5874339012464067, ""attribution"": -0.009843619054862307, ""change_kind"": ""mcv_consumption_removal"", ""trace_without"": {""mcv"": [1316, 1595], ""fd"": [], ""rows"": 555451.1588215937}}","{""candidate"": ""mcv:599"", ""qerror_with_add"": 1.2372511524125993, ""gain"": 0.3600263678886697, ""useful"": true}"
1,332,query.333,negative,-0.004728646229317235,fd_only,1.0063127327468966,1.0110413789762138,1.0002132537485553,False,0.004728646229317235,0.004728646229317235,0.010828125227658525,fd_control_change,S1_no_training_signal,[],[127],"[""N3_fd_harmful_correction"", ""N6_missing_test_useful""]","{""candidate"": ""fd:127"", ""qerror_without"": 1.0063127327468966, ""attribution"": -0.004728646229317235, ""change_kind"": ""fd_control_change"", ""trace_without"": {""mcv"": [], ""fd"": [], ""rows"": 1836975.590618288}}","{""candidate"": ""mcv:318"", ""qerror_with_add"": 1.0002132537485553, ""gain"": 0.010828125227658525, ""useful"": true}"
1,333,query.334,negative,-0.03655801814100568,mcv_only,1.0370219129670444,1.07357993110805,1.009329485825571,False,0.03655801814100568,0.03655801814100568,0.06425044528247903,mcv_consumption_removal,S1_no_training_signal,[385],[],"[""N2_harmful_mcv_correction"", ""N6_missing_test_useful""]","{""candidate"": ""mcv:385"", ""qerror_without"": 1.0370219129670444, ""attribution"": -0.03655801814100568, ""change_kind"": ""mcv_consumption_removal"", ""trace_without"": {""mcv"": [], ""fd"": [], ""rows"": 1226342.4563145319}}","{""candidate"": ""mcv:256"", ""qerror_with_add"": 1.0106689148425427, ""gain"": 0.06291101626550732, ""useful"": true}"
1,340,query.341,positive,5.420755866403226e-08,mcv_only,1.1015684014619207,1.101568347254362,1.009412905686775,False,0.0,0.0,0.09215544156758693,,S1_no_training_signal,[751],[],"[""N6_missing_test_useful""]","{""candidate"": ""mcv:751"", ""qerror_without"": 1.1015684014619207, ""attribution"": 5.420755866403226e-08, ""change_kind"": ""mcv_consumption_removal"", ""trace_without"": {""mcv"": [], ""fd"": [], ""rows"": 1196700.993102669}}","{""candidate"": ""mcv:409"", ""qerror_with_add"": 1.0108452755409072, ""gain"": 0.09072307171345484, ""useful"": true}"
1,343,query.344,negative,-0.0005135459368486028,mcv_only,1.0081147982198764,1.008628344156725,1.007777303001775,False,0.0005135459368486028,0.0005135459368486028,0.0008510411549500496,mcv_consumption_removal,,[96],[],"[""N2_harmful_mcv_correction""]","{""candidate"": ""mcv:96"", ""qerror_without"": 1.0081147982198764, ""attribution"": -0.0005135459368486028, ""change_kind"": ""mcv_consumption_removal"", ""trace_without"": {""mcv"": [], ""fd"": [], ""rows"": 1148336.4811668084}}","{""candidate"": ""mcv:2104"", ""qerror_with_add"": 1.008628344156725, ""gain"": 0.0, ""useful"": false}"
1,346,query.347,negative,-0.0025697357897906947,mcv_only,1.3539449350824526,1.3565146708722433,1.175628880412408,False,0.0025697357897906947,0.0025697357897906947,0.18088579045983533,mcv_consumption_removal,S1_no_training_signal,[1870],[],"[""N2_harmful_mcv_correction"", ""N6_missing_test_useful""]","{""candidate"": ""mcv:1870"", ""qerror_without"": 1.3539449350824526, ""attribution"": -0.0025697357897906947, ""change_kind"": ""mcv_consumption_removal"", ""trace_without"": {""mcv"": [], ""fd"": [], ""rows"": 320118.6167812846}}","{""candidate"": ""mcv:405"", ""qerror_with_add"": 1.1809823024853836, ""gain"": 0.1755323683868597, ""useful"": true}"
1,351,query.352,positive,0.05224452698125415,mcv_only,1.0764619517830893,1.0242174248018352,1.003152938589743,False,0.0,0.0,0.021064486212092115,,S1_no_training_signal,"[107, 1561]",[],"[""N6_missing_test_useful""]","{""candidate"": ""mcv:1561"", ""qerror_without"": 1.0764619139268592, ""attribution"": 0.052244489125023996, ""change_kind"": ""mcv_consumption_removal"", ""trace_without"": {""mcv"": [107], ""fd"": [], ""rows"": 128717.97711313596}}","{""candidate"": ""fd:124"", ""qerror_with_add"": 1.0227476542551164, ""gain"": 0.0014697705467188182, ""useful"": true}"
1,356,query.357,neutral,0.0,no_extstat_consumption,3.6265040578939036,3.6265040578939036,1.2586160711168737,False,0.0,0.0,2.36788798677703,,S2_positive_signal_budget_pressure,[],[],"[""N6_missing_test_useful"", ""N7_budget_displacement""]",null,"{""candidate"": ""mcv:190"", ""qerror_with_add"": 1.2635634149665007, ""gain"": 2.362940642927403, ""useful"": true}"
1,364,query.365,positive,0.01112801309187117,mcv_only,1.018068652513517,1.0069406394216458,1.0173842213509767,False,0.0,0.0,0.0,,,[120],[],[],"{""candidate"": ""mcv:120"", ""qerror_without"": 1.0180686938439463, ""attribution"": 0.01112805442230047, ""change_kind"": ""mcv_winner_replacement"", ""trace_without"": {""mcv"": [1581], ""fd"": [], ""rows"": 1732596.1343435445}}","{""candidate"": ""mcv:1884"", ""qerror_with_add"": 1.0069406394216458, ""gain"": 0.0, ""useful"": false}"
1,369,query.370,positive,0.2718593863681018,mcv_only,1.3084155111396887,1.0365561247715869,1.0013887435334914,False,0.0,0.0,0.035167381238095485,,,"[40, 674]",[],"[""N2_harmful_mcv_correction""]","{""candidate"": ""mcv:40"", ""qerror_without"": 1.0273903301508658, ""attribution"": -0.00916579462072109, ""change_kind"": ""mcv_consumption_removal"", ""trace_without"": {""mcv"": [674], ""fd"": [], ""rows"": 102395.35735610052}}","{""candidate"": ""mcv:985"", ""qerror_with_add"": 1.0365561247715869, ""gain"": 0.0, ""useful"": false}"
1,370,query.371,negative,-1.1969887969698334e-08,mcv_only,1.491816060442546,1.491816072412434,1.000770290500712,False,1.1969887969698334e-08,0.0,0.491045781911722,N6_missing_benefit_without_harmful_presence,S2_positive_signal_budget_pressure,[182],[],"[""N5_multi_statistic_interaction"", ""N6_missing_test_useful"", ""N7_budget_displacement""]","{""candidate"": ""mcv:182"", ""qerror_without"": 1.7638476101400118, ""attribution"": 0.2720315377275777, ""change_kind"": ""mcv_winner_replacement"", ""trace_without"": {""mcv"": [362, 960], ""fd"": [], ""rows"": 228977.40520554592}}","{""candidate"": ""mcv:190"", ""qerror_with_add"": 1.2030636226433835, ""gain"": 0.28875244976905057, ""useful"": true}"
1,371,query.372,positive,0.8691467803245616,mcv_only,3.6822074211072833,2.8130606407827217,2.65447850173719,False,0.0,0.0,0.15858213904553153,,S1_no_training_signal,[385],[],"[""N6_missing_test_useful""]","{""candidate"": ""mcv:385"", ""qerror_without"": 3.6673453761480515, ""attribution"": 0.8542847353653298, ""change_kind"": ""mcv_winner_replacement"", ""trace_without"": {""mcv"": [674], ""fd"": [], ""rows"": 84930.37007797378}}","{""candidate"": ""mcv:781"", ""qerror_with_add"": 2.7954553731779823, ""gain"": 0.01760526760473935, ""useful"": true}"
1,380,query.381,positive,16.055884072827293,mcv_only,30.090103248654234,14.03421917582694,5.041156448663562,False,0.0,0.0,8.993062727163379,,S1_no_training_signal,"[4, 174, 1055]",[],"[""N6_missing_test_useful""]","{""candidate"": ""mcv:1055"", ""qerror_without"": 14.03421928012662, ""attribution"": 1.042996800038054e-07, ""change_kind"": ""mcv_consumption_removal"", ""trace_without"": {""mcv"": [4, 174], ""fd"": [], ""rows"": 12546.5920364332}}","{""candidate"": ""mcv:314"", ""qerror_with_add"": 14.010337220520887, ""gain"": 0.02388195530605408, ""useful"": true}"
1,389,query.390,positive,0.20641258317531141,mcv_fd_composed,1.9122304451748624,1.705817861999551,1.3641620186917736,True,0.0,0.0,0.34165584330777743,,S1_no_training_signal,[310],[619],"[""N6_missing_test_useful""]","{""candidate"": ""fd:619"", ""qerror_without"": 1.7132618898459224, ""attribution"": 0.007444027846371437, ""change_kind"": ""fd_control_change"", ""trace_without"": {""mcv"": [310], ""fd"": [], ""rows"": 26345.651104198245}}","{""candidate"": ""mcv:987"", ""qerror_with_add"": 1.5974923640940135, ""gain"": 0.10832549790553747, ""useful"": true}"
1,390,query.391,neutral,0.0,no_extstat_consumption,1.0077420880978063,1.0077420880978063,1.007131956468327,False,0.0,0.0,0.0006101316294793158,,S1_no_training_signal,[],[],"[""N6_missing_test_useful""]",null,"{""candidate"": ""fd:404"", ""qerror_with_add"": 1.0071693167140583, ""gain"": 0.0005727713837480053, ""useful"": true}"
1,391,query.392,positive,0.14863015689208492,mcv_only,1.5345061502088913,1.3858759933168063,1.4115814439105618,True,0.0,0.0,0.0,,S1_no_training_signal,"[4, 336, 1730]",[],"[""N2_harmful_mcv_correction"", ""N6_missing_test_useful""]","{""candidate"": ""mcv:1730"", ""qerror_without"": 1.266967833485883, ""attribution"": -0.1189081598309234, ""change_kind"": ""mcv_consumption_removal"", ""trace_without"": {""mcv"": [4, 336], ""fd"": [], ""rows"": 157275.05200977006}}","{""candidate"": ""mcv:1159"", ""qerror_with_add"": 1.3244079480672697, ""gain"": 0.06146804524953664, ""useful"": true}"
1,392,query.393,positive,0.006167074983077336,mcv_only,1.1452765790677444,1.139109504084667,1.0864868198511075,False,0.0,0.0,0.052622684233559536,,S1_no_training_signal,"[188, 251, 523]",[],"[""N2_harmful_mcv_correction"", ""N6_missing_test_useful""]","{""candidate"": ""mcv:188"", ""qerror_without"": 1.131022138241888, ""attribution"": -0.008087365842779137, ""change_kind"": ""mcv_consumption_removal"", ""trace_without"": {""mcv"": [251, 523], ""fd"": [], ""rows"": 311579.6337535665}}","{""candidate"": ""mcv:104"", ""qerror_with_add"": 1.1363079355697272, ""gain"": 0.002801568514939845, ""useful"": true}"
1,403,query.404,negative,-0.14412547802764797,mcv_only,1.1797785926277689,1.3239040706554168,1.002198756360666,False,0.14412547802764797,0.14412547802764797,0.3217053142947508,mcv_winner_replacement,,"[469, 498]",[],"[""N1_mcv_winner_replacement"", ""N2_harmful_mcv_correction""]","{""candidate"": ""mcv:498"", ""qerror_without"": 1.0623356406603868, ""attribution"": -0.26156842999503005, ""change_kind"": ""mcv_winner_replacement"", ""trace_without"": {""mcv"": [469, 1263], ""fd"": [], ""rows"": 177435.44769224158}}","{""candidate"": ""mcv:787"", ""qerror_with_add"": 1.3239040706554168, ""gain"": 0.0, ""useful"": false}"
1,410,query.411,neutral,0.0,no_extstat_consumption,1.0180391478284125,1.0180391478284125,1.0069237557026924,False,0.0,0.0,0.011115392125720103,,S1_no_training_signal,[],[],"[""N6_missing_test_useful""]",null,"{""candidate"": ""mcv:1845"", ""qerror_with_add"": 1.0069237557026924, ""gain"": 0.011115392125720103, ""useful"": true}"
1,423,query.424,positive,0.0703910848975784,mcv_fd_composed,1.2594802714542155,1.189089186556637,1.1329735950354105,False,0.0,0.0,0.05611559152122658,,S1_no_training_signal,[1918],[0],"[""N6_missing_test_useful""]","{""candidate"": ""fd:0"", ""qerror_without"": 1.2190190243994714, ""attribution"": 0.029929837842834317, ""change_kind"": ""fd_control_change"", ""trace_without"": {""mcv"": [1918], ""fd"": [], ""rows"": 731918.8479765836}}","{""candidate"": ""mcv:239"", ""qerror_with_add"": 1.1392542177589844, ""gain"": 0.0498349687976527, ""useful"": true}"
1,427,query.428,neutral,0.0,no_extstat_consumption,3.0544137635497837,3.0544137635497837,1.078038289910736,False,0.0,0.0,1.9763754736390478,,S1_no_training_signal,[],[],"[""N6_missing_test_useful""]",null,"{""candidate"": ""mcv:192"", ""qerror_with_add"": 1.8033460718594443, ""gain"": 1.2510676916903394, ""useful"": true}"
1,431,query.432,neutral,0.0,no_extstat_consumption,1.0091367556178457,1.0091367556178457,1.0068500596147445,False,0.0,0.0,0.002286696003101163,,S1_no_training_signal,[],[],"[""N6_missing_test_useful""]",null,"{""candidate"": ""mcv:450"", ""qerror_with_add"": 1.0067502744212184, ""gain"": 0.0023864811966272104, ""useful"": true}"
1,433,query.434,negative,-0.002071784923362685,mcv_only,1.317122807102798,1.3191945920261607,1.0149027535363175,False,0.002071784923362685,0.002071784923362685,0.3042918384898432,mcv_winner_replacement,S1_no_training_signal,[926],[],"[""N1_mcv_winner_replacement"", ""N6_missing_test_useful""]","{""candidate"": ""mcv:926"", ""qerror_without"": 1.0126600245659592, ""attribution"": -0.3065345674602016, ""change_kind"": ""mcv_winner_replacement"", ""trace_without"": {""mcv"": [1377], ""fd"": [], ""rows"": 819250.2714379271}}","{""candidate"": ""mcv:526"", ""qerror_with_add"": 1.0149027535363175, ""gain"": 0.3042918384898432, ""useful"": true}"
1,438,query.439,positive,0.17546593604302974,mcv_only,2.7492500783933123,2.5737841423502825,1.7696562898182495,False,0.0,0.0,0.804127852532033,,S1_no_training_signal,"[226, 336, 809]",[],"[""N1_mcv_winner_replacement"", ""N6_missing_test_useful""]","{""candidate"": ""mcv:226"", ""qerror_without"": 2.528864604765385, ""attribution"": -0.04491953758489764, ""change_kind"": ""mcv_winner_replacement"", ""trace_without"": {""mcv"": [336, 714, 809], ""fd"": [], ""rows"": 56786.74917169914}}","{""candidate"": ""mcv:59"", ""qerror_with_add"": 1.915651226417412, ""gain"": 0.6581329159328706, ""useful"": true}"
1,449,query.450,neutral,0.0,no_extstat_consumption,1.1600652728472687,1.1600652728472687,1.1272091853003252,False,0.0,0.0,0.03285608754694347,,S1_no_training_signal,[],[],"[""N6_missing_test_useful""]",null,"{""candidate"": ""mcv:112"", ""qerror_with_add"": 1.1272091853003252, ""gain"": 0.03285608754694347, ""useful"": true}"
1,458,query.459,negative,-0.02489184473952588,mcv_only,1.1088389199265893,1.1337307646661152,1.006146123656693,False,0.02489184473952588,0.0,0.12758464100942213,N8_unresolved,,"[68, 270]",[],"[""N5_multi_statistic_interaction""]","{""candidate"": ""mcv:68"", ""qerror_without"": 1.135814444918648, ""attribution"": 0.0020836802525328046, ""change_kind"": ""mcv_consumption_removal"", ""trace_without"": {""mcv"": [270], ""fd"": [], ""rows"": 221101.25568792797}}","{""candidate"": ""mcv:1079"", ""qerror_with_add"": 1.1337307646661152, ""gain"": 0.0, ""useful"": false}"
1,459,query.460,neutral,0.0,no_extstat_consumption,1.133148066641347,1.133148066641347,1.1126234421899341,False,0.0,0.0,0.020524624451412787,,S1_no_training_signal,[],[],"[""N6_missing_test_useful""]",null,"{""candidate"": ""mcv:1618"", ""qerror_with_add"": 1.1049233616857685, ""gain"": 0.028224704955578384, ""useful"": true}"
1,463,query.464,neutral,0.0,no_extstat_consumption,1.6257160114104519,1.6257160114104519,1.200818054217418,False,0.0,0.0,0.4248979571930338,,S2_positive_signal_budget_pressure,[],[],"[""N6_missing_test_useful"", ""N7_budget_displacement""]",null,"{""candidate"": ""mcv:1325"", ""qerror_with_add"": 1.2427243482444783, ""gain"": 0.38299166316597355, ""useful"": true}"
1,464,query.465,positive,2147.2404167444624,mcv_fd_composed,2350.4016739302833,203.16125718582094,31.627542604702704,True,0.0,0.0,171.53371458111823,,S1_no_training_signal,"[188, 530]","[488, 118]","[""N3_fd_harmful_correction"", ""N6_missing_test_useful""]","{""candidate"": ""fd:488"", ""qerror_without"": 186.5918942967976, ""attribution"": -16.569362889023353, ""change_kind"": ""fd_control_change"", ""trace_without"": {""mcv"": [188, 530], ""fd"": [118], ""rows"": 5411.16493460713}}","{""candidate"": ""mcv:908"", ""qerror_with_add"": 182.9394756931035, ""gain"": 20.22178149271744, ""useful"": true}"
2,12,query.13,neutral,0.0,no_extstat_consumption,2.8819149052315103,2.8819149052315103,1.6399730549079699,False,0.0,0.0,1.2419418503235404,,S1_no_training_signal,[],[],"[""N6_missing_test_useful""]",null,"{""candidate"": ""mcv:841"", ""qerror_with_add"": 2.1058152706995106, ""gain"": 0.7760996345319997, ""useful"": true}"
2,14,query.15,positive,0.16978669487189757,mcv_only,2.060903518666446,1.8911168237945484,1.388643139853805,False,0.0,0.0,0.5024736839407433,,,"[34, 396]",[],[],"{""candidate"": ""mcv:396"", ""qerror_without"": 1.8960431603333703, ""attribution"": 0.004926336538821907, ""change_kind"": ""mcv_consumption_removal"", ""trace_without"": {""mcv"": [34], ""fd"": [], ""rows"": 124418.05383719363}}","{""candidate"": ""mcv:2053"", ""qerror_with_add"": 1.8911168237945484, ""gain"": 0.0, ""useful"": false}"
2,18,query.19,positive,0.0004903366635937711,mcv_only,1.0784746224428328,1.077984285779239,1.0643572790318012,False,0.0,0.0,0.013627006747437775,,S1_no_training_signal,[109],[],"[""N6_missing_test_useful""]","{""candidate"": ""mcv:109"", ""qerror_without"": 1.0784746224428328, ""attribution"": 0.0004903366635937711, ""change_kind"": ""mcv_consumption_removal"", ""trace_without"": {""mcv"": [], ""fd"": [], ""rows"": 786707.3335110161}}","{""candidate"": ""mcv:1388"", ""qerror_with_add"": 1.063873346635643, ""gain"": 0.014110939143596068, ""useful"": true}"
2,28,query.29,negative,-0.02307639222354907,fd_only,1.0072189013134303,1.0302952935369794,1.0018834430466868,False,0.02307639222354907,0.015671468483985818,0.0284118504902926,fd_control_change,S1_no_training_signal,[],"[195, 22]","[""N3_fd_harmful_correction"", ""N5_multi_statistic_interaction"", ""N6_missing_test_useful""]","{""candidate"": ""fd:22"", ""qerror_without"": 1.0146238250529935, ""attribution"": -0.015671468483985818, ""change_kind"": ""fd_control_change"", ""trace_without"": {""mcv"": [], ""fd"": [195], ""rows"": 1263916.898868514}}","{""candidate"": ""mcv:515"", ""qerror_with_add"": 1.0028239724821315, ""gain"": 0.02747132105484784, ""useful"": true}"
2,43,query.44,negative,-0.007007652014608512,mcv_only,1.0443159589773674,1.051323610991976,1.02560216277843,False,0.007007652014608512,0.007007652014608512,0.02572144821354594,mcv_winner_replacement,S1_no_training_signal,[109],[],"[""N1_mcv_winner_replacement"", ""N6_missing_test_useful""]","{""candidate"": ""mcv:109"", ""qerror_without"": 1.0443159589773674, ""attribution"": -0.007007652014608512, ""change_kind"": ""mcv_winner_replacement"", ""trace_without"": {""mcv"": [413], ""fd"": [], ""rows"": 889895.43060324}}","{""candidate"": ""fd:222"", ""qerror_with_add"": 1.0326244700003158, ""gain"": 0.018699140991660146, ""useful"": true}"
2,46,query.47,positive,0.006345530024449708,mcv_only,1.2777837763883686,1.271438246363919,1.003079781103087,False,0.0,0.0,0.26835846526083196,,,[40],[],"[""N1_mcv_winner_replacement""]","{""candidate"": ""mcv:40"", ""qerror_without"": 1.003079781103087, ""attribution"": -0.26835846526083196, ""change_kind"": ""mcv_winner_replacement"", ""trace_without"": {""mcv"": [530], ""fd"": [], ""rows"": 1045036.6021870668}}",null
2,69,query.70,neutral,0.0,mcv_only,1.008512359480096,1.008512359480096,1.0023880301370598,False,0.0,0.0,0.0061243293430361945,,S1_no_training_signal,[7],[],"[""N6_missing_test_useful""]","{""candidate"": ""mcv:7"", ""qerror_without"": 1.008512359480096, ""attribution"": 0.0, ""change_kind"": ""mcv_consumption_removal"", ""trace_without"": {""mcv"": [], ""fd"": [], ""rows"": 451124.862995771}}","{""candidate"": ""mcv:592"", ""qerror_with_add"": 1.002690566173967, ""gain"": 0.005821793306129086, ""useful"": true}"
2,81,query.82,negative,-0.09928456473736214,mcv_only,1.2801316903498279,1.37941625508719,1.037816207989866,False,0.09928456473736214,0.09928456473736214,0.34160004709732394,mcv_consumption_removal,S1_no_training_signal,"[691, 809, 940]",[],"[""N1_mcv_winner_replacement"", ""N2_harmful_mcv_correction"", ""N6_missing_test_useful""]","{""candidate"": ""mcv:809"", ""qerror_without"": 1.2772140145832074, ""attribution"": -0.10220224050398263, ""change_kind"": ""mcv_consumption_removal"", ""trace_without"": {""mcv"": [691, 940], ""fd"": [], ""rows"": 186887.23837554603}}","{""candidate"": ""mcv:539"", ""qerror_with_add"": 1.12461423216572, ""gain"": 0.25480202292147003, ""useful"": true}"
2,82,query.83,neutral,0.0,no_extstat_consumption,1.0049485850470095,1.0049485850470095,1.0049485850470095,False,0.0,0.0,0.0,,,[],[],[],null,null
2,84,query.85,neutral,0.0,no_extstat_consumption,1.0150075026437164,1.0150075026437164,1.0059104262534506,False,0.0,0.0,0.009097076390265801,,S1_no_training_signal,[],[],"[""N6_missing_test_useful""]",null,"{""candidate"": ""mcv:169"", ""qerror_with_add"": 1.0059104262534506, ""gain"": 0.009097076390265801, ""useful"": true}"
2,86,query.87,negative,-0.3093978994597688,mcv_only,1.0680078316747157,1.3774057311344845,1.0330760244260069,True,0.3093978994597688,0.3002137143676673,0.3443297067084776,mcv_consumption_removal,S1_no_training_signal,[789],[],"[""N4_mcv_to_fd_suppression"", ""N5_multi_statistic_interaction"", ""N6_missing_test_useful""]","{""candidate"": ""mcv:789"", ""qerror_without"": 1.0771920167668172, ""attribution"": -0.3002137143676673, ""change_kind"": ""mcv_consumption_removal"", ""trace_without"": {""mcv"": [], ""fd"": [3], ""rows"": 192917.54985881958}}","{""candidate"": ""mcv:266"", ""qerror_with_add"": 1.0604754506110143, ""gain"": 0.31693028052347016, ""useful"": true}"
2,88,query.89,negative,-3.167313966656593e-09,mcv_only,1.0355567636963448,1.0355567668636587,1.0345299415423468,True,3.167313966656593e-09,3.167313966656593e-09,0.0010268253213119305,mcv_consumption_removal,,[130],[],"[""N4_mcv_to_fd_suppression""]","{""candidate"": ""mcv:130"", ""qerror_without"": 1.0352242573281825, ""attribution"": -0.0003325095354762553, ""change_kind"": ""mcv_consumption_removal"", ""trace_without"": {""mcv"": [], ""fd"": [474], ""rows"": 578430.224911325}}","{""candidate"": ""mcv:270"", ""qerror_with_add"": 1.0355567668636587, ""gain"": 0.0, ""useful"": false}"
2,90,query.91,negative,-0.5409697279721786,mcv_only,1.2899037908021205,1.830873518774299,1.000214616691612,False,0.5409697279721786,0.5409697279721786,0.8306589020826871,mcv_consumption_removal,S1_no_training_signal,[1056],[],"[""N2_harmful_mcv_correction"", ""N6_missing_test_useful""]","{""candidate"": ""mcv:1056"", ""qerror_without"": 1.2899037908021205, ""attribution"": -0.5409697279721786, ""change_kind"": ""mcv_consumption_removal"", ""trace_without"": {""mcv"": [], ""fd"": [], ""rows"": 136973.59364148637}}","{""candidate"": ""mcv:271"", ""qerror_with_add"": 1.023944845755623, ""gain"": 0.806928673018676, ""useful"": true}"
2,93,query.94,positive,0.0012182350669203146,mcv_only,1.3021028814559925,1.3008846463890722,1.190861868840641,False,0.0,0.0,0.11002277754843126,,S1_no_training_signal,[1401],[],"[""N6_missing_test_useful""]","{""candidate"": ""mcv:1401"", ""qerror_without"": 1.3021028814559925, ""attribution"": 0.0012182350669203146, ""change_kind"": ""mcv_consumption_removal"", ""trace_without"": {""mcv"": [], ""fd"": [], ""rows"": 662271.6612575025}}","{""candidate"": ""mcv:115"", ""qerror_with_add"": 1.1968852204600795, ""gain"": 0.1039994259289927, ""useful"": true}"
2,108,query.109,positive,0.002660927962801818,mcv_only,1.0097452023203866,1.0070842743575847,1.0067765761198084,False,0.0,0.0,0.00030769823777632155,,,"[14, 1581]",[],[],"{""candidate"": ""mcv:1581"", ""qerror_without"": 1.0070843152420823, ""attribution"": 4.088449756523005e-08, ""change_kind"": ""mcv_consumption_removal"", ""trace_without"": {""mcv"": [14], ""fd"": [], ""rows"": 698383.4316106231}}","{""candidate"": ""mcv:673"", ""qerror_with_add"": 1.0070842743575847, ""gain"": 0.0, ""useful"": false}"
2,118,query.119,neutral,0.0,no_extstat_consumption,1.1620293834880204,1.1620293834880204,1.0117537730420203,False,0.0,0.0,0.15027561044600013,,S1_no_training_signal,[],[],"[""N6_missing_test_useful""]",null,"{""candidate"": ""mcv:1793"", ""qerror_with_add"": 1.0249102654607598, ""gain"": 0.13711911802726062, ""useful"": true}"
2,120,query.121,negative,-0.040420764088825,mcv_fd_composed,1.3688708983828004,1.4092916624716254,1.312807305979788,False,0.040420764088825,0.0248062607499977,0.0964843564918374,fd_control_change,S1_no_training_signal,[96],[58],"[""N1_mcv_winner_replacement"", ""N3_fd_harmful_correction"", ""N5_multi_statistic_interaction"", ""N6_missing_test_useful""]","{""candidate"": ""fd:58"", ""qerror_without"": 1.3844854017216277, ""attribution"": -0.0248062607499977, ""change_kind"": ""fd_control_change"", ""trace_without"": {""mcv"": [96], ""fd"": [], ""rows"": 900170.2564329748}}","{""candidate"": ""mcv:888"", ""qerror_with_add"": 1.3313831278907302, ""gain"": 0.0779085345808952, ""useful"": true}"
2,127,query.128,positive,0.011398933877037942,mcv_fd_composed,1.0543237976249675,1.0429248637479296,1.0129822569687916,True,0.0,0.0,0.02994260677913796,,,"[34, 123]","[467, 43]","[""N4_mcv_to_fd_suppression""]","{""candidate"": ""mcv:123"", ""qerror_without"": 1.0255979512287001, ""attribution"": -0.017326912519229465, ""change_kind"": ""mcv_consumption_removal"", ""trace_without"": {""mcv"": [34], ""fd"": [467, 43, 22], ""rows"": 976016.9653232711}}","{""candidate"": ""fd:223"", ""qerror_with_add"": 1.0429248637479296, ""gain"": 0.0, ""useful"": false}"
2,128,query.129,neutral,0.0,no_extstat_consumption,1.0360210902774918,1.0360210902774918,1.0239920367501754,False,0.0,0.0,0.012029053527316425,,S1_no_training_signal,[],[],"[""N6_missing_test_useful""]",null,"{""candidate"": ""mcv:1957"", ""qerror_with_add"": 1.0263134062483659, ""gain"": 0.009707684029125918, ""useful"": true}"
2,137,query.138,positive,1.466218878008307,mcv_only,4.507257620884456,3.041038742876149,1.9833453889823955,False,0.0,0.0,1.0576933538937534,,S1_no_training_signal,"[34, 422]",[],"[""N1_mcv_winner_replacement"", ""N6_missing_test_useful""]","{""candidate"": ""mcv:34"", ""qerror_without"": 2.828030037127383, ""attribution"": -0.21300870574876596, ""change_kind"": ""mcv_winner_replacement"", ""trace_without"": {""mcv"": [197, 422], ""fd"": [], ""rows"": 1111.4158045910615}}","{""candidate"": ""mcv:841"", ""qerror_with_add"": 2.1453043033060584, ""gain"": 0.8957344395700906, ""useful"": true}"
2,142,query.143,neutral,0.0,no_extstat_consumption,1.03194040299649,1.03194040299649,1.0063534930092402,False,0.0,0.0,0.025586909987249884,,S2_positive_signal_budget_pressure,[],[],"[""N6_missing_test_useful"", ""N7_budget_displacement""]",null,"{""candidate"": ""mcv:648"", ""qerror_with_add"": 1.0118048086254445, ""gain"": 0.020135594371045507, ""useful"": true}"
2,157,query.158,positive,0.5683525386370816,mcv_only,2.633856251377953,2.0655037127408713,1.7956280275586853,False,0.0,0.0,0.26987568518218596,,,"[551, 601, 1087]",[],[],"{""candidate"": ""mcv:551"", ""qerror_without"": 2.08474685201585, ""attribution"": 0.01924313927497856, ""change_kind"": ""mcv_winner_replacement"", ""trace_without"": {""mcv"": [553, 1087], ""fd"": [], ""rows"": 247599.12937336642}}","{""candidate"": ""mcv:830"", ""qerror_with_add"": 2.0655037127408713, ""gain"": 0.0, ""useful"": false}"
2,163,query.164,neutral,0.0,no_extstat_consumption,1.0259696079300447,1.0259696079300447,1.0060583354025938,False,0.0,0.0,0.01991127252745084,,S1_no_training_signal,[],[],"[""N6_missing_test_useful""]",null,"{""candidate"": ""mcv:543"", ""qerror_with_add"": 1.0060583354025938, ""gain"": 0.01991127252745084, ""useful"": true}"
2,166,query.167,negative,-0.4580444644470576,mcv_only,1.8986137464319348,2.3566582108789924,1.2050824594613978,True,0.4580444644470576,0.4492491477013292,1.1515757514175946,mcv_consumption_removal,S1_no_training_signal,[1563],[],"[""N4_mcv_to_fd_suppression"", ""N5_multi_statistic_interaction"", ""N6_missing_test_useful""]","{""candidate"": ""mcv:1563"", ""qerror_without"": 1.9074090631776632, ""attribution"": -0.4492491477013292, ""change_kind"": ""mcv_consumption_removal"", ""trace_without"": {""mcv"": [], ""fd"": [514], ""rows"": 227496.67896519988}}","{""candidate"": ""mcv:1003"", ""qerror_with_add"": 1.2311978299286284, ""gain"": 1.125460380950364, ""useful"": true}"
2,179,query.180,positive,0.008525851085589897,mcv_fd_composed,1.3071998228072532,1.2986739717216633,1.0465898901344781,False,0.0,0.0,0.2520840815871852,,S1_no_training_signal,[29],"[124, 6]","[""N1_mcv_winner_replacement"", ""N6_missing_test_useful""]","{""candidate"": ""mcv:29"", ""qerror_without"": 1.2800397473549063, ""attribution"": -0.01863422436675699, ""change_kind"": ""mcv_winner_replacement"", ""trace_without"": {""mcv"": [173, 1324], ""fd"": [124, 6], ""rows"": 125317.98354814982}}","{""candidate"": ""mcv:944"", ""qerror_with_add"": 1.224491723452891, ""gain"": 0.0741822482687724, ""useful"": true}"
2,181,query.182,neutral,0.0,no_extstat_consumption,1.000229295688476,1.000229295688476,1.0000299438657871,False,0.0,0.0,0.00019935182268882023,,S1_no_training_signal,[],[],"[""N6_missing_test_useful""]",null,"{""candidate"": ""fd:352"", ""qerror_with_add"": 1.0000299438657871, ""gain"": 0.00019935182268882023, ""useful"": true}"
2,184,query.185,neutral,0.0,no_extstat_consumption,1.1158932276204858,1.1158932276204858,1.0091790273153443,False,0.0,0.0,0.10671420030514156,,S1_no_training_signal,[],[],"[""N6_missing_test_useful""]",null,"{""candidate"": ""mcv:1536"", ""qerror_with_add"": 1.0091790273153443, ""gain"": 0.10671420030514156, ""useful"": true}"
2,185,query.186,positive,0.07573692761900919,mcv_only,1.3454710276859834,1.2697341000669742,1.1759309462990364,False,0.0,0.0,0.0938031537679378,,,[34],[],[],"{""candidate"": ""mcv:34"", ""qerror_without"": 1.3522501077181546, ""attribution"": 0.08251600765118039, ""change_kind"": ""mcv_winner_replacement"", ""trace_without"": {""mcv"": [130], ""fd"": [], ""rows"": 526982.6849786266}}","{""candidate"": ""mcv:544"", ""qerror_with_add"": 1.2697341000669742, ""gain"": 0.0, ""useful"": false}"
2,186,query.187,positive,0.04011295881893151,mcv_only,1.3991176593749002,1.3590047005559687,1.2116288234534245,False,0.0,0.0,0.14737587710254418,,S1_no_training_signal,"[87, 219]",[],"[""N6_missing_test_useful""]","{""candidate"": ""mcv:87"", ""qerror_without"": 1.3790788169382273, ""attribution"": 0.020074116382258644, ""change_kind"": ""mcv_winner_replacement"", ""trace_without"": {""mcv"": [190, 551], ""fd"": [], ""rows"": 620399.2919819156}}","{""candidate"": ""mcv:69"", ""qerror_with_add"": 1.2203653364062852, ""gain"": 0.13863936414968347, ""useful"": true}"
2,190,query.191,negative,-0.011443505106396357,mcv_only,1.1106433919979741,1.1220868971043705,1.0267157537474199,False,0.011443505106396357,0.011443505106396357,0.09537114335695063,mcv_consumption_removal,S1_no_training_signal,[1018],[],"[""N2_harmful_mcv_correction"", ""N6_missing_test_useful""]","{""candidate"": ""mcv:1018"", ""qerror_without"": 1.1106433919979741, ""attribution"": -0.011443505106396357, ""change_kind"": ""mcv_consumption_removal"", ""trace_without"": {""mcv"": [], ""fd"": [], ""rows"": 821939.7932560383}}","{""candidate"": ""mcv:1389"", ""qerror_with_add"": 1.037294511119478, ""gain"": 0.08479238598489247, ""useful"": true}"
2,194,query.195,negative,-0.34552836309669566,mcv_only,5.411919835195818,5.757448198292514,1.675722309859118,False,0.34552836309669566,0.22987859060108384,4.081725888433396,mcv_winner_replacement,S1_no_training_signal,"[40, 61, 173, 420]",[],"[""N1_mcv_winner_replacement"", ""N2_harmful_mcv_correction"", ""N5_multi_statistic_interaction"", ""N6_missing_test_useful""]","{""candidate"": ""mcv:173"", ""qerror_without"": 5.52756960769143, ""attribution"": -0.22987859060108384, ""change_kind"": ""mcv_winner_replacement"", ""trace_without"": {""mcv"": [40, 61, 332, 420], ""fd"": [], ""rows"": 2520.5717411072924}}","{""candidate"": ""mcv:83"", ""qerror_with_add"": 2.705284403833128, ""gain"": 3.052163794459386, ""useful"": true}"
2,201,query.202,negative,-1.084543730760866,mcv_only,5.329214639770764,6.41375837053163,1.1754692088195342,False,1.084543730760866,1.084543730760866,5.238289161712096,mcv_consumption_removal,S1_no_training_signal,[468],[],"[""N2_harmful_mcv_correction"", ""N6_missing_test_useful""]","{""candidate"": ""mcv:468"", ""qerror_without"": 5.329214639770764, ""attribution"": -1.084543730760866, ""change_kind"": ""mcv_consumption_removal"", ""trace_without"": {""mcv"": [], ""fd"": [], ""rows"": 283333.02553805243}}","{""candidate"": ""mcv:294"", ""qerror_with_add"": 1.188463295977346, ""gain"": 5.225295074554284, ""useful"": true}"
2,204,query.205,negative,-0.030284029129049372,mcv_only,1.0260063413361096,1.056290370465159,1.005615920885946,False,0.030284029129049372,0.0,0.050674449579212855,N6_missing_benefit_without_harmful_presence,S2_positive_signal_budget_pressure,[219],[],"[""N5_multi_statistic_interaction"", ""N6_missing_test_useful"", ""N7_budget_displacement""]","{""candidate"": ""mcv:219"", ""qerror_without"": 1.1512185879843428, ""attribution"": 0.0949282175191839, ""change_kind"": ""mcv_winner_replacement"", ""trace_without"": {""mcv"": [1399], ""fd"": [], ""rows"": 794588.3377056132}}","{""candidate"": ""mcv:476"", ""qerror_with_add"": 1.009419492950214, ""gain"": 0.0468708775149449, ""useful"": true}"
2,212,query.213,neutral,0.0,no_extstat_consumption,1.0203229784062897,1.0203229784062897,1.0028743667508102,False,0.0,0.0,0.017448611655479507,,S1_no_training_signal,[],[],"[""N6_missing_test_useful""]",null,"{""candidate"": ""mcv:763"", ""qerror_with_add"": 1.0028743667508102, ""gain"": 0.017448611655479507, ""useful"": true}"
2,216,query.217,neutral,0.0,no_extstat_consumption,1.0443104657763111,1.0443104657763111,1.040310326423539,False,0.0,0.0,0.004000139352772214,,S2_positive_signal_budget_pressure,[],[],"[""N6_missing_test_useful"", ""N7_budget_displacement""]",null,"{""candidate"": ""mcv:68"", ""qerror_with_add"": 1.0404671365317515, ""gain"": 0.0038433292445596567, ""useful"": true}"
2,220,query.221,positive,114.04715662941254,mcv_only,115.30374160993239,1.256584980519854,1.256584980519854,False,0.0,0.0,0.0,,,[826],[],[],"{""candidate"": ""mcv:826"", ""qerror_without"": 115.30374160993239, ""attribution"": 114.04715662941254, ""change_kind"": ""mcv_consumption_removal"", ""trace_without"": {""mcv"": [], ""fd"": [], ""rows"": 201089.72536772207}}",null
2,227,query.228,positive,2.5470455630394184e-05,mcv_only,1.0627836564920157,1.0627581860363853,1.0192938419565931,False,0.0,0.0,0.04346434407979216,,,[258],[],[],"{""candidate"": ""mcv:258"", ""qerror_without"": 1.0627836564920157, ""attribution"": 2.5470455630394184e-05, ""change_kind"": ""mcv_consumption_removal"", ""trace_without"": {""mcv"": [], ""fd"": [], ""rows"": 812520.4238449322}}","{""candidate"": ""mcv:484"", ""qerror_with_add"": 1.0627581860363853, ""gain"": 0.0, ""useful"": false}"
2,228,query.229,positive,7.41012026046319,mcv_only,22.249925014884752,14.839804754421563,13.277840579429482,False,0.0,0.0,1.561964174992081,,S1_no_training_signal,"[86, 291, 1281]",[],"[""N1_mcv_winner_replacement"", ""N6_missing_test_useful""]","{""candidate"": ""mcv:291"", ""qerror_without"": 13.830450811886061, ""attribution"": -1.0093539425355011, ""change_kind"": ""mcv_winner_replacement"", ""trace_without"": {""mcv"": [86, 984, 1281], ""fd"": [], ""rows"": 139618.4009459898}}","{""candidate"": ""mcv:60"", ""qerror_with_add"": 14.723248953557196, ""gain"": 0.11655580086436679, ""useful"": true}"
2,232,query.233,positive,0.004533755889025937,mcv_only,1.328319146214329,1.323785390325303,1.0326609184826392,False,0.0,0.0,0.29112447184266377,,S1_no_training_signal,[130],[],"[""N6_missing_test_useful""]","{""candidate"": ""mcv:130"", ""qerror_without"": 1.328319146214329, ""attribution"": 0.004533755889025937, ""change_kind"": ""mcv_consumption_removal"", ""trace_without"": {""mcv"": [], ""fd"": [], ""rows"": 246263.10697415686}}","{""candidate"": ""mcv:307"", ""qerror_with_add"": 1.3177098024082556, ""gain"": 0.00607558791704732, ""useful"": true}"
2,233,query.234,negative,-3.1945678102829334e-08,mcv_only,1.0069645675409087,1.0069645994865868,1.0069645675409087,False,3.1945678102829334e-08,3.1945678102829334e-08,3.1945678102829334e-08,mcv_consumption_removal,,[1351],[],"[""N2_harmful_mcv_correction""]","{""candidate"": ""mcv:1351"", ""qerror_without"": 1.0069645675409087, ""attribution"": -3.1945678102829334e-08, ""change_kind"": ""mcv_consumption_removal"", ""trace_without"": {""mcv"": [], ""fd"": [], ""rows"": 1445936.6732564222}}",null
2,236,query.237,neutral,0.0,no_extstat_consumption,1.9160944974556036,1.9160944974556036,1.062807630930621,False,0.0,0.0,0.8532868665249826,,S1_no_training_signal,[],[],"[""N6_missing_test_useful""]",null,"{""candidate"": ""mcv:628"", ""qerror_with_add"": 1.062807630930621, ""gain"": 0.8532868665249826, ""useful"": true}"
2,238,query.239,neutral,0.0,no_extstat_consumption,1.0336973898952835,1.0336973898952835,1.026392260685033,False,0.0,0.0,0.007305129210250394,,S1_no_training_signal,[],[],"[""N6_missing_test_useful""]",null,"{""candidate"": ""mcv:199"", ""qerror_with_add"": 1.026392260685033, ""gain"": 0.007305129210250394, ""useful"": true}"
2,249,query.250,neutral,0.0,no_extstat_consumption,1.447648753420555,1.447648753420555,1.0647232608754336,False,0.0,0.0,0.38292549254512154,,S2_positive_signal_budget_pressure,[],[],"[""N6_missing_test_useful"", ""N7_budget_displacement""]",null,"{""candidate"": ""mcv:1518"", ""qerror_with_add"": 1.064927374184893, ""gain"": 0.3827213792356621, ""useful"": true}"
2,250,query.251,positive,0.010364756891733995,mcv_only,1.6289605008102637,1.6185957439185297,1.2664244650194154,False,0.0,0.0,0.35217127889911426,,,"[7, 263, 326]",[],[],"{""candidate"": ""mcv:7"", ""qerror_without"": 1.6185957439185297, ""attribution"": 0.0, ""change_kind"": ""mcv_consumption_removal"", ""trace_without"": {""mcv"": [263, 326], ""fd"": [], ""rows"": 215094.47390312908}}","{""candidate"": ""mcv:1314"", ""qerror_with_add"": 1.6185957439185297, ""gain"": 0.0, ""useful"": false}"
2,255,query.256,negative,-0.011439043744776667,mcv_only,1.202963300226407,1.2144023439711837,1.0124502292922513,False,0.011439043744776667,0.011439043744776667,0.20195211467893248,mcv_consumption_removal,,[1183],[],"[""N2_harmful_mcv_correction""]","{""candidate"": ""mcv:1183"", ""qerror_without"": 1.202963300226407, ""attribution"": -0.011439043744776667, ""change_kind"": ""mcv_consumption_removal"", ""trace_without"": {""mcv"": [], ""fd"": [], ""rows"": 811974.9654235201}}","{""candidate"": ""mcv:1252"", ""qerror_with_add"": 1.2144023439711837, ""gain"": 0.0, ""useful"": false}"
2,256,query.257,neutral,0.0,mcv_only,1.089711304083632,1.089711304083632,1.0008369670582518,True,0.0,0.0,0.08887433702538017,,,[908],[],"[""N4_mcv_to_fd_suppression""]","{""candidate"": ""mcv:908"", ""qerror_without"": 1.0008369670582518, ""attribution"": -0.08887433702538017, ""change_kind"": ""mcv_consumption_removal"", ""trace_without"": {""mcv"": [], ""fd"": [581], ""rows"": 552211.8169000773}}",null
2,257,query.258,neutral,0.0,no_extstat_consumption,1.030104490994257,1.030104490994257,1.0103821168458733,False,0.0,0.0,0.019722374148383626,,S1_no_training_signal,[],[],"[""N6_missing_test_useful""]",null,"{""candidate"": ""mcv:1798"", ""qerror_with_add"": 1.012559414908592, ""gain"": 0.017545076085665023, ""useful"": true}"
2,260,query.261,neutral,0.0,no_extstat_consumption,1.0055364966647922,1.0055364966647922,1.0020051853785306,False,0.0,0.0,0.003531311286261607,,S1_no_training_signal,[],[],"[""N6_missing_test_useful""]",null,"{""candidate"": ""mcv:115"", ""qerror_with_add"": 1.0020051853785306, ""gain"": 0.003531311286261607, ""useful"": true}"
2,261,query.262,negative,-0.004641964656890707,mcv_only,1.0147065572289062,1.019348521885797,1.0144134244200322,True,0.004641964656890707,0.004641932933607151,0.004935097465764704,mcv_winner_replacement,,[34],[],"[""N1_mcv_winner_replacement"", ""N5_multi_statistic_interaction""]","{""candidate"": ""mcv:34"", ""qerror_without"": 1.0147065889521898, ""attribution"": -0.004641932933607151, ""change_kind"": ""mcv_winner_replacement"", ""trace_without"": {""mcv"": [553, 1569], ""fd"": [], ""rows"": 470119.65090108325}}","{""candidate"": ""mcv:245"", ""qerror_with_add"": 1.019348521885797, ""gain"": 0.0, ""useful"": false}"
2,263,query.264,positive,0.02114451200340417,mcv_only,1.2523086867668098,1.2311641747634057,1.1733206517220014,False,0.0,0.0,0.05784352304140428,,S1_no_training_signal,[1263],[],"[""N6_missing_test_useful""]","{""candidate"": ""mcv:1263"", ""qerror_without"": 1.2523086867668098, ""attribution"": 0.02114451200340417, ""change_kind"": ""mcv_consumption_removal"", ""trace_without"": {""mcv"": [], ""fd"": [], ""rows"": 232573.76007158487}}","{""candidate"": ""mcv:1520"", ""qerror_with_add"": 1.2293435689010788, ""gain"": 0.0018206058623269072, ""useful"": true}"
2,268,query.269,positive,0.19673350368763032,mcv_only,2.085116157899421,1.8883826542117905,1.3855298663459288,False,0.0,0.0,0.5028527878658617,,S1_no_training_signal,"[86, 1111]",[],"[""N1_mcv_winner_replacement"", ""N6_missing_test_useful""]","{""candidate"": ""mcv:86"", ""qerror_without"": 1.313522536457406, ""attribution"": -0.5748601177543846, ""change_kind"": ""mcv_winner_replacement"", ""trace_without"": {""mcv"": [190, 248], ""fd"": [], ""rows"": 272217.6362229434}}","{""candidate"": ""mcv:1082"", ""qerror_with_add"": 1.4469187552928477, ""gain"": 0.4414638989189428, ""useful"": true}"
2,269,query.270,neutral,0.0,no_extstat_consumption,1.146757798818482,1.146757798818482,1.100412745018718,False,0.0,0.0,0.04634505379976406,,S1_no_training_signal,[],[],"[""N6_missing_test_useful""]",null,"{""candidate"": ""mcv:365"", ""qerror_with_add"": 1.107560147048, ""gain"": 0.039197651770481956, ""useful"": true}"
2,271,query.272,positive,0.07775542157700732,mcv_only,1.1263698248148348,1.0486144032378275,1.048450675459855,False,0.0,0.0,0.00016372777797246663,,S2_positive_signal_budget_pressure,[1377],[],"[""N6_missing_test_useful"", ""N7_budget_displacement""]","{""candidate"": ""mcv:1377"", ""qerror_without"": 1.1263698248148348, ""attribution"": 0.07775542157700732, ""change_kind"": ""mcv_consumption_removal"", ""trace_without"": {""mcv"": [], ""fd"": [], ""rows"": 1186325.3642199037}}","{""candidate"": ""mcv:1907"", ""qerror_with_add"": 1.048450675459855, ""gain"": 0.00016372777797246663, ""useful"": true}"
2,278,query.279,negative,-0.08997893792777312,mcv_only,1.199753356942815,1.289732294870588,1.3430426147458636,False,0.08997893792777312,0.08997893792777312,0.0,mcv_consumption_removal,,[96],[],"[""N2_harmful_mcv_correction""]","{""candidate"": ""mcv:96"", ""qerror_without"": 1.199753356942815, ""attribution"": -0.08997893792777312, ""change_kind"": ""mcv_consumption_removal"", ""trace_without"": {""mcv"": [], ""fd"": [], ""rows"": 231909.92439033225}}","{""candidate"": ""mcv:2012"", ""qerror_with_add"": 1.289732294870588, ""gain"": 0.0, ""useful"": false}"
2,285,query.286,negative,-0.001481182153232563,mcv_only,1.0381028401540753,1.0395840223073078,1.0022875023892979,False,0.001481182153232563,0.001481182153232563,0.037296519918009974,mcv_winner_replacement,,[123],[],"[""N1_mcv_winner_replacement""]","{""candidate"": ""mcv:123"", ""qerror_without"": 1.0025885052686898, ""attribution"": -0.03699551703861803, ""change_kind"": ""mcv_winner_replacement"", ""trace_without"": {""mcv"": [751], ""fd"": [], ""rows"": 1819942.7686579574}}","{""candidate"": ""mcv:560"", ""qerror_with_add"": 1.0398962259248712, ""gain"": -0.0003122036175633447, ""useful"": false}"
2,286,query.287,neutral,0.0,no_extstat_consumption,1.018822758625483,1.018822758625483,1.0100354891722536,False,0.0,0.0,0.008787269453229385,,S1_no_training_signal,[],[],"[""N6_missing_test_useful""]",null,"{""candidate"": ""mcv:169"", ""qerror_with_add"": 1.0103571597338217, ""gain"": 0.008465598891661319, ""useful"": true}"
2,290,query.291,negative,-0.04393832229696715,fd_only,1.1653736602971028,1.20931198259407,1.0010799193587665,False,0.04393832229696715,0.04393832229696715,0.2082320632353034,fd_control_change,S1_no_training_signal,[],[655],"[""N3_fd_harmful_correction"", ""N6_missing_test_useful""]","{""candidate"": ""fd:655"", ""qerror_without"": 1.1653736602971028, ""attribution"": -0.04393832229696715, ""change_kind"": ""fd_control_change"", ""trace_without"": {""mcv"": [], ""fd"": [], ""rows"": 557468.1441397221}}","{""candidate"": ""mcv:619"", ""qerror_with_add"": 1.0152464370537158, ""gain"": 0.19406554554035416, ""useful"": true}"
2,297,query.298,negative,-0.1346984757987464,mcv_only,31.65254749978733,31.787245975586078,29.781392551560096,False,0.1346984757987464,0.04955819413229179,2.0058534240259824,mcv_consumption_removal,S1_no_training_signal,"[553, 644]",[],"[""N2_harmful_mcv_correction"", ""N5_multi_statistic_interaction"", ""N6_missing_test_useful""]","{""candidate"": ""mcv:644"", ""qerror_without"": 31.737687781453786, ""attribution"": -0.04955819413229179, ""change_kind"": ""mcv_consumption_removal"", ""trace_without"": {""mcv"": [553], ""fd"": [], ""rows"": 36434.865573108946}}","{""candidate"": ""mcv:188"", ""qerror_with_add"": 30.249041839153627, ""gain"": 1.5382041364324515, ""useful"": true}"
2,303,query.304,neutral,0.0,no_extstat_consumption,1.6743447312107271,1.6743447312107271,1.053726415497803,False,0.0,0.0,0.6206183157129241,,S2_positive_signal_budget_pressure,[],[],"[""N6_missing_test_useful"", ""N7_budget_displacement""]",null,"{""candidate"": ""mcv:1318"", ""qerror_with_add"": 1.053726415497803, ""gain"": 0.6206183157129241, ""useful"": true}"
2,310,query.311,neutral,0.0,no_extstat_consumption,1.415868020936828,1.415868020936828,1.2090838624941869,False,0.0,0.0,0.2067841584426411,,S1_no_training_signal,[],[],"[""N6_missing_test_useful""]",null,"{""candidate"": ""mcv:2190"", ""qerror_with_add"": 1.2429202897512819, ""gain"": 0.17294773118554607, ""useful"": true}"
2,326,query.327,negative,-0.38184199657316475,mcv_only,1.0640086404438278,1.4458506370169926,1.0257127534341788,False,0.38184199657316475,0.38184199657316475,0.4201378835828138,mcv_consumption_removal,S1_no_training_signal,[168],[],"[""N2_harmful_mcv_correction"", ""N6_missing_test_useful""]","{""candidate"": ""mcv:168"", ""qerror_without"": 1.0640086404438278, ""attribution"": -0.38184199657316475, ""change_kind"": ""mcv_consumption_removal"", ""trace_without"": {""mcv"": [], ""fd"": [], ""rows"": 544204.2432932429}}","{""candidate"": ""mcv:1480"", ""qerror_with_add"": 1.393811461277841, ""gain"": 0.05203917573915162, ""useful"": true}"
2,335,query.336,positive,0.48374461933133417,mcv_only,1.6184349156079962,1.134690296276662,1.1011526121131434,False,0.0,0.0,0.033537684163518655,,S1_no_training_signal,"[109, 291]",[],"[""N2_harmful_mcv_correction"", ""N6_missing_test_useful""]","{""candidate"": ""mcv:109"", ""qerror_without"": 1.1315471044716865, ""attribution"": -0.003143191804975576, ""change_kind"": ""mcv_consumption_removal"", ""trace_without"": {""mcv"": [291], ""fd"": [], ""rows"": 292954.6624174978}}","{""candidate"": ""fd:84"", ""qerror_with_add"": 1.1345613059251551, ""gain"": 0.00012899035150693017, ""useful"": true}"
2,338,query.339,negative,-0.10477663130758996,mcv_only,3.8700598582849843,3.9748364895925743,1.8474546168052608,False,0.10477663130758996,0.10477663130758996,2.1273818727873133,mcv_consumption_removal,S1_no_training_signal,[1241],[],"[""N2_harmful_mcv_correction"", ""N6_missing_test_useful""]","{""candidate"": ""mcv:1241"", ""qerror_without"": 3.8700598582849843, ""attribution"": -0.10477663130758996, ""change_kind"": ""mcv_consumption_removal"", ""trace_without"": {""mcv"": [], ""fd"": [], ""rows"": 26132.412340727333}}","{""candidate"": ""mcv:1269"", ""qerror_with_add"": 2.229013503784374, ""gain"": 1.7458229858082004, ""useful"": true}"
2,342,query.343,positive,0.22776481220563838,mcv_only,2.839222257287797,2.611457445082159,1.1346648645837651,False,0.0,0.0,1.4767925804983937,,S1_no_training_signal,"[1025, 1101]",[],"[""N6_missing_test_useful""]","{""candidate"": ""mcv:1101"", ""qerror_without"": 2.683098515633981, ""attribution"": 0.07164107055182223, ""change_kind"": ""mcv_consumption_removal"", ""trace_without"": {""mcv"": [1025], ""fd"": [], ""rows"": 28554.300020510844}}","{""candidate"": ""mcv:1076"", ""qerror_with_add"": 1.106175416981922, ""gain"": 1.5052820281002368, ""useful"": true}"
2,345,query.346,negative,-0.3805745701707153,mcv_fd_composed,1.1553969654942662,1.5359715356649815,1.0043981271439333,False,0.3805745701707153,0.3805745701707153,0.5315734085210482,mcv_consumption_removal,S1_no_training_signal,[248],[195],"[""N2_harmful_mcv_correction"", ""N6_missing_test_useful""]","{""candidate"": ""mcv:248"", ""qerror_without"": 1.1469646517567478, ""attribution"": -0.3890068839082337, ""change_kind"": ""mcv_consumption_removal"", ""trace_without"": {""mcv"": [], ""fd"": [195], ""rows"": 146642.70580822675}}","{""candidate"": ""mcv:115"", ""qerror_with_add"": 1.1510068356484027, ""gain"": 0.3849647000165788, ""useful"": true}"
2,348,query.349,positive,0.7350663592504105,mcv_only,11.037634859699823,10.302568500449413,6.3230806193764755,True,0.0,0.0,3.979487881072937,,S1_no_training_signal,"[601, 1061]",[],"[""N1_mcv_winner_replacement"", ""N6_missing_test_useful""]","{""candidate"": ""mcv:601"", ""qerror_without"": 8.210977557289267, ""attribution"": -2.0915909431601456, ""change_kind"": ""mcv_winner_replacement"", ""trace_without"": {""mcv"": [674], ""fd"": [], ""rows"": 16651.862486182632}}","{""candidate"": ""mcv:192"", ""qerror_with_add"": 7.387038161801867, ""gain"": 2.915530338647546, ""useful"": true}"
2,366,query.367,negative,-0.8892077132076559,mcv_only,2.7284525677805047,3.6176602809881606,1.3022195995164298,False,0.8892077132076559,0.8892077132076559,2.3154406814717308,mcv_consumption_removal,S1_no_training_signal,[474],[],"[""N2_harmful_mcv_correction"", ""N6_missing_test_useful""]","{""candidate"": ""mcv:474"", ""qerror_without"": 2.7284525677805047, ""attribution"": -0.8892077132076559, ""change_kind"": ""mcv_consumption_removal"", ""trace_without"": {""mcv"": [], ""fd"": [], ""rows"": 19194.66381433585}}","{""candidate"": ""mcv:203"", ""qerror_with_add"": 2.558380476116008, ""gain"": 1.0592798048721526, ""useful"": true}"
2,370,query.371,negative,-0.14299234814690198,mcv_only,1.491816060442546,1.634808408589448,1.002209009374326,False,0.14299234814690198,0.14299234814690198,0.632599399215122,mcv_consumption_removal,,"[168, 190, 960]",[],"[""N1_mcv_winner_replacement"", ""N2_harmful_mcv_correction""]","{""candidate"": ""mcv:168"", ""qerror_without"": 1.20306359984607, ""attribution"": -0.4317448087433782, ""change_kind"": ""mcv_consumption_removal"", ""trace_without"": {""mcv"": [190, 960], ""fd"": [], ""rows"": 156178.10734121726}}","{""candidate"": ""mcv:1841"", ""qerror_with_add"": 1.634808408589448, ""gain"": 0.0, ""useful"": false}"
2,371,query.372,positive,1.3951279922517656,mcv_only,3.6822074211072833,2.2870794288555176,1.9439698116525939,False,0.0,0.0,0.34310961720292377,,S1_no_training_signal,"[258, 385, 1281]",[],"[""N2_harmful_mcv_correction"", ""N6_missing_test_useful""]","{""candidate"": ""mcv:258"", ""qerror_without"": 2.287024617177939, ""attribution"": -5.4811677578481266e-05, ""change_kind"": ""mcv_consumption_removal"", ""trace_without"": {""mcv"": [385, 1281], ""fd"": [], ""rows"": 136189.6140778473}}","{""candidate"": ""mcv:12"", ""qerror_with_add"": 2.0347424405851604, ""gain"": 0.2523369882703572, ""useful"": true}"
2,376,query.377,positive,0.02097527115721398,mcv_only,1.0508367292640048,1.0298614581067909,1.0426078605342763,False,0.0,0.0,0.0,,S1_no_training_signal,[219],[],"[""N6_missing_test_useful""]","{""candidate"": ""mcv:219"", ""qerror_without"": 1.0508367292640048, ""attribution"": 0.02097527115721398, ""change_kind"": ""mcv_consumption_removal"", ""trace_without"": {""mcv"": [], ""fd"": [], ""rows"": 1426305.9468136802}}","{""candidate"": ""mcv:520"", ""qerror_with_add"": 1.0286335722928526, ""gain"": 0.0012278858139382898, ""useful"": true}"
2,378,query.379,neutral,4.440892098500626e-16,mcv_only,1.1147908786391854,1.114790878639185,1.062974885353257,False,0.0,0.0,0.0518159932859279,,S1_no_training_signal,[14],[],"[""N1_mcv_winner_replacement"", ""N6_missing_test_useful""]","{""candidate"": ""mcv:14"", ""qerror_without"": 1.1147908689649064, ""attribution"": -9.674278489413268e-09, ""change_kind"": ""mcv_winner_replacement"", ""trace_without"": {""mcv"": [613], ""fd"": [], ""rows"": 571428.254154505}}","{""candidate"": ""mcv:83"", ""qerror_with_add"": 1.06297489297304, ""gain"": 0.05181598566614487, ""useful"": true}"
2,386,query.387,positive,0.0014076808503740157,mcv_only,1.4540460243497912,1.4526383434994172,1.1098771049042138,True,0.0,0.0,0.34276123859520347,,S1_no_training_signal,"[65, 197, 399]",[],"[""N6_missing_test_useful""]","{""candidate"": ""mcv:65"", ""qerror_without"": 1.4526384026818482, ""attribution"": 5.9182430955928567e-08, ""change_kind"": ""mcv_consumption_removal"", ""trace_without"": {""mcv"": [197, 399], ""fd"": [], ""rows"": 727840.4577822274}}","{""candidate"": ""mcv:249"", ""qerror_with_add"": 1.4519856194756433, ""gain"": 0.0006527240237739207, ""useful"": true}"
2,390,query.391,neutral,0.0,no_extstat_consumption,1.0077420880978063,1.0077420880978063,1.0083450465659871,False,0.0,0.0,0.0,,S1_no_training_signal,[],[],"[""N6_missing_test_useful""]",null,"{""candidate"": ""fd:105"", ""qerror_with_add"": 1.0076888977559422, ""gain"": 5.3190341864128854e-05, ""useful"": true}"
2,393,query.394,positive,0.5222382259129366,mcv_only,2.464829260813626,1.9425910349006896,1.4631412735263063,True,0.0,0.0,0.47944976137438333,,,[588],[],[],"{""candidate"": ""mcv:588"", ""qerror_without"": 2.4592608103130216, ""attribution"": 0.5166697754123319, ""change_kind"": ""mcv_consumption_removal"", ""trace_without"": {""mcv"": [], ""fd"": [568], ""rows"": 245267.60133392518}}","{""candidate"": ""mcv:921"", ""qerror_with_add"": 1.9425910349006896, ""gain"": 0.0, ""useful"": false}"
2,401,query.402,neutral,0.0,no_extstat_consumption,1.0007632265933057,1.0007632265933057,1.0007632037049612,False,0.0,0.0,2.2888344552995932e-08,,S1_no_training_signal,[],[],"[""N6_missing_test_useful""]",null,"{""candidate"": ""mcv:962"", ""qerror_with_add"": 1.0007632037049612, ""gain"": 2.2888344552995932e-08, ""useful"": true}"
2,407,query.408,neutral,0.0,no_extstat_consumption,1.0106474319603411,1.0106474319603411,1.0102844667305986,False,0.0,0.0,0.0003629652297425512,,S1_no_training_signal,[],[],"[""N6_missing_test_useful""]",null,"{""candidate"": ""fd:108"", ""qerror_with_add"": 1.0102844667305986, ""gain"": 0.0003629652297425512, ""useful"": true}"
2,409,query.410,negative,-0.009674291162471205,mcv_only,1.323665338889644,1.3333396300521152,1.0297965300730423,True,0.009674291162471205,0.009674291162471205,0.3035430999790729,mcv_consumption_removal,S1_no_training_signal,"[623, 1346]",[],"[""N1_mcv_winner_replacement"", ""N4_mcv_to_fd_suppression"", ""N6_missing_test_useful""]","{""candidate"": ""mcv:1346"", ""qerror_without"": 1.303531480376395, ""attribution"": -0.029808149675720097, ""change_kind"": ""mcv_consumption_removal"", ""trace_without"": {""mcv"": [623], ""fd"": [22], ""rows"": 162548.43338253524}}","{""candidate"": ""mcv:1584"", ""qerror_with_add"": 1.328390836909276, ""gain"": 0.004948793142839136, ""useful"": true}"
2,411,query.412,positive,0.0775530015982624,mcv_only,1.377733380813387,1.3001803792151245,1.0096886573881954,True,0.0,0.0,0.2904917218269292,,,"[34, 112]",[],"[""N1_mcv_winner_replacement""]","{""candidate"": ""mcv:34"", ""qerror_without"": 1.2194787193168792, ""attribution"": -0.08070165989824529, ""change_kind"": ""mcv_winner_replacement"", ""trace_without"": {""mcv"": [112, 1365], ""fd"": [], ""rows"": 228396.16934085832}}","{""candidate"": ""mcv:69"", ""qerror_with_add"": 1.3001803792151245, ""gain"": 0.0, ""useful"": false}"
2,413,query.414,neutral,0.0,no_extstat_consumption,1.0021305483645273,1.0021305483645273,1.002130542677289,False,0.0,0.0,5.687238235907444e-09,,S2_positive_signal_budget_pressure,[],[],"[""N6_missing_test_useful"", ""N7_budget_displacement""]",null,"{""candidate"": ""mcv:1426"", ""qerror_with_add"": 1.002130542677289, ""gain"": 5.687238235907444e-09, ""useful"": true}"
2,414,query.415,positive,0.23609709647736743,mcv_only,1.2477868812302484,1.011689784752881,1.011689784752881,False,0.0,0.0,0.0,,,[1444],[],[],"{""candidate"": ""mcv:1444"", ""qerror_without"": 1.2477868812302484, ""attribution"": 0.23609709647736743, ""change_kind"": ""mcv_consumption_removal"", ""trace_without"": {""mcv"": [], ""fd"": [], ""rows"": 575978.9678918589}}",null
2,416,query.417,neutral,0.0,no_extstat_consumption,1.4141433095348512,1.4141433095348512,1.179052645729448,False,0.0,0.0,0.23509066380540333,,S2_positive_signal_budget_pressure,[],[],"[""N6_missing_test_useful"", ""N7_budget_displacement""]",null,"{""candidate"": ""mcv:648"", ""qerror_with_add"": 1.1828234104220248, ""gain"": 0.23131989911282647, ""useful"": true}"
2,424,query.425,positive,0.0006172066271683541,fd_only,1.0105759560442393,1.009958749417071,1.005509751763308,False,0.0,0.0,0.004448997653762943,,S2_positive_signal_budget_pressure,[],[49],"[""N6_missing_test_useful"", ""N7_budget_displacement""]","{""candidate"": ""fd:49"", ""qerror_without"": 1.0105759560442393, ""attribution"": 0.0006172066271683541, ""change_kind"": ""fd_control_change"", ""trace_without"": {""mcv"": [], ""fd"": [], ""rows"": 1887098.1330932397}}","{""candidate"": ""mcv:488"", ""qerror_with_add"": 1.005509751763308, ""gain"": 0.004448997653762943, ""useful"": true}"
2,425,query.426,neutral,0.0,no_extstat_consumption,1.0177774763094243,1.0177774763094243,1.0026938213124998,False,0.0,0.0,0.015083654996924434,,S1_no_training_signal,[],[],"[""N6_missing_test_useful""]",null,"{""candidate"": ""mcv:417"", ""qerror_with_add"": 1.0026938213124998, ""gain"": 0.015083654996924434, ""useful"": true}"
2,427,query.428,positive,0.5171417051292031,mcv_only,3.0544137635497837,2.5372720584205806,1.078038289910736,False,0.0,0.0,1.4592337685098447,,S1_no_training_signal,[1415],[],"[""N6_missing_test_useful""]","{""candidate"": ""mcv:1415"", ""qerror_without"": 3.0544137635497837, ""attribution"": 0.5171417051292031, ""change_kind"": ""mcv_consumption_removal"", ""trace_without"": {""mcv"": [], ""fd"": [], ""rows"": 23791.79954831799}}","{""candidate"": ""mcv:192"", ""qerror_with_add"": 1.8033460718594443, ""gain"": 0.7339259865611363, ""useful"": true}"
2,432,query.433,positive,1.3179936253493452e-08,mcv_only,1.6426252742309557,1.6426252610510195,1.284156476123164,False,0.0,0.0,0.3584687849278554,,S1_no_training_signal,[976],[],"[""N6_missing_test_useful""]","{""candidate"": ""mcv:976"", ""qerror_without"": 1.6426252742309557, ""attribution"": 1.3179936253493452e-08, ""change_kind"": ""mcv_consumption_removal"", ""trace_without"": {""mcv"": [], ""fd"": [], ""rows"": 937297.7660536871}}","{""candidate"": ""mcv:182"", ""qerror_with_add"": 1.284264385403711, ""gain"": 0.35836087564730845, ""useful"": true}"
2,434,query.435,positive,0.0003200734497170732,fd_only,1.014040938202245,1.013720864752528,1.0087257526155506,False,0.0,0.0,0.004995112136977342,,S1_no_training_signal,[],[93],"[""N6_missing_test_useful""]","{""candidate"": ""fd:93"", ""qerror_without"": 1.014040938202245, ""attribution"": 0.0003200734497170732, ""change_kind"": ""fd_control_change"", ""trace_without"": {""mcv"": [], ""fd"": [], ""rows"": 1751345.4665336194}}","{""candidate"": ""mcv:690"", ""qerror_with_add"": 1.0094044186456423, ""gain"": 0.004316446106885641, ""useful"": true}"
2,437,query.438,negative,-0.07866305097772797,mcv_only,1.5815360219305556,1.6601990729082836,1.1854618879940875,False,0.07866305097772797,0.07866305097772797,0.47473718491419614,mcv_consumption_removal,S1_no_training_signal,"[440, 468]",[],"[""N2_harmful_mcv_correction"", ""N6_missing_test_useful""]","{""candidate"": ""mcv:440"", ""qerror_without"": 1.5815360219305556, ""attribution"": -0.07866305097772797, ""change_kind"": ""mcv_consumption_removal"", ""trace_without"": {""mcv"": [468], ""fd"": [], ""rows"": 161553.07021594918}}","{""candidate"": ""mcv:562"", ""qerror_with_add"": 1.6264417110431673, ""gain"": 0.03375736186511635, ""useful"": true}"
2,440,query.441,positive,0.006471924696678899,mcv_only,1.068660286916499,1.06218836221982,1.0122428831967423,False,0.0,0.0,0.04994547902307778,,S1_no_training_signal,[263],[],"[""N6_missing_test_useful""]","{""candidate"": ""mcv:263"", ""qerror_without"": 1.068660286916499, ""attribution"": 0.006471924696678899, ""change_kind"": ""mcv_consumption_removal"", ""trace_without"": {""mcv"": [], ""fd"": [], ""rows"": 588637.9494975581}}","{""candidate"": ""mcv:262"", ""qerror_with_add"": 1.0122428831967423, ""gain"": 0.04994547902307778, ""useful"": true}"
2,441,query.442,negative,-0.41937251353153204,mcv_only,4.08508710158362,4.504459615115152,2.633275223425446,False,0.41937251353153204,0.41937251353153204,1.8711843916897064,mcv_consumption_removal,S1_no_training_signal,[1842],[],"[""N2_harmful_mcv_correction"", ""N6_missing_test_useful""]","{""candidate"": ""mcv:1842"", ""qerror_without"": 4.08508710158362, ""attribution"": -0.41937251353153204, ""change_kind"": ""mcv_consumption_removal"", ""trace_without"": {""mcv"": [], ""fd"": [], ""rows"": 187615.79531443093}}","{""candidate"": ""mcv:633"", ""qerror_with_add"": 2.9077827704861705, ""gain"": 1.5966768446289819, ""useful"": true}"
2,442,query.443,negative,-0.2139447432576973,mcv_only,1.4763464249095466,1.690291168167244,1.0194911335291563,False,0.2139447432576973,0.2139447432576973,0.6708000346380876,mcv_winner_replacement,S1_no_training_signal,[497],[],"[""N1_mcv_winner_replacement"", ""N6_missing_test_useful""]","{""candidate"": ""mcv:497"", ""qerror_without"": 1.0332948234150843, ""attribution"": -0.6569963447521596, ""change_kind"": ""mcv_winner_replacement"", ""trace_without"": {""mcv"": [833, 1663], ""fd"": [], ""rows"": 68550.619237493}}","{""candidate"": ""mcv:1712"", ""qerror_with_add"": 1.6902911177926416, ""gain"": 5.0374602267311275e-08, ""useful"": true}"
2,450,query.451,negative,-0.010632290744415185,mcv_only,1.4718858601956764,1.4825181509400915,1.116558018415334,True,0.010632290744415185,0.009380667982767266,0.36596013252475745,mcv_consumption_removal,S1_no_training_signal,"[130, 1358]",[],"[""N1_mcv_winner_replacement"", ""N2_harmful_mcv_correction"", ""N5_multi_statistic_interaction"", ""N6_missing_test_useful""]","{""candidate"": ""mcv:1358"", ""qerror_without"": 1.4731374829573243, ""attribution"": -0.009380667982767266, ""change_kind"": ""mcv_consumption_removal"", ""trace_without"": {""mcv"": [130], ""fd"": [], ""rows"": 676224.732263403}}","{""candidate"": ""mcv:845"", ""qerror_with_add"": 1.1292417688451515, ""gain"": 0.35327638209494006, ""useful"": true}"
2,453,query.454,positive,1.9797111717621165,mcv_only,5.129356319755617,3.1496451479935006,2.9057562999225115,False,0.0,0.0,0.2438888480709891,,S2_positive_signal_budget_pressure,"[107, 553, 1241]",[],"[""N1_mcv_winner_replacement"", ""N6_missing_test_useful"", ""N7_budget_displacement""]","{""candidate"": ""mcv:1241"", ""qerror_without"": 2.9071292460555878, ""attribution"": -0.24251590193791284, ""change_kind"": ""mcv_winner_replacement"", ""trace_without"": {""mcv"": [107, 553, 1263], ""fd"": [], ""rows"": 77687.21484234347}}","{""candidate"": ""mcv:1114"", ""qerror_with_add"": 2.9057562999225115, ""gain"": 0.2438888480709891, ""useful"": true}"
2,459,query.460,positive,0.007842124303173215,mcv_only,1.133148066641347,1.1253059423381737,1.1049233616857685,False,0.0,0.0,0.02038258065240517,,S1_no_training_signal,[112],[],"[""N6_missing_test_useful""]","{""candidate"": ""mcv:112"", ""qerror_without"": 1.133148066641347, ""attribution"": 0.007842124303173215, ""change_kind"": ""mcv_consumption_removal"", ""trace_without"": {""mcv"": [], ""fd"": [], ""rows"": 860160.316814536}}","{""candidate"": ""mcv:1618"", ""qerror_with_add"": 1.1126234421899341, ""gain"": 0.012682500148239573, ""useful"": true}"
2,462,query.463,positive,0.0038867952826318053,mcv_only,1.4405734080797241,1.4366866127970923,1.0177549284718408,False,0.0,0.0,0.4189316843252515,,S1_no_training_signal,"[7, 326]",[],"[""N1_mcv_winner_replacement"", ""N2_harmful_mcv_correction"", ""N6_missing_test_useful""]","{""candidate"": ""mcv:7"", ""qerror_without"": 1.0136394640429744, ""attribution"": -0.42304714875411786, ""change_kind"": ""mcv_winner_replacement"", ""trace_without"": {""mcv"": [326, 1815], ""fd"": [], ""rows"": 108349.94959048163}}","{""candidate"": ""mcv:35"", ""qerror_with_add"": 1.4366866025546736, ""gain"": 1.0242418690964428e-08, ""useful"": true}"
3,6,query.7,positive,0.4291798498789947,mcv_only,2.1580969387775406,1.728917088898546,1.3592051353892345,True,0.0,0.0,0.3697119535093114,,,"[40, 112, 1203]",[],"[""N1_mcv_winner_replacement"", ""N2_harmful_mcv_correction""]","{""candidate"": ""mcv:40"", ""qerror_without"": 1.5634843300835684, ""attribution"": -0.16543275881497754, ""change_kind"": ""mcv_winner_replacement"", ""trace_without"": {""mcv"": [112, 789, 987], ""fd"": [], ""rows"": 45334.00088263853}}","{""candidate"": ""mcv:582"", ""qerror_with_add"": 1.728917088898546, ""gain"": 0.0, ""useful"": false}"
3,7,query.8,positive,0.3603421309516659,mcv_only,1.361422326716653,1.001080195764987,1.001080195764987,False,0.0,0.0,0.0,,,[226],[],[],"{""candidate"": ""mcv:226"", ""qerror_without"": 1.3045999581395784, ""attribution"": 0.30351976237459133, ""change_kind"": ""mcv_winner_replacement"", ""trace_without"": {""mcv"": [295], ""fd"": [], ""rows"": 267216.0134798214}}",null
3,14,query.15,positive,0.16486035833307566,mcv_only,2.060903518666446,1.8960431603333703,1.3658582067961171,False,0.0,0.0,0.5301849535372531,,,[34],[],[],"{""candidate"": ""mcv:34"", ""qerror_without"": 2.060903518666446, ""attribution"": 0.16486035833307566, ""change_kind"": ""mcv_consumption_removal"", ""trace_without"": {""mcv"": [], ""fd"": [], ""rows"": 114465.32933897154}}","{""candidate"": ""mcv:394"", ""qerror_with_add"": 1.8960431603333703, ""gain"": 0.0, ""useful"": false}"
3,15,query.16,positive,1.3381196980925116,mcv_only,2.6885879750756447,1.350468276983133,1.2178918343893064,False,0.0,0.0,0.13257644259382673,,,"[173, 703]",[],[],"{""candidate"": ""mcv:173"", ""qerror_without"": 1.460860645624848, ""attribution"": 0.11039236864171498, ""change_kind"": ""mcv_consumption_removal"", ""trace_without"": {""mcv"": [703], ""fd"": [], ""rows"": 14855.62641788977}}","{""candidate"": ""mcv:1083"", ""qerror_with_add"": 1.350468276983133, ""gain"": 0.0, ""useful"": false}"
3,18,query.19,negative,-0.011286996189837417,mcv_only,1.0784746224428328,1.0897616186326702,1.072164857893534,False,0.011286996189837417,0.011286996189837417,0.017596760739136075,mcv_winner_replacement,S1_no_training_signal,"[187, 714]",[],"[""N1_mcv_winner_replacement"", ""N2_harmful_mcv_correction"", ""N6_missing_test_useful""]","{""candidate"": ""mcv:187"", ""qerror_without"": 1.0783047267357133, ""attribution"": -0.011456891896956867, ""change_kind"": ""mcv_winner_replacement"", ""trace_without"": {""mcv"": [224], ""fd"": [], ""rows"": 786583.4008788136}}","{""candidate"": ""mcv:416"", ""qerror_with_add"": 1.0778271201780187, ""gain"": 0.011934498454651443, ""useful"": true}"
3,21,query.22,positive,2.5137341462820313,mcv_only,13.030263219142059,10.516529072860028,7.088072832588159,False,0.0,0.0,3.428456240271869,,S1_no_training_signal,"[14, 294]",[],"[""N2_harmful_mcv_correction"", ""N6_missing_test_useful""]","{""candidate"": ""mcv:294"", ""qerror_without"": 8.14649839963592, ""attribution"": -2.3700306732241074, ""change_kind"": ""mcv_consumption_removal"", ""trace_without"": {""mcv"": [14], ""fd"": [], ""rows"": 187361.31669322654}}","{""candidate"": ""mcv:1069"", ""qerror_with_add"": 10.511987044381105, ""gain"": 0.004542028478923044, ""useful"": true}"
3,32,query.33,negative,-0.007061367958944853,mcv_only,1.0132712793166891,1.020332647275634,1.0028701972340919,False,0.007061367958944853,0.007061367958944853,0.01746245004154212,mcv_consumption_removal,,[112],[],"[""N2_harmful_mcv_correction""]","{""candidate"": ""mcv:112"", ""qerror_without"": 1.0132712793166891, ""attribution"": -0.007061367958944853, ""change_kind"": ""mcv_consumption_removal"", ""trace_without"": {""mcv"": [], ""fd"": [], ""rows"": 770671.8430801288}}","{""candidate"": ""mcv:1139"", ""qerror_with_add"": 1.020332647275634, ""gain"": 0.0, ""useful"": false}"
3,33,query.34,positive,0.7782459373778949,mcv_only,3.147391646828533,2.369145709450638,1.8305105292243555,False,0.0,0.0,0.5386351802262823,,,"[65, 1380]",[],"[""N1_mcv_winner_replacement""]","{""candidate"": ""mcv:65"", ""qerror_without"": 2.016624828216558, ""attribution"": -0.35252088123407965, ""change_kind"": ""mcv_winner_replacement"", ""trace_without"": {""mcv"": [182, 1747], ""fd"": [], ""rows"": 21172.544071445645}}","{""candidate"": ""fd:624"", ""qerror_with_add"": 2.369145709450638, ""gain"": 0.0, ""useful"": false}"
3,49,query.50,positive,0.7623240008226453,mcv_fd_composed,1.9110047155771868,1.1486807147545415,1.0273917932417775,True,0.0,0.0,0.12128892151276394,,S1_no_training_signal,"[96, 172, 444]",[216],"[""N1_mcv_winner_replacement"", ""N6_missing_test_useful""]","{""candidate"": ""mcv:172"", ""qerror_without"": 1.0398970716655977, ""attribution"": -0.10878364308894373, ""change_kind"": ""mcv_winner_replacement"", ""trace_without"": {""mcv"": [96, 444, 946], ""fd"": [216], ""rows"": 377542.17287213495}}","{""candidate"": ""mcv:540"", ""qerror_with_add"": 1.1149640930979818, ""gain"": 0.03371662165655964, ""useful"": true}"
3,66,query.67,positive,1.56503752180015e-08,mcv_only,1.3483197329982586,1.3483197173478834,1.3382885222318208,False,0.0,0.0,0.010031195116062541,,S1_no_training_signal,"[16, 294]",[],"[""N6_missing_test_useful""]","{""candidate"": ""mcv:16"", ""qerror_without"": 1.3483197329982586, ""attribution"": 1.56503752180015e-08, ""change_kind"": ""mcv_consumption_removal"", ""trace_without"": {""mcv"": [294], ""fd"": [], ""rows"": 131792.1822629214}}","{""candidate"": ""mcv:1331"", ""qerror_with_add"": 1.3464629522265497, ""gain"": 0.0018567651213337033, ""useful"": true}"
3,68,query.69,positive,0.002224690269608809,mcv_only,1.3094300552322364,1.3072053649626276,1.105668855093351,False,0.0,0.0,0.20153650986927651,,S2_positive_signal_budget_pressure,"[444, 1214]",[],"[""N6_missing_test_useful"", ""N7_budget_displacement""]","{""candidate"": ""mcv:444"", ""qerror_without"": 1.3072053668036663, ""attribution"": 1.841038654859517e-09, ""change_kind"": ""mcv_consumption_removal"", ""trace_without"": {""mcv"": [1214], ""fd"": [], ""rows"": 631400.4065162052}}","{""candidate"": ""mcv:91"", ""qerror_with_add"": 1.3069709957037794, ""gain"": 0.00023436925884823268, ""useful"": true}"
3,69,query.70,negative,-0.0010625961977357434,mcv_only,1.008512359480096,1.0095749556778317,1.0023880301370598,False,0.0010625961977357434,0.0010625961977357434,0.007186925540771938,mcv_consumption_removal,,[172],[],"[""N2_harmful_mcv_correction""]","{""candidate"": ""mcv:172"", ""qerror_without"": 1.008512359480096, ""attribution"": -0.0010625961977357434, ""change_kind"": ""mcv_consumption_removal"", ""trace_without"": {""mcv"": [], ""fd"": [], ""rows"": 451124.862995771}}","{""candidate"": ""mcv:592"", ""qerror_with_add"": 1.0095749556778317, ""gain"": 0.0, ""useful"": false}"
3,77,query.78,neutral,0.0,no_extstat_consumption,1.001285336907925,1.001285336907925,1.001285336907925,False,0.0,0.0,0.0,,,[],[],[],null,null
3,81,query.82,negative,-0.09928456473736214,mcv_only,1.2801316903498279,1.37941625508719,1.0251997768750831,False,0.09928456473736214,0.09928456473736214,0.3542164782121069,mcv_consumption_removal,S1_no_training_signal,"[691, 809, 940]",[],"[""N1_mcv_winner_replacement"", ""N2_harmful_mcv_correction"", ""N6_missing_test_useful""]","{""candidate"": ""mcv:809"", ""qerror_without"": 1.2772140145832074, ""attribution"": -0.10220224050398263, ""change_kind"": ""mcv_consumption_removal"", ""trace_without"": {""mcv"": [691, 940], ""fd"": [], ""rows"": 186887.23837554603}}","{""candidate"": ""mcv:885"", ""qerror_with_add"": 1.0510713291000142, ""gain"": 0.3283449259871758, ""useful"": true}"
3,83,query.84,neutral,0.0,no_extstat_consumption,1.0057794985622495,1.0057794985622495,1.0026527857040832,False,0.0,0.0,0.0031267128581662362,,S1_no_training_signal,[],[],"[""N6_missing_test_useful""]",null,"{""candidate"": ""mcv:1755"", ""qerror_with_add"": 1.0026527857040832, ""gain"": 0.0031267128581662362, ""useful"": true}"
3,98,query.99,negative,-0.11004820165101048,mcv_only,2.211074151188032,2.3211223528390423,1.2639228078929208,False,0.11004820165101048,0.11004820165101048,1.0571995449461216,mcv_winner_replacement,,"[4, 146, 447]",[],"[""N1_mcv_winner_replacement""]","{""candidate"": ""mcv:146"", ""qerror_without"": 1.6640894775329385, ""attribution"": -0.6570328753061039, ""change_kind"": ""mcv_winner_replacement"", ""trace_without"": {""mcv"": [4, 268, 447], ""fd"": [], ""rows"": 79267.97313541034}}","{""candidate"": ""mcv:185"", ""qerror_with_add"": 2.3211223528390423, ""gain"": 0.0, ""useful"": false}"
3,111,query.112,neutral,0.0,no_extstat_consumption,1.0041905342427915,1.0041905342427915,1.0028447030611933,False,0.0,0.0,0.001345831181598145,,S1_no_training_signal,[],[],"[""N6_missing_test_useful""]",null,"{""candidate"": ""mcv:100"", ""qerror_with_add"": 1.0028447329482952, ""gain"": 0.0013458012944962405, ""useful"": true}"
3,118,query.119,positive,0.0003011738796590002,fd_only,1.1620293834880204,1.1617282096083614,1.0117537730420203,False,0.0,0.0,0.14997443656634113,,S1_no_training_signal,[],[352],"[""N6_missing_test_useful""]","{""candidate"": ""fd:352"", ""qerror_without"": 1.1620293834880204, ""attribution"": 0.0003011738796590002, ""change_kind"": ""fd_control_change"", ""trace_without"": {""mcv"": [], ""fd"": [], ""rows"": 51484.06817426812}}","{""candidate"": ""mcv:1793"", ""qerror_with_add"": 1.024644630008389, ""gain"": 0.13708357959997253, ""useful"": true}"
3,119,query.120,positive,0.42609360125217743,mcv_only,1.5308208192822845,1.104727218030107,1.101275755081782,False,0.0,0.0,0.0034514629483251014,,,"[96, 368]",[],"[""N2_harmful_mcv_correction""]","{""candidate"": ""mcv:368"", ""qerror_without"": 1.087592504584822, ""attribution"": -0.017134713445285055, ""change_kind"": ""mcv_consumption_removal"", ""trace_without"": {""mcv"": [96], ""fd"": [], ""rows"": 361523.3616715269}}","{""candidate"": ""fd:39"", ""qerror_with_add"": 1.104727218030107, ""gain"": 0.0, ""useful"": false}"
3,121,query.122,positive,0.0010829812598724953,mcv_fd_composed,1.7517912127262232,1.7507082314663507,1.6876063892436066,False,0.0,0.0,0.06310184222274406,,S1_no_training_signal,[2],"[550, 352]","[""N6_missing_test_useful""]","{""candidate"": ""fd:352"", ""qerror_without"": 1.7511620963082826, ""attribution"": 0.0004538648419318836, ""change_kind"": ""fd_control_change"", ""trace_without"": {""mcv"": [2], ""fd"": [550], ""rows"": 423313.75351416913}}","{""candidate"": ""mcv:858"", ""qerror_with_add"": 1.7093234363209664, ""gain"": 0.04138479514538429, ""useful"": true}"
3,132,query.133,positive,2.438067806937198,mcv_only,4.1061042659614255,1.6680364590242274,1.5739505959406157,False,0.0,0.0,0.09408586308361166,,S2_positive_signal_budget_pressure,[1213],[],"[""N6_missing_test_useful"", ""N7_budget_displacement""]","{""candidate"": ""mcv:1213"", ""qerror_without"": 4.1061042659614255, ""attribution"": 2.438067806937198, ""change_kind"": ""mcv_consumption_removal"", ""trace_without"": {""mcv"": [], ""fd"": [], ""rows"": 139912.42374491546}}","{""candidate"": ""mcv:1101"", ""qerror_with_add"": 1.5739505959406157, ""gain"": 0.09408586308361166, ""useful"": true}"
3,137,query.138,positive,1.0878858311398139,mcv_only,4.507257620884456,3.419371789744642,1.4136648848950644,False,0.0,0.0,2.0057069048495775,,,"[34, 110, 841]",[],"[""N1_mcv_winner_replacement""]","{""candidate"": ""mcv:110"", ""qerror_without"": 2.1453043033060584, ""attribution"": -1.2740674864385837, ""change_kind"": ""mcv_winner_replacement"", ""trace_without"": {""mcv"": [34, 422, 841], ""fd"": [], ""rows"": 843.1045911992809}}","{""candidate"": ""mcv:1349"", ""qerror_with_add"": 3.419371789744642, ""gain"": 0.0, ""useful"": false}"
3,143,query.144,positive,0.07008864352151023,mcv_only,1.3745974657893933,1.3045088222678831,1.0884145918233619,False,0.0,0.0,0.21609423044452125,,S1_no_training_signal,"[763, 1025]",[],"[""N1_mcv_winner_replacement"", ""N6_missing_test_useful""]","{""candidate"": ""mcv:763"", ""qerror_without"": 1.3033436998786478, ""attribution"": -0.0011651223892352736, ""change_kind"": ""mcv_winner_replacement"", ""trace_without"": {""mcv"": [1025, 1377], ""fd"": [], ""rows"": 322049.3566195021}}","{""candidate"": ""mcv:1949"", ""qerror_with_add"": 1.0897781318402602, ""gain"": 0.21473069042762294, ""useful"": true}"
3,154,query.155,positive,0.19846845099415122,mcv_only,1.2042282039296783,1.005759752935527,1.1964504516613566,False,0.0,0.0,0.0,,,[4],[],[],"{""candidate"": ""mcv:4"", ""qerror_without"": 1.2042282039296783, ""attribution"": 0.19846845099415122, ""change_kind"": ""mcv_consumption_removal"", ""trace_without"": {""mcv"": [], ""fd"": [], ""rows"": 1057688.0822498836}}","{""candidate"": ""mcv:93"", ""qerror_with_add"": 1.005759752935527, ""gain"": 0.0, ""useful"": false}"
3,167,query.168,positive,6.813873577904417e-05,mcv_only,1.0187155490519892,1.0186474103162102,1.0030674249499187,False,0.0,0.0,0.01557998536629146,,S1_no_training_signal,[110],[],"[""N6_missing_test_useful""]","{""candidate"": ""mcv:110"", ""qerror_without"": 1.0187155490519892, ""attribution"": 6.813873577904417e-05, ""change_kind"": ""mcv_consumption_removal"", ""trace_without"": {""mcv"": [], ""fd"": [], ""rows"": 1640066.2594723331}}","{""candidate"": ""mcv:1883"", ""qerror_with_add"": 1.0030524912290493, ""gain"": 0.01559491908716093, ""useful"": true}"
3,172,query.173,positive,0.30900435889150923,mcv_only,1.4104236683892528,1.1014193094977436,1.0921597478620027,False,0.0,0.0,0.009259561635740932,,,"[187, 523, 1156]",[],"[""N2_harmful_mcv_correction""]","{""candidate"": ""mcv:187"", ""qerror_without"": 1.1012587271680596, ""attribution"": -0.00016058232968396702, ""change_kind"": ""mcv_consumption_removal"", ""trace_without"": {""mcv"": [523, 1156], ""fd"": [], ""rows"": 283264.9515542905}}","{""candidate"": ""mcv:1482"", ""qerror_with_add"": 1.1014193094977436, ""gain"": 0.0, ""useful"": false}"
3,179,query.180,positive,0.0049183051291441515,mcv_fd_composed,1.3071998228072532,1.302281517678109,1.0456785934271369,True,0.0,0.0,0.2566029242509722,,S1_no_training_signal,"[18, 29]",[125],"[""N4_mcv_to_fd_suppression"", ""N6_missing_test_useful""]","{""candidate"": ""mcv:18"", ""qerror_without"": 1.2733176011455158, ""attribution"": -0.028963916532593226, ""change_kind"": ""mcv_consumption_removal"", ""trace_without"": {""mcv"": [29], ""fd"": [172, 222, 125], ""rows"": 125979.5669640382}}","{""candidate"": ""mcv:944"", ""qerror_with_add"": 1.2296577820321322, ""gain"": 0.0726237356459769, ""useful"": true}"
3,187,query.188,positive,0.00022421234556091463,fd_only,1.0045545431326848,1.0043303307871239,1.0035655271132344,False,0.0,0.0,0.0007648036738894248,,S1_no_training_signal,[],[430],"[""N6_missing_test_useful""]","{""candidate"": ""fd:430"", ""qerror_without"": 1.0045545431326848, ""attribution"": 0.00022421234556091463, ""change_kind"": ""fd_control_change"", ""trace_without"": {""mcv"": [], ""fd"": [], ""rows"": 2210772.939291425}}","{""candidate"": ""mcv:2030"", ""qerror_with_add"": 1.0035655271132344, ""gain"": 0.0007648036738894248, ""useful"": true}"
3,189,query.190,positive,2.0491498275987396e-08,mcv_only,1.0097481036947167,1.0097480832032184,1.0096445486462313,False,0.0,0.0,0.0001035345569870838,,S1_no_training_signal,[420],[],"[""N6_missing_test_useful""]","{""candidate"": ""mcv:420"", ""qerror_without"": 1.0097481036947167, ""attribution"": 2.0491498275987396e-08, ""change_kind"": ""mcv_consumption_removal"", ""trace_without"": {""mcv"": [], ""fd"": [], ""rows"": 1394997.4204911895}}","{""candidate"": ""fd:717"", ""qerror_with_add"": 1.0097221596930408, ""gain"": 2.5923510177605635e-05, ""useful"": true}"
3,197,query.198,neutral,0.0,no_extstat_consumption,1.3452710620957011,1.3452710620957011,1.099008317341606,False,0.0,0.0,0.24626274475409504,,S1_no_training_signal,[],[],"[""N6_missing_test_useful""]",null,"{""candidate"": ""mcv:137"", ""qerror_with_add"": 1.1045272381653022, ""gain"": 0.24074382393039895, ""useful"": true}"
3,198,query.199,positive,0.48755783442784395,mcv_only,4.3288230803957815,3.8412652459679375,2.7477115018057394,False,0.0,0.0,1.093553744162198,,,"[107, 1111, 1225]",[],"[""N1_mcv_winner_replacement""]","{""candidate"": ""mcv:1225"", ""qerror_without"": 2.7385974161986417, ""attribution"": -1.1026678297692958, ""change_kind"": ""mcv_winner_replacement"", ""trace_without"": {""mcv"": [107, 1111, 1663], ""fd"": [], ""rows"": 255952.05311534126}}","{""candidate"": ""mcv:1529"", ""qerror_with_add"": 3.8412652459679375, ""gain"": 0.0, ""useful"": false}"
3,199,query.200,neutral,0.0,no_extstat_consumption,1.6627587960740096,1.6627587960740096,1.076621142493589,False,0.0,0.0,0.5861376535804206,,S1_no_training_signal,[],[],"[""N6_missing_test_useful""]",null,"{""candidate"": ""mcv:217"", ""qerror_with_add"": 1.076621142493589, ""gain"": 0.5861376535804206, ""useful"": true}"
3,202,query.203,negative,-0.008479687039345318,mcv_only,1.7251866574728432,1.7336663445121885,1.1227367621204085,True,0.008479687039345318,5.894669019568255e-08,0.61092958239178,mcv_winner_replacement,,"[2, 32, 145, 600]",[],"[""N1_mcv_winner_replacement"", ""N5_multi_statistic_interaction""]","{""candidate"": ""mcv:2"", ""qerror_without"": 1.7336662855654983, ""attribution"": -5.894669019568255e-08, ""change_kind"": ""mcv_winner_replacement"", ""trace_without"": {""mcv"": [4, 32, 145, 1045], ""fd"": [], ""rows"": 196510.13741025358}}","{""candidate"": ""mcv:91"", ""qerror_with_add"": 1.7336663445121885, ""gain"": 0.0, ""useful"": false}"
3,203,query.204,positive,0.13601074296558502,mcv_only,1.3695755155515736,1.2335647725859886,1.233564752337312,False,0.0,0.0,2.024867651329032e-08,,S1_no_training_signal,[2088],[],"[""N6_missing_test_useful""]","{""candidate"": ""mcv:2088"", ""qerror_without"": 1.3695755155515736, ""attribution"": 0.13601074296558502, ""change_kind"": ""mcv_consumption_removal"", ""trace_without"": {""mcv"": [], ""fd"": [], ""rows"": 437374.20331930794}}","{""candidate"": ""mcv:85"", ""qerror_with_add"": 1.233564752337312, ""gain"": 2.024867651329032e-08, ""useful"": true}"
3,208,query.209,positive,0.3800622211830633,mcv_only,1.7992720011843986,1.4192097800013352,1.3662386146068866,False,0.0,0.0,0.05297116539444868,,S1_no_training_signal,"[112, 904, 1248]",[],"[""N2_harmful_mcv_correction"", ""N6_missing_test_useful""]","{""candidate"": ""mcv:1248"", ""qerror_without"": 1.4011129530121538, ""attribution"": -0.01809682698918147, ""change_kind"": ""mcv_consumption_removal"", ""trace_without"": {""mcv"": [112, 904], ""fd"": [], ""rows"": 456701.1737120296}}","{""candidate"": ""mcv:137"", ""qerror_with_add"": 1.3662385963162889, ""gain"": 0.052971183685046386, ""useful"": true}"
3,215,query.216,positive,0.0675062041685981,mcv_fd_composed,1.1020150765754246,1.0345088724068265,1.0336248286177196,False,0.0,0.0,0.000884043789106892,,S1_no_training_signal,[86],[447],"[""N3_fd_harmful_correction"", ""N6_missing_test_useful""]","{""candidate"": ""fd:447"", ""qerror_without"": 1.0343660574592222, ""attribution"": -0.00014281494760437496, ""change_kind"": ""fd_control_change"", ""trace_without"": {""mcv"": [86], ""fd"": [], ""rows"": 676559.1852289855}}","{""candidate"": ""mcv:1547"", ""qerror_with_add"": 1.0336248286177196, ""gain"": 0.000884043789106892, ""useful"": true}"
3,218,query.219,positive,0.12823812634016885,mcv_only,1.2885933765867719,1.160355250246603,1.1595231270899453,False,0.0,0.0,0.0008321231566577048,,S2_positive_signal_budget_pressure,[197],[],"[""N6_missing_test_useful"", ""N7_budget_displacement""]","{""candidate"": ""mcv:197"", ""qerror_without"": 1.2885933765867719, ""attribution"": 0.12823812634016885, ""change_kind"": ""mcv_consumption_removal"", ""trace_without"": {""mcv"": [], ""fd"": [], ""rows"": 489477.13953853864}}","{""candidate"": ""mcv:1106"", ""qerror_with_add"": 1.1595231270899453, ""gain"": 0.0008321231566577048, ""useful"": true}"
3,223,query.224,positive,1.9305184020472446,mcv_only,4.365597361549613,2.435078959502368,2.0117998500267755,True,0.0,0.0,0.42327910947559255,,S1_no_training_signal,"[107, 110, 357]",[],"[""N4_mcv_to_fd_suppression"", ""N6_missing_test_useful""]","{""candidate"": ""mcv:110"", ""qerror_without"": 2.3511697082053455, ""attribution"": -0.08390925129702254, ""change_kind"": ""mcv_consumption_removal"", ""trace_without"": {""mcv"": [107, 357], ""fd"": [230, 0], ""rows"": 45366.78047005705}}","{""candidate"": ""fd:319"", ""qerror_with_add"": 2.148399176103775, ""gain"": 0.286679783398593, ""useful"": true}"
3,227,query.228,neutral,0.0,no_extstat_consumption,1.0627836564920157,1.0627836564920157,1.0192938419565931,False,0.0,0.0,0.043489814535422555,,S1_no_training_signal,[],[],"[""N6_missing_test_useful""]",null,"{""candidate"": ""mcv:484"", ""qerror_with_add"": 1.0192938895922194, ""gain"": 0.04348976689979622, ""useful"": true}"
3,240,query.241,negative,-0.0004120683105275358,fd_only,1.0003102938554616,1.000722362165989,1.0000524769674106,False,0.0004120683105275358,0.0004120683105275358,0.0006698851985784682,fd_control_change,S1_no_training_signal,[],[280],"[""N3_fd_harmful_correction"", ""N6_missing_test_useful""]","{""candidate"": ""fd:280"", ""qerror_without"": 1.0003102938554616, ""attribution"": -0.0004120683105275358, ""change_kind"": ""fd_control_change"", ""trace_without"": {""mcv"": [], ""fd"": [], ""rows"": 1939162.5235667375}}","{""candidate"": ""mcv:677"", ""qerror_with_add"": 1.0000524769674106, ""gain"": 0.0006698851985784682, ""useful"": true}"
3,242,query.243,neutral,0.0,no_extstat_consumption,1.0160967445630333,1.0160967445630333,1.000261743447716,False,0.0,0.0,0.015835001115317437,,,[],[],[],null,"{""candidate"": ""mcv:1793"", ""qerror_with_add"": 1.016236827881907, ""gain"": -0.00014008331887360725, ""useful"": false}"
3,243,query.244,positive,0.32832795542981086,mcv_only,1.6033844819385172,1.2750565265087064,1.1629025765233951,False,0.0,0.0,0.11215394998531125,,S1_no_training_signal,"[551, 937, 976]",[],"[""N6_missing_test_useful""]","{""candidate"": ""mcv:551"", ""qerror_without"": 1.278507682382776, ""attribution"": 0.0034511558740695225, ""change_kind"": ""mcv_consumption_removal"", ""trace_without"": {""mcv"": [937, 976], ""fd"": [], ""rows"": 304541.7758259733}}","{""candidate"": ""mcv:921"", ""qerror_with_add"": 1.1530262350771148, ""gain"": 0.12203029143159161, ""useful"": true}"
3,253,query.254,positive,0.32252594459067474,mcv_only,2.1499260341027,1.8274000895120253,1.5796937044463737,False,0.0,0.0,0.24770638506565157,,S1_no_training_signal,"[869, 1207]",[],"[""N2_harmful_mcv_correction"", ""N6_missing_test_useful""]","{""candidate"": ""mcv:1207"", ""qerror_without"": 1.6157884478591824, ""attribution"": -0.21161164165284285, ""change_kind"": ""mcv_consumption_removal"", ""trace_without"": {""mcv"": [869], ""fd"": [], ""rows"": 176352.2943721612}}","{""candidate"": ""mcv:801"", ""qerror_with_add"": 1.6077672372270178, ""gain"": 0.2196328522850075, ""useful"": true}"
3,259,query.260,neutral,0.0,no_extstat_consumption,1.0734970792740468,1.0734970792740468,1.0031150661180837,False,0.0,0.0,0.07038201315596315,,S1_no_training_signal,[],[],"[""N6_missing_test_useful""]",null,"{""candidate"": ""mcv:1151"", ""qerror_with_add"": 1.0031150661180837, ""gain"": 0.07038201315596315, ""useful"": true}"
3,267,query.268,neutral,0.0,no_extstat_consumption,1.011096350791376,1.011096350791376,1.011096350791376,False,0.0,0.0,0.0,,,[],[],[],null,null
3,273,query.274,negative,-18.97262275677845,mcv_only,107.7293584910272,126.70198124780565,1.0006531059966004,False,18.97262275677845,18.97262275677845,125.70132814180904,mcv_winner_replacement,S2_positive_signal_budget_pressure,"[2, 40, 691, 973]",[],"[""N1_mcv_winner_replacement"", ""N6_missing_test_useful"", ""N7_budget_displacement""]","{""candidate"": ""mcv:691"", ""qerror_without"": 4.168493228049261, ""attribution"": -122.53348801975639, ""change_kind"": ""mcv_winner_replacement"", ""trace_without"": {""mcv"": [2, 40, 973, 1076], ""fd"": [], ""rows"": 1959.1918171831528}}","{""candidate"": ""mcv:936"", ""qerror_with_add"": 99.16207593564337, ""gain"": 27.539905312162276, ""useful"": true}"
3,276,query.277,negative,-0.14326637006277454,mcv_only,1.1529924490834003,1.2962588191461748,1.0727001371858946,False,0.14326637006277454,0.14326637006277454,0.22355868196028017,mcv_winner_replacement,,"[4, 841]",[],"[""N1_mcv_winner_replacement""]","{""candidate"": ""mcv:841"", ""qerror_without"": 1.0357556655998972, ""attribution"": -0.2605031535462776, ""change_kind"": ""mcv_winner_replacement"", ""trace_without"": {""mcv"": [4, 1269], ""fd"": [], ""rows"": 350951.3067092068}}","{""candidate"": ""mcv:350"", ""qerror_with_add"": 1.2962588191461748, ""gain"": 0.0, ""useful"": false}"
3,277,query.278,positive,0.0010028004589286432,mcv_only,1.0038456376208946,1.002842837161966,1.00092579806878,False,0.0,0.0,0.0019170390931859682,,S1_no_training_signal,[49],[],"[""N6_missing_test_useful""]","{""candidate"": ""mcv:49"", ""qerror_without"": 1.0039127862456023, ""attribution"": 0.0010699490836363346, ""change_kind"": ""mcv_winner_replacement"", ""trace_without"": {""mcv"": [110], ""fd"": [], ""rows"": 1741794.7076128374}}","{""candidate"": ""mcv:1039"", ""qerror_with_add"": 1.0000740910797412, ""gain"": 0.002768746082224771, ""useful"": true}"
3,278,query.279,negative,-0.08997893792777312,mcv_only,1.199753356942815,1.289732294870588,1.193948199098259,False,0.08997893792777312,0.08997893792777312,0.09578409577232905,mcv_consumption_removal,S1_no_training_signal,[96],[],"[""N2_harmful_mcv_correction"", ""N6_missing_test_useful""]","{""candidate"": ""mcv:96"", ""qerror_without"": 1.199753356942815, ""attribution"": -0.08997893792777312, ""change_kind"": ""mcv_consumption_removal"", ""trace_without"": {""mcv"": [], ""fd"": [], ""rows"": 231909.92439033225}}","{""candidate"": ""mcv:143"", ""qerror_with_add"": 1.2834918103828739, ""gain"": 0.006240484487714193, ""useful"": true}"
3,281,query.282,positive,0.1549208454766804,mcv_fd_composed,1.2678716117979338,1.1129507663212534,1.0425623428793949,True,0.0,0.0,0.07038842344185858,,S1_no_training_signal,"[29, 145]",[430],"[""N1_mcv_winner_replacement"", ""N3_fd_harmful_correction"", ""N6_missing_test_useful""]","{""candidate"": ""mcv:29"", ""qerror_without"": 1.1047868462866244, ""attribution"": -0.008163920034629069, ""change_kind"": ""mcv_winner_replacement"", ""trace_without"": {""mcv"": [145, 1324], ""fd"": [430], ""rows"": 294529.54449893633}}","{""candidate"": ""mcv:100"", ""qerror_with_add"": 1.1127023733104384, ""gain"": 0.00024839301081502896, ""useful"": true}"
3,282,query.283,negative,-0.012795929768554704,mcv_fd_composed,1.4880103185476843,1.500806248316239,1.2837817176355937,False,0.012795929768554704,0.012795929768554704,0.2170245306806453,mcv_winner_replacement,S2_positive_signal_budget_pressure,[295],[3],"[""N1_mcv_winner_replacement"", ""N3_fd_harmful_correction"", ""N6_missing_test_useful"", ""N7_budget_displacement""]","{""candidate"": ""mcv:295"", ""qerror_without"": 1.4814078360746288, ""attribution"": -0.019398412241610208, ""change_kind"": ""mcv_winner_replacement"", ""trace_without"": {""mcv"": [973], ""fd"": [3], ""rows"": 58100.81533084694}}","{""candidate"": ""mcv:1595"", ""qerror_with_add"": 1.4235640138674175, ""gain"": 0.0772422344488215, ""useful"": true}"
3,292,query.293,negative,-0.026799088658722825,mcv_only,1.3244164545268373,1.3512155431855601,1.06347784311001,False,0.026799088658722825,0.026799088658722825,0.2877377000755501,mcv_consumption_removal,S1_no_training_signal,[191],[],"[""N2_harmful_mcv_correction"", ""N6_missing_test_useful""]","{""candidate"": ""mcv:191"", ""qerror_without"": 1.3244164545268373, ""attribution"": -0.026799088658722825, ""change_kind"": ""mcv_consumption_removal"", ""trace_without"": {""mcv"": [], ""fd"": [], ""rows"": 186553.32853528674}}","{""candidate"": ""mcv:469"", ""qerror_with_add"": 1.0936417164546117, ""gain"": 0.2575738267309484, ""useful"": true}"
3,293,query.294,positive,1.3030408554767874,mcv_only,4.425506359773974,3.1224655042971863,1.0011517051989904,False,0.0,0.0,2.121313799098196,,,"[1044, 1269]",[],[],"{""candidate"": ""mcv:1044"", ""qerror_without"": 3.2144032789708543, ""attribution"": 0.09193777467366804, ""change_kind"": ""mcv_consumption_removal"", ""trace_without"": {""mcv"": [1269], ""fd"": [], ""rows"": 81739.06098094986}}","{""candidate"": ""mcv:1399"", ""qerror_with_add"": 3.1224655042971863, ""gain"": 0.0, ""useful"": false}"
3,295,query.296,positive,1.5816614684638353e-09,mcv_only,1.0012476911165726,1.0012476895349112,1.0012476761968194,False,0.0,0.0,1.3338091742198799e-08,,,[291],[],[],"{""candidate"": ""mcv:291"", ""qerror_without"": 1.0012476911165726, ""attribution"": 1.5816614684638353e-09, ""change_kind"": ""mcv_consumption_removal"", ""trace_without"": {""mcv"": [], ""fd"": [], ""rows"": 1981493.7079031046}}","{""candidate"": ""mcv:1591"", ""qerror_with_add"": 1.0012476895349112, ""gain"": 0.0, ""useful"": false}"
3,297,query.298,negative,-0.049425248133321276,mcv_only,31.65254749978733,31.701972747920653,29.781392551560096,False,0.049425248133321276,0.049425248133321276,1.9205801963605573,mcv_consumption_removal,S1_no_training_signal,[644],[],"[""N2_harmful_mcv_correction"", ""N6_missing_test_useful""]","{""candidate"": ""mcv:644"", ""qerror_without"": 31.65254749978733, ""attribution"": -0.049425248133321276, ""change_kind"": ""mcv_consumption_removal"", ""trace_without"": {""mcv"": [], ""fd"": [], ""rows"": 36337.124529755856}}","{""candidate"": ""mcv:188"", ""qerror_with_add"": 30.16789503475943, ""gain"": 1.5340777131612242, ""useful"": true}"
3,299,query.300,neutral,0.0,no_extstat_consumption,2.619309649350519,2.619309649350519,1.261102410934547,False,0.0,0.0,1.358207238415972,,S1_no_training_signal,[],[],"[""N6_missing_test_useful""]",null,"{""candidate"": ""mcv:721"", ""qerror_with_add"": 1.7946725981808203, ""gain"": 0.8246370511696988, ""useful"": true}"
3,302,query.303,negative,-0.14110418287892834,mcv_fd_composed,1.4929615219483394,1.6340657048272678,1.0470467467374778,False,0.14110418287892834,0.14110418287892834,0.58701895808979,mcv_consumption_removal,S1_no_training_signal,[357],[93],"[""N2_harmful_mcv_correction"", ""N6_missing_test_useful""]","{""candidate"": ""mcv:357"", ""qerror_without"": 1.4924902812650274, ""attribution"": -0.1415754235622404, ""change_kind"": ""mcv_consumption_removal"", ""trace_without"": {""mcv"": [], ""fd"": [93], ""rows"": 297967.09940587584}}","{""candidate"": ""mcv:1935"", ""qerror_with_add"": 1.5761836408760816, ""gain"": 0.057882063951186113, ""useful"": true}"
3,303,query.304,neutral,0.0,no_extstat_consumption,1.6743447312107271,1.6743447312107271,1.053726415497803,False,0.0,0.0,0.6206183157129241,,S2_positive_signal_budget_pressure,[],[],"[""N6_missing_test_useful"", ""N7_budget_displacement""]",null,"{""candidate"": ""mcv:1318"", ""qerror_with_add"": 1.053726415497803, ""gain"": 0.6206183157129241, ""useful"": true}"
3,304,query.305,neutral,0.0,no_extstat_consumption,1.2531014432148797,1.2531014432148797,1.0161546485778106,False,0.0,0.0,0.23694679463706914,,S1_no_training_signal,[],[],"[""N6_missing_test_useful""]",null,"{""candidate"": ""mcv:1346"", ""qerror_with_add"": 1.0161546485778106, ""gain"": 0.23694679463706914, ""useful"": true}"
3,309,query.310,negative,-2.1992269783055463e-08,mcv_only,2.0921691105953713,2.092169132587641,1.1947480571627216,False,2.1992269783055463e-08,0.0,0.8974210754249194,N6_missing_benefit_without_harmful_presence,S1_no_training_signal,[841],[],"[""N5_multi_statistic_interaction"", ""N6_missing_test_useful""]","{""candidate"": ""mcv:841"", ""qerror_without"": 2.0941529902038285, ""attribution"": 0.0019838576161874677, ""change_kind"": ""mcv_winner_replacement"", ""trace_without"": {""mcv"": [1266], ""fd"": [], ""rows"": 80358.5033124159}}","{""candidate"": ""mcv:1946"", ""qerror_with_add"": 1.2396114659206403, ""gain"": 0.8525576666670007, ""useful"": true}"
3,310,query.311,negative,-0.11241571312892118,mcv_only,1.415868020936828,1.5282837340657491,1.2100728964612886,False,0.11241571312892118,0.11241571312892118,0.31821083760446056,mcv_consumption_removal,,"[253, 1306]",[],"[""N2_harmful_mcv_correction""]","{""candidate"": ""mcv:1306"", ""qerror_without"": 1.4126951270055752, ""attribution"": -0.11558860706017393, ""change_kind"": ""mcv_consumption_removal"", ""trace_without"": {""mcv"": [253], ""fd"": [], ""rows"": 350157.6776552369}}","{""candidate"": ""mcv:1594"", ""qerror_with_add"": 1.5282837340657491, ""gain"": 0.0, ""useful"": false}"
3,320,query.321,negative,-0.015568067407456088,mcv_only,1.1696456014041676,1.1852136688116237,1.000380573122044,False,0.015568067407456088,0.015568067407456088,0.18483309568957962,mcv_winner_replacement,S1_no_training_signal,[295],[],"[""N1_mcv_winner_replacement"", ""N6_missing_test_useful""]","{""candidate"": ""mcv:295"", ""qerror_without"": 1.1648780090215938, ""attribution"": -0.020335659790029936, ""change_kind"": ""mcv_winner_replacement"", ""trace_without"": {""mcv"": [1197], ""fd"": [], ""rows"": 14200.628625390553}}","{""candidate"": ""mcv:1718"", ""qerror_with_add"": 1.120766583306252, ""gain"": 0.06444708550537182, ""useful"": true}"
3,325,query.326,negative,-1.0179618037398086e-08,mcv_only,1.4213904178281649,1.421390428007783,1.3124069172666952,False,1.0179618037398086e-08,4.432500810835904e-09,0.1089835107410877,mcv_consumption_removal,S1_no_training_signal,"[107, 1266]",[],"[""N2_harmful_mcv_correction"", ""N5_multi_statistic_interaction"", ""N6_missing_test_useful""]","{""candidate"": ""mcv:1266"", ""qerror_without"": 1.4213904235752821, ""attribution"": -4.432500810835904e-09, ""change_kind"": ""mcv_consumption_removal"", ""trace_without"": {""mcv"": [107], ""fd"": [], ""rows"": 627781.2442092241}}","{""candidate"": ""mcv:1160"", ""qerror_with_add"": 1.331164809488554, ""gain"": 0.09022561851922895, ""useful"": true}"
3,327,query.328,negative,-0.0006395314081439896,fd_only,1.0464896401796873,1.0471291715878313,1.0438405148386904,False,0.0006395314081439896,0.0006395314081439896,0.003288656749140806,fd_control_change,S1_no_training_signal,[],[188],"[""N3_fd_harmful_correction"", ""N6_missing_test_useful""]","{""candidate"": ""fd:188"", ""qerror_without"": 1.0464896401796873, ""attribution"": -0.0006395314081439896, ""change_kind"": ""fd_control_change"", ""trace_without"": {""mcv"": [], ""fd"": [], ""rows"": 651943.1625287818}}","{""candidate"": ""mcv:482"", ""qerror_with_add"": 1.04463606907805, ""gain"": 0.0024931025097811865, ""useful"": true}"
3,343,query.344,negative,-0.0005135459368486028,mcv_only,1.0081147982198764,1.008628344156725,1.004828680358607,False,0.0005135459368486028,0.0005135459368486028,0.0037996637981179138,mcv_consumption_removal,,[96],[],"[""N2_harmful_mcv_correction""]","{""candidate"": ""mcv:96"", ""qerror_without"": 1.0081147982198764, ""attribution"": -0.0005135459368486028, ""change_kind"": ""mcv_consumption_removal"", ""trace_without"": {""mcv"": [], ""fd"": [], ""rows"": 1148336.4811668084}}","{""candidate"": ""mcv:592"", ""qerror_with_add"": 1.0087361404750923, ""gain"": -0.00010779631836732584, ""useful"": false}"
3,344,query.345,positive,0.0004091153434075956,fd_only,1.1756015336827392,1.1751924183393316,1.0438757277085475,False,0.0,0.0,0.1313166906307841,,S1_no_training_signal,[],[422],"[""N6_missing_test_useful""]","{""candidate"": ""fd:422"", ""qerror_without"": 1.1756015336827392, ""attribution"": 0.0004091153434075956, ""change_kind"": ""fd_control_change"", ""trace_without"": {""mcv"": [], ""fd"": [], ""rows"": 139560.89312509965}}","{""candidate"": ""mcv:2003"", ""qerror_with_add"": 1.0450595647406409, ""gain"": 0.13013285359869076, ""useful"": true}"
3,349,query.350,negative,-0.0005201960058538457,mcv_only,1.3289534268200156,1.3294736228258694,1.0048105243304848,False,0.0005201960058538457,0.0005201960058538457,0.32466309849538466,mcv_consumption_removal,S1_no_training_signal,[940],[],"[""N2_harmful_mcv_correction"", ""N6_missing_test_useful""]","{""candidate"": ""mcv:940"", ""qerror_without"": 1.3289534268200156, ""attribution"": -0.0005201960058538457, ""change_kind"": ""mcv_consumption_removal"", ""trace_without"": {""mcv"": [], ""fd"": [], ""rows"": 601801.940847749}}","{""candidate"": ""mcv:193"", ""qerror_with_add"": 1.006700160782726, ""gain"": 0.3227734620431435, ""useful"": true}"
3,356,query.357,neutral,0.0,no_extstat_consumption,3.6265040578939036,3.6265040578939036,1.2586160711168737,False,0.0,0.0,2.36788798677703,,S1_no_training_signal,[],[],"[""N6_missing_test_useful""]",null,"{""candidate"": ""mcv:190"", ""qerror_with_add"": 1.2635634149665007, ""gain"": 2.362940642927403, ""useful"": true}"
3,357,query.358,negative,-0.20729936060742737,mcv_only,4.141265864305466,4.348565224912893,1.5708641681946391,False,0.20729936060742737,0.20729936060742737,2.7777010567182545,mcv_winner_replacement,S1_no_training_signal,"[253, 438]",[],"[""N1_mcv_winner_replacement"", ""N2_harmful_mcv_correction"", ""N6_missing_test_useful""]","{""candidate"": ""mcv:438"", ""qerror_without"": 4.0590669647598565, ""attribution"": -0.2894982601530369, ""change_kind"": ""mcv_winner_replacement"", ""trace_without"": {""mcv"": [253, 1156], ""fd"": [], ""rows"": 7839.239972204436}}","{""candidate"": ""mcv:941"", ""qerror_with_add"": 2.1992748753794262, ""gain"": 2.149290349533467, ""useful"": true}"
3,365,query.366,negative,-0.36197461410911225,mcv_only,1.3129373966927702,1.6749120108018825,1.0144897591364757,False,0.36197461410911225,0.36197461410911225,0.6604222516654068,mcv_consumption_removal,S1_no_training_signal,[939],[],"[""N2_harmful_mcv_correction"", ""N6_missing_test_useful""]","{""candidate"": ""mcv:939"", ""qerror_without"": 1.3129373966927702, ""attribution"": -0.36197461410911225, ""change_kind"": ""mcv_consumption_removal"", ""trace_without"": {""mcv"": [], ""fd"": [], ""rows"": 549724.2621204695}}","{""candidate"": ""mcv:336"", ""qerror_with_add"": 1.3055033513197858, ""gain"": 0.36940865948209667, ""useful"": true}"
3,367,query.368,negative,-0.05028575319080808,mcv_only,1.1100511875408778,1.160336940731686,1.0002481733047965,True,0.05028575319080808,0.0,0.16008876742688938,N8_unresolved,,"[253, 294]",[],"[""N5_multi_statistic_interaction""]","{""candidate"": ""mcv:294"", ""qerror_without"": 1.1624463547284818, ""attribution"": 0.0021094139967958725, ""change_kind"": ""mcv_winner_replacement"", ""trace_without"": {""mcv"": [253, 468], ""fd"": [], ""rows"": 26318.947917407557}}","{""candidate"": ""mcv:451"", ""qerror_with_add"": 1.160336940731686, ""gain"": 0.0, ""useful"": false}"
3,368,query.369,positive,0.272008558517568,mcv_only,1.279105677927858,1.00709711941029,1.00709711941029,False,0.0,0.0,0.0,,,[86],[],[],"{""candidate"": ""mcv:86"", ""qerror_without"": 1.279105677927858, ""attribution"": 0.272008558517568, ""change_kind"": ""mcv_consumption_removal"", ""trace_without"": {""mcv"": [], ""fd"": [], ""rows"": 31473.674311092873}}",null
3,372,query.373,negative,-0.3699475192031545,mcv_only,1.3257876018108206,1.695735121013975,1.1188367583569545,False,0.3699475192031545,0.3699475192031545,0.5768983626570205,mcv_consumption_removal,S1_no_training_signal,[182],[],"[""N2_harmful_mcv_correction"", ""N6_missing_test_useful""]","{""candidate"": ""mcv:182"", ""qerror_without"": 1.3257876018108206, ""attribution"": -0.3699475192031545, ""change_kind"": ""mcv_consumption_removal"", ""trace_without"": {""mcv"": [], ""fd"": [], ""rows"": 441053.7388572111}}","{""candidate"": ""mcv:70"", ""qerror_with_add"": 1.1188367583569545, ""gain"": 0.5768983626570205, ""useful"": true}"
3,379,query.380,positive,0.5676582125639986,mcv_fd_composed,1.8991855941151559,1.3315273815511572,1.222807343369007,False,0.0,0.0,0.10872003818215026,,S1_no_training_signal,[940],[326],"[""N6_missing_test_useful""]","{""candidate"": ""fd:326"", ""qerror_without"": 1.4845198670746849, ""attribution"": 0.15299248552352762, ""change_kind"": ""fd_control_change"", ""trace_without"": {""mcv"": [940], ""fd"": [], ""rows"": 975394.1541067654}}","{""candidate"": ""mcv:858"", ""qerror_with_add"": 1.3116227952840982, ""gain"": 0.019904586267059043, ""useful"": true}"
3,388,query.389,negative,-4.634707262418658e-08,mcv_only,1.1830684326358198,1.1830684789828925,1.0895670198126008,False,4.634707262418658e-08,0.0,0.09350145917029162,N6_missing_benefit_without_harmful_presence,S1_no_training_signal,[49],[],"[""N5_multi_statistic_interaction"", ""N6_missing_test_useful""]","{""candidate"": ""mcv:49"", ""qerror_without"": 1.3201677175568876, ""attribution"": 0.13709923857399509, ""change_kind"": ""mcv_winner_replacement"", ""trace_without"": {""mcv"": [904], ""fd"": [], ""rows"": 228352.04647928348}}","{""candidate"": ""mcv:241"", ""qerror_with_add"": 1.1778612250901241, ""gain"": 0.0052072538927683265, ""useful"": true}"
3,389,query.390,positive,0.5211273763092856,mcv_only,1.9122304451748624,1.3911030688655768,1.4270591366158898,False,0.0,0.0,0.0,,S1_no_training_signal,"[551, 987]",[],"[""N6_missing_test_useful""]","{""candidate"": ""mcv:987"", ""qerror_without"": 1.4854333680017775, ""attribution"": 0.09433029913620072, ""change_kind"": ""mcv_consumption_removal"", ""trace_without"": {""mcv"": [551], ""fd"": [], ""rows"": 30386.418517525846}}","{""candidate"": ""mcv:562"", ""qerror_with_add"": 1.362817322623648, ""gain"": 0.02828574624192881, ""useful"": true}"
3,397,query.398,positive,0.038126667398692415,mcv_only,1.1853629600601467,1.1472362926614543,1.1286145647264794,False,0.0,0.0,0.018621727934974963,,S1_no_training_signal,[329],[],"[""N6_missing_test_useful""]","{""candidate"": ""mcv:329"", ""qerror_without"": 1.1853629600601467, ""attribution"": 0.038126667398692415, ""change_kind"": ""mcv_consumption_removal"", ""trace_without"": {""mcv"": [], ""fd"": [], ""rows"": 789605.404873211}}","{""candidate"": ""mcv:92"", ""qerror_with_add"": 1.1428724407986979, ""gain"": 0.0043638518627564515, ""useful"": true}"
3,398,query.399,negative,-0.03563235539361598,mcv_only,1.3539677250468705,1.3896000804404864,1.007759983836463,False,0.03563235539361598,0.03563235539361598,0.3818400966040234,mcv_consumption_removal,S1_no_training_signal,[826],[],"[""N2_harmful_mcv_correction"", ""N6_missing_test_useful""]","{""candidate"": ""mcv:826"", ""qerror_without"": 1.3539677250468705, ""attribution"": -0.03563235539361598, ""change_kind"": ""mcv_consumption_removal"", ""trace_without"": {""mcv"": [], ""fd"": [], ""rows"": 694417.5509511387}}","{""candidate"": ""mcv:508"", ""qerror_with_add"": 1.007759983836463, ""gain"": 0.3818400966040234, ""useful"": true}"
3,399,query.400,positive,0.482073338833094,mcv_only,1.7129220138127395,1.2308486749796455,1.2068024900751124,False,0.0,0.0,0.02404618490453303,,S1_no_training_signal,[1834],[],"[""N6_missing_test_useful""]","{""candidate"": ""mcv:1834"", ""qerror_without"": 1.7129220138127395, ""attribution"": 0.482073338833094, ""change_kind"": ""mcv_consumption_removal"", ""trace_without"": {""mcv"": [], ""fd"": [], ""rows"": 604241.1689812929}}","{""candidate"": ""mcv:130"", ""qerror_with_add"": 1.208081889414666, ""gain"": 0.022766785564979353, ""useful"": true}"
3,403,query.404,negative,-0.07060665259423926,mcv_only,1.1797785926277689,1.2503852452220081,1.0011167850458653,False,0.07060665259423926,0.07060665259423926,0.2492684601761428,mcv_consumption_removal,S1_no_training_signal,"[498, 600]",[],"[""N2_harmful_mcv_correction"", ""N6_missing_test_useful""]","{""candidate"": ""mcv:498"", ""qerror_without"": 1.1797785815424364, ""attribution"": -0.07060666367957169, ""change_kind"": ""mcv_consumption_removal"", ""trace_without"": {""mcv"": [600], ""fd"": [], ""rows"": 159772.3530067492}}","{""candidate"": ""mcv:103"", ""qerror_with_add"": 1.2489241102453914, ""gain"": 0.001461134976616707, ""useful"": true}"
3,410,query.411,neutral,0.0,no_extstat_consumption,1.0180391478284125,1.0180391478284125,1.0069237557026924,False,0.0,0.0,0.011115392125720103,,S1_no_training_signal,[],[],"[""N6_missing_test_useful""]",null,"{""candidate"": ""mcv:1845"", ""qerror_with_add"": 1.0069237557026924, ""gain"": 0.011115392125720103, ""useful"": true}"
3,421,query.422,positive,0.027849951749847834,mcv_fd_composed,1.1970516150426693,1.1692016632928215,1.003769688686946,False,0.0,0.0,0.16543197460587544,,S1_no_training_signal,"[29, 987]",[281],"[""N2_harmful_mcv_correction"", ""N3_fd_harmful_correction"", ""N6_missing_test_useful""]","{""candidate"": ""mcv:29"", ""qerror_without"": 1.1673609869262753, ""attribution"": -0.0018406763665461678, ""change_kind"": ""mcv_consumption_removal"", ""trace_without"": {""mcv"": [987], ""fd"": [281], ""rows"": 463337.2493209079}}","{""candidate"": ""mcv:70"", ""qerror_with_add"": 1.0118365064107295, ""gain"": 0.15736515688209196, ""useful"": true}"
3,425,query.426,positive,0.003799931945329238,mcv_only,1.0177774763094243,1.013977544364095,1.0026938213124998,True,0.0,0.0,0.011283723051595196,,S1_no_training_signal,[824],[],"[""N6_missing_test_useful""]","{""candidate"": ""mcv:824"", ""qerror_without"": 1.0181317913775227, ""attribution"": 0.004154247013427703, ""change_kind"": ""mcv_consumption_removal"", ""trace_without"": {""mcv"": [], ""fd"": [422], ""rows"": 469643.8327266237}}","{""candidate"": ""mcv:417"", ""qerror_with_add"": 1.0026938213124998, ""gain"": 0.011283723051595196, ""useful"": true}"
3,428,query.429,negative,-0.031652673908853846,mcv_fd_composed,1.0050867715894147,1.0367394454982686,1.0082805796586425,True,0.031652673908853846,0.0017545531864251451,0.02845886583962609,mcv_consumption_removal,S2_positive_signal_budget_pressure,"[146, 172, 226]",[216],"[""N2_harmful_mcv_correction"", ""N5_multi_statistic_interaction"", ""N6_missing_test_useful"", ""N7_budget_displacement""]","{""candidate"": ""mcv:146"", ""qerror_without"": 1.0349848923118434, ""attribution"": -0.0017545531864251451, ""change_kind"": ""mcv_consumption_removal"", ""trace_without"": {""mcv"": [172, 226], ""fd"": [216], ""rows"": 320541.87695335085}}","{""candidate"": ""mcv:68"", ""qerror_with_add"": 1.0345525079781392, ""gain"": 0.0021869375201293284, ""useful"": true}"
3,432,query.433,positive,8.475686952280626e-08,mcv_only,1.6426252742309557,1.6426251894740862,1.2841565143940108,False,0.0,0.0,0.3584686750800754,,S1_no_training_signal,"[52, 976]",[],"[""N1_mcv_winner_replacement"", ""N6_missing_test_useful""]","{""candidate"": ""mcv:52"", ""qerror_without"": 1.2842643471296498, ""attribution"": -0.35836084234443644, ""change_kind"": ""mcv_winner_replacement"", ""trace_without"": {""mcv"": [182, 438], ""fd"": [], ""rows"": 1198841.1914113276}}","{""candidate"": ""fd:620"", ""qerror_with_add"": 1.6424872615705106, ""gain"": 0.00013792790357558538, ""useful"": true}"
3,439,query.440,positive,0.00579641371695816,mcv_only,1.780297580545958,1.7745011668289998,1.3529912095563277,False,0.0,0.0,0.42150995727267215,,,"[146, 691]",[],"[""N2_harmful_mcv_correction""]","{""candidate"": ""mcv:691"", ""qerror_without"": 1.7699574122772173, ""attribution"": -0.004543754551782575, ""change_kind"": ""mcv_consumption_removal"", ""trace_without"": {""mcv"": [146], ""fd"": [], ""rows"": 280619.6678869037}}","{""candidate"": ""mcv:474"", ""qerror_with_add"": 1.7745011668289998, ""gain"": 0.0, ""useful"": false}"
3,440,query.441,positive,0.006471924696678899,mcv_only,1.068660286916499,1.06218836221982,1.0122428888530903,False,0.0,0.0,0.04994547336672972,,S1_no_training_signal,[263],[],"[""N6_missing_test_useful""]","{""candidate"": ""mcv:263"", ""qerror_without"": 1.068660286916499, ""attribution"": 0.006471924696678899, ""change_kind"": ""mcv_consumption_removal"", ""trace_without"": {""mcv"": [], ""fd"": [], ""rows"": 588637.9494975581}}","{""candidate"": ""mcv:262"", ""qerror_with_add"": 1.0122428831967423, ""gain"": 0.04994547902307778, ""useful"": true}"
3,441,query.442,positive,0.004299629261947935,mcv_only,4.08508710158362,4.080787472321672,2.633275223425446,False,0.0,0.0,1.4475122488962264,,S1_no_training_signal,[172],[],"[""N6_missing_test_useful""]","{""candidate"": ""mcv:172"", ""qerror_without"": 4.504459615115152, ""attribution"": 0.42367214279348, ""change_kind"": ""mcv_winner_replacement"", ""trace_without"": {""mcv"": [1842], ""fd"": [], ""rows"": 206876.3167433936}}","{""candidate"": ""mcv:633"", ""qerror_with_add"": 2.904722275672602, ""gain"": 1.1760651966490703, ""useful"": true}"
3,453,query.454,positive,1.266965380340629,mcv_only,5.129356319755617,3.862390939414988,2.9057562999225115,False,0.0,0.0,0.9566346394924765,,S1_no_training_signal,"[49, 107]",[],"[""N1_mcv_winner_replacement"", ""N6_missing_test_useful""]","{""candidate"": ""mcv:49"", ""qerror_without"": 3.2191361059188184, ""attribution"": -0.6432548334961696, ""change_kind"": ""mcv_winner_replacement"", ""trace_without"": {""mcv"": [107, 835], ""fd"": [], ""rows"": 86024.97415846858}}","{""candidate"": ""mcv:1263"", ""qerror_with_add"": 3.5792498607714274, ""gain"": 0.28314107864356064, ""useful"": true}"
3,454,query.455,positive,0.3021996706897563,mcv_only,1.539753283876118,1.2375536131863618,1.1658091206600159,False,0.0,0.0,0.07174449252634596,,,"[14, 1181, 1800]",[],[],"{""candidate"": ""mcv:1181"", ""qerror_without"": 1.2375536423669755, ""attribution"": 2.9180613703161384e-08, ""change_kind"": ""mcv_consumption_removal"", ""trace_without"": {""mcv"": [14, 1800], ""fd"": [], ""rows"": 292220.8683482361}}","{""candidate"": ""mcv:1912"", ""qerror_with_add"": 1.2375536131863618, ""gain"": 0.0, ""useful"": false}"
3,455,query.456,positive,0.8549234465090301,mcv_fd_composed,1.9452015172093449,1.0902780707003148,1.0495968535085245,True,0.0,0.0,0.0406812171917903,,S1_no_training_signal,"[420, 789]",[216],"[""N2_harmful_mcv_correction"", ""N3_fd_harmful_correction"", ""N6_missing_test_useful""]","{""candidate"": ""fd:216"", ""qerror_without"": 1.0888759849278073, ""attribution"": -0.0014020857725074443, ""change_kind"": ""fd_control_change"", ""trace_without"": {""mcv"": [420, 789], ""fd"": [], ""rows"": 205322.81122192708}}","{""candidate"": ""mcv:202"", ""qerror_with_add"": 1.054141172101483, ""gain"": 0.036136898598831735, ""useful"": true}"
3,457,query.458,negative,-0.05935155730970232,mcv_only,1.0584399257636827,1.117791483073385,1.0004517222654488,True,0.05935155730970232,0.0521928620678227,0.11733976080793629,mcv_consumption_removal,S1_no_training_signal,"[843, 1588]",[],"[""N2_harmful_mcv_correction"", ""N4_mcv_to_fd_suppression"", ""N5_multi_statistic_interaction"", ""N6_missing_test_useful""]","{""candidate"": ""mcv:843"", ""qerror_without"": 1.0655986210055624, ""attribution"": -0.0521928620678227, ""change_kind"": ""mcv_consumption_removal"", ""trace_without"": {""mcv"": [1588], ""fd"": [], ""rows"": 585567.5746006271}}","{""candidate"": ""mcv:150"", ""qerror_with_add"": 1.0423876913436396, ""gain"": 0.07540379172974543, ""useful"": true}"
3,460,query.461,positive,0.09716659285831764,mcv_fd_composed,1.6660559740111016,1.568889381152784,1.3122236352841579,False,0.0,0.0,0.2566657458686261,,S1_no_training_signal,"[602, 1103]",[687],"[""N1_mcv_winner_replacement"", ""N6_missing_test_useful""]","{""candidate"": ""mcv:602"", ""qerror_without"": 1.529845174298156, ""attribution"": -0.03904420685462795, ""change_kind"": ""mcv_winner_replacement"", ""trace_without"": {""mcv"": [824, 1103], ""fd"": [687], ""rows"": 267942.8002824234}}","{""candidate"": ""mcv:451"", ""qerror_with_add"": 1.5036061473852123, ""gain"": 0.06528323376757172, ""useful"": true}"
3,461,query.462,positive,0.003946164155900211,mcv_only,1.760931110451628,1.7569849462957279,1.726582696899619,False,0.0,0.0,0.030402249396108916,,,[253],[],[],"{""candidate"": ""mcv:253"", ""qerror_without"": 1.760931110451628, ""attribution"": 0.003946164155900211, ""change_kind"": ""mcv_consumption_removal"", ""trace_without"": {""mcv"": [], ""fd"": [], ""rows"": 736116.7493087627}}","{""candidate"": ""mcv:773"", ""qerror_with_add"": 1.7569849462957279, ""gain"": 0.0, ""useful"": false}"
4,3,query.4,positive,0.3044631371963371,mcv_only,1.4125998906119643,1.1081367534156272,1.0944795706550003,False,0.0,0.0,0.013657182760626885,,S1_no_training_signal,[623],[],"[""N6_missing_test_useful""]","{""candidate"": ""mcv:623"", ""qerror_without"": 1.3063753253789687, ""attribution"": 0.1982385719633415, ""change_kind"": ""mcv_winner_replacement"", ""trace_without"": {""mcv"": [1253], ""fd"": [], ""rows"": 270374.8250125104}}","{""candidate"": ""mcv:1538"", ""qerror_with_add"": 1.0944795706550003, ""gain"": 0.013657182760626885, ""useful"": true}"
4,10,query.11,negative,-0.03785358395466787,mcv_fd_composed,7.155243436998079,7.193097020952747,3.2971628418284697,False,0.03785358395466787,0.03785358395466787,3.895934179124277,fd_control_change,S1_no_training_signal,[550],"[321, 162]","[""N1_mcv_winner_replacement"", ""N3_fd_harmful_correction"", ""N6_missing_test_useful""]","{""candidate"": ""fd:162"", ""qerror_without"": 7.06515854990997, ""attribution"": -0.12793847104277667, ""change_kind"": ""fd_control_change"", ""trace_without"": {""mcv"": [550], ""fd"": [321], ""rows"": 41663.23996881909}}","{""candidate"": ""mcv:221"", ""qerror_with_add"": 4.494956203176717, ""gain"": 2.6981408177760295, ""useful"": true}"
4,13,query.14,neutral,0.0,no_extstat_consumption,1.0113878515483354,1.0113878515483354,1.011387838008323,False,0.0,0.0,1.3540012444579475e-08,,S1_no_training_signal,[],[],"[""N6_missing_test_useful""]",null,"{""candidate"": ""mcv:947"", ""qerror_with_add"": 1.011387838008323, ""gain"": 1.3540012444579475e-08, ""useful"": true}"
4,22,query.23,positive,0.035417422784643326,mcv_only,1.140252772406969,1.1048353496223258,1.0283450524208344,False,0.0,0.0,0.07649029720149136,,,[1075],[],[],"{""candidate"": ""mcv:1075"", ""qerror_without"": 1.140252772406969, ""attribution"": 0.035417422784643326, ""change_kind"": ""mcv_consumption_removal"", ""trace_without"": {""mcv"": [], ""fd"": [], ""rows"": 466630.7444066408}}","{""candidate"": ""mcv:1086"", ""qerror_with_add"": 1.1048353496223258, ""gain"": 0.0, ""useful"": false}"
4,23,query.24,positive,0.040696813018407996,mcv_only,1.0423420231092244,1.0016452100908164,1.0004067714837348,False,0.0,0.0,0.0012384386070816156,,,"[68, 1991]",[],[],"{""candidate"": ""mcv:1991"", ""qerror_without"": 1.045890430611435, ""attribution"": 0.04424522052061852, ""change_kind"": ""mcv_consumption_removal"", ""trace_without"": {""mcv"": [68], ""fd"": [], ""rows"": 233214.73999859896}}","{""candidate"": ""mcv:828"", ""qerror_with_add"": 1.0016452100908164, ""gain"": 0.0, ""useful"": false}"
4,30,query.31,negative,-0.004938571625079824,mcv_only,1.007633962121432,1.012572533746512,1.012572533746512,False,0.004938571625079824,0.004938571625079824,0.0,mcv_consumption_removal,,[1216],[],"[""N2_harmful_mcv_correction""]","{""candidate"": ""mcv:1216"", ""qerror_without"": 1.007633962121432, ""attribution"": -0.004938571625079824, ""change_kind"": ""mcv_consumption_removal"", ""trace_without"": {""mcv"": [], ""fd"": [], ""rows"": 899453.3723141131}}",null
4,34,query.35,negative,-1.7049391898282806e-08,mcv_only,1.8209618861302306,1.8209619031796225,1.0375524196383443,False,1.7049391898282806e-08,1.7049391898282806e-08,0.7834094835412782,mcv_consumption_removal,S1_no_training_signal,[976],[],"[""N2_harmful_mcv_correction"", ""N6_missing_test_useful""]","{""candidate"": ""mcv:976"", ""qerror_without"": 1.8209618861302306, ""attribution"": -1.7049391898282806e-08, ""change_kind"": ""mcv_consumption_removal"", ""trace_without"": {""mcv"": [], ""fd"": [], ""rows"": 113706.32305562998}}","{""candidate"": ""mcv:1103"", ""qerror_with_add"": 1.1062799854641665, ""gain"": 0.714681917715456, ""useful"": true}"
4,41,query.42,positive,0.12017956210564118,mcv_fd_composed,1.479871054306232,1.3596914922005907,1.0285782527806568,False,0.0,0.0,0.33111323941993387,,S1_no_training_signal,[16],[488],"[""N2_harmful_mcv_correction"", ""N6_missing_test_useful""]","{""candidate"": ""mcv:16"", ""qerror_without"": 1.3591761892152272, ""attribution"": -0.0005153029853635083, ""change_kind"": ""mcv_consumption_removal"", ""trace_without"": {""mcv"": [], ""fd"": [488], ""rows"": 518876.0703696552}}","{""candidate"": ""mcv:1713"", ""qerror_with_add"": 1.0421581388004055, ""gain"": 0.3175333534001852, ""useful"": true}"
4,44,query.45,positive,0.014109871901757165,mcv_only,1.0167340553089397,1.0026241834071825,1.0128100332634786,False,0.0,0.0,0.0,,,[229],[],[],"{""candidate"": ""mcv:229"", ""qerror_without"": 1.0167340553089397, ""attribution"": 0.014109871901757165, ""change_kind"": ""mcv_consumption_removal"", ""trace_without"": {""mcv"": [], ""fd"": [], ""rows"": 1714574.557840507}}","{""candidate"": ""mcv:739"", ""qerror_with_add"": 1.0026241834071825, ""gain"": 0.0, ""useful"": false}"
4,45,query.46,positive,0.595113993295106,mcv_only,2.017570275758359,1.422456282463253,1.4599892529515492,True,0.0,0.0,0.0,,S1_no_training_signal,"[126, 1434]",[],"[""N2_harmful_mcv_correction"", ""N6_missing_test_useful""]","{""candidate"": ""mcv:1434"", ""qerror_without"": 1.4224562798618647, ""attribution"": -2.601388215950351e-09, ""change_kind"": ""mcv_consumption_removal"", ""trace_without"": {""mcv"": [126], ""fd"": [], ""rows"": 469011.2514845005}}","{""candidate"": ""mcv:772"", ""qerror_with_add"": 1.4150223769216284, ""gain"": 0.007433905541624597, ""useful"": true}"
4,46,query.47,positive,0.006345530024449708,mcv_only,1.2777837763883686,1.271438246363919,1.003079781103087,False,0.0,0.0,0.26835846526083196,,,[40],[],"[""N1_mcv_winner_replacement""]","{""candidate"": ""mcv:40"", ""qerror_without"": 1.003079781103087, ""attribution"": -0.26835846526083196, ""change_kind"": ""mcv_winner_replacement"", ""trace_without"": {""mcv"": [530], ""fd"": [], ""rows"": 1045036.6021870668}}",null
4,52,query.53,neutral,0.0,no_extstat_consumption,1.0095864158805332,1.0095864158805332,1.0047072258455236,False,0.0,0.0,0.004879190035009584,,S1_no_training_signal,[],[],"[""N6_missing_test_useful""]",null,"{""candidate"": ""mcv:655"", ""qerror_with_add"": 1.0047072258455236, ""gain"": 0.004879190035009584, ""useful"": true}"
4,54,query.55,positive,2.4718834630951063,mcv_only,6.392234125981965,3.9203506628868583,2.1822403627102456,False,0.0,0.0,1.7381103001766127,,,"[14, 229]",[],[],"{""candidate"": ""mcv:229"", ""qerror_without"": 3.9964139021313554, ""attribution"": 0.0760632392444971, ""change_kind"": ""mcv_consumption_removal"", ""trace_without"": {""mcv"": [14], ""fd"": [], ""rows"": 106048.83930695764}}","{""candidate"": ""mcv:468"", ""qerror_with_add"": 3.9203506628868583, ""gain"": 0.0, ""useful"": false}"
4,74,query.75,neutral,0.0,no_extstat_consumption,1.0230913581283583,1.0230913581283583,1.0003836685854586,False,0.0,0.0,0.0227076895428997,,S1_no_training_signal,[],[],"[""N6_missing_test_useful""]",null,"{""candidate"": ""mcv:1110"", ""qerror_with_add"": 1.0003836685854586, ""gain"": 0.0227076895428997, ""useful"": true}"
4,79,query.80,positive,0.08559045603323634,mcv_fd_composed,1.1928866308647346,1.1072961748314982,1.096061763103503,False,0.0,0.0,0.01123441172799522,,,"[68, 749]",[550],"[""N1_mcv_winner_replacement"", ""N3_fd_harmful_correction""]","{""candidate"": ""mcv:68"", ""qerror_without"": 1.1057765817779148, ""attribution"": -0.0015195930535834012, ""change_kind"": ""mcv_winner_replacement"", ""trace_without"": {""mcv"": [749, 1348], ""fd"": [550], ""rows"": 940302.6451977588}}","{""candidate"": ""mcv:310"", ""qerror_with_add"": 1.1072961748314982, ""gain"": 0.0, ""useful"": false}"
4,82,query.83,neutral,0.0,no_extstat_consumption,1.0049485850470095,1.0049485850470095,1.0049485850470095,False,0.0,0.0,0.0,,,[],[],[],null,null
4,84,query.85,neutral,0.0,no_extstat_consumption,1.0150075026437164,1.0150075026437164,1.0059104262534506,False,0.0,0.0,0.009097076390265801,,S1_no_training_signal,[],[],"[""N6_missing_test_useful""]",null,"{""candidate"": ""mcv:169"", ""qerror_with_add"": 1.0059104262534506, ""gain"": 0.009097076390265801, ""useful"": true}"
4,88,query.89,positive,0.0010268221539979638,mcv_fd_composed,1.0355567636963448,1.0345299415423468,1.0333855832939396,False,0.0,0.0,0.0011443582484071957,,S1_no_training_signal,[270],[474],"[""N6_missing_test_useful""]","{""candidate"": ""fd:474"", ""qerror_without"": 1.0348622249014183, ""attribution"": 0.00033228335907153905, ""change_kind"": ""fd_control_change"", ""trace_without"": {""mcv"": [270], ""fd"": [], ""rows"": 578632.5808317552}}","{""candidate"": ""mcv:957"", ""qerror_with_add"": 1.0328997303760057, ""gain"": 0.0016302111663411, ""useful"": true}"
4,91,query.92,neutral,0.0,no_extstat_consumption,1.0081241550741145,1.0081241550741145,1.0074105520457315,False,0.0,0.0,0.0007136030283829697,,S1_no_training_signal,[],[],"[""N6_missing_test_useful""]",null,"{""candidate"": ""fd:399"", ""qerror_with_add"": 1.0074105520457315, ""gain"": 0.0007136030283829697, ""useful"": true}"
4,99,query.100,negative,-0.018994472844910737,mcv_only,1.6251199402898857,1.6441144131347964,1.0884634344867343,False,0.018994472844910737,0.018994472844910737,0.5556509786480621,mcv_winner_replacement,S1_no_training_signal,[455],[],"[""N1_mcv_winner_replacement"", ""N6_missing_test_useful""]","{""candidate"": ""mcv:455"", ""qerror_without"": 1.2857886059109858, ""attribution"": -0.3583258072238107, ""change_kind"": ""mcv_winner_replacement"", ""trace_without"": {""mcv"": [551], ""fd"": [], ""rows"": 267627.1965843059}}","{""candidate"": ""mcv:310"", ""qerror_with_add"": 1.470532697968006, ""gain"": 0.17358171516679044, ""useful"": true}"
4,100,query.101,positive,0.4443669364606726,mcv_only,1.5565030251530652,1.1121360886923926,1.0603890656205772,False,0.0,0.0,0.051747023071815335,,S1_no_training_signal,"[809, 844, 936]",[],"[""N2_harmful_mcv_correction"", ""N6_missing_test_useful""]","{""candidate"": ""mcv:936"", ""qerror_without"": 1.0906476236903428, ""attribution"": -0.021488465002049706, ""change_kind"": ""mcv_consumption_removal"", ""trace_without"": {""mcv"": [809, 844], ""fd"": [], ""rows"": 220500.18243864935}}","{""candidate"": ""mcv:122"", ""qerror_with_add"": 1.1084976568322027, ""gain"": 0.0036384318601898613, ""useful"": true}"
4,103,query.104,negative,-0.018945884265900048,mcv_only,19.88045001925563,19.89939590352153,1.3683666168793311,False,0.018945884265900048,0.018945884265900048,18.531029286642198,mcv_winner_replacement,S1_no_training_signal,"[422, 1253]",[],"[""N1_mcv_winner_replacement"", ""N2_harmful_mcv_correction"", ""N6_missing_test_useful""]","{""candidate"": ""mcv:422"", ""qerror_without"": 16.309811620914406, ""attribution"": -3.589584282607124, ""change_kind"": ""mcv_winner_replacement"", ""trace_without"": {""mcv"": [1253, 1312], ""fd"": [], ""rows"": 280708.16780755785}}","{""candidate"": ""mcv:110"", ""qerror_with_add"": 16.3098118587078, ""gain"": 3.58958404481373, ""useful"": true}"
4,109,query.110,neutral,0.0,no_extstat_consumption,1.1693731407726453,1.1693731407726453,1.1166424506241213,False,0.0,0.0,0.05273069014852405,,S2_positive_signal_budget_pressure,[],[],"[""N6_missing_test_useful"", ""N7_budget_displacement""]",null,"{""candidate"": ""mcv:268"", ""qerror_with_add"": 1.1263424283504804, ""gain"": 0.04303071242216494, ""useful"": true}"
4,113,query.114,neutral,0.0,no_extstat_consumption,1.071909128836779,1.071909128836779,1.0432192257102804,False,0.0,0.0,0.02868990312649866,,S2_positive_signal_budget_pressure,[],[],"[""N6_missing_test_useful"", ""N7_budget_displacement""]",null,"{""candidate"": ""mcv:983"", ""qerror_with_add"": 1.0432192225195305, ""gain"": 0.028689906317248548, ""useful"": true}"
4,119,query.120,positive,0.42609360125217743,mcv_only,1.5308208192822845,1.104727218030107,1.0815746909696209,False,0.0,0.0,0.023152527060486205,,,"[96, 368]",[],"[""N2_harmful_mcv_correction""]","{""candidate"": ""mcv:368"", ""qerror_without"": 1.087592504584822, ""attribution"": -0.017134713445285055, ""change_kind"": ""mcv_consumption_removal"", ""trace_without"": {""mcv"": [96], ""fd"": [], ""rows"": 361523.3616715269}}","{""candidate"": ""fd:39"", ""qerror_with_add"": 1.104727218030107, ""gain"": 0.0, ""useful"": false}"
4,120,query.121,negative,-0.015089803828099102,mcv_only,1.3688708983828004,1.3839607022108995,1.3447544684194865,True,0.015089803828099102,0.015089803828099102,0.03920623379141297,mcv_winner_replacement,S1_no_training_signal,"[16, 96]",[],"[""N1_mcv_winner_replacement"", ""N6_missing_test_useful""]","{""candidate"": ""mcv:96"", ""qerror_without"": 1.3599209325877013, ""attribution"": -0.024039769623198204, ""change_kind"": ""mcv_winner_replacement"", ""trace_without"": {""mcv"": [16, 538], ""fd"": [], ""rows"": 884198.8316336019}}","{""candidate"": ""mcv:522"", ""qerror_with_add"": 1.3724809576396673, ""gain"": 0.011479744571232242, ""useful"": true}"
4,126,query.127,negative,-0.03587733215251321,mcv_only,1.8209549659668733,1.8568322981193865,1.059631776256817,False,0.03587733215251321,0.03587733215251321,0.7972005218625695,mcv_consumption_removal,S1_no_training_signal,[936],[],"[""N2_harmful_mcv_correction"", ""N6_missing_test_useful""]","{""candidate"": ""mcv:936"", ""qerror_without"": 1.8209549659668733, ""attribution"": -0.03587733215251321, ""change_kind"": ""mcv_consumption_removal"", ""trace_without"": {""mcv"": [], ""fd"": [], ""rows"": 253428.01366587734}}","{""candidate"": ""mcv:295"", ""qerror_with_add"": 1.395701306495123, ""gain"": 0.46113099162426363, ""useful"": true}"
4,127,query.128,positive,0.004611271274080675,mcv_fd_composed,1.0543237976249675,1.0497125263508869,1.0002825835083422,True,0.0,0.0,0.04942994284254465,,S1_no_training_signal,[1346],"[180, 6]","[""N4_mcv_to_fd_suppression"", ""N6_missing_test_useful""]","{""candidate"": ""mcv:1346"", ""qerror_without"": 1.0373828831713012, ""attribution"": -0.012329643179585625, ""change_kind"": ""mcv_consumption_removal"", ""trace_without"": {""mcv"": [], ""fd"": [22, 6], ""rows"": 964929.1657289726}}","{""candidate"": ""mcv:779"", ""qerror_with_add"": 1.0127850076654465, ""gain"": 0.03692751868544031, ""useful"": true}"
4,132,query.133,positive,0.838003953292112,mcv_only,4.1061042659614255,3.2681003126693136,1.5739505959406157,False,0.0,0.0,1.6941497167286979,,,[794],[],[],"{""candidate"": ""mcv:794"", ""qerror_without"": 3.8744987985364063, ""attribution"": 0.6063984858670928, ""change_kind"": ""mcv_winner_replacement"", ""trace_without"": {""mcv"": [1101], ""fd"": [], ""rows"": 148275.95254824075}}","{""candidate"": ""mcv:1213"", ""qerror_with_add"": 3.2681003126693136, ""gain"": 0.0, ""useful"": false}"
4,133,query.134,positive,0.15261756092424728,mcv_only,2.249236334764908,2.0966187738406608,1.269693890261927,False,0.0,0.0,0.8269248835787337,,S1_no_training_signal,"[59, 96, 987]",[],"[""N6_missing_test_useful""]","{""candidate"": ""mcv:59"", ""qerror_without"": 2.0966187738406608, ""attribution"": 0.0, ""change_kind"": ""mcv_consumption_removal"", ""trace_without"": {""mcv"": [96, 987], ""fd"": [], ""rows"": 515683.63952948584}}","{""candidate"": ""mcv:703"", ""qerror_with_add"": 1.1835412968349244, ""gain"": 0.9130774770057364, ""useful"": true}"
4,134,query.135,negative,-0.0022108126066795464,mcv_fd_composed,1.3975703469834284,1.399781159590108,1.1145778105060622,False,0.0022108126066795464,0.0022108126066795464,0.28520334908404577,fd_control_change,S1_no_training_signal,[1313],[3],"[""N3_fd_harmful_correction"", ""N6_missing_test_useful""]","{""candidate"": ""fd:3"", ""qerror_without"": 1.391303733757368, ""attribution"": -0.008477425832740026, ""change_kind"": ""fd_control_change"", ""trace_without"": {""mcv"": [1313], ""fd"": [225], ""rows"": 336848.5469799964}}","{""candidate"": ""mcv:197"", ""qerror_with_add"": 1.1175106826155392, ""gain"": 0.28227047697456875, ""useful"": true}"
4,139,query.140,positive,0.00046809384699564305,mcv_fd_composed,1.4576450782818564,1.4571769844348608,1.0198781845496294,False,0.0,0.0,0.43729879988523135,,,"[2, 65]",[474],[],"{""candidate"": ""mcv:2"", ""qerror_without"": 1.4571769844348605, ""attribution"": -2.220446049250313e-16, ""change_kind"": ""mcv_consumption_removal"", ""trace_without"": {""mcv"": [65], ""fd"": [474], ""rows"": 904217.5480907756}}","{""candidate"": ""mcv:527"", ""qerror_with_add"": 1.4571769844348608, ""gain"": 0.0, ""useful"": false}"
4,141,query.142,positive,0.022915583446865506,mcv_fd_composed,1.078788732728527,1.0558731492816615,1.0189970272385573,False,0.0,0.0,0.0368761220431042,,S1_no_training_signal,"[113, 447]",[174],"[""N6_missing_test_useful""]","{""candidate"": ""fd:174"", ""qerror_without"": 1.0558731492816615, ""attribution"": 0.0, ""change_kind"": ""fd_control_change"", ""trace_without"": {""mcv"": [113, 447], ""fd"": [93], ""rows"": 855586.6778264045}}","{""candidate"": ""mcv:997"", ""qerror_with_add"": 1.0275481021238946, ""gain"": 0.028325047157766958, ""useful"": true}"
4,143,query.144,positive,0.0712537659107455,mcv_only,1.3745974657893933,1.3033436998786478,1.2734621218244344,False,0.0,0.0,0.02988157805421343,,S2_positive_signal_budget_pressure,"[1025, 1377]",[],"[""N6_missing_test_useful"", ""N7_budget_displacement""]","{""candidate"": ""mcv:1377"", ""qerror_without"": 1.3045088436390118, ""attribution"": 0.001165143760363918, ""change_kind"": ""mcv_consumption_removal"", ""trace_without"": {""mcv"": [1025], ""fd"": [], ""rows"": 321761.7128827623}}","{""candidate"": ""mcv:1174"", ""qerror_with_add"": 1.2753789732083025, ""gain"": 0.02796472667034533, ""useful"": true}"
4,147,query.148,positive,0.013168178838345534,mcv_only,1.0311256287065527,1.0179574498682071,1.0179574498682071,False,0.0,0.0,0.0,,,[1671],[],[],"{""candidate"": ""mcv:1671"", ""qerror_without"": 1.0311256287065527, ""attribution"": 0.013168178838345534, ""change_kind"": ""mcv_consumption_removal"", ""trace_without"": {""mcv"": [], ""fd"": [], ""rows"": 1477618.2043998085}}",null
4,148,query.149,negative,-0.3408893916787732,mcv_only,1.0039055395218255,1.3447949312005987,1.003905539521826,False,0.3408893916787732,0.13465201804435867,0.34088939167877275,mcv_winner_replacement,,"[29, 826]",[],"[""N1_mcv_winner_replacement"", ""N5_multi_statistic_interaction""]","{""candidate"": ""mcv:29"", ""qerror_without"": 1.21014291315624, ""attribution"": -0.13465201804435867, ""change_kind"": ""mcv_winner_replacement"", ""trace_without"": {""mcv"": [826, 1325], ""fd"": [], ""rows"": 81561.44115455961}}","{""candidate"": ""mcv:282"", ""qerror_with_add"": 1.3447949312005987, ""gain"": 0.0, ""useful"": false}"
4,149,query.150,negative,-1.5207642192369288,mcv_fd_composed,6.538092856752774,8.058857075989703,3.650516212293459,True,1.5207642192369288,1.5207642192369288,4.408340863696244,mcv_winner_replacement,S1_no_training_signal,[1052],"[220, 29, 168]","[""N3_fd_harmful_correction"", ""N4_mcv_to_fd_suppression"", ""N6_missing_test_useful""]","{""candidate"": ""mcv:1052"", ""qerror_without"": 6.128337804268537, ""attribution"": -1.9305192717211659, ""change_kind"": ""mcv_winner_replacement"", ""trace_without"": {""mcv"": [1860], ""fd"": [162, 29, 168], ""rows"": 278269.4346784215}}","{""candidate"": ""mcv:107"", ""qerror_with_add"": 4.39910254153152, ""gain"": 3.659754534458183, ""useful"": true}"
4,153,query.154,neutral,0.0,no_extstat_consumption,1.0145220020878363,1.0145220020878363,1.0025303447481437,False,0.0,0.0,0.01199165733969254,,S1_no_training_signal,[],[],"[""N6_missing_test_useful""]",null,"{""candidate"": ""mcv:265"", ""qerror_with_add"": 1.0025303447481437, ""gain"": 0.01199165733969254, ""useful"": true}"
4,155,query.156,negative,-0.6564278327970923,mcv_only,1.1544263621152548,1.8108541949123471,1.055569067420216,False,0.6564278327970923,0.6564278327970923,0.7552851274921311,mcv_consumption_removal,S1_no_training_signal,[1757],[],"[""N2_harmful_mcv_correction"", ""N6_missing_test_useful""]","{""candidate"": ""mcv:1757"", ""qerror_without"": 1.1544263621152548, ""attribution"": -0.6564278327970923, ""change_kind"": ""mcv_consumption_removal"", ""trace_without"": {""mcv"": [], ""fd"": [], ""rows"": 43693.562149409845}}","{""candidate"": ""mcv:274"", ""qerror_with_add"": 1.1005317192565205, ""gain"": 0.7103224756558266, ""useful"": true}"
4,156,query.157,positive,0.3986556258667442,mcv_only,1.526112120989527,1.1274564951227828,1.1274564951227828,False,0.0,0.0,0.0,,,[1606],[],[],"{""candidate"": ""mcv:1606"", ""qerror_without"": 1.526112120989527, ""attribution"": 0.3986556258667442, ""change_kind"": ""mcv_consumption_removal"", ""trace_without"": {""mcv"": [], ""fd"": [], ""rows"": 165256.5342554741}}",null
4,158,query.159,negative,-0.053017300858474226,mcv_only,3.691691133402734,3.744708434261208,1.1743260680957508,False,0.053017300858474226,0.05007879240106394,2.5703823661654575,mcv_winner_replacement,S1_no_training_signal,"[120, 190, 324, 455]",[],"[""N1_mcv_winner_replacement"", ""N5_multi_statistic_interaction"", ""N6_missing_test_useful""]","{""candidate"": ""mcv:190"", ""qerror_without"": 3.694629641860144, ""attribution"": -0.05007879240106394, ""change_kind"": ""mcv_winner_replacement"", ""trace_without"": {""mcv"": [120, 191, 324, 455, 1076], ""fd"": [], ""rows"": 13840.0826384081}}","{""candidate"": ""mcv:1243"", ""qerror_with_add"": 3.7422932141812546, ""gain"": 0.0024152200799534285, ""useful"": true}"
4,159,query.160,negative,-0.3014776467836251,mcv_only,7.022536743350983,7.324014390134608,1.247816821734774,False,0.3014776467836251,0.3014776467836251,6.076197568399834,mcv_winner_replacement,S1_no_training_signal,"[422, 845]",[],"[""N1_mcv_winner_replacement"", ""N2_harmful_mcv_correction"", ""N6_missing_test_useful""]","{""candidate"": ""mcv:845"", ""qerror_without"": 1.300936984577533, ""attribution"": -6.023077405557075, ""change_kind"": ""mcv_winner_replacement"", ""trace_without"": {""mcv"": [422, 2107], ""fd"": [], ""rows"": 27373.01509249587}}","{""candidate"": ""mcv:143"", ""qerror_with_add"": 1.3009369925224632, ""gain"": 6.023077397612145, ""useful"": true}"
4,172,query.173,neutral,0.0,no_extstat_consumption,1.4104236683892528,1.4104236683892528,1.0921597478620027,False,0.0,0.0,0.31826392052725017,,S1_no_training_signal,[],[],"[""N6_missing_test_useful""]",null,"{""candidate"": ""mcv:523"", ""qerror_with_add"": 1.1012587834116363, ""gain"": 0.3091648849776165, ""useful"": true}"
4,175,query.176,negative,-0.09833794695069065,fd_only,1.4041376459757167,1.5024755929264073,1.0013742145181397,False,0.09833794695069065,0.09833794695069065,0.5011013784082676,fd_control_change,S1_no_training_signal,[],[624],"[""N3_fd_harmful_correction"", ""N6_missing_test_useful""]","{""candidate"": ""fd:624"", ""qerror_without"": 1.4041376459757167, ""attribution"": -0.09833794695069065, ""change_kind"": ""fd_control_change"", ""trace_without"": {""mcv"": [], ""fd"": [], ""rows"": 105064.599360133}}","{""candidate"": ""mcv:1747"", ""qerror_with_add"": 1.1196175459206854, ""gain"": 0.3828580470057219, ""useful"": true}"
4,184,query.185,neutral,0.0,no_extstat_consumption,1.1158932276204858,1.1158932276204858,1.0091790273153443,False,0.0,0.0,0.10671420030514156,,S1_no_training_signal,[],[],"[""N6_missing_test_useful""]",null,"{""candidate"": ""mcv:1536"", ""qerror_with_add"": 1.0091790273153443, ""gain"": 0.10671420030514156, ""useful"": true}"
4,190,query.191,positive,0.01104179438698294,mcv_only,1.1106433919979741,1.0996015976109912,1.031485405249448,False,0.0,0.0,0.0681161923615432,,S1_no_training_signal,[368],[],"[""N1_mcv_winner_replacement"", ""N6_missing_test_useful""]","{""candidate"": ""mcv:368"", ""qerror_without"": 1.037294511119478, ""attribution"": -0.062307086491513175, ""change_kind"": ""mcv_winner_replacement"", ""trace_without"": {""mcv"": [1018, 1389], ""fd"": [], ""rows"": 880060.571240073}}","{""candidate"": ""mcv:196"", ""qerror_with_add"": 1.031485405249448, ""gain"": 0.0681161923615432, ""useful"": true}"
4,198,query.199,positive,0.8751927787707188,mcv_only,4.3288230803957815,3.4536303016250627,2.7385974161986417,False,0.0,0.0,0.715032885426421,,S1_no_training_signal,[502],[],"[""N6_missing_test_useful""]","{""candidate"": ""mcv:502"", ""qerror_without"": 3.991095621106591, ""attribution"": 0.5374653194815284, ""change_kind"": ""mcv_winner_replacement"", ""trace_without"": {""mcv"": [1225], ""fd"": [], ""rows"": 373011.7878442431}}","{""candidate"": ""mcv:107"", ""qerror_with_add"": 3.342498694724674, ""gain"": 0.11113160690038848, ""useful"": true}"
4,202,query.203,negative,-0.008479687859675566,mcv_only,1.7251866574728432,1.7336663453325187,1.122417495832203,True,0.008479687859675566,0.006940506643284605,0.6112488495003157,mcv_winner_replacement,S2_positive_signal_budget_pressure,"[2, 32, 937]",[],"[""N4_mcv_to_fd_suppression"", ""N5_multi_statistic_interaction"", ""N6_missing_test_useful"", ""N7_budget_displacement""]","{""candidate"": ""mcv:32"", ""qerror_without"": 1.7267258386892341, ""attribution"": -0.006940506643284605, ""change_kind"": ""mcv_winner_replacement"", ""trace_without"": {""mcv"": [2, 665, 937], ""fd"": [191], ""rows"": 197299.9953823672}}","{""candidate"": ""fd:81"", ""qerror_with_add"": 1.7335644475893104, ""gain"": 0.00010189774320834566, ""useful"": true}"
4,205,query.206,positive,0.1551760068575847,mcv_only,1.1796468996548306,1.024470892797246,1.177575878127505,False,0.0,0.0,0.0,,,[324],[],[],"{""candidate"": ""mcv:324"", ""qerror_without"": 1.1680560070827786, ""attribution"": 0.14358511428553267, ""change_kind"": ""mcv_winner_replacement"", ""trace_without"": {""mcv"": [342], ""fd"": [], ""rows"": 513334.11785408243}}","{""candidate"": ""mcv:574"", ""qerror_with_add"": 1.024470892797246, ""gain"": 0.0, ""useful"": false}"
4,211,query.212,neutral,0.0,no_extstat_consumption,1.0118430271892593,1.0118430271892593,1.0106366244355316,False,0.0,0.0,0.0012064027537277422,,S2_positive_signal_budget_pressure,[],[],"[""N6_missing_test_useful"", ""N7_budget_displacement""]",null,"{""candidate"": ""mcv:520"", ""qerror_with_add"": 1.0106366244355316, ""gain"": 0.0012064027537277422, ""useful"": true}"
4,216,query.217,positive,0.0038433292445596567,mcv_only,1.0443104657763111,1.0404671365317515,1.0192753432069277,False,0.0,0.0,0.021191793324823793,,,[68],[],[],"{""candidate"": ""mcv:68"", ""qerror_without"": 1.0443104657763111, ""attribution"": 0.0038433292445596567, ""change_kind"": ""mcv_consumption_removal"", ""trace_without"": {""mcv"": [], ""fd"": [], ""rows"": 1524921.9960811043}}","{""candidate"": ""mcv:245"", ""qerror_with_add"": 1.0404671365317515, ""gain"": 0.0, ""useful"": false}"
4,220,query.221,positive,114.04715662941254,mcv_only,115.30374160993239,1.256584980519854,1.256584980519854,False,0.0,0.0,0.0,,,[826],[],[],"{""candidate"": ""mcv:826"", ""qerror_without"": 115.30374160993239, ""attribution"": 114.04715662941254, ""change_kind"": ""mcv_consumption_removal"", ""trace_without"": {""mcv"": [], ""fd"": [], ""rows"": 201089.72536772207}}",null
4,225,query.226,positive,0.008987102028298555,mcv_only,3.024281292810691,3.0152941907823925,1.1204992942925442,False,0.0,0.0,1.8947948964898482,,,[342],[],[],"{""candidate"": ""mcv:342"", ""qerror_without"": 3.024281292810691, ""attribution"": 0.008987102028298555, ""change_kind"": ""mcv_consumption_removal"", ""trace_without"": {""mcv"": [], ""fd"": [], ""rows"": 481928.29685326206}}","{""candidate"": ""mcv:590"", ""qerror_with_add"": 3.0152941907823925, ""gain"": 0.0, ""useful"": false}"
4,231,query.232,positive,0.4410690078508306,mcv_only,1.7814080041562683,1.3403389963054377,1.3287951485089482,False,0.0,0.0,0.011543847796489537,,S1_no_training_signal,[263],[],"[""N6_missing_test_useful""]","{""candidate"": ""mcv:263"", ""qerror_without"": 1.5249555543899778, ""attribution"": 0.18461655808454003, ""change_kind"": ""mcv_winner_replacement"", ""trace_without"": {""mcv"": [1203], ""fd"": [], ""rows"": 105757.18061797167}}","{""candidate"": ""mcv:212"", ""qerror_with_add"": 1.3098878976547368, ""gain"": 0.030451098650700947, ""useful"": true}"
4,236,query.237,positive,0.8532868665249826,mcv_only,1.9160944974556036,1.062807630930621,1.807659387543755,False,0.0,0.0,0.0,,,[628],[],[],"{""candidate"": ""mcv:628"", ""qerror_without"": 1.9160944974556036, ""attribution"": 0.8532868665249826, ""change_kind"": ""mcv_consumption_removal"", ""trace_without"": {""mcv"": [], ""fd"": [], ""rows"": 81005.39937153927}}","{""candidate"": ""mcv:641"", ""qerror_with_add"": 1.062807630930621, ""gain"": 0.0, ""useful"": false}"
4,241,query.242,neutral,0.0,no_extstat_consumption,1.1247139287885473,1.1247139287885473,1.0405694167136113,False,0.0,0.0,0.084144512074936,,S1_no_training_signal,[],[],"[""N6_missing_test_useful""]",null,"{""candidate"": ""mcv:1552"", ""qerror_with_add"": 1.0405694167136113, ""gain"": 0.084144512074936, ""useful"": true}"
4,242,query.243,negative,-0.02006705435397116,fd_only,1.0160967445630333,1.0361637989170045,1.0096656867957978,False,0.02006705435397116,0.02006705435397116,0.026498112121206674,fd_control_change,S1_no_training_signal,[],[219],"[""N3_fd_harmful_correction"", ""N6_missing_test_useful""]","{""candidate"": ""fd:219"", ""qerror_without"": 1.0160967445630333, ""attribution"": -0.02006705435397116, ""change_kind"": ""fd_control_change"", ""trace_without"": {""mcv"": [], ""fd"": [], ""rows"": 540338.9107269853}}","{""candidate"": ""mcv:196"", ""qerror_with_add"": 1.0136222478790629, ""gain"": 0.022541551037941643, ""useful"": true}"
4,245,query.246,positive,0.4466206303543896,mcv_only,2.2415033307273027,1.794882700372913,1.6534239719744328,False,0.0,0.0,0.14145872839848028,,,"[4, 29, 68, 389]",[],"[""N2_harmful_mcv_correction""]","{""candidate"": ""mcv:29"", ""qerror_without"": 1.7894488961627553, ""attribution"": -0.005433804210157822, ""change_kind"": ""mcv_consumption_removal"", ""trace_without"": {""mcv"": [4, 68, 389], ""fd"": [], ""rows"": 64042.58654476885}}","{""candidate"": ""mcv:643"", ""qerror_with_add"": 1.794882700372913, ""gain"": 0.0, ""useful"": false}"
4,259,query.260,neutral,0.0,no_extstat_consumption,1.0734970792740468,1.0734970792740468,1.0031150661180837,False,0.0,0.0,0.07038201315596315,,S1_no_training_signal,[],[],"[""N6_missing_test_useful""]",null,"{""candidate"": ""mcv:1151"", ""qerror_with_add"": 1.0031150661180837, ""gain"": 0.07038201315596315, ""useful"": true}"
4,260,query.261,neutral,0.0,no_extstat_consumption,1.0055364966647922,1.0055364966647922,1.0055364966647922,False,0.0,0.0,0.0,,,[],[],[],null,null
4,265,query.266,negative,-0.059080794214872556,mcv_only,1.3725845724774128,1.4316653666922854,1.0619075879129127,False,0.059080794214872556,0.059080794214872556,0.36975777877937266,mcv_winner_replacement,S2_positive_signal_budget_pressure,[357],[],"[""N1_mcv_winner_replacement"", ""N6_missing_test_useful"", ""N7_budget_displacement""]","{""candidate"": ""mcv:357"", ""qerror_without"": 1.040157382079945, ""attribution"": -0.3915079846123404, ""change_kind"": ""mcv_winner_replacement"", ""trace_without"": {""mcv"": [361], ""fd"": [], ""rows"": 151394.906961736}}","{""candidate"": ""mcv:648"", ""qerror_with_add"": 1.4023417073042876, ""gain"": 0.029323659387997747, ""useful"": true}"
4,266,query.267,positive,0.020533885016679854,mcv_only,1.3205672307151186,1.3000333456984388,1.083341147079889,True,0.0,0.0,0.21669219861854971,,S1_no_training_signal,"[32, 109]",[],"[""N1_mcv_winner_replacement"", ""N6_missing_test_useful""]","{""candidate"": ""mcv:32"", ""qerror_without"": 1.2249754544871265, ""attribution"": -0.07505789121131223, ""change_kind"": ""mcv_winner_replacement"", ""trace_without"": {""mcv"": [109, 665], ""fd"": [], ""rows"": 36492.018789171496}}","{""candidate"": ""mcv:1043"", ""qerror_with_add"": 1.1886929915768587, ""gain"": 0.11134035412158005, ""useful"": true}"
4,273,query.274,negative,-0.5257557990684774,mcv_only,107.7293584910272,108.25511429009568,1.0293290040644993,False,0.5257557990684774,0.5257557990684774,107.22578528603118,mcv_winner_replacement,,"[2, 40, 190, 794, 936]",[],"[""N1_mcv_winner_replacement""]","{""candidate"": ""mcv:2"", ""qerror_without"": 1.020601909969014, ""attribution"": -107.23451238012666, ""change_kind"": ""mcv_winner_replacement"", ""trace_without"": {""mcv"": [40, 190, 794, 826, 936], ""fd"": [], ""rows"": 460.51256166497814}}","{""candidate"": ""mcv:148"", ""qerror_with_add"": 108.25511429009568, ""gain"": 0.0, ""useful"": false}"
4,274,query.275,negative,-0.437654964063513,mcv_only,1.2985346416033243,1.7361896056668373,1.1271369353645204,False,0.437654964063513,0.437654964063513,0.6090526703023169,mcv_winner_replacement,S1_no_training_signal,"[4, 530, 1306]",[],"[""N1_mcv_winner_replacement"", ""N6_missing_test_useful""]","{""candidate"": ""mcv:530"", ""qerror_without"": 1.1782846778997835, ""attribution"": -0.5579049277670538, ""change_kind"": ""mcv_winner_replacement"", ""trace_without"": {""mcv"": [4, 1303], ""fd"": [], ""rows"": 206482.60695515806}}","{""candidate"": ""mcv:148"", ""qerror_with_add"": 1.1271369435921186, ""gain"": 0.6090526620747188, ""useful"": true}"
4,280,query.281,positive,0.24521711437576,mcv_fd_composed,1.7507612612827994,1.5055441469070394,1.3109896035212303,False,0.0,0.0,0.19455454338580913,,S2_positive_signal_budget_pressure,[389],[183],"[""N3_fd_harmful_correction"", ""N6_missing_test_useful"", ""N7_budget_displacement""]","{""candidate"": ""fd:183"", ""qerror_without"": 1.5050034438291027, ""attribution"": -0.0005407030779367439, ""change_kind"": ""fd_control_change"", ""trace_without"": {""mcv"": [389], ""fd"": [], ""rows"": 120958.6317839888}}","{""candidate"": ""mcv:644"", ""qerror_with_add"": 1.161140111971045, ""gain"": 0.3444040349359945, ""useful"": true}"
4,281,query.282,negative,-0.17084318588948788,mcv_fd_composed,1.2678716117979338,1.4387147976874217,1.0422693114763053,False,0.17084318588948788,0.14816879480213374,0.3964454862111164,fd_control_change,S1_no_training_signal,[29],"[326, 322, 428]","[""N3_fd_harmful_correction"", ""N4_mcv_to_fd_suppression"", ""N5_multi_statistic_interaction"", ""N6_missing_test_useful""]","{""candidate"": ""fd:326"", ""qerror_without"": 1.290546002885288, ""attribution"": -0.14816879480213374, ""change_kind"": ""fd_control_change"", ""trace_without"": {""mcv"": [29], ""fd"": [322, 428], ""rows"": 344051.8210932005}}","{""candidate"": ""mcv:145"", ""qerror_with_add"": 1.1129507663212534, ""gain"": 0.32576403136616827, ""useful"": true}"
4,293,query.294,positive,1.3030408554767874,mcv_only,4.425506359773974,3.1224655042971863,1.0057813656576953,False,0.0,0.0,2.1166841386394912,,,"[1044, 1269]",[],[],"{""candidate"": ""mcv:1044"", ""qerror_without"": 3.2144032789708543, ""attribution"": 0.09193777467366804, ""change_kind"": ""mcv_consumption_removal"", ""trace_without"": {""mcv"": [1269], ""fd"": [], ""rows"": 81739.06098094986}}","{""candidate"": ""mcv:1399"", ""qerror_with_add"": 3.1224655042971863, ""gain"": 0.0, ""useful"": false}"
4,306,query.307,negative,-0.025364489784223565,mcv_only,2.79559711458335,2.8209616043675734,1.5325851983234207,False,0.025364489784223565,0.025364489784223565,1.2883764060441527,mcv_winner_replacement,S1_no_training_signal,"[263, 324, 824]",[],"[""N1_mcv_winner_replacement"", ""N2_harmful_mcv_correction"", ""N6_missing_test_useful""]","{""candidate"": ""mcv:263"", ""qerror_without"": 1.5732234112652084, ""attribution"": -1.247738193102365, ""change_kind"": ""mcv_winner_replacement"", ""trace_without"": {""mcv"": [324, 824, 869, 1205], ""fd"": [], ""rows"": 136645.4658322622}}","{""candidate"": ""mcv:1151"", ""qerror_with_add"": 2.7896913569957995, ""gain"": 0.03127024737177386, ""useful"": true}"
4,310,query.311,negative,-0.1158482174905151,mcv_only,1.415868020936828,1.531716238427343,1.2090838624941869,False,0.1158482174905151,0.1158482174905151,0.3226323759331562,mcv_consumption_removal,S1_no_training_signal,[1306],[],"[""N2_harmful_mcv_correction"", ""N6_missing_test_useful""]","{""candidate"": ""mcv:1306"", ""qerror_without"": 1.415868020936828, ""attribution"": -0.1158482174905151, ""change_kind"": ""mcv_consumption_removal"", ""trace_without"": {""mcv"": [], ""fd"": [], ""rows"": 350944.12700950686}}","{""candidate"": ""mcv:253"", ""qerror_with_add"": 1.5282837340657491, ""gain"": 0.0034325043615939244, ""useful"": true}"
4,320,query.321,negative,-0.023104912548025158,mcv_fd_composed,1.1696456014041676,1.1927505139521928,1.0182807110165852,False,0.023104912548025158,0.023104912548025158,0.17446980293560754,mcv_consumption_removal,,[126],[613],"[""N2_harmful_mcv_correction"", ""N3_fd_harmful_correction""]","{""candidate"": ""mcv:126"", ""qerror_without"": 1.16932403015124, ""attribution"": -0.023426483800952802, ""change_kind"": ""mcv_consumption_removal"", ""trace_without"": {""mcv"": [], ""fd"": [613], ""rows"": 14146.634785107823}}","{""candidate"": ""mcv:295"", ""qerror_with_add"": 1.1927505139521928, ""gain"": 0.0, ""useful"": false}"
4,321,query.322,positive,0.00039362564920675247,mcv_only,1.0386305950872219,1.0382369694380151,1.012521052227444,False,0.0,0.0,0.025715917210571204,,S2_positive_signal_budget_pressure,[16],[],"[""N6_missing_test_useful"", ""N7_budget_displacement""]","{""candidate"": ""mcv:16"", ""qerror_without"": 1.0386305950872219, ""attribution"": 0.00039362564920675247, ""change_kind"": ""mcv_consumption_removal"", ""trace_without"": {""mcv"": [], ""fd"": [], ""rows"": 1307582.9490544628}}","{""candidate"": ""mcv:602"", ""qerror_with_add"": 1.012201230038985, ""gain"": 0.026035739399030033, ""useful"": true}"
4,323,query.324,positive,0.011528093745041934,mcv_fd_composed,1.0128023842185865,1.0012742904735445,1.0114298394374193,False,0.0,0.0,0.0,,S1_no_training_signal,[399],[174],"[""N6_missing_test_useful""]","{""candidate"": ""fd:174"", ""qerror_without"": 1.0015904340268718, ""attribution"": 0.00031614355332720834, ""change_kind"": ""fd_control_change"", ""trace_without"": {""mcv"": [399], ""fd"": [], ""rows"": 1682995.306996687}}","{""candidate"": ""mcv:1969"", ""qerror_with_add"": 1.0011669857020802, ""gain"": 0.00010730477146436712, ""useful"": true}"
4,325,query.326,negative,-1.815748951194962e-08,mcv_only,1.4213904178281649,1.4213904359856544,1.3124069172666952,False,1.815748951194962e-08,1.815748951194962e-08,0.10898351871895917,mcv_consumption_removal,S1_no_training_signal,[410],[],"[""N2_harmful_mcv_correction"", ""N6_missing_test_useful""]","{""candidate"": ""mcv:410"", ""qerror_without"": 1.4213904178281649, ""attribution"": -1.815748951194962e-08, ""change_kind"": ""mcv_consumption_removal"", ""trace_without"": {""mcv"": [], ""fd"": [], ""rows"": 627781.2416709121}}","{""candidate"": ""mcv:1160"", ""qerror_with_add"": 1.3311648169600139, ""gain"": 0.09022561902564052, ""useful"": true}"
4,328,query.329,positive,0.007616650331594643,mcv_only,1.59221085157195,1.5845942012403553,1.1718622177367444,True,0.0,0.0,0.41273198350361096,,S1_no_training_signal,"[1318, 1595]",[],"[""N1_mcv_winner_replacement"", ""N6_missing_test_useful""]","{""candidate"": ""mcv:1318"", ""qerror_without"": 1.5742740957396162, ""attribution"": -0.01032010550073914, ""change_kind"": ""mcv_winner_replacement"", ""trace_without"": {""mcv"": [1595, 1711], ""fd"": [], ""rows"": 560094.3332461716}}","{""candidate"": ""mcv:599"", ""qerror_with_add"": 1.2372511524125993, ""gain"": 0.347343048827756, ""useful"": true}"
4,331,query.332,negative,-0.1534070363544333,mcv_only,1.041223809480867,1.1946308458353003,1.0037791364478599,True,0.1534070363544333,0.1534070363544333,0.19085170938744045,mcv_consumption_removal,,"[191, 291, 1412]",[],"[""N1_mcv_winner_replacement"", ""N2_harmful_mcv_correction""]","{""candidate"": ""mcv:1412"", ""qerror_without"": 1.0047288124602474, ""attribution"": -0.18990203337505296, ""change_kind"": ""mcv_consumption_removal"", ""trace_without"": {""mcv"": [191, 291], ""fd"": [], ""rows"": 92463.18315309165}}","{""candidate"": ""mcv:601"", ""qerror_with_add"": 1.1946308458353003, ""gain"": 0.0, ""useful"": false}"
4,343,query.344,negative,-0.0005135459368486028,mcv_only,1.0081147982198764,1.008628344156725,1.0013988979430124,False,0.0005135459368486028,0.0,0.007229446213712576,N8_unresolved,,[96],[],"[""N5_multi_statistic_interaction""]","{""candidate"": ""mcv:96"", ""qerror_without"": 1.0256202115136743, ""attribution"": 0.016991867356949353, ""change_kind"": ""mcv_winner_replacement"", ""trace_without"": {""mcv"": [382], ""fd"": [], ""rows"": 1128736.5313242613}}","{""candidate"": ""mcv:673"", ""qerror_with_add"": 1.008628344156725, ""gain"": 0.0, ""useful"": false}"
4,344,query.345,positive,0.00011887951146394293,fd_only,1.1756015336827392,1.1754826541712753,1.0438757277085475,False,0.0,0.0,0.13160692646272776,,S1_no_training_signal,[],[421],"[""N6_missing_test_useful""]","{""candidate"": ""fd:421"", ""qerror_without"": 1.1756015336827392, ""attribution"": 0.00011887951146394293, ""change_kind"": ""fd_control_change"", ""trace_without"": {""mcv"": [], ""fd"": [], ""rows"": 139560.89312509965}}","{""candidate"": ""mcv:2003"", ""qerror_with_add"": 1.044695878669757, ""gain"": 0.13078677550151818, ""useful"": true}"
4,358,query.359,positive,0.6987762065491414,mcv_only,2.7532226374738324,2.054446430924691,1.3469827480979724,True,0.0,0.0,0.7074636828267187,,S1_no_training_signal,"[40, 885, 1052]",[],"[""N2_harmful_mcv_correction"", ""N6_missing_test_useful""]","{""candidate"": ""mcv:1052"", ""qerror_without"": 1.5717227308407633, ""attribution"": -0.48272370008392773, ""change_kind"": ""mcv_consumption_removal"", ""trace_without"": {""mcv"": [40, 885], ""fd"": [], ""rows"": 43613.29047097992}}","{""candidate"": ""mcv:221"", ""qerror_with_add"": 1.443693726199879, ""gain"": 0.610752704724812, ""useful"": true}"
4,360,query.361,negative,-4.450464510325887,mcv_fd_composed,4.409735916266321,8.860200426592208,1.0317949730508165,False,4.450464510325887,4.409491809663511,7.828405453541391,mcv_winner_replacement,S1_no_training_signal,[1099],"[322, 313]","[""N3_fd_harmful_correction"", ""N4_mcv_to_fd_suppression"", ""N5_multi_statistic_interaction"", ""N6_missing_test_useful""]","{""candidate"": ""mcv:1099"", ""qerror_without"": 4.450708616928696, ""attribution"": -4.409491809663511, ""change_kind"": ""mcv_winner_replacement"", ""trace_without"": {""mcv"": [1258], ""fd"": [313], ""rows"": 53902.532059623445}}","{""candidate"": ""mcv:498"", ""qerror_with_add"": 4.951940663431606, ""gain"": 3.9082597631606015, ""useful"": true}"
4,369,query.370,positive,0.10624799161076393,mcv_only,1.3084155111396887,1.2021675195289248,1.0047451654572948,False,0.0,0.0,0.19742235407163,,S1_no_training_signal,"[40, 1251]",[],"[""N1_mcv_winner_replacement"", ""N6_missing_test_useful""]","{""candidate"": ""mcv:1251"", ""qerror_without"": 1.1958398576217326, ""attribution"": -0.006327661907192139, ""change_kind"": ""mcv_winner_replacement"", ""trace_without"": {""mcv"": [40, 1253], ""fd"": [], ""rows"": 125802.35302180627}}","{""candidate"": ""mcv:674"", ""qerror_with_add"": 1.1241082452609903, ""gain"": 0.07805927426793446, ""useful"": true}"
4,374,query.375,neutral,0.0,no_extstat_consumption,1.0021943147200618,1.0021943147200618,1.0002419211374027,False,0.0,0.0,0.0019523935826590844,,S1_no_training_signal,[],[],"[""N6_missing_test_useful""]",null,"{""candidate"": ""mcv:206"", ""qerror_with_add"": 1.0010312234980998, ""gain"": 0.0011630912219620093, ""useful"": true}"
4,391,query.392,positive,0.26753832446048587,mcv_only,1.5345061502088913,1.2669678257484054,1.1865289148595783,False,0.0,0.0,0.08043891088882704,,S1_no_training_signal,"[4, 558]",[],"[""N6_missing_test_useful""]","{""candidate"": ""mcv:558"", ""qerror_without"": 1.2669678257484054, ""attribution"": 0.0, ""change_kind"": ""mcv_consumption_removal"", ""trace_without"": {""mcv"": [4], ""fd"": [], ""rows"": 157275.0510492783}}","{""candidate"": ""mcv:1159"", ""qerror_with_add"": 1.210773739106912, ""gain"": 0.05619408664149339, ""useful"": true}"
4,399,query.400,positive,1.849026398659248e-08,mcv_only,1.7129220138127395,1.7129219953224755,1.2068024900751124,True,0.0,0.0,0.506119505247363,,S1_no_training_signal,[120],[],"[""N4_mcv_to_fd_suppression"", ""N6_missing_test_useful""]","{""candidate"": ""mcv:120"", ""qerror_without"": 1.7075067639389785, ""attribution"": -0.005415231383496977, ""change_kind"": ""mcv_winner_replacement"", ""trace_without"": {""mcv"": [348], ""fd"": [297], ""rows"": 606157.4816912343}}","{""candidate"": ""mcv:1834"", ""qerror_with_add"": 1.230848661693158, ""gain"": 0.4820733336293175, ""useful"": true}"
4,404,query.405,negative,-0.17985617880562543,fd_only,4.8636018684471765,5.043458047252802,1.069527717488554,False,0.17985617880562543,0.1765726397411269,3.973930329764248,fd_control_change,S1_no_training_signal,[],"[456, 174, 183]","[""N3_fd_harmful_correction"", ""N5_multi_statistic_interaction"", ""N6_missing_test_useful""]","{""candidate"": ""fd:456"", ""qerror_without"": 4.866885407511675, ""attribution"": -0.1765726397411269, ""change_kind"": ""fd_control_change"", ""trace_without"": {""mcv"": [], ""fd"": [174, 183], ""rows"": 189097.96562345861}}","{""candidate"": ""mcv:86"", ""qerror_with_add"": 1.0817493936673417, ""gain"": 3.96170865358546, ""useful"": true}"
4,409,query.410,negative,-0.009674291162471205,mcv_only,1.323665338889644,1.3333396300521152,1.0327792085960077,True,0.009674291162471205,0.009674291162471205,0.3005604214561075,mcv_consumption_removal,S1_no_training_signal,"[623, 1346]",[],"[""N4_mcv_to_fd_suppression"", ""N6_missing_test_useful""]","{""candidate"": ""mcv:1346"", ""qerror_without"": 1.303531480376395, ""attribution"": -0.029808149675720097, ""change_kind"": ""mcv_consumption_removal"", ""trace_without"": {""mcv"": [623], ""fd"": [22], ""rows"": 162548.43338253524}}","{""candidate"": ""mcv:122"", ""qerror_with_add"": 1.3218683126258386, ""gain"": 0.011471317426276606, ""useful"": true}"
4,413,query.414,neutral,0.0,no_extstat_consumption,1.0021305483645273,1.0021305483645273,1.002130542677289,False,0.0,0.0,5.687238235907444e-09,,S2_positive_signal_budget_pressure,[],[],"[""N6_missing_test_useful"", ""N7_budget_displacement""]",null,"{""candidate"": ""mcv:1426"", ""qerror_with_add"": 1.002130542677289, ""gain"": 5.687238235907444e-09, ""useful"": true}"
4,416,query.417,neutral,0.0,no_extstat_consumption,1.4141433095348512,1.4141433095348512,1.179052645729448,False,0.0,0.0,0.23509066380540333,,S2_positive_signal_budget_pressure,[],[],"[""N6_missing_test_useful"", ""N7_budget_displacement""]",null,"{""candidate"": ""mcv:648"", ""qerror_with_add"": 1.1828234104220248, ""gain"": 0.23131989911282647, ""useful"": true}"
4,423,query.424,positive,0.040461247054744076,mcv_only,1.2594802714542155,1.2190190243994714,1.1329735950354105,False,0.0,0.0,0.0860454293640609,,S1_no_training_signal,[1918],[],"[""N6_missing_test_useful""]","{""candidate"": ""mcv:1918"", ""qerror_without"": 1.2594802714542155, ""attribution"": 0.040461247054744076, ""change_kind"": ""mcv_consumption_removal"", ""trace_without"": {""mcv"": [], ""fd"": [], ""rows"": 708405.6973515159}}","{""candidate"": ""mcv:239"", ""qerror_with_add"": 1.1392542177589844, ""gain"": 0.07976480664048702, ""useful"": true}"
4,424,query.425,neutral,0.0,no_extstat_consumption,1.0105759560442393,1.0105759560442393,1.0088018187644483,False,0.0,0.0,0.0017741372797910326,,S1_no_training_signal,[],[],"[""N6_missing_test_useful""]",null,"{""candidate"": ""mcv:133"", ""qerror_with_add"": 1.0088018187644483, ""gain"": 0.0017741372797910326, ""useful"": true}"
4,433,query.434,negative,-0.02395666176521294,mcv_only,1.317122807102798,1.341079468868011,1.0108822285570682,False,0.02395666176521294,0.0,0.3301972403109428,N6_missing_benefit_without_harmful_presence,S1_no_training_signal,[1306],[],"[""N5_multi_statistic_interaction"", ""N6_missing_test_useful""]","{""candidate"": ""mcv:1306"", ""qerror_without"": 1.4361892248700039, ""attribution"": 0.0951097560019929, ""change_kind"": ""mcv_winner_replacement"", ""trace_without"": {""mcv"": [1313], ""fd"": [], ""rows"": 577655.0788946999}}","{""candidate"": ""mcv:133"", ""qerror_with_add"": 1.338725109389487, ""gain"": 0.0023543594785240263, ""useful"": true}"
4,453,query.454,positive,0.9597725720901833,mcv_only,5.129356319755617,4.169583747665434,2.9057562999225115,False,0.0,0.0,1.2638274477429223,,S1_no_training_signal,"[229, 835]",[],"[""N6_missing_test_useful""]","{""candidate"": ""mcv:229"", ""qerror_without"": 4.250482645090874, ""attribution"": 0.0808988974254401, ""change_kind"": ""mcv_consumption_removal"", ""trace_without"": {""mcv"": [835], ""fd"": [], ""rows"": 113585.64772476343}}","{""candidate"": ""mcv:107"", ""qerror_with_add"": 3.1578666964478637, ""gain"": 1.0117170512175702, ""useful"": true}"
4,454,query.455,positive,0.30219965995012865,mcv_only,1.539753283876118,1.2375536239259894,1.1716785662804192,False,0.0,0.0,0.06587505764557022,,,"[14, 773, 1800]",[],"[""N1_mcv_winner_replacement""]","{""candidate"": ""mcv:773"", ""qerror_without"": 1.2375536131863618, ""attribution"": -1.0739627631650706e-08, ""change_kind"": ""mcv_winner_replacement"", ""trace_without"": {""mcv"": [14, 1181, 1800], ""fd"": [], ""rows"": 292220.8752385915}}","{""candidate"": ""mcv:1912"", ""qerror_with_add"": 1.2375536239259894, ""gain"": 0.0, ""useful"": false}"
4,455,query.456,negative,-0.0693465688495325,mcv_fd_composed,1.9452015172093449,2.0145480860588774,1.0533516915118033,True,0.0693465688495325,0.06547613275809927,0.9611963945470741,mcv_consumption_removal,S1_no_training_signal,"[1044, 1113]",[216],"[""N3_fd_harmful_correction"", ""N4_mcv_to_fd_suppression"", ""N5_multi_statistic_interaction"", ""N6_missing_test_useful""]","{""candidate"": ""mcv:1044"", ""qerror_without"": 1.949071953300778, ""attribution"": -0.06547613275809927, ""change_kind"": ""mcv_consumption_removal"", ""trace_without"": {""mcv"": [1113], ""fd"": [621, 182], ""rows"": 367524.8038022079}}","{""candidate"": ""mcv:789"", ""qerror_with_add"": 1.0855779688170906, ""gain"": 0.9289701172417868, ""useful"": true}"
4,459,query.460,positive,0.007842124303173215,mcv_only,1.133148066641347,1.1253059423381737,1.1049233616857685,False,0.0,0.0,0.02038258065240517,,S1_no_training_signal,[112],[],"[""N6_missing_test_useful""]","{""candidate"": ""mcv:112"", ""qerror_without"": 1.2124308754485489, ""attribution"": 0.08712493311037517, ""change_kind"": ""mcv_winner_replacement"", ""trace_without"": {""mcv"": [113], ""fd"": [], ""rows"": 803913.0475289205}}","{""candidate"": ""mcv:1618"", ""qerror_with_add"": 1.1126234421899341, ""gain"": 0.012682500148239573, ""useful"": true}"
5,0,query.1,negative,-0.03556096566307598,mcv_only,1.7998583054180384,1.8354192710811144,1.017412730925492,False,0.03556096566307598,0.03556096566307598,0.8180065401556225,mcv_consumption_removal,,"[35, 286]",[],"[""N2_harmful_mcv_correction""]","{""candidate"": ""mcv:286"", ""qerror_without"": 1.793514070384938, ""attribution"": -0.041905200696176426, ""change_kind"": ""mcv_consumption_removal"", ""trace_without"": {""mcv"": [35], ""fd"": [], ""rows"": 714882.1538569436}}","{""candidate"": ""mcv:291"", ""qerror_with_add"": 1.8354192710811144, ""gain"": 0.0, ""useful"": false}"
5,1,query.2,negative,-0.00017275533115568287,fd_only,1.1079295631428598,1.1081023184740155,1.0553711695837615,False,0.00017275533115568287,0.00017275533115568287,0.05273114889025399,fd_control_change,S1_no_training_signal,[],[313],"[""N3_fd_harmful_correction"", ""N6_missing_test_useful""]","{""candidate"": ""fd:313"", ""qerror_without"": 1.1079295631428598, ""attribution"": -0.00017275533115568287, ""change_kind"": ""fd_control_change"", ""trace_without"": {""mcv"": [], ""fd"": [], ""rows"": 1295940.7782899507}}","{""candidate"": ""mcv:438"", ""qerror_with_add"": 1.0555357073621425, ""gain"": 0.052566611111872996, ""useful"": true}"
5,2,query.3,positive,0.0870625752868237,mcv_fd_composed,1.4888443444551684,1.4017817691683447,1.1262338813305153,False,0.0,0.0,0.27554788783782946,,S1_no_training_signal,[198],[227],"[""N1_mcv_winner_replacement"", ""N6_missing_test_useful""]","{""candidate"": ""mcv:198"", ""qerror_without"": 1.0587636240147786, ""attribution"": -0.3430181451535661, ""change_kind"": ""mcv_winner_replacement"", ""trace_without"": {""mcv"": [832], ""fd"": [227], ""rows"": 145077.70810782592}}","{""candidate"": ""mcv:570"", ""qerror_with_add"": 1.164758701222961, ""gain"": 0.23702306794538375, ""useful"": true}"
5,6,query.7,positive,0.4299669035781881,mcv_fd_composed,2.1580969387775406,1.7281300351993525,1.3542962447190947,True,0.0,0.0,0.3738337904802578,,S1_no_training_signal,"[40, 112, 1203]",[121],"[""N1_mcv_winner_replacement"", ""N6_missing_test_useful""]","{""candidate"": ""mcv:40"", ""qerror_without"": 1.5627725862217463, ""attribution"": -0.16535744897760618, ""change_kind"": ""mcv_winner_replacement"", ""trace_without"": {""mcv"": [112, 789, 987], ""fd"": [121], ""rows"": 45354.647646693986}}","{""candidate"": ""mcv:559"", ""qerror_with_add"": 1.7226729505075375, ""gain"": 0.00545708469181494, ""useful"": true}"
5,11,query.12,positive,0.11664939063342561,mcv_only,1.224134140859492,1.1074847502260663,1.128629303187523,False,0.0,0.0,0.0,,,[753],[],[],"{""candidate"": ""mcv:753"", ""qerror_without"": 1.224134140859492, ""attribution"": 0.11664939063342561, ""change_kind"": ""mcv_consumption_removal"", ""trace_without"": {""mcv"": [], ""fd"": [], ""rows"": 1006738.9346501138}}","{""candidate"": ""mcv:1225"", ""qerror_with_add"": 1.1074847502260663, ""gain"": 0.0, ""useful"": false}"
5,14,query.15,positive,0.0053546799563402026,mcv_only,2.060903518666446,2.0555488387101057,1.3658582067961171,False,0.0,0.0,0.6896906319139886,,S1_no_training_signal,[396],[],"[""N6_missing_test_useful""]","{""candidate"": ""mcv:396"", ""qerror_without"": 2.060903518666446, ""attribution"": 0.0053546799563402026, ""change_kind"": ""mcv_consumption_removal"", ""trace_without"": {""mcv"": [], ""fd"": [], ""rows"": 114465.32933897154}}","{""candidate"": ""mcv:394"", ""qerror_with_add"": 2.0081188766487106, ""gain"": 0.04742996206139516, ""useful"": true}"
5,26,query.27,neutral,0.0,no_extstat_consumption,9.792400727718997,9.792400727718997,1.9488556885826764,False,0.0,0.0,7.843545039136321,,S1_no_training_signal,[],[],"[""N6_missing_test_useful""]",null,"{""candidate"": ""mcv:1606"", ""qerror_with_add"": 2.118609926296194, ""gain"": 7.673790801422802, ""useful"": true}"
5,29,query.30,neutral,0.0,no_extstat_consumption,1.0098547494763992,1.0098547494763992,1.0098547494763992,False,0.0,0.0,0.0,,,[],[],[],null,null
5,33,query.34,positive,0.5147306958110707,mcv_only,3.147391646828533,2.632660951017462,1.8299509577576358,False,0.0,0.0,0.8027099932598263,,S2_positive_signal_budget_pressure,"[65, 1747]",[],"[""N1_mcv_winner_replacement"", ""N2_harmful_mcv_correction"", ""N6_missing_test_useful"", ""N7_budget_displacement""]","{""candidate"": ""mcv:65"", ""qerror_without"": 2.031701642833846, ""attribution"": -0.600959308183616, ""change_kind"": ""mcv_winner_replacement"", ""trace_without"": {""mcv"": [182, 299, 1747], ""fd"": [], ""rows"": 21330.83554811255}}","{""candidate"": ""mcv:588"", ""qerror_with_add"": 2.4564614968522727, ""gain"": 0.17619945416518945, ""useful"": true}"
5,36,query.37,positive,1.244576486314486e-08,mcv_only,1.0006800121895927,1.0006799997438278,1.0003206210821893,False,0.0,0.0,0.00035937866163848753,,,[424],[],[],"{""candidate"": ""mcv:424"", ""qerror_without"": 1.0006800121895927, ""attribution"": 1.244576486314486e-08, ""change_kind"": ""mcv_consumption_removal"", ""trace_without"": {""mcv"": [], ""fd"": [], ""rows"": 2271252.5206003487}}","{""candidate"": ""fd:168"", ""qerror_with_add"": 1.0006799997438278, ""gain"": 0.0, ""useful"": false}"
5,52,query.53,negative,-1.8779987565054057e-08,mcv_only,1.0095864158805332,1.0095864346605208,1.0095864158805332,False,1.8779987565054057e-08,1.8779987565054057e-08,1.8779987565054057e-08,mcv_consumption_removal,,[753],[],"[""N2_harmful_mcv_correction""]","{""candidate"": ""mcv:753"", ""qerror_without"": 1.0095864158805332, ""attribution"": -1.8779987565054057e-08, ""change_kind"": ""mcv_consumption_removal"", ""trace_without"": {""mcv"": [], ""fd"": [], ""rows"": 1217704.578822978}}",null
5,57,query.58,positive,0.08755190415045444,mcv_only,1.1722560903616939,1.0847041862112394,1.0797628611112058,False,0.0,0.0,0.0049413251000336444,,S1_no_training_signal,[173],[],"[""N6_missing_test_useful""]","{""candidate"": ""mcv:173"", ""qerror_without"": 1.1102697394150929, ""attribution"": 0.025565553203853453, ""change_kind"": ""mcv_winner_replacement"", ""trace_without"": {""mcv"": [329], ""fd"": [], ""rows"": 141214.33236809395}}","{""candidate"": ""mcv:1295"", ""qerror_with_add"": 1.0798262706960708, ""gain"": 0.004877915515168585, ""useful"": true}"
5,64,query.65,positive,0.0007390607955046757,mcv_only,1.6415009905361615,1.6407619297406568,1.21498888975652,False,0.0,0.0,0.42577303998413685,,S1_no_training_signal,[1316],[],"[""N6_missing_test_useful""]","{""candidate"": ""mcv:1316"", ""qerror_without"": 1.6415009905361615, ""attribution"": 0.0007390607955046757, ""change_kind"": ""mcv_consumption_removal"", ""trace_without"": {""mcv"": [], ""fd"": [], ""rows"": 126306.9600294783}}","{""candidate"": ""mcv:833"", ""qerror_with_add"": 1.2736193429412894, ""gain"": 0.3671425867993674, ""useful"": true}"
5,67,query.68,positive,0.7046336568583227,mcv_only,2.3169397304707293,1.6123060736124066,1.3361279136092008,False,0.0,0.0,0.27617816000320583,,,[87],[],[],"{""candidate"": ""mcv:87"", ""qerror_without"": 2.3169397304707293, ""attribution"": 0.7046336568583227, ""change_kind"": ""mcv_consumption_removal"", ""trace_without"": {""mcv"": [], ""fd"": [], ""rows"": 320356.30571299634}}","{""candidate"": ""mcv:1473"", ""qerror_with_add"": 1.6123060736124066, ""gain"": 0.0, ""useful"": false}"
5,71,query.72,positive,5.92241236599572,mcv_only,7.511368534404937,1.5889561684092164,1.5877110755435346,False,0.0,0.0,0.0012450928656817517,,S2_positive_signal_budget_pressure,"[275, 973]",[],"[""N6_missing_test_useful"", ""N7_budget_displacement""]","{""candidate"": ""mcv:275"", ""qerror_without"": 1.592532803376538, ""attribution"": 0.0035766349673216347, ""change_kind"": ""mcv_consumption_removal"", ""trace_without"": {""mcv"": [973], ""fd"": [], ""rows"": 2561.328715710958}}","{""candidate"": ""mcv:1014"", ""qerror_with_add"": 1.5889561345364576, ""gain"": 3.3872758820052695e-08, ""useful"": true}"
5,74,query.75,neutral,0.0,no_extstat_consumption,1.0230913581283583,1.0230913581283583,1.0003836685854586,False,0.0,0.0,0.0227076895428997,,S1_no_training_signal,[],[],"[""N6_missing_test_useful""]",null,"{""candidate"": ""mcv:1110"", ""qerror_with_add"": 1.0003836685854586, ""gain"": 0.0227076895428997, ""useful"": true}"
5,80,query.81,positive,3.8842286266909807,mcv_only,7.137764392885996,3.2535357661950157,1.6544311021162226,True,0.0,0.0,1.5991046640787931,,S1_no_training_signal,"[126, 633]",[],"[""N2_harmful_mcv_correction"", ""N6_missing_test_useful""]","{""candidate"": ""mcv:633"", ""qerror_without"": 3.0216512739098054, ""attribution"": -0.23188449228521035, ""change_kind"": ""mcv_consumption_removal"", ""trace_without"": {""mcv"": [126], ""fd"": [], ""rows"": 19837.14061321787}}","{""candidate"": ""mcv:1072"", ""qerror_with_add"": 3.2498330345096416, ""gain"": 0.003702731685374161, ""useful"": true}"
5,81,query.82,negative,-0.09810298067576007,mcv_only,1.2801316903498279,1.378234671025588,1.0139113060792944,False,0.09810298067576007,0.09810298067576007,0.3643233649462936,mcv_consumption_removal,S1_no_training_signal,"[691, 809, 1713]",[],"[""N2_harmful_mcv_correction"", ""N6_missing_test_useful""]","{""candidate"": ""mcv:809"", ""qerror_without"": 1.276119975189862, ""attribution"": -0.10211469583572597, ""change_kind"": ""mcv_consumption_removal"", ""trace_without"": {""mcv"": [691, 1713], ""fd"": [], ""rows"": 187047.45998861652}}","{""candidate"": ""mcv:885"", ""qerror_with_add"": 1.0510713291000142, ""gain"": 0.3271633419255737, ""useful"": true}"
5,84,query.85,neutral,0.0,no_extstat_consumption,1.0150075026437164,1.0150075026437164,1.0059104262534506,False,0.0,0.0,0.009097076390265801,,S1_no_training_signal,[],[],"[""N6_missing_test_useful""]",null,"{""candidate"": ""mcv:169"", ""qerror_with_add"": 1.0059104262534506, ""gain"": 0.009097076390265801, ""useful"": true}"
5,85,query.86,negative,-0.0006028104748452279,mcv_only,1.2835893905808538,1.284192201055699,1.2495474429471138,False,0.0006028104748452279,0.0006027614812678106,0.03464475810858514,mcv_consumption_removal,S1_no_training_signal,"[86, 1086]",[],"[""N2_harmful_mcv_correction"", ""N5_multi_statistic_interaction"", ""N6_missing_test_useful""]","{""candidate"": ""mcv:1086"", ""qerror_without"": 1.2835894395744312, ""attribution"": -0.0006027614812678106, ""change_kind"": ""mcv_consumption_removal"", ""trace_without"": {""mcv"": [86], ""fd"": [], ""rows"": 698698.8068224293}}","{""candidate"": ""mcv:309"", ""qerror_with_add"": 1.2805846651966246, ""gain"": 0.0036075358590743622, ""useful"": true}"
5,90,query.91,negative,-0.5409697279721786,mcv_only,1.2899037908021205,1.830873518774299,1.003099276434068,False,0.5409697279721786,0.5409697279721786,0.827774242340231,mcv_consumption_removal,S1_no_training_signal,[1056],[],"[""N2_harmful_mcv_correction"", ""N6_missing_test_useful""]","{""candidate"": ""mcv:1056"", ""qerror_without"": 1.2899037908021205, ""attribution"": -0.5409697279721786, ""change_kind"": ""mcv_consumption_removal"", ""trace_without"": {""mcv"": [], ""fd"": [], ""rows"": 136973.59364148637}}","{""candidate"": ""mcv:95"", ""qerror_with_add"": 1.0313703730202959, ""gain"": 0.7995031457540032, ""useful"": true}"
5,93,query.94,neutral,0.0,no_extstat_consumption,1.3021028814559925,1.3021028814559925,1.190861868840641,False,0.0,0.0,0.11124101261535158,,S1_no_training_signal,[],[],"[""N6_missing_test_useful""]",null,"{""candidate"": ""mcv:115"", ""qerror_with_add"": 1.1968852204600795, ""gain"": 0.10521766099591301, ""useful"": true}"
5,94,query.95,neutral,0.0,no_extstat_consumption,1.0881999898359878,1.0881999898359878,1.0015227176132417,False,0.0,0.0,0.08667727222274602,,S1_no_training_signal,[],[],"[""N6_missing_test_useful""]",null,"{""candidate"": ""mcv:1411"", ""qerror_with_add"": 1.0354435165430214, ""gain"": 0.0527564732929664, ""useful"": true}"
5,100,query.101,negative,-0.08820182641124585,mcv_only,1.5565030251530652,1.644704851564311,1.0637809759329169,True,0.08820182641124585,0.08820182641124585,0.5809238756313941,mcv_consumption_removal,S1_no_training_signal,"[809, 904, 1122]",[],"[""N2_harmful_mcv_correction"", ""N4_mcv_to_fd_suppression"", ""N6_missing_test_useful""]","{""candidate"": ""mcv:904"", ""qerror_without"": 1.4477406810765014, ""attribution"": -0.19696417048780956, ""change_kind"": ""mcv_consumption_removal"", ""trace_without"": {""mcv"": [809, 1122], ""fd"": [], ""rows"": 166112.62164794563}}","{""candidate"": ""mcv:425"", ""qerror_with_add"": 1.6048413858655102, ""gain"": 0.03986346569880084, ""useful"": true}"
5,101,query.102,negative,-0.13234533915767255,mcv_only,1.7348445448804588,1.8671898840381314,1.0305532557542905,True,0.13234533915767255,0.13234533915767255,0.8366366282838409,mcv_consumption_removal,,"[197, 409, 1252]",[],"[""N2_harmful_mcv_correction"", ""N4_mcv_to_fd_suppression""]","{""candidate"": ""mcv:1252"", ""qerror_without"": 1.732921186126126, ""attribution"": -0.13426869791200535, ""change_kind"": ""mcv_consumption_removal"", ""trace_without"": {""mcv"": [197, 409], ""fd"": [], ""rows"": 358090.1456846956}}","{""candidate"": ""mcv:319"", ""qerror_with_add"": 1.8671898840381314, ""gain"": 0.0, ""useful"": false}"
5,104,query.105,negative,-0.0495301679094875,mcv_only,1.0178365946733003,1.0673667625827878,1.0000315931083605,True,0.0495301679094875,0.026829485575356582,0.0673351694744273,mcv_consumption_removal,,"[270, 286]",[],"[""N4_mcv_to_fd_suppression"", ""N5_multi_statistic_interaction""]","{""candidate"": ""mcv:270"", ""qerror_without"": 1.0405372770074313, ""attribution"": -0.026829485575356582, ""change_kind"": ""mcv_consumption_removal"", ""trace_without"": {""mcv"": [286], ""fd"": [57], ""rows"": 366181.01861359726}}","{""candidate"": ""fd:332"", ""qerror_with_add"": 1.0673667625827878, ""gain"": 0.0, ""useful"": false}"
5,107,query.108,neutral,0.0,no_extstat_consumption,1.1340459091158797,1.1340459091158797,1.1267478357612648,False,0.0,0.0,0.0072980733546148535,,S1_no_training_signal,[],[],"[""N6_missing_test_useful""]",null,"{""candidate"": ""mcv:189"", ""qerror_with_add"": 1.1286023146159578, ""gain"": 0.005443594499921822, ""useful"": true}"
5,110,query.111,positive,0.23265614624855324,mcv_only,1.242147694047651,1.0094915477990978,1.0013206542774333,True,0.0,0.0,0.008170893521664446,,,"[270, 976, 1396]",[],"[""N2_harmful_mcv_correction""]","{""candidate"": ""mcv:1396"", ""qerror_without"": 1.0063298808856824, ""attribution"": -0.0031616669134153508, ""change_kind"": ""mcv_consumption_removal"", ""trace_without"": {""mcv"": [270, 976], ""fd"": [], ""rows"": 254002.19635238766}}","{""candidate"": ""mcv:1619"", ""qerror_with_add"": 1.0094915477990978, ""gain"": 0.0, ""useful"": false}"
5,126,query.127,negative,-0.08935422487078726,mcv_only,1.8209549659668733,1.9103091908376606,1.0002975777395797,False,0.08935422487078726,0.08935422487078726,0.9100116130980809,mcv_consumption_removal,S2_positive_signal_budget_pressure,"[1314, 1713]",[],"[""N2_harmful_mcv_correction"", ""N6_missing_test_useful"", ""N7_budget_displacement""]","{""candidate"": ""mcv:1314"", ""qerror_without"": 1.3942680148148703, ""attribution"": -0.5160411760227903, ""change_kind"": ""mcv_consumption_removal"", ""trace_without"": {""mcv"": [1713], ""fd"": [], ""rows"": 330984.4270230032}}","{""candidate"": ""mcv:1329"", ""qerror_with_add"": 1.9013468183994893, ""gain"": 0.008962372438171329, ""useful"": true}"
5,127,query.128,negative,-0.016102220132916845,mcv_fd_composed,1.0543237976249675,1.0704260177578844,1.0076173179361485,True,0.016102220132916845,0.016102220132916845,0.06280869982173587,mcv_consumption_removal,,[54],[6],"[""N4_mcv_to_fd_suppression""]","{""candidate"": ""mcv:54"", ""qerror_without"": 1.0364369630216725, ""attribution"": -0.03398905473621183, ""change_kind"": ""mcv_consumption_removal"", ""trace_without"": {""mcv"": [], ""fd"": [467, 43, 180], ""rows"": 965809.8231865823}}","{""candidate"": ""fd:22"", ""qerror_with_add"": 1.0704260177578844, ""gain"": 0.0, ""useful"": false}"
5,130,query.131,positive,1.3047601443716417e-08,mcv_only,1.0042230470758344,1.004223034028233,1.0016270558450657,False,0.0,0.0,0.002595978183167258,,,[1251],[],[],"{""candidate"": ""mcv:1251"", ""qerror_without"": 1.0042230470758344, ""attribution"": 1.3047601443716417e-08, ""change_kind"": ""mcv_consumption_removal"", ""trace_without"": {""mcv"": [], ""fd"": [], ""rows"": 2112497.8222490447}}","{""candidate"": ""mcv:2189"", ""qerror_with_add"": 1.004223034028233, ""gain"": 0.0, ""useful"": false}"
5,135,query.136,negative,-0.00026229761695217846,fd_only,1.0102638474798684,1.0105261450968206,1.0068841247595643,False,0.00026229761695217846,0.00026229761695217846,0.0036420203372562465,fd_control_change,S1_no_training_signal,[],[217],"[""N3_fd_harmful_correction"", ""N6_missing_test_useful""]","{""candidate"": ""fd:217"", ""qerror_without"": 1.0102638474798684, ""attribution"": -0.00026229761695217846, ""change_kind"": ""fd_control_change"", ""trace_without"": {""mcv"": [], ""fd"": [], ""rows"": 1781997.3287228076}}","{""candidate"": ""mcv:1927"", ""qerror_with_add"": 1.0068376690808631, ""gain"": 0.0036884760159574537, ""useful"": true}"
5,143,query.144,positive,0.0712537659107455,mcv_only,1.3745974657893933,1.3033436998786478,1.089503812098187,False,0.0,0.0,0.2138398877804608,,S2_positive_signal_budget_pressure,"[1025, 1377]",[],"[""N6_missing_test_useful"", ""N7_budget_displacement""]","{""candidate"": ""mcv:1377"", ""qerror_without"": 1.3045088436390118, ""attribution"": 0.001165143760363918, ""change_kind"": ""mcv_consumption_removal"", ""trace_without"": {""mcv"": [1025], ""fd"": [], ""rows"": 321761.7128827623}}","{""candidate"": ""mcv:1691"", ""qerror_with_add"": 1.3030156212568282, ""gain"": 0.00032807862181960523, ""useful"": true}"
5,148,query.149,negative,-0.3408893916787732,mcv_only,1.0039055395218255,1.3447949312005987,1.0039055804222814,False,0.3408893916787732,0.19049426802589853,0.3408893507783173,mcv_winner_replacement,S1_no_training_signal,"[29, 826]",[],"[""N1_mcv_winner_replacement"", ""N2_harmful_mcv_correction"", ""N5_multi_statistic_interaction"", ""N6_missing_test_useful""]","{""candidate"": ""mcv:29"", ""qerror_without"": 1.1543006631747001, ""attribution"": -0.19049426802589853, ""change_kind"": ""mcv_winner_replacement"", ""trace_without"": {""mcv"": [299, 826, 1800], ""fd"": [], ""rows"": 85507.18469531182}}","{""candidate"": ""mcv:1"", ""qerror_with_add"": 1.280388821143907, ""gain"": 0.06440611005669172, ""useful"": true}"
5,152,query.153,neutral,0.0,no_extstat_consumption,1.0024246483172103,1.0024246483172103,1.0006543507033618,False,0.0,0.0,0.0017702976138485038,,S1_no_training_signal,[],[],"[""N6_missing_test_useful""]",null,"{""candidate"": ""mcv:333"", ""qerror_with_add"": 1.0010753249470254, ""gain"": 0.0013493233701848961, ""useful"": true}"
5,154,query.155,neutral,0.0,no_extstat_consumption,1.2042282039296783,1.2042282039296783,1.1820127391887982,False,0.0,0.0,0.022215464740880098,,S1_no_training_signal,[],[],"[""N6_missing_test_useful""]",null,"{""candidate"": ""mcv:250"", ""qerror_with_add"": 1.189696636378728, ""gain"": 0.014531567550950308, ""useful"": true}"
5,156,query.157,neutral,0.0,no_extstat_consumption,1.526112120989527,1.526112120989527,1.1274564951227828,False,0.0,0.0,0.3986556258667442,,S1_no_training_signal,[],[],"[""N6_missing_test_useful""]",null,"{""candidate"": ""mcv:1606"", ""qerror_with_add"": 1.1274564951227828, ""gain"": 0.3986556258667442, ""useful"": true}"
5,158,query.159,negative,-1.425586513664042,mcv_only,3.691691133402734,5.117277647066776,1.195229127898838,False,1.425586513664042,1.2307093793458797,3.9220485191679377,mcv_consumption_removal,S2_positive_signal_budget_pressure,"[87, 120, 156, 324, 1076]",[],"[""N2_harmful_mcv_correction"", ""N5_multi_statistic_interaction"", ""N6_missing_test_useful"", ""N7_budget_displacement""]","{""candidate"": ""mcv:87"", ""qerror_without"": 3.886568267720896, ""attribution"": -1.2307093793458797, ""change_kind"": ""mcv_consumption_removal"", ""trace_without"": {""mcv"": [120, 156, 324, 1076], ""fd"": [], ""rows"": 14559.084730882478}}","{""candidate"": ""mcv:803"", ""qerror_with_add"": 5.010968746810607, ""gain"": 0.10630890025616857, ""useful"": true}"
5,160,query.161,negative,-3.0193606202842,mcv_only,9.668606736760383,12.687967357044583,3.1452145173533843,True,3.0193606202842,3.0193606202842,9.542752839691198,mcv_winner_replacement,S1_no_training_signal,"[835, 1396]",[],"[""N1_mcv_winner_replacement"", ""N6_missing_test_useful""]","{""candidate"": ""mcv:835"", ""qerror_without"": 1.0238286432065822, ""attribution"": -11.664138713838, ""change_kind"": ""mcv_winner_replacement"", ""trace_without"": {""mcv"": [1262, 1396], ""fd"": [], ""rows"": 15667.660898566342}}","{""candidate"": ""mcv:833"", ""qerror_with_add"": 3.4092246777143367, ""gain"": 9.278742679330247, ""useful"": true}"
5,161,query.162,negative,-1.5387421425361891,mcv_only,1.1227085463811601,2.6614506889173493,1.0003289389543333,False,1.5387421425361891,0.009381221093166303,1.661121749963016,mcv_consumption_removal,,"[35, 126]",[],"[""N2_harmful_mcv_correction"", ""N5_multi_statistic_interaction""]","{""candidate"": ""mcv:35"", ""qerror_without"": 2.652069467824183, ""attribution"": -0.009381221093166303, ""change_kind"": ""mcv_consumption_removal"", ""trace_without"": {""mcv"": [126], ""fd"": [], ""rows"": 24992.18093799723}}","{""candidate"": ""fd:15"", ""qerror_with_add"": 2.6614506889173493, ""gain"": 0.0, ""useful"": false}"
5,169,query.170,negative,-1.8448285743488668e-07,mcv_only,6.751731561651183,6.75173174613404,2.6902814710724265,False,1.8448285743488668e-07,0.0,4.061450275061613,N6_missing_benefit_without_harmful_presence,S1_no_training_signal,[422],[],"[""N5_multi_statistic_interaction"", ""N6_missing_test_useful""]","{""candidate"": ""mcv:422"", ""qerror_without"": 8.992644984167583, ""attribution"": 2.240913238033543, ""change_kind"": ""mcv_winner_replacement"", ""trace_without"": {""mcv"": [869], ""fd"": [], ""rows"": 75592.17373691271}}","{""candidate"": ""mcv:597"", ""qerror_with_add"": 6.2725529531107425, ""gain"": 0.4791787930232978, ""useful"": true}"
5,173,query.174,negative,-6.450583844852531e-09,mcv_only,1.0428915109403865,1.0428915173909703,1.0360974574128583,False,6.450583844852531e-09,0.0,0.006794059978111999,N6_missing_benefit_without_harmful_presence,S1_no_training_signal,[944],[],"[""N5_multi_statistic_interaction"", ""N6_missing_test_useful""]","{""candidate"": ""mcv:944"", ""qerror_without"": 1.0430352882970795, ""attribution"": 0.0001437709061091752, ""change_kind"": ""mcv_winner_replacement"", ""trace_without"": {""mcv"": [1793], ""fd"": [], ""rows"": 1559536.9757441985}}","{""candidate"": ""mcv:2138"", ""qerror_with_add"": 1.036097463821419, ""gain"": 0.006794053569551206, ""useful"": true}"
5,181,query.182,neutral,0.0,no_extstat_consumption,1.000229295688476,1.000229295688476,1.0000299438657871,False,0.0,0.0,0.00019935182268882023,,S1_no_training_signal,[],[],"[""N6_missing_test_useful""]",null,"{""candidate"": ""fd:352"", ""qerror_with_add"": 1.0000299438657871, ""gain"": 0.00019935182268882023, ""useful"": true}"
5,183,query.184,positive,17.29755178851883,mcv_only,4167.571901046825,4150.274349258306,4.249849109618882,True,0.0,0.0,4146.024500148687,,S1_no_training_signal,[1258],[],"[""N6_missing_test_useful""]","{""candidate"": ""mcv:1258"", ""qerror_without"": 4169.46996589991, ""attribution"": 19.19561664160392, ""change_kind"": ""mcv_consumption_removal"", ""trace_without"": {""mcv"": [], ""fd"": [121], ""rows"": 54203.10955669883}}","{""candidate"": ""mcv:530"", ""qerror_with_add"": 5.487196342465432, ""gain"": 4144.78715291584, ""useful"": true}"
5,184,query.185,neutral,0.0,no_extstat_consumption,1.1158932276204858,1.1158932276204858,1.0091790273153443,False,0.0,0.0,0.10671420030514156,,S1_no_training_signal,[],[],"[""N6_missing_test_useful""]",null,"{""candidate"": ""mcv:1536"", ""qerror_with_add"": 1.0091790273153443, ""gain"": 0.10671420030514156, ""useful"": true}"
5,190,query.191,negative,-0.011443505106396357,mcv_only,1.1106433919979741,1.1220868971043705,1.0267157537474199,False,0.011443505106396357,0.011443505106396357,0.09537114335695063,mcv_consumption_removal,S2_positive_signal_budget_pressure,[1018],[],"[""N2_harmful_mcv_correction"", ""N6_missing_test_useful"", ""N7_budget_displacement""]","{""candidate"": ""mcv:1018"", ""qerror_without"": 1.1106433919979741, ""attribution"": -0.011443505106396357, ""change_kind"": ""mcv_consumption_removal"", ""trace_without"": {""mcv"": [], ""fd"": [], ""rows"": 821939.7932560383}}","{""candidate"": ""mcv:1389"", ""qerror_with_add"": 1.037294511119478, ""gain"": 0.08479238598489247, ""useful"": true}"
5,194,query.195,negative,-0.3455285201832412,mcv_only,5.411919835195818,5.75744835537906,2.307923073919752,False,0.3455285201832412,0.3455285201832412,3.449525281459308,mcv_winner_replacement,S1_no_training_signal,"[40, 173, 420, 623]",[],"[""N1_mcv_winner_replacement"", ""N2_harmful_mcv_correction"", ""N6_missing_test_useful""]","{""candidate"": ""mcv:173"", ""qerror_without"": 4.254411239402323, ""attribution"": -1.5030371159767366, ""change_kind"": ""mcv_winner_replacement"", ""trace_without"": {""mcv"": [40, 198, 420, 623], ""fd"": [], ""rows"": 1940.0115251674592}}","{""candidate"": ""mcv:83"", ""qerror_with_add"": 2.7052844776442613, ""gain"": 3.0521638777347984, ""useful"": true}"
5,196,query.197,negative,-0.00026703776523340217,fd_only,1.0285209727103974,1.0287880104756308,1.0021259726323692,False,0.00026703776523340217,0.00026703776523340217,0.0266620378432616,fd_control_change,S1_no_training_signal,[],[217],"[""N3_fd_harmful_correction"", ""N6_missing_test_useful""]","{""candidate"": ""fd:217"", ""qerror_without"": 1.0285209727103974, ""attribution"": -0.00026703776523340217, ""change_kind"": ""fd_control_change"", ""trace_without"": {""mcv"": [], ""fd"": [], ""rows"": 476578.5634780079}}","{""candidate"": ""mcv:1077"", ""qerror_with_add"": 1.0061177737873992, ""gain"": 0.02267023668823165, ""useful"": true}"
5,199,query.200,positive,0.15264062213845375,mcv_only,1.6627587960740096,1.5101181739355558,1.076621142493589,False,0.0,0.0,0.43349703144196683,,S1_no_training_signal,[1101],[],"[""N6_missing_test_useful""]","{""candidate"": ""mcv:1101"", ""qerror_without"": 1.6627587960740096, ""attribution"": 0.15264062213845375, ""change_kind"": ""mcv_consumption_removal"", ""trace_without"": {""mcv"": [], ""fd"": [], ""rows"": 561504.7727935419}}","{""candidate"": ""mcv:217"", ""qerror_with_add"": 1.076621142493589, ""gain"": 0.43349703144196683, ""useful"": true}"
5,208,query.209,positive,0.3981590481722448,mcv_only,1.7992720011843986,1.4011129530121538,1.6492453662400364,True,0.0,0.0,0.0,,,"[112, 904]",[],[],"{""candidate"": ""mcv:112"", ""qerror_without"": 1.401498300997693, ""attribution"": 0.00038534798553913063, ""change_kind"": ""mcv_winner_replacement"", ""trace_without"": {""mcv"": [904, 1139], ""fd"": [613], ""rows"": 456826.780200004}}","{""candidate"": ""mcv:1414"", ""qerror_with_add"": 1.4011129530121538, ""gain"": 0.0, ""useful"": false}"
5,212,query.213,positive,1.1013952194716126e-08,mcv_only,1.0203229784062897,1.0203229673923375,1.0028743667508102,False,0.0,0.0,0.017448600641527312,,,[120],[],[],"{""candidate"": ""mcv:120"", ""qerror_without"": 1.0203229721750926, ""attribution"": 4.782755080867673e-09, ""change_kind"": ""mcv_winner_replacement"", ""trace_without"": {""mcv"": [614], ""fd"": [], ""rows"": 1673661.2294042856}}","{""candidate"": ""mcv:763"", ""qerror_with_add"": 1.0203229673923375, ""gain"": 0.0, ""useful"": false}"
5,227,query.228,neutral,0.0,no_extstat_consumption,1.0627836564920157,1.0627836564920157,1.0192938419565931,False,0.0,0.0,0.043489814535422555,,S1_no_training_signal,[],[],"[""N6_missing_test_useful""]",null,"{""candidate"": ""mcv:484"", ""qerror_with_add"": 1.0192938895922194, ""gain"": 0.04348976689979622, ""useful"": true}"
5,238,query.239,neutral,0.0,no_extstat_consumption,1.0336973898952835,1.0336973898952835,1.0118938386948682,False,0.0,0.0,0.021803551200415328,,S1_no_training_signal,[],[],"[""N6_missing_test_useful""]",null,"{""candidate"": ""mcv:410"", ""qerror_with_add"": 1.0118938386948682, ""gain"": 0.021803551200415328, ""useful"": true}"
5,240,query.241,neutral,0.0,no_extstat_consumption,1.0003102938554616,1.0003102938554616,1.0000120256235974,False,0.0,0.0,0.00029826823186418494,,S1_no_training_signal,[],[],"[""N6_missing_test_useful""]",null,"{""candidate"": ""mcv:677"", ""qerror_with_add"": 1.0000524769674106, ""gain"": 0.0002578168880509324, ""useful"": true}"
5,241,query.242,neutral,0.0,no_extstat_consumption,1.1247139287885473,1.1247139287885473,1.040569433365254,False,0.0,0.0,0.08414449542329328,,S1_no_training_signal,[],[],"[""N6_missing_test_useful""]",null,"{""candidate"": ""mcv:1552"", ""qerror_with_add"": 1.0405694167136113, ""gain"": 0.084144512074936, ""useful"": true}"
5,246,query.247,negative,-0.6146080903399596,mcv_fd_composed,1.7950404022896205,2.40964849262958,1.4030038538357887,False,0.6146080903399596,0.6141431198552993,1.0066446387937913,mcv_consumption_removal,,[59],[664],"[""N2_harmful_mcv_correction"", ""N3_fd_harmful_correction"", ""N5_multi_statistic_interaction""]","{""candidate"": ""mcv:59"", ""qerror_without"": 1.7955053727742807, ""attribution"": -0.6141431198552993, ""change_kind"": ""mcv_consumption_removal"", ""trace_without"": {""mcv"": [], ""fd"": [664], ""rows"": 245485.0855764452}}","{""candidate"": ""mcv:1997"", ""qerror_with_add"": 2.40964849262958, ""gain"": 0.0, ""useful"": false}"
5,271,query.272,positive,0.07775542157700732,mcv_only,1.1263698248148348,1.0486144032378275,1.048450675459855,False,0.0,0.0,0.00016372777797246663,,S2_positive_signal_budget_pressure,[1377],[],"[""N6_missing_test_useful"", ""N7_budget_displacement""]","{""candidate"": ""mcv:1377"", ""qerror_without"": 1.1263698248148348, ""attribution"": 0.07775542157700732, ""change_kind"": ""mcv_consumption_removal"", ""trace_without"": {""mcv"": [], ""fd"": [], ""rows"": 1186325.3642199037}}","{""candidate"": ""mcv:1907"", ""qerror_with_add"": 1.048450675459855, ""gain"": 0.00016372777797246663, ""useful"": true}"
5,276,query.277,negative,-0.19697698441466582,mcv_only,1.1529924490834003,1.349969433498066,1.074571196260684,False,0.19697698441466582,0.18516020547601597,0.275398237237382,mcv_winner_replacement,,"[59, 353]",[],"[""N1_mcv_winner_replacement"", ""N5_multi_statistic_interaction""]","{""candidate"": ""mcv:59"", ""qerror_without"": 1.1648092280220501, ""attribution"": -0.18516020547601597, ""change_kind"": ""mcv_winner_replacement"", ""trace_without"": {""mcv"": [353, 1269], ""fd"": [], ""rows"": 394679.2995860794}}","{""candidate"": ""mcv:80"", ""qerror_with_add"": 1.349969433498066, ""gain"": 0.0, ""useful"": false}"
5,278,query.279,negative,-0.08997893792777312,mcv_only,1.199753356942815,1.289732294870588,1.1483506686316831,False,0.08997893792777312,0.08997893792777312,0.14138162623890493,mcv_consumption_removal,,[96],[],"[""N2_harmful_mcv_correction""]","{""candidate"": ""mcv:96"", ""qerror_without"": 1.199753356942815, ""attribution"": -0.08997893792777312, ""change_kind"": ""mcv_consumption_removal"", ""trace_without"": {""mcv"": [], ""fd"": [], ""rows"": 231909.92439033225}}","{""candidate"": ""mcv:388"", ""qerror_with_add"": 1.289732294870588, ""gain"": 0.0, ""useful"": false}"
5,293,query.294,positive,0.1265775554299715,mcv_only,4.425506359773974,4.298928804344002,1.0011517051989904,False,0.0,0.0,3.2977770991450117,,,"[753, 1044]",[],"[""N1_mcv_winner_replacement""]","{""candidate"": ""mcv:753"", ""qerror_without"": 3.1224655042971863, ""attribution"": -1.1764633000468159, ""change_kind"": ""mcv_winner_replacement"", ""trace_without"": {""mcv"": [1044, 1269], ""fd"": [], ""rows"": 79401.17530877315}}","{""candidate"": ""mcv:1399"", ""qerror_with_add"": 4.298928804344002, ""gain"": 0.0, ""useful"": false}"
5,300,query.301,negative,-0.013356282535848196,mcv_fd_composed,1.4858661906034623,1.4992224731393105,1.0013028768179884,True,0.013356282535848196,0.013356282535848196,0.4979195963213221,mcv_consumption_removal,,"[499, 944, 1000]",[219],"[""N2_harmful_mcv_correction"", ""N4_mcv_to_fd_suppression""]","{""candidate"": ""mcv:944"", ""qerror_without"": 1.4569045516446406, ""attribution"": -0.04231792149466984, ""change_kind"": ""mcv_consumption_removal"", ""trace_without"": {""mcv"": [499, 1000], ""fd"": [219], ""rows"": 111819.95403617647}}","{""candidate"": ""mcv:2061"", ""qerror_with_add"": 1.4992224731393105, ""gain"": 0.0, ""useful"": false}"
5,305,query.306,neutral,0.0,no_extstat_consumption,1.0030837080629098,1.0030837080629098,1.0030836794070424,False,0.0,0.0,2.865586745670612e-08,,S1_no_training_signal,[],[],"[""N6_missing_test_useful""]",null,"{""candidate"": ""mcv:1684"", ""qerror_with_add"": 1.0030836794070424, ""gain"": 2.865586745670612e-08, ""useful"": true}"
5,308,query.309,neutral,0.0,no_extstat_consumption,1.0143636002674254,1.0143636002674254,1.0094018519765928,False,0.0,0.0,0.004961748290832624,,S1_no_training_signal,[],[],"[""N6_missing_test_useful""]",null,"{""candidate"": ""mcv:210"", ""qerror_with_add"": 1.0094018519765928, ""gain"": 0.004961748290832624, ""useful"": true}"
5,316,query.317,negative,-0.004495518112448638,mcv_only,1.2708821388678673,1.275377656980316,1.0007496438910035,True,0.004495518112448638,0.004495518112448638,0.2746280130893124,mcv_consumption_removal,,[35],[],"[""N4_mcv_to_fd_suppression""]","{""candidate"": ""mcv:35"", ""qerror_without"": 1.267613958004347, ""attribution"": -0.007763698975968847, ""change_kind"": ""mcv_consumption_removal"", ""trace_without"": {""mcv"": [], ""fd"": [626], ""rows"": 1302125.138002259}}","{""candidate"": ""mcv:960"", ""qerror_with_add"": 1.275377656980316, ""gain"": 0.0, ""useful"": false}"
5,318,query.319,positive,0.017880881459403364,fd_only,1.0517025543129865,1.0338216728535832,1.0308438237898905,False,0.0,0.0,0.0029778490636926946,,S1_no_training_signal,[],[191],"[""N6_missing_test_useful""]","{""candidate"": ""fd:191"", ""qerror_without"": 1.0517025543129865, ""attribution"": 0.017880881459403364, ""change_kind"": ""fd_control_change"", ""trace_without"": {""mcv"": [], ""fd"": [], ""rows"": 1170917.5707046145}}","{""candidate"": ""mcv:510"", ""qerror_with_add"": 1.0308438237898905, ""gain"": 0.0029778490636926946, ""useful"": true}"
5,320,query.321,negative,-0.023104912548025158,mcv_fd_composed,1.1696456014041676,1.1927505139521928,1.0046675851847717,False,0.023104912548025158,0.023104912548025158,0.18808292876742105,mcv_consumption_removal,,[126],[613],"[""N2_harmful_mcv_correction"", ""N3_fd_harmful_correction""]","{""candidate"": ""mcv:126"", ""qerror_without"": 1.16932403015124, ""attribution"": -0.023426483800952802, ""change_kind"": ""mcv_consumption_removal"", ""trace_without"": {""mcv"": [], ""fd"": [613], ""rows"": 14146.634785107823}}","{""candidate"": ""fd:495"", ""qerror_with_add"": 1.1927505139521928, ""gain"": 0.0, ""useful"": false}"
5,332,query.333,negative,-0.004728646229317235,fd_only,1.0063127327468966,1.0110413789762138,1.0002132537485553,False,0.004728646229317235,0.004728646229317235,0.010828125227658525,fd_control_change,S1_no_training_signal,[],[127],"[""N3_fd_harmful_correction"", ""N6_missing_test_useful""]","{""candidate"": ""fd:127"", ""qerror_without"": 1.0063127327468966, ""attribution"": -0.004728646229317235, ""change_kind"": ""fd_control_change"", ""trace_without"": {""mcv"": [], ""fd"": [], ""rows"": 1836975.590618288}}","{""candidate"": ""mcv:318"", ""qerror_with_add"": 1.0002132537485553, ""gain"": 0.010828125227658525, ""useful"": true}"
5,333,query.334,negative,-0.03896926398096823,mcv_only,1.0370219129670444,1.0759911769480126,1.009329485825571,True,0.03896926398096823,0.03698853088720022,0.06666169112244158,mcv_winner_replacement,,"[253, 385]",[],"[""N1_mcv_winner_replacement"", ""N4_mcv_to_fd_suppression"", ""N5_multi_statistic_interaction""]","{""candidate"": ""mcv:385"", ""qerror_without"": 1.0390026460608124, ""attribution"": -0.03698853088720022, ""change_kind"": ""mcv_winner_replacement"", ""trace_without"": {""mcv"": [253, 1358], ""fd"": [], ""rows"": 1224004.5824922426}}","{""candidate"": ""mcv:256"", ""qerror_with_add"": 1.0759911769480126, ""gain"": 0.0, ""useful"": false}"
5,347,query.348,negative,-1.0313452657835196,mcv_fd_composed,2.2868073507265434,3.318152616510063,1.2707024889035679,True,1.0313452657835196,1.0313452657835196,2.047450127606495,mcv_consumption_removal,S2_positive_signal_budget_pressure,[904],[376],"[""N4_mcv_to_fd_suppression"", ""N6_missing_test_useful"", ""N7_budget_displacement""]","{""candidate"": ""mcv:904"", ""qerror_without"": 2.0620243629672745, ""attribution"": -1.2561282535427885, ""change_kind"": ""mcv_consumption_removal"", ""trace_without"": {""mcv"": [], ""fd"": [133, 376], ""rows"": 84130.43178130151}}","{""candidate"": ""mcv:1216"", ""qerror_with_add"": 2.1575966417005925, ""gain"": 1.1605559748094705, ""useful"": true}"
5,353,query.354,negative,-9.940738454616849e-09,mcv_only,1.3943704464733595,1.394370456414098,1.0155174585473452,False,9.940738454616849e-09,0.0,0.37885299786675275,N6_missing_benefit_without_harmful_presence,S2_positive_signal_budget_pressure,[35],[],"[""N5_multi_statistic_interaction"", ""N6_missing_test_useful"", ""N7_budget_displacement""]","{""candidate"": ""mcv:35"", ""qerror_without"": 1.394370461524995, ""attribution"": 5.110897038917983e-09, ""change_kind"": ""mcv_winner_replacement"", ""trace_without"": {""mcv"": [120], ""fd"": [], ""rows"": 938764.0963330874}}","{""candidate"": ""mcv:1808"", ""qerror_with_add"": 1.0153849116455644, ""gain"": 0.3789855447685335, ""useful"": true}"
5,356,query.357,negative,-0.12487988810875583,mcv_only,3.6265040578939036,3.7513839460026595,1.2586160711168737,False,0.12487988810875583,0.12487988810875583,2.4927678748857858,mcv_consumption_removal,S1_no_training_signal,[633],[],"[""N2_harmful_mcv_correction"", ""N6_missing_test_useful""]","{""candidate"": ""mcv:633"", ""qerror_without"": 3.6265040578939036, ""attribution"": -0.12487988810875583, ""change_kind"": ""mcv_consumption_removal"", ""trace_without"": {""mcv"": [], ""fd"": [], ""rows"": 45973.19194192102}}","{""candidate"": ""mcv:190"", ""qerror_with_add"": 1.2635634149665007, ""gain"": 2.4878205310361587, ""useful"": true}"
5,360,query.361,negative,-4.034047170458026,mcv_only,4.409735916266321,8.443783086724347,1.0317949730508165,True,4.034047170458026,4.034047170458026,7.41198811367353,mcv_winner_replacement,S1_no_training_signal,"[512, 1099]",[],"[""N1_mcv_winner_replacement"", ""N6_missing_test_useful""]","{""candidate"": ""mcv:1099"", ""qerror_without"": 4.285334730631661, ""attribution"": -4.158448356092686, ""change_kind"": ""mcv_winner_replacement"", ""trace_without"": {""mcv"": [512, 1258], ""fd"": [], ""rows"": 51899.68892268004}}","{""candidate"": ""mcv:498"", ""qerror_with_add"": 4.951940663431606, ""gain"": 3.4918424232927405, ""useful"": true}"
5,362,query.363,neutral,0.0,mcv_only,1.4317574448468198,1.4317574448468198,1.3818968193308008,False,0.0,0.0,0.049860625516019,,S1_no_training_signal,[523],[],"[""N6_missing_test_useful""]","{""candidate"": ""mcv:523"", ""qerror_without"": 1.4317574448468198, ""attribution"": 0.0, ""change_kind"": ""mcv_consumption_removal"", ""trace_without"": {""mcv"": [], ""fd"": [], ""rows"": 269439.5700308333}}","{""candidate"": ""mcv:367"", ""qerror_with_add"": 1.3818967630304764, ""gain"": 0.0498606818163434, ""useful"": true}"
5,374,query.375,positive,0.00024444566686088187,mcv_only,1.0021943147200618,1.001949869053201,1.002535310847513,False,0.0,0.0,0.0,,,[253],[],[],"{""candidate"": ""mcv:253"", ""qerror_without"": 1.0021943147200618, ""attribution"": 0.00024444566686088187, ""change_kind"": ""mcv_consumption_removal"", ""trace_without"": {""mcv"": [], ""fd"": [], ""rows"": 1414115.219761987}}","{""candidate"": ""mcv:850"", ""qerror_with_add"": 1.001949869053201, ""gain"": 0.0, ""useful"": false}"
5,378,query.379,neutral,4.440892098500626e-16,mcv_only,1.1147908786391854,1.114790878639185,1.0629748853532568,False,0.0,0.0,0.05181599328592812,,S1_no_training_signal,[14],[],"[""N6_missing_test_useful""]","{""candidate"": ""mcv:14"", ""qerror_without"": 1.1147908831067252, ""attribution"": 4.467540337671494e-09, ""change_kind"": ""mcv_winner_replacement"", ""trace_without"": {""mcv"": [1463], ""fd"": [], ""rows"": 571428.2469055805}}","{""candidate"": ""mcv:83"", ""qerror_with_add"": 1.06297489297304, ""gain"": 0.05181598566614487, ""useful"": true}"
5,379,query.380,negative,-0.07433305251105837,mcv_only,1.8991855941151559,1.9735186466262142,1.2450839355481194,False,0.07433305251105837,0.07433305251105837,0.7284347110780949,mcv_consumption_removal,S1_no_training_signal,[855],[],"[""N2_harmful_mcv_correction"", ""N6_missing_test_useful""]","{""candidate"": ""mcv:855"", ""qerror_without"": 1.8991855941151559, ""attribution"": -0.07433305251105837, ""change_kind"": ""mcv_consumption_removal"", ""trace_without"": {""mcv"": [], ""fd"": [], ""rows"": 762427.8556486365}}","{""candidate"": ""mcv:339"", ""qerror_with_add"": 1.5244040639655185, ""gain"": 0.4491145826606957, ""useful"": true}"
5,382,query.383,negative,-0.06350877129682497,mcv_fd_composed,1.970848693418865,2.03435746471569,1.013454927384065,True,0.06350877129682497,0.008371961162111585,1.020902537331625,mcv_consumption_removal,S1_no_training_signal,[422],[205],"[""N3_fd_harmful_correction"", ""N4_mcv_to_fd_suppression"", ""N5_multi_statistic_interaction"", ""N6_missing_test_useful""]","{""candidate"": ""mcv:422"", ""qerror_without"": 2.0259855035535783, ""attribution"": -0.008371961162111585, ""change_kind"": ""mcv_consumption_removal"", ""trace_without"": {""mcv"": [], ""fd"": [0, 205], ""rows"": 27281.920790852488}}","{""candidate"": ""mcv:1"", ""qerror_with_add"": 1.0698745673099601, ""gain"": 0.9644828974057298, ""useful"": true}"
5,390,query.391,neutral,0.0,no_extstat_consumption,1.0077420880978063,1.0077420880978063,1.007131956468327,False,0.0,0.0,0.0006101316294793158,,S1_no_training_signal,[],[],"[""N6_missing_test_useful""]",null,"{""candidate"": ""fd:404"", ""qerror_with_add"": 1.0071693167140583, ""gain"": 0.0005727713837480053, ""useful"": true}"
5,392,query.393,negative,-0.005188765799492012,mcv_only,1.1452765790677444,1.1504653448672364,1.0864868198511075,False,0.005188765799492012,0.005188765799492012,0.06397852501612888,mcv_consumption_removal,S2_positive_signal_budget_pressure,[523],[],"[""N2_harmful_mcv_correction"", ""N6_missing_test_useful"", ""N7_budget_displacement""]","{""candidate"": ""mcv:523"", ""qerror_without"": 1.1452765790677444, ""attribution"": -0.005188765799492012, ""change_kind"": ""mcv_consumption_removal"", ""trace_without"": {""mcv"": [], ""fd"": [], ""rows"": 315506.51838447753}}","{""candidate"": ""mcv:969"", ""qerror_with_add"": 1.097991778761774, ""gain"": 0.0524735661054625, ""useful"": true}"
5,396,query.397,positive,0.0003299750114607036,mcv_only,1.0667549100201137,1.066424935008653,1.1516245554203985,False,0.0,0.0,0.0,,,"[286, 294]",[],[],"{""candidate"": ""mcv:294"", ""qerror_without"": 1.0664249496958802, ""attribution"": 1.4687227212206722e-08, ""change_kind"": ""mcv_consumption_removal"", ""trace_without"": {""mcv"": [286], ""fd"": [], ""rows"": 662588.5864743752}}","{""candidate"": ""mcv:291"", ""qerror_with_add"": 1.066424935008653, ""gain"": 0.0, ""useful"": false}"
5,397,query.398,positive,0.062440651523021806,mcv_fd_composed,1.1853629600601467,1.122922308537125,1.0221180825200047,False,0.0,0.0,0.10080422601712025,,S1_no_training_signal,"[329, 423]",[402],"[""N2_harmful_mcv_correction"", ""N6_missing_test_useful""]","{""candidate"": ""mcv:423"", ""qerror_without"": 1.1177645843725579, ""attribution"": -0.005157724164567057, ""change_kind"": ""mcv_consumption_removal"", ""trace_without"": {""mcv"": [329], ""fd"": [402], ""rows"": 837357.895469012}}","{""candidate"": ""mcv:166"", ""qerror_with_add"": 1.0682293967886018, ""gain"": 0.05469291174852309, ""useful"": true}"
5,407,query.408,positive,0.00015756192264837487,fd_only,1.0106474319603411,1.0104898700376928,1.0102844667305986,False,0.0,0.0,0.0002054033070941763,,S1_no_training_signal,[],[313],"[""N6_missing_test_useful""]","{""candidate"": ""fd:313"", ""qerror_without"": 1.0106474319603411, ""attribution"": 0.00015756192264837487, ""change_kind"": ""fd_control_change"", ""trace_without"": {""mcv"": [], ""fd"": [], ""rows"": 1710683.6126288637}}","{""candidate"": ""fd:108"", ""qerror_with_add"": 1.0102844667305986, ""gain"": 0.0002054033070941763, ""useful"": true}"
5,408,query.409,positive,0.03262281424614488,mcv_only,1.1806842773089248,1.14806146306278,1.058675423880725,False,0.0,0.0,0.0893860391820549,,,"[29, 1103]",[],"[""N1_mcv_winner_replacement""]","{""candidate"": ""mcv:29"", ""qerror_without"": 1.1428074691277246, ""attribution"": -0.005253993935055323, ""change_kind"": ""mcv_winner_replacement"", ""trace_without"": {""mcv"": [299, 532, 1103], ""fd"": [], ""rows"": 94095.33858556945}}","{""candidate"": ""mcv:1107"", ""qerror_with_add"": 1.14806146306278, ""gain"": 0.0, ""useful"": false}"
5,410,query.411,neutral,0.0,no_extstat_consumption,1.0180391478284125,1.0180391478284125,1.0135115168789912,False,0.0,0.0,0.004527630949421324,,S1_no_training_signal,[],[],"[""N6_missing_test_useful""]",null,"{""candidate"": ""mcv:2130"", ""qerror_with_add"": 1.0135115168789912, ""gain"": 0.004527630949421324, ""useful"": true}"
5,416,query.417,neutral,0.0,no_extstat_consumption,1.4141433095348512,1.4141433095348512,1.179052645729448,False,0.0,0.0,0.23509066380540333,,S1_no_training_signal,[],[],"[""N6_missing_test_useful""]",null,"{""candidate"": ""mcv:648"", ""qerror_with_add"": 1.1828234104220248, ""gain"": 0.23131989911282647, ""useful"": true}"
5,418,query.419,negative,-0.0003607920829360456,fd_only,1.0042356877215024,1.0045964798044384,1.0041541955771032,False,0.0003607920829360456,0.0003607920829360456,0.0004422842273352767,fd_control_change,S1_no_training_signal,[],[183],"[""N3_fd_harmful_correction"", ""N6_missing_test_useful""]","{""candidate"": ""fd:183"", ""qerror_without"": 1.0042356877215024, ""attribution"": -0.0003607920829360456, ""change_kind"": ""fd_control_change"", ""trace_without"": {""mcv"": [], ""fd"": [], ""rows"": 623088.0748036834}}","{""candidate"": ""mcv:459"", ""qerror_with_add"": 1.0041541955771032, ""gain"": 0.0004422842273352767, ""useful"": true}"
5,426,query.427,negative,-0.09718971926979436,mcv_only,1.1140950712208577,1.211284790490652,1.0249610881316076,False,0.09718971926979436,0.09718971926979436,0.1863237023590445,mcv_consumption_removal,,[941],[],"[""N2_harmful_mcv_correction""]","{""candidate"": ""mcv:941"", ""qerror_without"": 1.1140950712208577, ""attribution"": -0.09718971926979436, ""change_kind"": ""mcv_consumption_removal"", ""trace_without"": {""mcv"": [], ""fd"": [], ""rows"": 379998.8891772238}}","{""candidate"": ""mcv:1156"", ""qerror_with_add"": 1.211284790490652, ""gain"": 0.0, ""useful"": false}"
5,430,query.431,positive,5.183559200214779,mcv_fd_composed,12.842204803330594,7.658645603115815,1.001013733251917,True,0.0,0.0,6.6576318698638985,,,"[14, 59, 212]",[230],"[""N2_harmful_mcv_correction"", ""N3_fd_harmful_correction"", ""N4_mcv_to_fd_suppression""]","{""candidate"": ""mcv:59"", ""qerror_without"": 1.010871000036963, ""attribution"": -6.647774603078852, ""change_kind"": ""mcv_winner_replacement"", ""trace_without"": {""mcv"": [14, 212, 939], ""fd"": [], ""rows"": 7977.793932291712}}","{""candidate"": ""mcv:250"", ""qerror_with_add"": 7.658645603115815, ""gain"": 0.0, ""useful"": false}"
5,434,query.435,positive,0.0003200734497170732,fd_only,1.014040938202245,1.013720864752528,1.0060005561038254,False,0.0,0.0,0.007720308648702545,,S1_no_training_signal,[],[93],"[""N6_missing_test_useful""]","{""candidate"": ""fd:93"", ""qerror_without"": 1.014040938202245, ""attribution"": 0.0003200734497170732, ""change_kind"": ""fd_control_change"", ""trace_without"": {""mcv"": [], ""fd"": [], ""rows"": 1751345.4665336194}}","{""candidate"": ""mcv:218"", ""qerror_with_add"": 1.005336202198244, ""gain"": 0.00838466255428405, ""useful"": true}"
5,437,query.438,negative,-0.046510504180316214,mcv_fd_composed,1.5815360219305556,1.6280465261108719,1.187838259000389,False,0.046510504180316214,0.046510504180316214,0.4402082671104828,mcv_consumption_removal,S1_no_training_signal,"[440, 468]",[219],"[""N2_harmful_mcv_correction"", ""N6_missing_test_useful""]","{""candidate"": ""mcv:440"", ""qerror_without"": 1.5509069173932086, ""attribution"": -0.07713960871766323, ""change_kind"": ""mcv_consumption_removal"", ""trace_without"": {""mcv"": [468], ""fd"": [219], ""rows"": 164743.6071982013}}","{""candidate"": ""fd:188"", ""qerror_with_add"": 1.6270522009448671, ""gain"": 0.000994325166004728, ""useful"": true}"
5,444,query.445,positive,0.0006816775321092372,mcv_fd_composed,2.1596103328461016,2.1589286553139924,1.336770836485607,True,0.0,0.0,0.8221578188283853,,S1_no_training_signal,"[399, 423]",[93],"[""N4_mcv_to_fd_suppression"", ""N6_missing_test_useful""]","{""candidate"": ""mcv:423"", ""qerror_without"": 2.105921800017671, ""attribution"": -0.05300685529632121, ""change_kind"": ""mcv_winner_replacement"", ""trace_without"": {""mcv"": [399, 544], ""fd"": [0, 93], ""rows"": 60427.694893007036}}","{""candidate"": ""mcv:124"", ""qerror_with_add"": 1.356234626311233, ""gain"": 0.8026940290027593, ""useful"": true}"
5,453,query.454,positive,1.9102202138367987,mcv_only,5.129356319755617,3.2191361059188184,2.9057562999225115,True,0.0,0.0,0.3133798059963069,,S1_no_training_signal,"[107, 835]",[],"[""N6_missing_test_useful""]","{""candidate"": ""mcv:835"", ""qerror_without"": 3.6002480344834327, ""attribution"": 0.3811119285646143, ""change_kind"": ""mcv_winner_replacement"", ""trace_without"": {""mcv"": [107, 1263], ""fd"": [21], ""rows"": 96209.42822550077}}","{""candidate"": ""mcv:553"", ""qerror_with_add"": 2.9071292460555878, ""gain"": 0.3120068598632306, ""useful"": true}"
5,461,query.462,positive,0.003946164155900211,mcv_only,1.760931110451628,1.7569849462957279,1.198514987418942,False,0.0,0.0,0.5584699588767859,,S1_no_training_signal,[253],[],"[""N6_missing_test_useful""]","{""candidate"": ""mcv:253"", ""qerror_without"": 1.760931110451628, ""attribution"": 0.003946164155900211, ""change_kind"": ""mcv_consumption_removal"", ""trace_without"": {""mcv"": [], ""fd"": [], ""rows"": 736116.7493087627}}","{""candidate"": ""mcv:830"", ""qerror_with_add"": 1.19582917145738, ""gain"": 0.5611557748383478, ""useful"": true}"
5,462,query.463,positive,0.012633062521240523,mcv_only,1.4405734080797241,1.4279403455584836,1.016029104744483,True,0.0,0.0,0.41191124081400066,,,"[7, 35]",[],"[""N1_mcv_winner_replacement""]","{""candidate"": ""mcv:7"", ""qerror_without"": 1.019848099903496, ""attribution"": -0.4080922456549876, ""change_kind"": ""mcv_winner_replacement"", ""trace_without"": {""mcv"": [35, 1815], ""fd"": [], ""rows"": 109013.6030948845}}","{""candidate"": ""mcv:561"", ""qerror_with_add"": 1.4279403455584836, ""gain"": 0.0, ""useful"": false}"
6,0,query.1,neutral,0.0,no_extstat_consumption,1.7998583054180384,1.7998583054180384,1.017412730925492,False,0.0,0.0,0.7824455744925465,,S1_no_training_signal,[],[],"[""N6_missing_test_useful""]",null,"{""candidate"": ""mcv:291"", ""qerror_with_add"": 1.017488619531501, ""gain"": 0.7823696858865374, ""useful"": true}"
6,11,query.12,negative,-4.199793135484242e-08,mcv_only,1.224134140859492,1.2241341828574233,1.1074847502260663,False,4.199793135484242e-08,4.199793135484242e-08,0.11664943263135696,mcv_consumption_removal,,[438],[],"[""N2_harmful_mcv_correction""]","{""candidate"": ""mcv:438"", ""qerror_without"": 1.224134140859492, ""attribution"": -4.199793135484242e-08, ""change_kind"": ""mcv_consumption_removal"", ""trace_without"": {""mcv"": [], ""fd"": [], ""rows"": 1006738.9346501138}}","{""candidate"": ""mcv:753"", ""qerror_with_add"": 1.2241341828574233, ""gain"": 0.0, ""useful"": false}"
6,14,query.15,positive,0.00018353546529192855,fd_only,2.060903518666446,2.060719983201154,1.3672502051050284,False,0.0,0.0,0.6934697780961256,,S1_no_training_signal,[],[428],"[""N6_missing_test_useful""]","{""candidate"": ""fd:428"", ""qerror_without"": 2.060903518666446, ""attribution"": 0.00018353546529192855, ""change_kind"": ""fd_control_change"", ""trace_without"": {""mcv"": [], ""fd"": [], ""rows"": 114465.32933897154}}","{""candidate"": ""mcv:2053"", ""qerror_with_add"": 1.4016357964132775, ""gain"": 0.6590841867878765, ""useful"": true}"
6,18,query.19,positive,0.0004903366635937711,mcv_only,1.0784746224428328,1.077984285779239,1.0585981582212043,False,0.0,0.0,0.019386127558034705,,S1_no_training_signal,[109],[],"[""N6_missing_test_useful""]","{""candidate"": ""mcv:109"", ""qerror_without"": 1.0784746224428328, ""attribution"": 0.0004903366635937711, ""change_kind"": ""mcv_consumption_removal"", ""trace_without"": {""mcv"": [], ""fd"": [], ""rows"": 786707.3335110161}}","{""candidate"": ""mcv:1388"", ""qerror_with_add"": 1.063873346635643, ""gain"": 0.014110939143596068, ""useful"": true}"
6,23,query.24,negative,-0.0035484075022105266,mcv_only,1.0423420231092244,1.045890430611435,1.0008904240773038,False,0.0035484075022105266,0.0035484075022105266,0.045000006534131165,mcv_consumption_removal,S1_no_training_signal,[68],[],"[""N2_harmful_mcv_correction"", ""N6_missing_test_useful""]","{""candidate"": ""mcv:68"", ""qerror_without"": 1.0423420231092244, ""attribution"": -0.0035484075022105266, ""change_kind"": ""mcv_consumption_removal"", ""trace_without"": {""mcv"": [], ""fd"": [], ""rows"": 232423.5089969411}}","{""candidate"": ""mcv:1407"", ""qerror_with_add"": 1.0081455171203662, ""gain"": 0.03774491349106879, ""useful"": true}"
6,41,query.42,positive,0.43771291550582636,mcv_fd_composed,1.479871054306232,1.0421581388004055,1.028720861966745,True,0.0,0.0,0.013437276833660583,,S2_positive_signal_budget_pressure,"[16, 1713]",[488],"[""N4_mcv_to_fd_suppression"", ""N6_missing_test_useful"", ""N7_budget_displacement""]","{""candidate"": ""mcv:16"", ""qerror_without"": 1.0414993383085376, ""attribution"": -0.0006588004918679502, ""change_kind"": ""mcv_consumption_removal"", ""trace_without"": {""mcv"": [1713], ""fd"": [488, 85], ""rows"": 677143.0130194436}}","{""candidate"": ""mcv:1292"", ""qerror_with_add"": 1.0373443838732033, ""gain"": 0.004813754927202263, ""useful"": true}"
6,45,query.46,positive,0.5729699783466207,mcv_only,2.017570275758359,1.4446002974117382,1.4144916271417405,False,0.0,0.0,0.03010867026999775,,S1_no_training_signal,"[126, 1834]",[],"[""N2_harmful_mcv_correction"", ""N6_missing_test_useful""]","{""candidate"": ""mcv:1834"", ""qerror_without"": 1.4224562798618647, ""attribution"": -0.022144017549873496, ""change_kind"": ""mcv_consumption_removal"", ""trace_without"": {""mcv"": [126], ""fd"": [], ""rows"": 469011.2514845005}}","{""candidate"": ""mcv:772"", ""qerror_with_add"": 1.4370506649282957, ""gain"": 0.007549632483442537, ""useful"": true}"
6,47,query.48,neutral,0.0,no_extstat_consumption,2.418887934006248,2.418887934006248,1.5873170237439005,False,0.0,0.0,0.8315709102623476,,S1_no_training_signal,[],[],"[""N6_missing_test_useful""]",null,"{""candidate"": ""mcv:1999"", ""qerror_with_add"": 1.744653149985703, ""gain"": 0.6742347840205452, ""useful"": true}"
6,48,query.49,neutral,0.0,no_extstat_consumption,1.5569468757487683,1.5569468757487683,1.00502098584757,False,0.0,0.0,0.5519258899011983,,S1_no_training_signal,[],[],"[""N6_missing_test_useful""]",null,"{""candidate"": ""mcv:1262"", ""qerror_with_add"": 1.2006475136252157, ""gain"": 0.3562993621235526, ""useful"": true}"
6,49,query.50,positive,0.871107643911589,mcv_fd_composed,1.9110047155771868,1.0398970716655977,1.0865808426108448,True,0.0,0.0,0.0,,,"[96, 444, 946]",[216],[],"{""candidate"": ""fd:216"", ""qerror_without"": 1.0412360899828683, ""attribution"": 0.0013390183172705683, ""change_kind"": ""fd_control_change"", ""trace_without"": {""mcv"": [96, 444, 946], ""fd"": [], ""rows"": 377056.65773307916}}","{""candidate"": ""fd:39"", ""qerror_with_add"": 1.0398970716655977, ""gain"": 0.0, ""useful"": false}"
6,59,query.60,positive,0.03593860701854967,mcv_fd_composed,1.2752603994177807,1.239321792399231,1.1304167529585059,False,0.0,0.0,0.10890503944072516,,S1_no_training_signal,[410],[168],"[""N3_fd_harmful_correction"", ""N6_missing_test_useful""]","{""candidate"": ""fd:168"", ""qerror_without"": 1.2388767007630401, ""attribution"": -0.0004450916361908863, ""change_kind"": ""fd_control_change"", ""trace_without"": {""mcv"": [410], ""fd"": [], ""rows"": 480951.7572634244}}","{""candidate"": ""mcv:423"", ""qerror_with_add"": 1.2331863834117276, ""gain"": 0.006135408987503421, ""useful"": true}"
6,61,query.62,negative,-71.65524169876335,fd_only,2093.155099456452,2164.810341155215,2.763929682094142,False,71.65524169876335,71.65524169876335,2162.046411473121,fd_control_change,S1_no_training_signal,[],[552],"[""N3_fd_harmful_correction"", ""N6_missing_test_useful""]","{""candidate"": ""fd:552"", ""qerror_without"": 2093.155099456452, ""attribution"": -71.65524169876335, ""change_kind"": ""fd_control_change"", ""trace_without"": {""mcv"": [], ""fd"": [], ""rows"": 94191.97947554033}}","{""candidate"": ""mcv:990"", ""qerror_with_add"": 2.8621576277845286, ""gain"": 2161.9481835274305, ""useful"": true}"
6,74,query.75,neutral,0.0,no_extstat_consumption,1.0230913581283583,1.0230913581283583,1.0003836685854586,False,0.0,0.0,0.0227076895428997,,S2_positive_signal_budget_pressure,[],[],"[""N6_missing_test_useful"", ""N7_budget_displacement""]",null,"{""candidate"": ""mcv:1110"", ""qerror_with_add"": 1.0003836685854586, ""gain"": 0.0227076895428997, ""useful"": true}"
6,98,query.99,positive,0.8223391680682077,mcv_only,2.211074151188032,1.3887349831198241,1.2025301173904872,False,0.0,0.0,0.18620486572933692,,S1_no_training_signal,"[146, 447, 469]",[],"[""N1_mcv_winner_replacement"", ""N2_harmful_mcv_correction"", ""N6_missing_test_useful""]","{""candidate"": ""mcv:146"", ""qerror_without"": 1.3228927495607095, ""attribution"": -0.06584223355911467, ""change_kind"": ""mcv_consumption_removal"", ""trace_without"": {""mcv"": [447, 469], ""fd"": [], ""rows"": 99712.54286774402}}","{""candidate"": ""mcv:2066"", ""qerror_with_add"": 1.2623817322111754, ""gain"": 0.12635325090864868, ""useful"": true}"
6,99,query.100,positive,0.010170681006009819,mcv_only,1.6251199402898857,1.614949259283876,1.0884634344867343,True,0.0,0.0,0.5264858247971416,,S1_no_training_signal,[1195],[],"[""N4_mcv_to_fd_suppression"", ""N6_missing_test_useful""]","{""candidate"": ""mcv:1195"", ""qerror_without"": 1.5798033269459641, ""attribution"": -0.035145932337911745, ""change_kind"": ""mcv_consumption_removal"", ""trace_without"": {""mcv"": [], ""fd"": [17], ""rows"": 217819.51849995696}}","{""candidate"": ""mcv:1773"", ""qerror_with_add"": 1.2093295289533668, ""gain"": 0.40561973033050913, ""useful"": true}"
6,100,query.101,negative,-0.02590119751801301,mcv_fd_composed,1.5565030251530652,1.5824042226710782,1.0603890656205772,False,0.02590119751801301,0.0,0.5220151570505009,N8_unresolved,,"[72, 809]",[0],"[""N5_multi_statistic_interaction""]","{""candidate"": ""mcv:72"", ""qerror_without"": 1.607925061461473, ""attribution"": 0.025520838790394906, ""change_kind"": ""mcv_winner_replacement"", ""trace_without"": {""mcv"": [809, 904, 936], ""fd"": [0], ""rows"": 149564.18415508492}}","{""candidate"": ""mcv:122"", ""qerror_with_add"": 1.5824042226710782, ""gain"": 0.0, ""useful"": false}"
6,101,query.102,negative,-0.13377121414918114,mcv_only,1.7348445448804588,1.86861575902964,1.0305532557542905,True,0.13377121414918114,0.12767883184868212,0.8380625032753495,mcv_winner_replacement,,"[197, 1252]",[],"[""N1_mcv_winner_replacement"", ""N5_multi_statistic_interaction""]","{""candidate"": ""mcv:1252"", ""qerror_without"": 1.7409369271809578, ""attribution"": -0.12767883184868212, ""change_kind"": ""mcv_winner_replacement"", ""trace_without"": {""mcv"": [197, 1354], ""fd"": [], ""rows"": 356441.402506651}}","{""candidate"": ""mcv:319"", ""qerror_with_add"": 1.86861575902964, ""gain"": 0.0, ""useful"": false}"
6,102,query.103,negative,-0.010091470619019383,mcv_only,1.0531188985850513,1.0632103692040706,1.0004140271108646,True,0.010091470619019383,0.0017309508434473209,0.06279634209320606,mcv_winner_replacement,S1_no_training_signal,"[82, 329, 565, 1549]",[],"[""N1_mcv_winner_replacement"", ""N2_harmful_mcv_correction"", ""N5_multi_statistic_interaction"", ""N6_missing_test_useful""]","{""candidate"": ""mcv:82"", ""qerror_without"": 1.0614794183606233, ""attribution"": -0.0017309508434473209, ""change_kind"": ""mcv_winner_replacement"", ""trace_without"": {""mcv"": [329, 438, 565, 946], ""fd"": [], ""rows"": 156885.75503159058}}","{""candidate"": ""mcv:173"", ""qerror_with_add"": 1.0119226697737231, ""gain"": 0.0512876994303475, ""useful"": true}"
6,125,query.126,negative,-0.11233896308778069,mcv_only,1.016492593477127,1.1288315565649076,1.0002822239258402,True,0.11233896308778069,0.11087818156593121,0.12854933263906743,mcv_consumption_removal,S2_positive_signal_budget_pressure,[197],[],"[""N4_mcv_to_fd_suppression"", ""N5_multi_statistic_interaction"", ""N6_missing_test_useful"", ""N7_budget_displacement""]","{""candidate"": ""mcv:197"", ""qerror_without"": 1.0179533749989764, ""attribution"": -0.11087818156593121, ""change_kind"": ""mcv_consumption_removal"", ""trace_without"": {""mcv"": [], ""fd"": [124], ""rows"": 449418.2714350481}}","{""candidate"": ""mcv:196"", ""qerror_with_add"": 1.0113415624321362, ""gain"": 0.11748999413277139, ""useful"": true}"
6,128,query.129,neutral,0.0,no_extstat_consumption,1.0360210902774918,1.0360210902774918,1.0263134062483659,False,0.0,0.0,0.009707684029125918,,S1_no_training_signal,[],[],"[""N6_missing_test_useful""]",null,"{""candidate"": ""mcv:1957"", ""qerror_with_add"": 1.0263134062483659, ""gain"": 0.009707684029125918, ""useful"": true}"
6,133,query.134,positive,0.010446444680324962,mcv_only,2.249236334764908,2.238789890084583,1.6374541432284704,False,0.0,0.0,0.6013357468561127,,S1_no_training_signal,"[59, 96]",[],"[""N1_mcv_winner_replacement"", ""N6_missing_test_useful""]","{""candidate"": ""mcv:59"", ""qerror_without"": 2.2387898729167435, ""attribution"": -1.716783959437862e-08, ""change_kind"": ""mcv_winner_replacement"", ""trace_without"": {""mcv"": [96, 1281], ""fd"": [], ""rows"": 482935.8990227162}}","{""candidate"": ""mcv:1444"", ""qerror_with_add"": 1.7487844512966528, ""gain"": 0.49000543878793024, ""useful"": true}"
6,135,query.136,negative,-3.627797506844388e-08,mcv_only,1.0102638474798684,1.0102638837578435,1.0060652829189844,False,3.627797506844388e-08,3.627797506844388e-08,0.004198600838859035,mcv_consumption_removal,S2_positive_signal_budget_pressure,[992],[],"[""N2_harmful_mcv_correction"", ""N6_missing_test_useful"", ""N7_budget_displacement""]","{""candidate"": ""mcv:992"", ""qerror_without"": 1.0102638474798684, ""attribution"": -3.627797506844388e-08, ""change_kind"": ""mcv_consumption_removal"", ""trace_without"": {""mcv"": [], ""fd"": [], ""rows"": 1781997.3287228076}}","{""candidate"": ""mcv:1927"", ""qerror_with_add"": 1.0065763650101998, ""gain"": 0.0036875187476437254, ""useful"": true}"
6,137,query.138,negative,-0.4880365860184668,mcv_only,4.507257620884456,4.995294206902923,1.9833453889823955,True,0.4880365860184668,0.4880365860184668,3.011948817920527,mcv_consumption_removal,S1_no_training_signal,"[197, 554, 841]",[],"[""N2_harmful_mcv_correction"", ""N4_mcv_to_fd_suppression"", ""N6_missing_test_useful""]","{""candidate"": ""mcv:554"", ""qerror_without"": 3.2174082542705755, ""attribution"": -1.7778859526323472, ""change_kind"": ""mcv_consumption_removal"", ""trace_without"": {""mcv"": [197, 841], ""fd"": [289], ""rows"": 1264.4414439283362}}","{""candidate"": ""mcv:422"", ""qerror_with_add"": 3.1342432627759362, ""gain"": 1.8610509441269865, ""useful"": true}"
6,139,query.140,positive,0.0004680938469958651,mcv_fd_composed,1.4576450782818564,1.4571769844348605,1.0196831820987275,False,0.0,0.0,0.437493802336133,,S1_no_training_signal,[65],[474],"[""N6_missing_test_useful""]","{""candidate"": ""mcv:65"", ""qerror_without"": 1.4571769844348605, ""attribution"": 0.0, ""change_kind"": ""mcv_winner_replacement"", ""trace_without"": {""mcv"": [294, 1326], ""fd"": [474], ""rows"": 904217.5480907756}}","{""candidate"": ""mcv:585"", ""qerror_with_add"": 1.456898369706487, ""gain"": 0.0002786147283735385, ""useful"": true}"
6,149,query.150,positive,2.483588221681395,mcv_only,6.538092856752774,4.054504635071379,3.690722494458122,True,0.0,0.0,0.3637821406132571,,S1_no_training_signal,"[107, 499, 1122]",[],"[""N6_missing_test_useful""]","{""candidate"": ""mcv:1122"", ""qerror_without"": 4.126609695291167, ""attribution"": 0.07210506021978791, ""change_kind"": ""mcv_consumption_removal"", ""trace_without"": {""mcv"": [107, 499], ""fd"": [168], ""rows"": 187376.96643408603}}","{""candidate"": ""mcv:210"", ""qerror_with_add"": 4.046006768617411, ""gain"": 0.008497866453968328, ""useful"": true}"
6,155,query.156,negative,-0.6559692141016249,mcv_fd_composed,1.1544263621152548,1.8103955762168797,1.0536764553010323,False,0.6559692141016249,0.6559692141016249,0.7567191209158475,mcv_consumption_removal,S1_no_training_signal,[1757],[85],"[""N2_harmful_mcv_correction"", ""N6_missing_test_useful""]","{""candidate"": ""mcv:1757"", ""qerror_without"": 1.1541339909714632, ""attribution"": -0.6562615852454166, ""change_kind"": ""mcv_consumption_removal"", ""trace_without"": {""mcv"": [], ""fd"": [85], ""rows"": 43704.63082674011}}","{""candidate"": ""mcv:274"", ""qerror_with_add"": 1.100252997522422, ""gain"": 0.7101425786944577, ""useful"": true}"
6,159,query.160,negative,-0.1634044219118751,mcv_only,7.022536743350983,7.185941165262858,1.2473866477136395,False,0.1634044219118751,0.15253167722600391,5.9385545175492185,mcv_winner_replacement,,"[142, 781]",[],"[""N1_mcv_winner_replacement"", ""N2_harmful_mcv_correction"", ""N5_multi_statistic_interaction""]","{""candidate"": ""mcv:142"", ""qerror_without"": 7.033409488036854, ""attribution"": -0.15253167722600391, ""change_kind"": ""mcv_winner_replacement"", ""trace_without"": {""mcv"": [781, 845], ""fd"": [], ""rows"": 147989.96903778345}}","{""candidate"": ""mcv:278"", ""qerror_with_add"": 7.185941165262858, ""gain"": 0.0, ""useful"": false}"
6,163,query.164,negative,-6.045810074795099e-09,mcv_only,1.0259696079300447,1.0259696139758547,1.006058317708198,False,6.045810074795099e-09,6.045810074795099e-09,0.019911296267656642,mcv_consumption_removal,S1_no_training_signal,[59],[],"[""N2_harmful_mcv_correction"", ""N6_missing_test_useful""]","{""candidate"": ""mcv:59"", ""qerror_without"": 1.0259696079300447, ""attribution"": -6.045810074795099e-09, ""change_kind"": ""mcv_consumption_removal"", ""trace_without"": {""mcv"": [], ""fd"": [], ""rows"": 614348.6075300751}}","{""candidate"": ""mcv:543"", ""qerror_with_add"": 1.0060583413310713, ""gain"": 0.01991127264478343, ""useful"": true}"
6,171,query.172,positive,0.0004199101908808345,fd_only,1.0014355229702876,1.0010156127794068,1.0010156127794068,False,0.0,0.0,0.0,,,[],[314],[],"{""candidate"": ""fd:314"", ""qerror_without"": 1.0014355229702876, ""attribution"": 0.0004199101908808345, ""change_kind"": ""fd_control_change"", ""trace_without"": {""mcv"": [], ""fd"": [], ""rows"": 2196912.281955546}}",null
6,182,query.183,positive,2.7193478550069372e-05,mcv_only,1.0640834790447042,1.0640562855661542,1.0234304321067174,False,0.0,0.0,0.04062585345943681,,,"[623, 1000]",[],"[""N2_harmful_mcv_correction""]","{""candidate"": ""mcv:623"", ""qerror_without"": 1.064056281540705, ""attribution"": -4.025449085176547e-09, ""change_kind"": ""mcv_consumption_removal"", ""trace_without"": {""mcv"": [1000], ""fd"": [], ""rows"": 1115603.424043663}}","{""candidate"": ""mcv:133"", ""qerror_with_add"": 1.064066933990761, ""gain"": -1.0648424606740647e-05, ""useful"": false}"
6,184,query.185,neutral,0.0,no_extstat_consumption,1.1158932276204858,1.1158932276204858,1.0091790273153443,False,0.0,0.0,0.10671420030514156,,S1_no_training_signal,[],[],"[""N6_missing_test_useful""]",null,"{""candidate"": ""mcv:1536"", ""qerror_with_add"": 1.0091790273153443, ""gain"": 0.10671420030514156, ""useful"": true}"
6,185,query.186,negative,-0.047904051588399055,mcv_only,1.3454710276859834,1.3933750792743824,1.1759309462990364,False,0.047904051588399055,0.047904051588399055,0.21744413297534604,mcv_consumption_removal,,"[273, 544]",[],"[""N2_harmful_mcv_correction""]","{""candidate"": ""mcv:273"", ""qerror_without"": 1.3300170738903192, ""attribution"": -0.06335800538406322, ""change_kind"": ""mcv_consumption_removal"", ""trace_without"": {""mcv"": [544], ""fd"": [], ""rows"": 518318.2938316485}}","{""candidate"": ""mcv:1725"", ""qerror_with_add"": 1.3933750792743824, ""gain"": 0.0, ""useful"": false}"
6,191,query.192,neutral,0.0,no_extstat_consumption,1.2563585799061403,1.2563585799061403,1.0189875790695526,False,0.0,0.0,0.2373710008365877,,S1_no_training_signal,[],[],"[""N6_missing_test_useful""]",null,"{""candidate"": ""mcv:2043"", ""qerror_with_add"": 1.0280026078623592, ""gain"": 0.2283559720437811, ""useful"": true}"
6,194,query.195,positive,2.862380480101,mcv_fd_composed,5.411919835195818,2.549539355094818,2.254136654410619,True,0.0,0.0,0.29540270068419927,,S1_no_training_signal,"[40, 198, 623, 838]",[66],"[""N2_harmful_mcv_correction"", ""N3_fd_harmful_correction"", ""N6_missing_test_useful""]","{""candidate"": ""fd:66"", ""qerror_without"": 2.549285485834266, ""attribution"": -0.0002538692605522641, ""change_kind"": ""fd_control_change"", ""trace_without"": {""mcv"": [40, 198, 623, 838], ""fd"": [], ""rows"": 1162.4741815404252}}","{""candidate"": ""mcv:172"", ""qerror_with_add"": 2.5466023160022924, ""gain"": 0.0029370390925258505, ""useful"": true}"
6,209,query.210,positive,0.0004278389615555156,fd_only,1.020344691596079,1.0199168526345235,1.0085312682597936,False,0.0,0.0,0.011385584374729918,,S1_no_training_signal,[],[314],"[""N6_missing_test_useful""]","{""candidate"": ""fd:314"", ""qerror_without"": 1.020344691596079, ""attribution"": 0.0004278389615555156, ""change_kind"": ""fd_control_change"", ""trace_without"": {""mcv"": [], ""fd"": [], ""rows"": 1108122.5877025428}}","{""candidate"": ""mcv:719"", ""qerror_with_add"": 1.0085312682597936, ""gain"": 0.011385584374729918, ""useful"": true}"
6,211,query.212,neutral,0.0,no_extstat_consumption,1.0118430271892593,1.0118430271892593,1.0106366244355316,False,0.0,0.0,0.0012064027537277422,,S1_no_training_signal,[],[],"[""N6_missing_test_useful""]",null,"{""candidate"": ""mcv:520"", ""qerror_with_add"": 1.0106366244355316, ""gain"": 0.0012064027537277422, ""useful"": true}"
6,217,query.218,positive,1.0186121309717278,mcv_fd_composed,3.609366495889687,2.5907543649179594,1.0148884887230016,False,0.0,0.0,1.5758658761949578,,S1_no_training_signal,[591],"[151, 125]","[""N6_missing_test_useful""]","{""candidate"": ""fd:125"", ""qerror_without"": 2.594477487081572, ""attribution"": 0.00372312216361248, ""change_kind"": ""fd_control_change"", ""trace_without"": {""mcv"": [591], ""fd"": [151], ""rows"": 9486.688600133593}}","{""candidate"": ""fd:501"", ""qerror_with_add"": 2.563737577383547, ""gain"": 0.0270167875344125, ""useful"": true}"
6,220,query.221,positive,114.04715662941254,mcv_only,115.30374160993239,1.256584980519854,1.256584980519854,False,0.0,0.0,0.0,,,[826],[],[],"{""candidate"": ""mcv:826"", ""qerror_without"": 115.30374160993239, ""attribution"": 114.04715662941254, ""change_kind"": ""mcv_consumption_removal"", ""trace_without"": {""mcv"": [], ""fd"": [], ""rows"": 201089.72536772207}}",null
6,227,query.228,positive,0.04348976689979622,mcv_only,1.0627836564920157,1.0192938895922194,1.0192938419565931,False,0.0,0.0,4.763562633236518e-08,,S1_no_training_signal,[484],[],"[""N6_missing_test_useful""]","{""candidate"": ""mcv:484"", ""qerror_without"": 1.0627836564920157, ""attribution"": 0.04348976689979622, ""change_kind"": ""mcv_consumption_removal"", ""trace_without"": {""mcv"": [], ""fd"": [], ""rows"": 812520.4238449322}}","{""candidate"": ""mcv:1550"", ""qerror_with_add"": 1.0192938419565931, ""gain"": 4.763562633236518e-08, ""useful"": true}"
6,240,query.241,negative,-0.0004120683105275358,fd_only,1.0003102938554616,1.000722362165989,1.0003102938554616,False,0.0004120683105275358,0.0004120683105275358,0.0004120683105275358,fd_control_change,,[],[280],"[""N3_fd_harmful_correction""]","{""candidate"": ""fd:280"", ""qerror_without"": 1.0003102938554616, ""attribution"": -0.0004120683105275358, ""change_kind"": ""fd_control_change"", ""trace_without"": {""mcv"": [], ""fd"": [], ""rows"": 1939162.5235667375}}",null
6,248,query.249,positive,3.933885728280018e-08,mcv_only,1.0891813943392405,1.0891813550003833,1.0334552035898177,False,0.0,0.0,0.05572615141056558,,,"[833, 1457]",[],[],"{""candidate"": ""mcv:833"", ""qerror_without"": 1.0891813632442269, ""attribution"": 8.243843607758095e-09, ""change_kind"": ""mcv_consumption_removal"", ""trace_without"": {""mcv"": [1457], ""fd"": [], ""rows"": 544729.2985557286}}","{""candidate"": ""mcv:2005"", ""qerror_with_add"": 1.0891813550003833, ""gain"": 0.0, ""useful"": false}"
6,249,query.250,neutral,0.0,no_extstat_consumption,1.447648753420555,1.447648753420555,1.0647232608754336,False,0.0,0.0,0.38292549254512154,,S1_no_training_signal,[],[],"[""N6_missing_test_useful""]",null,"{""candidate"": ""mcv:1518"", ""qerror_with_add"": 1.064927374184893, ""gain"": 0.3827213792356621, ""useful"": true}"
6,250,query.251,positive,0.010364756891733995,mcv_only,1.6289605008102637,1.6185957439185297,1.2664244650194154,False,0.0,0.0,0.35217127889911426,,,"[263, 326]",[],[],"{""candidate"": ""mcv:326"", ""qerror_without"": 1.6185957587879076, ""attribution"": 1.4869377951143292e-08, ""change_kind"": ""mcv_consumption_removal"", ""trace_without"": {""mcv"": [263], ""fd"": [], ""rows"": 215094.47192714404}}","{""candidate"": ""mcv:1314"", ""qerror_with_add"": 1.6185957439185297, ""gain"": 0.0, ""useful"": false}"
6,256,query.257,neutral,0.0,mcv_only,1.089711304083632,1.089711304083632,1.1001910674124924,True,0.0,0.0,0.0,,S1_no_training_signal,[908],[],"[""N4_mcv_to_fd_suppression"", ""N6_missing_test_useful""]","{""candidate"": ""mcv:908"", ""qerror_without"": 1.0008369670582518, ""attribution"": -0.08887433702538017, ""change_kind"": ""mcv_consumption_removal"", ""trace_without"": {""mcv"": [], ""fd"": [581], ""rows"": 552211.8169000773}}","{""candidate"": ""mcv:556"", ""qerror_with_add"": 1.0897112952510641, ""gain"": 8.832567788275014e-09, ""useful"": true}"
6,257,query.258,neutral,0.0,mcv_only,1.030104490994257,1.030104490994257,1.01038212060984,False,0.0,0.0,0.019722370384416932,,S1_no_training_signal,[128],[],"[""N1_mcv_winner_replacement"", ""N6_missing_test_useful""]","{""candidate"": ""mcv:128"", ""qerror_without"": 1.0262519535110337, ""attribution"": -0.0038525374832232284, ""change_kind"": ""mcv_winner_replacement"", ""trace_without"": {""mcv"": [174], ""fd"": [], ""rows"": 1791078.6856107435}}","{""candidate"": ""mcv:1798"", ""qerror_with_add"": 1.012559414908592, ""gain"": 0.017545076085665023, ""useful"": true}"
6,263,query.264,positive,0.02114451200340417,mcv_only,1.2523086867668098,1.2311641747634057,1.1757337683080622,False,0.0,0.0,0.05543040645534347,,S1_no_training_signal,[1263],[],"[""N6_missing_test_useful""]","{""candidate"": ""mcv:1263"", ""qerror_without"": 1.2523086867668098, ""attribution"": 0.02114451200340417, ""change_kind"": ""mcv_consumption_removal"", ""trace_without"": {""mcv"": [], ""fd"": [], ""rows"": 232573.76007158487}}","{""candidate"": ""mcv:1520"", ""qerror_with_add"": 1.2293435689010788, ""gain"": 0.0018206058623269072, ""useful"": true}"
6,268,query.269,positive,0.19673350368763032,mcv_only,2.085116157899421,1.8883826542117905,1.25001925311669,False,0.0,0.0,0.6383634010951005,,S2_positive_signal_budget_pressure,"[86, 1111]",[],"[""N1_mcv_winner_replacement"", ""N6_missing_test_useful"", ""N7_budget_displacement""]","{""candidate"": ""mcv:86"", ""qerror_without"": 1.313522581522099, ""attribution"": -0.5748600726896915, ""change_kind"": ""mcv_winner_replacement"", ""trace_without"": {""mcv"": [190, 1111], ""fd"": [], ""rows"": 272217.62688362604}}","{""candidate"": ""mcv:714"", ""qerror_with_add"": 1.8082636657698898, ""gain"": 0.08011898844190068, ""useful"": true}"
6,275,query.276,neutral,0.0,no_extstat_consumption,1.15607227832965,1.15607227832965,1.0417395098973912,False,0.0,0.0,0.11433276843225881,,S1_no_training_signal,[],[],"[""N6_missing_test_useful""]",null,"{""candidate"": ""mcv:474"", ""qerror_with_add"": 1.0417395098973912, ""gain"": 0.11433276843225881, ""useful"": true}"
6,276,query.277,negative,-0.19738805322394626,mcv_only,1.1529924490834003,1.3503805023073465,1.079123423524943,False,0.19738805322394626,0.0,0.27125707878240357,N6_missing_benefit_without_harmful_presence,S1_no_training_signal,"[59, 841]",[],"[""N5_multi_statistic_interaction"", ""N6_missing_test_useful""]","{""candidate"": ""mcv:841"", ""qerror_without"": 1.3503805030411713, ""attribution"": 7.338247787203045e-10, ""change_kind"": ""mcv_consumption_removal"", ""trace_without"": {""mcv"": [59], ""fd"": [], ""rows"": 250918.90710574732}}","{""candidate"": ""mcv:350"", ""qerror_with_add"": 1.085321924153232, ""gain"": 0.2650585781541146, ""useful"": true}"
6,283,query.284,positive,0.006131738552523025,mcv_fd_composed,1.0073501000300729,1.0012183614775498,1.000635261038703,False,0.0,0.0,0.0005831004388467953,,S1_no_training_signal,[809],[280],"[""N6_missing_test_useful""]","{""candidate"": ""fd:280"", ""qerror_without"": 1.0016308038578967, ""attribution"": 0.00041244238034687797, ""change_kind"": ""fd_control_change"", ""trace_without"": {""mcv"": [809], ""fd"": [], ""rows"": 1150923.070216948}}","{""candidate"": ""mcv:1503"", ""qerror_with_add"": 1.000635261038703, ""gain"": 0.0005831004388467953, ""useful"": true}"
6,288,query.289,positive,0.07180687291986043,mcv_only,1.428938759415088,1.3571318864952275,1.0047610176034472,True,0.0,0.0,0.3523708688917804,,,"[263, 329]",[],"[""N1_mcv_winner_replacement""]","{""candidate"": ""mcv:329"", ""qerror_without"": 1.3562423940593547, ""attribution"": -0.0008894924358728851, ""change_kind"": ""mcv_winner_replacement"", ""trace_without"": {""mcv"": [263, 2080], ""fd"": [], ""rows"": 56353.495757672914}}","{""candidate"": ""mcv:787"", ""qerror_with_add"": 1.3571318864952275, ""gain"": 0.0, ""useful"": false}"
6,293,query.294,positive,1.3030408554767874,mcv_only,4.425506359773974,3.1224655042971863,1.0057813656576953,False,0.0,0.0,2.1166841386394912,,,"[1044, 1269]",[],[],"{""candidate"": ""mcv:1044"", ""qerror_without"": 3.2144032789708543, ""attribution"": 0.09193777467366804, ""change_kind"": ""mcv_consumption_removal"", ""trace_without"": {""mcv"": [1269], ""fd"": [], ""rows"": 81739.06098094986}}","{""candidate"": ""mcv:1399"", ""qerror_with_add"": 3.1224655042971863, ""gain"": 0.0, ""useful"": false}"
6,294,query.295,positive,280.64531938092784,mcv_fd_composed,286.4315423169095,5.786222935981644,5.61234703568287,False,0.0,0.0,0.17387590029877398,,S1_no_training_signal,[937],[446],"[""N3_fd_harmful_correction"", ""N6_missing_test_useful""]","{""candidate"": ""fd:446"", ""qerror_without"": 5.785666359040051, ""attribution"": -0.0005565769415927235, ""change_kind"": ""fd_control_change"", ""trace_without"": {""mcv"": [937], ""fd"": [], ""rows"": 2111.7682210496187}}","{""candidate"": ""mcv:2184"", ""qerror_with_add"": 5.687380550697362, ""gain"": 0.09884238528428213, ""useful"": true}"
6,300,query.301,negative,-0.013278437453569714,mcv_fd_composed,1.4858661906034623,1.499144628057032,1.0012234694470548,True,0.013278437453569714,0.013278437453569714,0.4979211586099772,mcv_consumption_removal,,"[499, 944, 1000]","[219, 273]","[""N2_harmful_mcv_correction""]","{""candidate"": ""mcv:944"", ""qerror_without"": 1.4568289038627227, ""attribution"": -0.04231572419430929, ""change_kind"": ""mcv_consumption_removal"", ""trace_without"": {""mcv"": [499, 1000], ""fd"": [219, 273], ""rows"": 111825.76043627918}}","{""candidate"": ""mcv:2142"", ""qerror_with_add"": 1.499144628057032, ""gain"": 0.0, ""useful"": false}"
6,301,query.302,neutral,0.0,no_extstat_consumption,1.11362438439246,1.11362438439246,1.1136243399953887,False,0.0,0.0,4.439707135261983e-08,,S1_no_training_signal,[],[],"[""N6_missing_test_useful""]",null,"{""candidate"": ""mcv:2066"", ""qerror_with_add"": 1.1136243399953887, ""gain"": 4.439707135261983e-08, ""useful"": true}"
6,308,query.309,negative,-0.00026297013221410204,fd_only,1.0143636002674254,1.0146265703996395,1.0057720403389474,False,0.00026297013221410204,0.00026297013221410204,0.008854530060692145,fd_control_change,S1_no_training_signal,[],[352],"[""N3_fd_harmful_correction"", ""N6_missing_test_useful""]","{""candidate"": ""fd:352"", ""qerror_without"": 1.0143636002674254, ""attribution"": -0.00026297013221410204, ""change_kind"": ""fd_control_change"", ""trace_without"": {""mcv"": [], ""fd"": [], ""rows"": 1566764.7153374597}}","{""candidate"": ""mcv:44"", ""qerror_with_add"": 1.0065656433164558, ""gain"": 0.008060927083183733, ""useful"": true}"
6,311,query.312,neutral,0.0,no_extstat_consumption,1.2290756226668749,1.2290756226668749,1.0038111173958566,False,0.0,0.0,0.22526450527101827,,S1_no_training_signal,[],[],"[""N6_missing_test_useful""]",null,"{""candidate"": ""mcv:176"", ""qerror_with_add"": 1.0060902528254456, ""gain"": 0.22298536984142925, ""useful"": true}"
6,312,query.313,positive,0.30304733033180153,mcv_only,1.3109994827145597,1.0079521523827581,1.0079521523827581,False,0.0,0.0,0.0,,,[1377],[],[],"{""candidate"": ""mcv:1377"", ""qerror_without"": 1.3109994827145597, ""attribution"": 0.30304733033180153, ""change_kind"": ""mcv_consumption_removal"", ""trace_without"": {""mcv"": [], ""fd"": [], ""rows"": 857062.1230707534}}",null
6,324,query.325,neutral,0.0,no_extstat_consumption,1.1933358271638466,1.1933358271638466,1.0214311078516864,False,0.0,0.0,0.17190471931216011,,S1_no_training_signal,[],[],"[""N6_missing_test_useful""]",null,"{""candidate"": ""mcv:1306"", ""qerror_with_add"": 1.0214656767202384, ""gain"": 0.1718701504436082, ""useful"": true}"
6,325,query.326,negative,-1.0179618037398086e-08,mcv_only,1.4213904178281649,1.421390428007783,1.3454336554206574,False,1.0179618037398086e-08,4.432500810835904e-09,0.07595677258712552,mcv_consumption_removal,S1_no_training_signal,"[107, 1266]",[],"[""N2_harmful_mcv_correction"", ""N5_multi_statistic_interaction"", ""N6_missing_test_useful""]","{""candidate"": ""mcv:1266"", ""qerror_without"": 1.4213904235752821, ""attribution"": -4.432500810835904e-09, ""change_kind"": ""mcv_consumption_removal"", ""trace_without"": {""mcv"": [107], ""fd"": [], ""rows"": 627781.2442092241}}","{""candidate"": ""mcv:753"", ""qerror_with_add"": 1.3465682120919962, ""gain"": 0.07482221591578675, ""useful"": true}"
6,330,query.331,positive,0.10542645256377225,mcv_only,2.3129179422086152,2.207491489644843,1.3837476404003977,True,0.0,0.0,0.8237438492444453,,S1_no_training_signal,"[484, 876]",[],"[""N4_mcv_to_fd_suppression"", ""N6_missing_test_useful""]","{""candidate"": ""mcv:484"", ""qerror_without"": 2.158162931072161, ""attribution"": -0.049328558572681924, ""change_kind"": ""mcv_consumption_removal"", ""trace_without"": {""mcv"": [876], ""fd"": [199], ""rows"": 209362.32083994226}}","{""candidate"": ""mcv:272"", ""qerror_with_add"": 2.1525124576853054, ""gain"": 0.05497903195953757, ""useful"": true}"
6,335,query.336,positive,0.004483188164582819,mcv_only,1.6184349156079962,1.6139517274434134,1.1011526121131434,True,0.0,0.0,0.51279911533027,,S1_no_training_signal,"[16, 109]",[],"[""N2_harmful_mcv_correction"", ""N6_missing_test_useful""]","{""candidate"": ""mcv:16"", ""qerror_without"": 1.613951708709763, ""attribution"": -1.8733650408719882e-08, ""change_kind"": ""mcv_consumption_removal"", ""trace_without"": {""mcv"": [109], ""fd"": [], ""rows"": 535012.0798236168}}","{""candidate"": ""mcv:291"", ""qerror_with_add"": 1.1346902831059518, ""gain"": 0.47926144433746165, ""useful"": true}"
6,339,query.340,neutral,0.0,no_extstat_consumption,1.6476955717554587,1.6476955717554587,1.0053035176575857,False,0.0,0.0,0.6423920540978729,,S1_no_training_signal,[],[],"[""N6_missing_test_useful""]",null,"{""candidate"": ""mcv:1784"", ""qerror_with_add"": 1.005562962422504, ""gain"": 0.6421326093329547, ""useful"": true}"
6,347,query.348,positive,0.5008096003457996,mcv_only,2.2868073507265434,1.7859977503807438,1.2271367644462168,False,0.0,0.0,0.558860985934527,,S1_no_training_signal,[591],[],"[""N6_missing_test_useful""]","{""candidate"": ""mcv:591"", ""qerror_without"": 3.571647207771852, ""attribution"": 1.7856494573911084, ""change_kind"": ""mcv_winner_replacement"", ""trace_without"": {""mcv"": [904], ""fd"": [], ""rows"": 48571.146562995425}}","{""candidate"": ""fd:211"", ""qerror_with_add"": 1.7022435070854256, ""gain"": 0.08375424329531822, ""useful"": true}"
6,349,query.350,negative,-0.0005201960058538457,mcv_only,1.3289534268200156,1.3294736228258694,1.0048105243304848,False,0.0005201960058538457,0.0005201960058538457,0.32466309849538466,mcv_consumption_removal,S1_no_training_signal,[940],[],"[""N2_harmful_mcv_correction"", ""N6_missing_test_useful""]","{""candidate"": ""mcv:940"", ""qerror_without"": 1.3289534268200156, ""attribution"": -0.0005201960058538457, ""change_kind"": ""mcv_consumption_removal"", ""trace_without"": {""mcv"": [], ""fd"": [], ""rows"": 601801.940847749}}","{""candidate"": ""mcv:193"", ""qerror_with_add"": 1.006700160782726, ""gain"": 0.3227734620431435, ""useful"": true}"
6,351,query.352,positive,0.015193926680486358,mcv_fd_composed,1.0764619517830893,1.061268025102603,1.0215287481501518,False,0.0,0.0,0.039739276952451164,,,"[107, 992]",[124],"[""N1_mcv_winner_replacement""]","{""candidate"": ""mcv:992"", ""qerror_without"": 1.0227476542551164, ""attribution"": -0.03852037084748661, ""change_kind"": ""mcv_winner_replacement"", ""trace_without"": {""mcv"": [107, 1561], ""fd"": [124], ""rows"": 135478.1889975739}}","{""candidate"": ""fd:29"", ""qerror_with_add"": 1.061268025102603, ""gain"": 0.0, ""useful"": false}"
6,357,query.358,negative,-0.20729936060742737,mcv_only,4.141265864305466,4.348565224912893,1.5708641681946391,False,0.20729936060742737,0.20729936060742737,2.7777010567182545,mcv_winner_replacement,S1_no_training_signal,"[253, 438]",[],"[""N1_mcv_winner_replacement"", ""N2_harmful_mcv_correction"", ""N6_missing_test_useful""]","{""candidate"": ""mcv:438"", ""qerror_without"": 4.0590669647598565, ""attribution"": -0.2894982601530369, ""change_kind"": ""mcv_winner_replacement"", ""trace_without"": {""mcv"": [253, 1156], ""fd"": [], ""rows"": 7839.239972204436}}","{""candidate"": ""mcv:941"", ""qerror_with_add"": 2.1992748753794262, ""gain"": 2.149290349533467, ""useful"": true}"
6,358,query.359,positive,1.3230284507117454,mcv_fd_composed,2.7532226374738324,1.430194186762087,1.3498840629101636,True,0.0,0.0,0.08031012385192349,,S1_no_training_signal,"[40, 221]",[467],"[""N6_missing_test_useful""]","{""candidate"": ""fd:467"", ""qerror_without"": 1.443693726199879, ""attribution"": 0.013499539437791919, ""change_kind"": ""fd_control_change"", ""trace_without"": {""mcv"": [40, 221], ""fd"": [], ""rows"": 47480.98489035724}}","{""candidate"": ""mcv:1730"", ""qerror_with_add"": 1.3146679655735483, ""gain"": 0.11552622118853884, ""useful"": true}"
6,368,query.369,positive,0.272008558517568,mcv_only,1.279105677927858,1.00709711941029,1.1300698583358495,False,0.0,0.0,0.0,,,[86],[],[],"{""candidate"": ""mcv:86"", ""qerror_without"": 1.279105677927858, ""attribution"": 0.272008558517568, ""change_kind"": ""mcv_consumption_removal"", ""trace_without"": {""mcv"": [], ""fd"": [], ""rows"": 31473.674311092873}}","{""candidate"": ""mcv:359"", ""qerror_with_add"": 1.00709711941029, ""gain"": 0.0, ""useful"": false}"
6,373,query.374,positive,51.95659633689897,mcv_fd_composed,64.04186277967081,12.085266442771841,3.832440429159231,False,0.0,0.0,8.25282601361261,,S1_no_training_signal,"[385, 1351]",[85],"[""N3_fd_harmful_correction"", ""N6_missing_test_useful""]","{""candidate"": ""fd:85"", ""qerror_without"": 12.082205716432895, ""attribution"": -0.0030607263389459405, ""change_kind"": ""fd_control_change"", ""trace_without"": {""mcv"": [385, 1351], ""fd"": [], ""rows"": 20575.99633508522}}","{""candidate"": ""mcv:720"", ""qerror_with_add"": 11.975735907002155, ""gain"": 0.10953053576968586, ""useful"": true}"
6,376,query.377,neutral,0.0,no_extstat_consumption,1.0508367292640048,1.0508367292640048,1.0277800202304934,False,0.0,0.0,0.023056709033511424,,S1_no_training_signal,[],[],"[""N6_missing_test_useful""]",null,"{""candidate"": ""mcv:219"", ""qerror_with_add"": 1.0298614581067909, ""gain"": 0.02097527115721398, ""useful"": true}"
6,386,query.387,positive,0.0014428283172480683,mcv_fd_composed,1.4540460243497912,1.4526031960325432,1.1100756342620086,False,0.0,0.0,0.34252756177053456,,S1_no_training_signal,"[65, 197, 399]",[381],"[""N6_missing_test_useful""]","{""candidate"": ""mcv:65"", ""qerror_without"": 1.4526032552135422, ""attribution"": 5.9180998990271405e-08, ""change_kind"": ""mcv_consumption_removal"", ""trace_without"": {""mcv"": [197, 399], ""fd"": [381], ""rows"": 727858.068750212}}","{""candidate"": ""mcv:678"", ""qerror_with_add"": 1.4526031629376108, ""gain"": 3.309493235015282e-08, ""useful"": true}"
6,388,query.389,negative,-0.3317428752660896,mcv_only,1.1830684326358198,1.5148113079019094,1.0734839379495165,False,0.3317428752660896,0.19464359034502188,0.44132736995239297,mcv_winner_replacement,,[591],[],"[""N1_mcv_winner_replacement"", ""N5_multi_statistic_interaction""]","{""candidate"": ""mcv:591"", ""qerror_without"": 1.3201677175568876, ""attribution"": -0.19464359034502188, ""change_kind"": ""mcv_winner_replacement"", ""trace_without"": {""mcv"": [904], ""fd"": [], ""rows"": 228352.04647928348}}","{""candidate"": ""mcv:1563"", ""qerror_with_add"": 1.5148113079019094, ""gain"": 0.0, ""useful"": false}"
6,390,query.391,neutral,0.0,no_extstat_consumption,1.0077420880978063,1.0077420880978063,1.007131956468327,False,0.0,0.0,0.0006101316294793158,,S1_no_training_signal,[],[],"[""N6_missing_test_useful""]",null,"{""candidate"": ""fd:404"", ""qerror_with_add"": 1.0071693167140583, ""gain"": 0.0005727713837480053, ""useful"": true}"
6,394,query.395,negative,-1.3652714958567458e-07,mcv_only,5.736831310147254,5.736831446674404,1.0874290741895196,False,1.3652714958567458e-07,1.3652714958567458e-07,4.649402372484884,mcv_winner_replacement,S1_no_training_signal,[72],[],"[""N1_mcv_winner_replacement"", ""N6_missing_test_useful""]","{""candidate"": ""mcv:72"", ""qerror_without"": 4.420984353903947, ""attribution"": -1.3158470927704569, ""change_kind"": ""mcv_winner_replacement"", ""trace_without"": {""mcv"": [835], ""fd"": [], ""rows"": 16114.487969979886}}","{""candidate"": ""mcv:173"", ""qerror_with_add"": 1.4110878504534081, ""gain"": 4.325743596220995, ""useful"": true}"
6,406,query.407,negative,-0.01567678457226629,mcv_only,1.184434158903129,1.2001109434753954,1.007964471271123,False,0.01567678457226629,0.0,0.19214647220427228,N6_missing_benefit_without_harmful_presence,S1_no_training_signal,[128],[],"[""N5_multi_statistic_interaction"", ""N6_missing_test_useful""]","{""candidate"": ""mcv:128"", ""qerror_without"": 1.9163454592832385, ""attribution"": 0.7162345158078431, ""change_kind"": ""mcv_winner_replacement"", ""trace_without"": {""mcv"": [830], ""fd"": [], ""rows"": 163502.35730315148}}","{""candidate"": ""mcv:133"", ""qerror_with_add"": 1.198004064173577, ""gain"": 0.0021068793018184095, ""useful"": true}"
6,407,query.408,neutral,0.0,no_extstat_consumption,1.0106474319603411,1.0106474319603411,1.0102844667305986,False,0.0,0.0,0.0003629652297425512,,S1_no_training_signal,[],[],"[""N6_missing_test_useful""]",null,"{""candidate"": ""fd:108"", ""qerror_with_add"": 1.0102844667305986, ""gain"": 0.0003629652297425512, ""useful"": true}"
6,409,query.410,negative,-0.013863774851847976,mcv_only,1.323665338889644,1.337529113741492,1.0327791515830862,False,0.013863774851847976,0.004189483689376772,0.3047499621584058,mcv_winner_replacement,,"[72, 623]",[],"[""N1_mcv_winner_replacement"", ""N5_multi_statistic_interaction""]","{""candidate"": ""mcv:72"", ""qerror_without"": 1.3333396300521152, ""attribution"": -0.004189483689376772, ""change_kind"": ""mcv_winner_replacement"", ""trace_without"": {""mcv"": [623, 1346], ""fd"": [], ""rows"": 158914.49952006462}}","{""candidate"": ""mcv:122"", ""qerror_with_add"": 1.337529113741492, ""gain"": 0.0, ""useful"": false}"
6,410,query.411,neutral,0.0,no_extstat_consumption,1.0180391478284125,1.0180391478284125,1.0135115168789912,False,0.0,0.0,0.004527630949421324,,S1_no_training_signal,[],[],"[""N6_missing_test_useful""]",null,"{""candidate"": ""mcv:2130"", ""qerror_with_add"": 1.0135115168789912, ""gain"": 0.004527630949421324, ""useful"": true}"
6,411,query.412,positive,0.007211297663829885,mcv_only,1.377733380813387,1.370522083149557,1.0096886573881954,True,0.0,0.0,0.3608334257613617,,S1_no_training_signal,[325],[],"[""N6_missing_test_useful""]","{""candidate"": ""mcv:325"", ""qerror_without"": 1.3895810077704995, ""attribution"": 0.019058924620942497, ""change_kind"": ""mcv_consumption_removal"", ""trace_without"": {""mcv"": [], ""fd"": [3], ""rows"": 260254.62694533687}}","{""candidate"": ""mcv:69"", ""qerror_with_add"": 1.11893142232743, ""gain"": 0.251590660822127, ""useful"": true}"
6,412,query.413,neutral,0.0,no_extstat_consumption,1.5111225109242572,1.5111225109242572,1.156842886832207,False,0.0,0.0,0.35427962409205027,,S1_no_training_signal,[],[],"[""N6_missing_test_useful""]",null,"{""candidate"": ""mcv:497"", ""qerror_with_add"": 1.1591078112885063, ""gain"": 0.35201469963575094, ""useful"": true}"
6,414,query.415,negative,-0.016858971319019478,mcv_only,1.2477868812302484,1.2646458525492679,1.011712647182406,False,0.016858971319019478,0.016858971319019478,0.2529332053668618,mcv_consumption_removal,,[32],[],"[""N2_harmful_mcv_correction""]","{""candidate"": ""mcv:32"", ""qerror_without"": 1.2477868812302484, ""attribution"": -0.016858971319019478, ""change_kind"": ""mcv_consumption_removal"", ""trace_without"": {""mcv"": [], ""fd"": [], ""rows"": 575978.9678918589}}","{""candidate"": ""mcv:513"", ""qerror_with_add"": 1.2646458525492679, ""gain"": 0.0, ""useful"": false}"
6,417,query.418,neutral,0.0,no_extstat_consumption,1.0007574814559157,1.0007574814559157,1.0004111686728152,False,0.0,0.0,0.00034631278310048863,,S1_no_training_signal,[],[],"[""N6_missing_test_useful""]",null,"{""candidate"": ""mcv:272"", ""qerror_with_add"": 1.0004111686728152, ""gain"": 0.00034631278310048863, ""useful"": true}"
6,420,query.421,neutral,0.0,no_extstat_consumption,1.3240943221173098,1.3240943221173098,1.0060326265756105,False,0.0,0.0,0.3180616955416993,,S1_no_training_signal,[],[],"[""N6_missing_test_useful""]",null,"{""candidate"": ""mcv:217"", ""qerror_with_add"": 1.0138606236578709, ""gain"": 0.31023369845943893, ""useful"": true}"
6,423,query.424,positive,0.030923258403981135,fd_only,1.2594802714542155,1.2285570130502343,1.1392542177589844,False,0.0,0.0,0.08930279529124996,,S1_no_training_signal,[],[0],"[""N6_missing_test_useful""]","{""candidate"": ""fd:0"", ""qerror_without"": 1.2594802714542155, ""attribution"": 0.030923258403981135, ""change_kind"": ""fd_control_change"", ""trace_without"": {""mcv"": [], ""fd"": [], ""rows"": 708405.6973515159}}","{""candidate"": ""mcv:239"", ""qerror_with_add"": 1.1392542177589844, ""gain"": 0.08930279529124996, ""useful"": true}"
6,427,query.428,neutral,0.0,no_extstat_consumption,3.0544137635497837,3.0544137635497837,1.078038289910736,False,0.0,0.0,1.9763754736390478,,S1_no_training_signal,[],[],"[""N6_missing_test_useful""]",null,"{""candidate"": ""mcv:192"", ""qerror_with_add"": 1.8033460718594443, ""gain"": 1.2510676916903394, ""useful"": true}"
6,430,query.431,positive,4.877721280554266,mcv_fd_composed,12.842204803330594,7.9644835227763275,1.0012146144785514,True,0.0,0.0,6.963268908297776,,S1_no_training_signal,[59],[230],"[""N3_fd_harmful_correction"", ""N6_missing_test_useful""]","{""candidate"": ""fd:230"", ""qerror_without"": 7.883073064712651, ""attribution"": -0.08141045806367675, ""change_kind"": ""fd_control_change"", ""trace_without"": {""mcv"": [59], ""fd"": [], ""rows"": 62213.21262671224}}","{""candidate"": ""mcv:14"", ""qerror_with_add"": 7.658645507086813, ""gain"": 0.3058380156895142, ""useful"": true}"
6,431,query.432,positive,0.005206871473790509,fd_only,1.0091367556178457,1.0039298841440552,1.000154658691716,False,0.0,0.0,0.0037752254523391038,,S1_no_training_signal,[],"[180, 128]","[""N6_missing_test_useful""]","{""candidate"": ""fd:128"", ""qerror_without"": 1.0040298599760087, ""attribution"": 9.997583195353599e-05, ""change_kind"": ""fd_control_change"", ""trace_without"": {""mcv"": [], ""fd"": [180], ""rows"": 286124.9564897049}}","{""candidate"": ""mcv:155"", ""qerror_with_add"": 1.0002177002202453, ""gain"": 0.0037121839238098975, ""useful"": true}"
6,434,query.435,neutral,0.0,no_extstat_consumption,1.014040938202245,1.014040938202245,1.0090122320703585,False,0.0,0.0,0.005028706131886551,,S1_no_training_signal,[],[],"[""N6_missing_test_useful""]",null,"{""candidate"": ""mcv:401"", ""qerror_with_add"": 1.0093590632855387, ""gain"": 0.004681874916706352, ""useful"": true}"
6,435,query.436,positive,0.014950436195521721,mcv_only,1.1773982059130355,1.1624477697175137,1.0291709177764212,False,0.0,0.0,0.1332768519410925,,S1_no_training_signal,[992],[],"[""N6_missing_test_useful""]","{""candidate"": ""mcv:992"", ""qerror_without"": 1.1773982059130355, ""attribution"": 0.014950436195521721, ""change_kind"": ""mcv_consumption_removal"", ""trace_without"": {""mcv"": [], ""fd"": [], ""rows"": 201127.366094773}}","{""candidate"": ""mcv:1926"", ""qerror_with_add"": 1.0420390006554696, ""gain"": 0.12040876906204412, ""useful"": true}"
6,439,query.440,positive,0.00579641371695816,mcv_only,1.780297580545958,1.7745011668289998,1.3529912095563277,False,0.0,0.0,0.42150995727267215,,,"[146, 691]",[],"[""N2_harmful_mcv_correction""]","{""candidate"": ""mcv:691"", ""qerror_without"": 1.7699574122772173, ""attribution"": -0.004543754551782575, ""change_kind"": ""mcv_consumption_removal"", ""trace_without"": {""mcv"": [146], ""fd"": [], ""rows"": 280619.6678869037}}","{""candidate"": ""mcv:474"", ""qerror_with_add"": 1.7745011668289998, ""gain"": 0.0, ""useful"": false}"
6,444,query.445,positive,0.7032163006068819,mcv_only,2.1596103328461016,1.4563940322392197,1.4411892778041848,True,0.0,0.0,0.015204754435034884,,S1_no_training_signal,"[399, 544, 1279]",[],"[""N4_mcv_to_fd_suppression"", ""N6_missing_test_useful""]","{""candidate"": ""mcv:544"", ""qerror_without"": 1.4562539405488932, ""attribution"": -0.0001400916903264715, ""change_kind"": ""mcv_consumption_removal"", ""trace_without"": {""mcv"": [399, 1279], ""fd"": [446], ""rows"": 87385.8579582861}}","{""candidate"": ""mcv:423"", ""qerror_with_add"": 1.4562539305744688, ""gain"": 0.00014010166475086905, ""useful"": true}"
6,445,query.446,neutral,0.0,no_extstat_consumption,1.0029505773664513,1.0029505773664513,1.0029505773664513,False,0.0,0.0,0.0,,,[],[],[],null,null
6,457,query.458,negative,-0.1662701788200871,mcv_fd_composed,1.0584399257636827,1.2247101045837698,1.0004517222654488,False,0.1662701788200871,0.1662701788200871,0.22425838231832107,mcv_consumption_removal,S1_no_training_signal,[142],[180],"[""N2_harmful_mcv_correction"", ""N6_missing_test_useful""]","{""candidate"": ""mcv:142"", ""qerror_without"": 1.0530835236566967, ""attribution"": -0.17162658092707317, ""change_kind"": ""mcv_consumption_removal"", ""trace_without"": {""mcv"": [], ""fd"": [180], ""rows"": 592526.6002010078}}","{""candidate"": ""mcv:150"", ""qerror_with_add"": 1.1498182976105538, ""gain"": 0.07489180697321607, ""useful"": true}"
7,19,query.20,positive,0.0031523357184772838,mcv_only,1.6437911048218248,1.6406387691033475,1.0161660955413834,False,0.0,0.0,0.6244726735619641,,,[523],[],[],"{""candidate"": ""mcv:523"", ""qerror_without"": 2.108128191971319, ""attribution"": 0.46748942286797157, ""change_kind"": ""mcv_winner_replacement"", ""trace_without"": {""mcv"": [600, 871], ""fd"": [], ""rows"": 181332.42629924507}}","{""candidate"": ""mcv:1312"", ""qerror_with_add"": 1.6406387691033475, ""gain"": 0.0, ""useful"": false}"
7,23,query.24,negative,-0.013677816181261182,mcv_only,1.0423420231092244,1.0560198392904856,1.0009904637161462,False,0.013677816181261182,0.013677816181261182,0.0550293755743394,mcv_consumption_removal,S1_no_training_signal,"[158, 202, 1647]",[],"[""N2_harmful_mcv_correction"", ""N6_missing_test_useful""]","{""candidate"": ""mcv:1647"", ""qerror_without"": 1.0347982605980277, ""attribution"": -0.021221578692457888, ""change_kind"": ""mcv_consumption_removal"", ""trace_without"": {""mcv"": [158, 202], ""fd"": [], ""rows"": 215483.54736423198}}","{""candidate"": ""mcv:1894"", ""qerror_with_add"": 1.0340775600749152, ""gain"": 0.02194227921557035, ""useful"": true}"
7,24,query.25,neutral,0.0,no_extstat_consumption,1.0646304654999474,1.0646304654999474,1.0286121178665746,False,0.0,0.0,0.03601834763337286,,S1_no_training_signal,[],[],"[""N6_missing_test_useful""]",null,"{""candidate"": ""mcv:2113"", ""qerror_with_add"": 1.0286121473010144, ""gain"": 0.036018318198933086, ""useful"": true}"
7,25,query.26,neutral,0.0,no_extstat_consumption,1.0168055682381467,1.0168055682381467,1.0121234759355011,False,0.0,0.0,0.004682092302645602,,S1_no_training_signal,[],[],"[""N6_missing_test_useful""]",null,"{""candidate"": ""mcv:392"", ""qerror_with_add"": 1.0121234759355011, ""gain"": 0.004682092302645602, ""useful"": true}"
7,29,query.30,neutral,0.0,no_extstat_consumption,1.0098547494763992,1.0098547494763992,1.0006831869337338,False,0.0,0.0,0.009171562542665379,,S1_no_training_signal,[],[],"[""N6_missing_test_useful""]",null,"{""candidate"": ""mcv:1567"", ""qerror_with_add"": 1.0006831869337338, ""gain"": 0.009171562542665379, ""useful"": true}"
7,30,query.31,negative,-0.0259112170630611,mcv_only,1.007633962121432,1.0335451791844932,1.001285588850842,False,0.0259112170630611,0.0259112170630611,0.03225959033365111,mcv_consumption_removal,,[1415],[],"[""N2_harmful_mcv_correction""]","{""candidate"": ""mcv:1415"", ""qerror_without"": 1.007633962121432, ""attribution"": -0.0259112170630611, ""change_kind"": ""mcv_consumption_removal"", ""trace_without"": {""mcv"": [], ""fd"": [], ""rows"": 899453.3723141131}}","{""candidate"": ""mcv:1983"", ""qerror_with_add"": 1.0335451791844932, ""gain"": 0.0, ""useful"": false}"
7,31,query.32,negative,-0.24647062231840433,mcv_only,1.2699100896416324,1.5163807119600368,1.2398883458751195,False,0.24647062231840433,0.24647062231840433,0.27649236608491723,mcv_winner_replacement,,[263],[],"[""N1_mcv_winner_replacement""]","{""candidate"": ""mcv:263"", ""qerror_without"": 1.1796100901887767, ""attribution"": -0.33677062177126005, ""change_kind"": ""mcv_winner_replacement"", ""trace_without"": {""mcv"": [383], ""fd"": [], ""rows"": 266223.84203452466}}","{""candidate"": ""mcv:267"", ""qerror_with_add"": 1.5163807119600368, ""gain"": 0.0, ""useful"": false}"
7,32,query.33,negative,-0.007061367958944853,mcv_only,1.0132712793166891,1.020332647275634,1.0028701972340919,False,0.007061367958944853,0.007061367958944853,0.01746245004154212,mcv_consumption_removal,,[112],[],"[""N2_harmful_mcv_correction""]","{""candidate"": ""mcv:112"", ""qerror_without"": 1.0132712793166891, ""attribution"": -0.007061367958944853, ""change_kind"": ""mcv_consumption_removal"", ""trace_without"": {""mcv"": [], ""fd"": [], ""rows"": 770671.8430801288}}","{""candidate"": ""mcv:1139"", ""qerror_with_add"": 1.020332647275634, ""gain"": 0.0, ""useful"": false}"
7,35,query.36,neutral,0.0,no_extstat_consumption,1.1553371410467075,1.1553371410467075,1.0247908556771745,False,0.0,0.0,0.13054628536953294,,S1_no_training_signal,[],[],"[""N6_missing_test_useful""]",null,"{""candidate"": ""mcv:345"", ""qerror_with_add"": 1.0376367158894628, ""gain"": 0.11770042515724466, ""useful"": true}"
7,37,query.38,negative,-0.02703936794787909,mcv_fd_composed,2.295593288209963,2.322632656157842,1.4048354503658267,False,0.02703936794787909,0.02703936794787909,0.9177972057920152,fd_control_change,S1_no_training_signal,[128],[0],"[""N3_fd_harmful_correction"", ""N6_missing_test_useful""]","{""candidate"": ""fd:0"", ""qerror_without"": 2.265606459375128, ""attribution"": -0.0570261967827137, ""change_kind"": ""fd_control_change"", ""trace_without"": {""mcv"": [128], ""fd"": [], ""rows"": 545863.8922895466}}","{""candidate"": ""mcv:59"", ""qerror_with_add"": 1.4091294987858987, ""gain"": 0.9135031573719432, ""useful"": true}"
7,41,query.42,positive,0.30777990662211296,mcv_only,1.479871054306232,1.172091147684119,1.0323074757161503,True,0.0,0.0,0.1397836719679686,,S1_no_training_signal,"[16, 202, 1713]",[],"[""N4_mcv_to_fd_suppression"", ""N6_missing_test_useful""]","{""candidate"": ""mcv:202"", ""qerror_without"": 1.0421581388004055, ""attribution"": -0.1299330088837134, ""change_kind"": ""mcv_consumption_removal"", ""trace_without"": {""mcv"": [16, 1713], ""fd"": [488], ""rows"": 676714.956917943}}","{""candidate"": ""mcv:461"", ""qerror_with_add"": 1.1700854779145442, ""gain"": 0.002005669769574725, ""useful"": true}"
7,44,query.45,neutral,0.0,no_extstat_consumption,1.0167340553089397,1.0167340553089397,1.0026241834071825,False,0.0,0.0,0.014109871901757165,,S1_no_training_signal,[],[],"[""N6_missing_test_useful""]",null,"{""candidate"": ""mcv:229"", ""qerror_with_add"": 1.0026241834071825, ""gain"": 0.014109871901757165, ""useful"": true}"
7,46,query.47,positive,0.006345530024449708,mcv_only,1.2777837763883686,1.271438246363919,1.0030797983224946,False,0.0,0.0,0.2683584480414243,,,[40],[],"[""N1_mcv_winner_replacement""]","{""candidate"": ""mcv:40"", ""qerror_without"": 1.003079781103087, ""attribution"": -0.26835846526083196, ""change_kind"": ""mcv_winner_replacement"", ""trace_without"": {""mcv"": [530], ""fd"": [], ""rows"": 1045036.6021870668}}","{""candidate"": ""mcv:178"", ""qerror_with_add"": 1.271438246363919, ""gain"": 0.0, ""useful"": false}"
7,48,query.49,positive,0.16735135141836133,mcv_only,1.5569468757487683,1.389595524330407,1.0715936665659551,True,0.0,0.0,0.3180018577644519,,S1_no_training_signal,[145],[],"[""N6_missing_test_useful""]","{""candidate"": ""mcv:145"", ""qerror_without"": 1.5567041446682286, ""attribution"": 0.1671086203378216, ""change_kind"": ""mcv_consumption_removal"", ""trace_without"": {""mcv"": [], ""fd"": [313], ""rows"": 442468.79046294215}}","{""candidate"": ""mcv:1262"", ""qerror_with_add"": 1.0715936665659551, ""gain"": 0.3180018577644519, ""useful"": true}"
7,49,query.50,positive,0.7623240008226453,mcv_fd_composed,1.9110047155771868,1.1486807147545415,1.0387657841667324,True,0.0,0.0,0.1099149305878091,,,"[96, 172, 444]",[216],"[""N4_mcv_to_fd_suppression""]","{""candidate"": ""mcv:172"", ""qerror_without"": 1.1473004804881508, ""attribution"": -0.0013802342663906675, ""change_kind"": ""mcv_consumption_removal"", ""trace_without"": {""mcv"": [96, 444], ""fd"": [125], ""rows"": 342198.9327791054}}","{""candidate"": ""mcv:946"", ""qerror_with_add"": 1.1486807147545415, ""gain"": 0.0, ""useful"": false}"
7,52,query.53,negative,-1.8779987565054057e-08,mcv_only,1.0095864158805332,1.0095864346605208,1.0047072258455236,False,1.8779987565054057e-08,1.8779987565054057e-08,0.004879208814997149,mcv_consumption_removal,S1_no_training_signal,[753],[],"[""N2_harmful_mcv_correction"", ""N6_missing_test_useful""]","{""candidate"": ""mcv:753"", ""qerror_without"": 1.0095864158805332, ""attribution"": -1.8779987565054057e-08, ""change_kind"": ""mcv_consumption_removal"", ""trace_without"": {""mcv"": [], ""fd"": [], ""rows"": 1217704.578822978}}","{""candidate"": ""mcv:655"", ""qerror_with_add"": 1.0047072258455236, ""gain"": 0.004879208814997149, ""useful"": true}"
7,60,query.61,positive,977.616322898587,mcv_only,1033.2705344086473,55.654211510060335,55.509389573535714,True,0.0,0.0,0.14482193652462172,,S1_no_training_signal,"[29, 107]",[],"[""N1_mcv_winner_replacement"", ""N6_missing_test_useful""]","{""candidate"": ""mcv:107"", ""qerror_without"": 55.6542111990682, ""attribution"": -3.1099213515517476e-07, ""change_kind"": ""mcv_winner_replacement"", ""trace_without"": {""mcv"": [29, 1095], ""fd"": [], ""rows"": 5955.0005983002975}}","{""candidate"": ""mcv:2118"", ""qerror_with_add"": 55.61909846249641, ""gain"": 0.03511304756392519, ""useful"": true}"
7,63,query.64,positive,0.14200555062403986,fd_only,1.7331344217907005,1.5911288711666607,1.3434905783662732,False,0.0,0.0,0.24763829280038752,,S1_no_training_signal,[],[687],"[""N6_missing_test_useful""]","{""candidate"": ""fd:687"", ""qerror_without"": 1.7331344217907005, ""attribution"": 0.14200555062403986, ""change_kind"": ""fd_control_change"", ""trace_without"": {""mcv"": [], ""fd"": [], ""rows"": 235874.95283696378}}","{""candidate"": ""mcv:1429"", ""qerror_with_add"": 1.3491695032898614, ""gain"": 0.24195936787679928, ""useful"": true}"
7,68,query.69,negative,-0.003819787462874702,mcv_only,1.3094300552322364,1.3132498426951111,1.105787810411893,False,0.003819787462874702,0.003819787462874702,0.20746203228321813,mcv_winner_replacement,S1_no_training_signal,"[202, 444]",[],"[""N1_mcv_winner_replacement"", ""N6_missing_test_useful""]","{""candidate"": ""mcv:202"", ""qerror_without"": 1.1970809553969954, ""attribution"": -0.1161688872981157, ""change_kind"": ""mcv_winner_replacement"", ""trace_without"": {""mcv"": [444, 1730], ""fd"": [], ""rows"": 689485.5325187906}}","{""candidate"": ""mcv:119"", ""qerror_with_add"": 1.3132498392381537, ""gain"": 3.456957387015791e-09, ""useful"": true}"
7,73,query.74,positive,1.5104829165224487e-08,mcv_only,1.128273753163809,1.1282737380589798,1.0213861541284088,True,0.0,0.0,0.10688758393057096,,S1_no_training_signal,[112],[],"[""N6_missing_test_useful""]","{""candidate"": ""mcv:112"", ""qerror_without"": 1.128559573259485, ""attribution"": 0.0002858352005052911, ""change_kind"": ""mcv_consumption_removal"", ""trace_without"": {""mcv"": [], ""fd"": [85], ""rows"": 734702.4392280842}}","{""candidate"": ""mcv:500"", ""qerror_with_add"": 1.0222419615923584, ""gain"": 0.10603177646662143, ""useful"": true}"
7,77,query.78,neutral,0.0,no_extstat_consumption,1.001285336907925,1.001285336907925,1.001285336907925,False,0.0,0.0,0.0,,,[],[],[],null,null
7,92,query.93,positive,0.16785528263122518,fd_only,1.2868849267847515,1.1190296441535263,1.008472469878171,False,0.0,0.0,0.11055717427535527,,S1_no_training_signal,[],"[523, 20]","[""N6_missing_test_useful""]","{""candidate"": ""fd:523"", ""qerror_without"": 1.135381054341552, ""attribution"": 0.01635141018802555, ""change_kind"": ""fd_control_change"", ""trace_without"": {""mcv"": [], ""fd"": [20], ""rows"": 242579.35161664814}}","{""candidate"": ""mcv:48"", ""qerror_with_add"": 1.0087343023947661, ""gain"": 0.11029534175876021, ""useful"": true}"
7,96,query.97,neutral,0.0,no_extstat_consumption,1.2086580922051495,1.2086580922051495,1.1586325175332324,False,0.0,0.0,0.05002557467191715,,S1_no_training_signal,[],[],"[""N6_missing_test_useful""]",null,"{""candidate"": ""mcv:50"", ""qerror_with_add"": 1.1631868479530796, ""gain"": 0.04547124425206994, ""useful"": true}"
7,105,query.106,neutral,0.0,no_extstat_consumption,1.1450198483246483,1.1450198483246483,1.0126553659600583,False,0.0,0.0,0.13236448236458997,,S1_no_training_signal,[],[],"[""N6_missing_test_useful""]",null,"{""candidate"": ""mcv:1311"", ""qerror_with_add"": 1.0126553947790404, ""gain"": 0.13236445354560789, ""useful"": true}"
7,109,query.110,positive,0.14967561716803046,mcv_only,1.1693731407726453,1.0196975236046149,1.1166424506241213,False,0.0,0.0,0.0,,,"[268, 1997]",[],[],"{""candidate"": ""mcv:1997"", ""qerror_without"": 1.1259034794476506, ""attribution"": 0.10620595584303572, ""change_kind"": ""mcv_winner_replacement"", ""trace_without"": {""mcv"": [268, 2003], ""fd"": [], ""rows"": 336721.5813081846}}","{""candidate"": ""mcv:143"", ""qerror_with_add"": 1.1166424506241213, ""gain"": -0.09694492701950641, ""useful"": false}"
7,113,query.114,neutral,0.0,no_extstat_consumption,1.071909128836779,1.071909128836779,1.0298894809432948,False,0.0,0.0,0.042019647893484224,,S1_no_training_signal,[],[],"[""N6_missing_test_useful""]",null,"{""candidate"": ""mcv:490"", ""qerror_with_add"": 1.034766814861229, ""gain"": 0.03714231397555001, ""useful"": true}"
7,114,query.115,positive,3.048162744434535e-08,mcv_only,1.448473432991522,1.4484734025098946,1.0037542022816317,False,0.0,0.0,0.44471920022826295,,,[1095],[],[],"{""candidate"": ""mcv:1095"", ""qerror_without"": 1.448473432991522, ""attribution"": 3.048162744434535e-08, ""change_kind"": ""mcv_consumption_removal"", ""trace_without"": {""mcv"": [], ""fd"": [], ""rows"": 530489.5364307986}}","{""candidate"": ""mcv:1876"", ""qerror_with_add"": 1.4484734025098946, ""gain"": 0.0, ""useful"": false}"
7,123,query.124,negative,-0.08656401279955994,mcv_only,1.199851763292983,1.286415776092543,1.0110125577952502,False,0.08656401279955994,0.08656401279955994,0.27540321829729275,mcv_consumption_removal,,"[40, 226]",[],"[""N2_harmful_mcv_correction""]","{""candidate"": ""mcv:226"", ""qerror_without"": 1.112435013665719, ""attribution"": -0.17398076242682392, ""change_kind"": ""mcv_consumption_removal"", ""trace_without"": {""mcv"": [40], ""fd"": [], ""rows"": 358026.084798175}}","{""candidate"": ""mcv:554"", ""qerror_with_add"": 1.286415776092543, ""gain"": 0.0, ""useful"": false}"
7,124,query.125,neutral,0.0,no_extstat_consumption,4.6204579103813055,4.6204579103813055,1.0014563150072442,False,0.0,0.0,3.619001595374061,,S1_no_training_signal,[],[],"[""N6_missing_test_useful""]",null,"{""candidate"": ""mcv:83"", ""qerror_with_add"": 1.00375801638948, ""gain"": 3.6166998939918256, ""useful"": true}"
7,127,query.128,negative,-0.06581685024294015,mcv_fd_composed,1.0543237976249675,1.1201406478679077,1.0076173179361485,True,0.06581685024294015,0.06581685024294015,0.11252332993175918,mcv_consumption_removal,,"[123, 1406]",[6],"[""N4_mcv_to_fd_suppression""]","{""candidate"": ""mcv:1406"", ""qerror_without"": 1.043195021137872, ""attribution"": -0.07694562673003569, ""change_kind"": ""mcv_consumption_removal"", ""trace_without"": {""mcv"": [123], ""fd"": [467, 43], ""rows"": 959553.0842432044}}","{""candidate"": ""fd:22"", ""qerror_with_add"": 1.1201406478679077, ""gain"": 0.0, ""useful"": false}"
7,147,query.148,neutral,0.0,no_extstat_consumption,1.0311256287065527,1.0311256287065527,1.0179574498682071,False,0.0,0.0,0.013168178838345534,,S1_no_training_signal,[],[],"[""N6_missing_test_useful""]",null,"{""candidate"": ""mcv:1671"", ""qerror_with_add"": 1.0179574498682071, ""gain"": 0.013168178838345534, ""useful"": true}"
7,148,query.149,negative,-0.3408893916787732,mcv_only,1.0039055395218255,1.3447949312005987,1.0222631137624285,False,0.3408893916787732,0.13465201804435867,0.32253181743817017,mcv_winner_replacement,S1_no_training_signal,"[29, 826]",[],"[""N1_mcv_winner_replacement"", ""N2_harmful_mcv_correction"", ""N5_multi_statistic_interaction"", ""N6_missing_test_useful""]","{""candidate"": ""mcv:29"", ""qerror_without"": 1.21014291315624, ""attribution"": -0.13465201804435867, ""change_kind"": ""mcv_winner_replacement"", ""trace_without"": {""mcv"": [826, 1325], ""fd"": [], ""rows"": 81561.44115455961}}","{""candidate"": ""mcv:1"", ""qerror_with_add"": 1.280388821143907, ""gain"": 0.06440611005669172, ""useful"": true}"
7,153,query.154,negative,-0.0985427084424686,mcv_only,1.0145220020878363,1.1130647105303049,1.0145894089582996,False,0.0985427084424686,0.0,0.09847530157200524,N8_unresolved,,[268],[],"[""N5_multi_statistic_interaction""]","{""candidate"": ""mcv:268"", ""qerror_without"": 1.1393442209281297, ""attribution"": 0.026279510397824835, ""change_kind"": ""mcv_winner_replacement"", ""trace_without"": {""mcv"": [1199], ""fd"": [], ""rows"": 441546.10236245196}}","{""candidate"": ""mcv:188"", ""qerror_with_add"": 1.1392685256491968, ""gain"": -0.026203815118891916, ""useful"": false}"
7,157,query.158,positive,0.36297451786395785,mcv_only,2.633856251377953,2.270881733513995,1.8155987488440215,False,0.0,0.0,0.4552829846699735,,,"[52, 551, 1875]",[],"[""N1_mcv_winner_replacement"", ""N2_harmful_mcv_correction""]","{""candidate"": ""mcv:1875"", ""qerror_without"": 2.040268426271582, ""attribution"": -0.23061330724241325, ""change_kind"": ""mcv_consumption_removal"", ""trace_without"": {""mcv"": [52, 551], ""fd"": [], ""rows"": 242316.56018299697}}","{""candidate"": ""mcv:705"", ""qerror_with_add"": 2.270881733513995, ""gain"": 0.0, ""useful"": false}"
7,160,query.161,positive,6.523392219406999,mcv_only,9.668606736760383,3.1452145173533843,1.0204386815480908,True,0.0,0.0,2.1247758358052935,,,"[158, 833]",[],[],"{""candidate"": ""mcv:158"", ""qerror_without"": 3.4205503371112362, ""attribution"": 0.27533581975785193, ""change_kind"": ""mcv_consumption_removal"", ""trace_without"": {""mcv"": [833], ""fd"": [508], ""rows"": 54869.04795760134}}","{""candidate"": ""mcv:1262"", ""qerror_with_add"": 3.1452145173533843, ""gain"": 0.0, ""useful"": false}"
7,165,query.166,positive,0.2799662020082727,mcv_only,1.282540602993531,1.0025744009852582,1.0013143245992973,False,0.0,0.0,0.0012600763859609287,,S1_no_training_signal,[939],[],"[""N6_missing_test_useful""]","{""candidate"": ""mcv:939"", ""qerror_without"": 1.282540602993531, ""attribution"": 0.2799662020082727, ""change_kind"": ""mcv_consumption_removal"", ""trace_without"": {""mcv"": [], ""fd"": [], ""rows"": 1298454.018619791}}","{""candidate"": ""mcv:1210"", ""qerror_with_add"": 1.001314337228713, ""gain"": 0.0012600637565451933, ""useful"": true}"
7,175,query.176,negative,-0.09833794695069065,fd_only,1.4041376459757167,1.5024755929264073,1.0013742145181397,False,0.09833794695069065,0.09833794695069065,0.5011013784082676,fd_control_change,S1_no_training_signal,[],[624],"[""N3_fd_harmful_correction"", ""N6_missing_test_useful""]","{""candidate"": ""fd:624"", ""qerror_without"": 1.4041376459757167, ""attribution"": -0.09833794695069065, ""change_kind"": ""fd_control_change"", ""trace_without"": {""mcv"": [], ""fd"": [], ""rows"": 105064.599360133}}","{""candidate"": ""mcv:1747"", ""qerror_with_add"": 1.1196175459206854, ""gain"": 0.3828580470057219, ""useful"": true}"
7,185,query.186,neutral,0.0,no_extstat_consumption,1.3454710276859834,1.3454710276859834,1.1759309462990364,False,0.0,0.0,0.16954008138694698,,S1_no_training_signal,[],[],"[""N6_missing_test_useful""]",null,"{""candidate"": ""mcv:1725"", ""qerror_with_add"": 1.1895945171416582, ""gain"": 0.15587651054432516, ""useful"": true}"
7,187,query.188,neutral,0.0,no_extstat_consumption,1.0045545431326848,1.0045545431326848,1.0035655271132344,False,0.0,0.0,0.0009890160194503395,,S1_no_training_signal,[],[],"[""N6_missing_test_useful""]",null,"{""candidate"": ""mcv:2030"", ""qerror_with_add"": 1.0037895687197267, ""gain"": 0.000764974412958086, ""useful"": true}"
7,190,query.191,positive,0.07334888087849611,mcv_only,1.1106433919979741,1.037294511119478,1.0267157537474199,False,0.0,0.0,0.010578757372058156,,,"[1018, 1389]",[],"[""N2_harmful_mcv_correction""]","{""candidate"": ""mcv:1018"", ""qerror_without"": 1.0267157537474199, ""attribution"": -0.010578757372058156, ""change_kind"": ""mcv_consumption_removal"", ""trace_without"": {""mcv"": [1389], ""fd"": [], ""rows"": 889128.2681385409}}",null
7,202,query.203,negative,-0.008479687039343986,mcv_only,1.7251866574728432,1.7336663445121872,1.122417495832203,True,0.008479687039343986,0.0,0.6112488486799841,N6_missing_benefit_without_harmful_presence,S1_no_training_signal,"[32, 145, 339]",[],"[""N5_multi_statistic_interaction"", ""N6_missing_test_useful""]","{""candidate"": ""mcv:339"", ""qerror_without"": 1.7336663445121883, ""attribution"": 1.1102230246251565e-15, ""change_kind"": ""mcv_winner_replacement"", ""trace_without"": {""mcv"": [32, 145, 600], ""fd"": [], ""rows"": 196510.13072867834}}","{""candidate"": ""fd:81"", ""qerror_with_add"": 1.7335644467690268, ""gain"": 0.00010189774316038402, ""useful"": true}"
7,203,query.204,positive,0.13601076321426153,mcv_only,1.3695755155515736,1.233564752337312,1.2335647725859886,False,0.0,0.0,0.0,,,"[85, 2088]",[],[],"{""candidate"": ""mcv:85"", ""qerror_without"": 1.2335647817536104, ""attribution"": 2.9416298286122355e-08, ""change_kind"": ""mcv_winner_replacement"", ""trace_without"": {""mcv"": [225, 2088], ""fd"": [], ""rows"": 485598.3316485817}}","{""candidate"": ""mcv:721"", ""qerror_with_add"": 1.233564752337312, ""gain"": 0.0, ""useful"": false}"
7,214,query.215,negative,-0.25183103748484204,mcv_only,1.0360979308688956,1.2879289683537376,1.0218758643542312,False,0.25183103748484204,0.19372367086058317,0.26605310399950644,mcv_consumption_removal,,"[69, 210, 1279]",[],"[""N2_harmful_mcv_correction"", ""N5_multi_statistic_interaction""]","{""candidate"": ""mcv:1279"", ""qerror_without"": 1.0942052974931544, ""attribution"": -0.19372367086058317, ""change_kind"": ""mcv_consumption_removal"", ""trace_without"": {""mcv"": [69, 210], ""fd"": [], ""rows"": 365577.6488346809}}","{""candidate"": ""mcv:572"", ""qerror_with_add"": 1.2879289683537376, ""gain"": 0.0, ""useful"": false}"
7,217,query.218,positive,1.0456289185061403,mcv_fd_composed,3.609366495889687,2.563737577383547,1.0050048767445674,False,0.0,0.0,1.5587327006389795,,,[591],"[501, 151, 125]","[""N4_mcv_to_fd_suppression""]","{""candidate"": ""mcv:591"", ""qerror_without"": 1.977645717089621, ""attribution"": -0.586091860293926, ""change_kind"": ""mcv_winner_replacement"", ""trace_without"": {""mcv"": [703, 1389], ""fd"": [499], ""rows"": 12445.606302134556}}","{""candidate"": ""fd:154"", ""qerror_with_add"": 2.563737577383547, ""gain"": 0.0, ""useful"": false}"
7,218,query.219,positive,0.12823812634016885,mcv_only,1.2885933765867719,1.160355250246603,1.1595231270899453,False,0.0,0.0,0.0008321231566577048,,S1_no_training_signal,[197],[],"[""N6_missing_test_useful""]","{""candidate"": ""mcv:197"", ""qerror_without"": 1.2885933765867719, ""attribution"": 0.12823812634016885, ""change_kind"": ""mcv_consumption_removal"", ""trace_without"": {""mcv"": [], ""fd"": [], ""rows"": 489477.13953853864}}","{""candidate"": ""mcv:1106"", ""qerror_with_add"": 1.1595231270899453, ""gain"": 0.0008321231566577048, ""useful"": true}"
7,222,query.223,positive,0.4471753887303407,mcv_only,1.53791771174424,1.0907423230138993,1.024499734371638,True,0.0,0.0,0.06624258864226129,,S1_no_training_signal,"[413, 919]",[],"[""N6_missing_test_useful""]","{""candidate"": ""mcv:919"", ""qerror_without"": 1.166770163497169, ""attribution"": 0.07602784048326972, ""change_kind"": ""mcv_consumption_removal"", ""trace_without"": {""mcv"": [413], ""fd"": [361, 180], ""rows"": 117623.85111790098}}","{""candidate"": ""mcv:11"", ""qerror_with_add"": 1.0340977556844975, ""gain"": 0.05664456732940182, ""useful"": true}"
7,229,query.230,positive,4.401034872991604,mcv_only,5.494561748237695,1.0935268752460912,1.0935268752460912,False,0.0,0.0,0.0,,,[96],[],[],"{""candidate"": ""mcv:96"", ""qerror_without"": 5.494561748237695, ""attribution"": 4.401034872991604, ""change_kind"": ""mcv_consumption_removal"", ""trace_without"": {""mcv"": [], ""fd"": [], ""rows"": 385591.85980607674}}",null
7,232,query.233,positive,0.2905784157026383,mcv_only,1.328319146214329,1.0377407305116906,1.0326609184826392,False,0.0,0.0,0.005079812029051389,,S1_no_training_signal,[270],[],"[""N6_missing_test_useful""]","{""candidate"": ""mcv:270"", ""qerror_without"": 1.328319146214329, ""attribution"": 0.2905784157026383, ""change_kind"": ""mcv_consumption_removal"", ""trace_without"": {""mcv"": [], ""fd"": [], ""rows"": 246263.10697415686}}","{""candidate"": ""mcv:307"", ""qerror_with_add"": 1.0329779607384304, ""gain"": 0.004762769773260178, ""useful"": true}"
7,238,query.239,neutral,0.0,no_extstat_consumption,1.0336973898952835,1.0336973898952835,1.033758149927215,False,0.0,0.0,0.0,,,[],[],[],null,"{""candidate"": ""fd:81"", ""qerror_with_add"": 1.033758149927215, ""gain"": -6.076003193156154e-05, ""useful"": false}"
7,253,query.254,negative,-0.0007515119488923361,mcv_only,2.1499260341027,2.1506775460515923,1.2199082809597532,False,0.0007515119488923361,0.0,0.9307692650918391,N6_missing_benefit_without_harmful_presence,S1_no_training_signal,[128],[],"[""N5_multi_statistic_interaction"", ""N6_missing_test_useful""]","{""candidate"": ""mcv:128"", ""qerror_without"": 2.489167047201435, ""attribution"": 0.33848950114984255, ""change_kind"": ""mcv_winner_replacement"", ""trace_without"": {""mcv"": [830], ""fd"": [], ""rows"": 114475.2419570902}}","{""candidate"": ""mcv:794"", ""qerror_with_add"": 1.2327745236275003, ""gain"": 0.917903022424092, ""useful"": true}"
7,254,query.255,negative,-0.06707131079587958,mcv_only,1.856488292105951,1.9235596029018305,1.103812913140651,False,0.06707131079587958,0.0,0.8197466897611794,N8_unresolved,,[85],[],"[""N5_multi_statistic_interaction""]","{""candidate"": ""mcv:85"", ""qerror_without"": 2.0678546408987524, ""attribution"": 0.1442950379969219, ""change_kind"": ""mcv_winner_replacement"", ""trace_without"": {""mcv"": [225], ""fd"": [], ""rows"": 256039.75711265838}}","{""candidate"": ""mcv:1447"", ""qerror_with_add"": 1.9235596029018305, ""gain"": 0.0, ""useful"": false}"
7,259,query.260,neutral,0.0,no_extstat_consumption,1.0734970792740468,1.0734970792740468,1.0031150661180837,False,0.0,0.0,0.07038201315596315,,S1_no_training_signal,[],[],"[""N6_missing_test_useful""]",null,"{""candidate"": ""mcv:1151"", ""qerror_with_add"": 1.0031150661180837, ""gain"": 0.07038201315596315, ""useful"": true}"
7,262,query.263,positive,6.314934641871162e-08,mcv_only,1.1145310558262045,1.114530992676858,1.1113579688611162,False,0.0,0.0,0.0031730238157419155,,S1_no_training_signal,"[52, 1326]",[],"[""N6_missing_test_useful""]","{""candidate"": ""mcv:1326"", ""qerror_without"": 1.1145310175885674, ""attribution"": 2.491170936202991e-08, ""change_kind"": ""mcv_consumption_removal"", ""trace_without"": {""mcv"": [52], ""fd"": [], ""rows"": 284793.3301010858}}","{""candidate"": ""mcv:799"", ""qerror_with_add"": 1.111357993701903, ""gain"": 0.0031729989749551546, ""useful"": true}"
7,268,query.269,positive,0.19673350368763032,mcv_only,2.085116157899421,1.8883826542117905,1.3162126350708225,False,0.0,0.0,0.572170019140968,,S1_no_training_signal,"[86, 1111]",[],"[""N1_mcv_winner_replacement"", ""N6_missing_test_useful""]","{""candidate"": ""mcv:86"", ""qerror_without"": 1.313522581522099, ""attribution"": -0.5748600726896915, ""change_kind"": ""mcv_winner_replacement"", ""trace_without"": {""mcv"": [190, 1111], ""fd"": [], ""rows"": 272217.62688362604}}","{""candidate"": ""mcv:50"", ""qerror_with_add"": 1.264106202713076, ""gain"": 0.6242764514987145, ""useful"": true}"
7,272,query.273,positive,0.0064136004190913365,mcv_only,1.7178249880564123,1.711411387637321,1.0440229362809161,False,0.0,0.0,0.6673884513564048,,S1_no_training_signal,"[706, 824]",[],"[""N1_mcv_winner_replacement"", ""N6_missing_test_useful""]","{""candidate"": ""mcv:706"", ""qerror_without"": 1.3865152811574737, ""attribution"": -0.32489610647984724, ""change_kind"": ""mcv_winner_replacement"", ""trace_without"": {""mcv"": [824, 838, 1074], ""fd"": [], ""rows"": 70393.38082436494}}","{""candidate"": ""mcv:1512"", ""qerror_with_add"": 1.2886643202002688, ""gain"": 0.42274706743705215, ""useful"": true}"
7,274,query.275,negative,-0.4376549240963217,mcv_only,1.2985346416033243,1.736189565699646,1.0311404358126088,False,0.4376549240963217,0.43177656051345004,0.7050491298870372,mcv_winner_replacement,S1_no_training_signal,"[353, 530]",[],"[""N1_mcv_winner_replacement"", ""N5_multi_statistic_interaction"", ""N6_missing_test_useful""]","{""candidate"": ""mcv:530"", ""qerror_without"": 1.304413005186196, ""attribution"": -0.43177656051345004, ""change_kind"": ""mcv_winner_replacement"", ""trace_without"": {""mcv"": [353, 1231, 1303], ""fd"": [], ""rows"": 228585.335028829}}","{""candidate"": ""mcv:148"", ""qerror_with_add"": 1.127136925724253, ""gain"": 0.609052639975393, ""useful"": true}"
7,276,query.277,negative,-0.9813317475205923,mcv_only,1.1529924490834003,2.1343241966039925,1.0162791107530946,False,0.9813317475205923,0.9695149685819424,1.118045085850898,mcv_winner_replacement,S1_no_training_signal,"[353, 838]",[],"[""N1_mcv_winner_replacement"", ""N5_multi_statistic_interaction"", ""N6_missing_test_useful""]","{""candidate"": ""mcv:838"", ""qerror_without"": 1.1648092280220501, ""attribution"": -0.9695149685819424, ""change_kind"": ""mcv_winner_replacement"", ""trace_without"": {""mcv"": [353, 1269], ""fd"": [], ""rows"": 394679.2995860794}}","{""candidate"": ""mcv:59"", ""qerror_with_add"": 1.349969433498066, ""gain"": 0.7843547631059264, ""useful"": true}"
7,280,query.281,positive,0.05825627001534839,mcv_only,1.7507612612827994,1.692504991267451,1.3339865278466803,True,0.0,0.0,0.35851846342077076,,S1_no_training_signal,"[210, 703]",[],"[""N6_missing_test_useful""]","{""candidate"": ""mcv:210"", ""qerror_without"": 1.7014356114944191, ""attribution"": 0.008930620226968111, ""change_kind"": ""mcv_consumption_removal"", ""trace_without"": {""mcv"": [703], ""fd"": [183], ""rows"": 136746.08153141796}}","{""candidate"": ""mcv:644"", ""qerror_with_add"": 1.305332320615893, ""gain"": 0.3871726706515579, ""useful"": true}"
7,282,query.283,positive,8.334746448568353e-09,mcv_only,1.4880103185476843,1.4880103102129378,1.2837817176355937,False,0.0,0.0,0.20422859257734416,,S2_positive_signal_budget_pressure,[295],[],"[""N1_mcv_winner_replacement"", ""N6_missing_test_useful"", ""N7_budget_displacement""]","{""candidate"": ""mcv:295"", ""qerror_without"": 1.4687772896617102, ""attribution"": -0.019233020551227664, ""change_kind"": ""mcv_winner_replacement"", ""trace_without"": {""mcv"": [973], ""fd"": [], ""rows"": 57605.44530053227}}","{""candidate"": ""mcv:1595"", ""qerror_with_add"": 1.4235640138674175, ""gain"": 0.06444629634552035, ""useful"": true}"
7,285,query.286,negative,-0.001481182153232563,mcv_only,1.0381028401540753,1.0395840223073078,1.0025885052686898,False,0.001481182153232563,0.001481182153232563,0.03699551703861803,mcv_winner_replacement,,[123],[],"[""N1_mcv_winner_replacement""]","{""candidate"": ""mcv:123"", ""qerror_without"": 1.0025885052686898, ""attribution"": -0.03699551703861803, ""change_kind"": ""mcv_winner_replacement"", ""trace_without"": {""mcv"": [751], ""fd"": [], ""rows"": 1819942.7686579574}}",null
7,286,query.287,neutral,0.0,no_extstat_consumption,1.018822758625483,1.018822758625483,1.0103571597338217,False,0.0,0.0,0.008465598891661319,,S1_no_training_signal,[],[],"[""N6_missing_test_useful""]",null,"{""candidate"": ""mcv:169"", ""qerror_with_add"": 1.0103571597338217, ""gain"": 0.008465598891661319, ""useful"": true}"
7,288,query.289,positive,0.07180687291986043,mcv_only,1.428938759415088,1.3571318864952275,1.011331992161009,False,0.0,0.0,0.3457998943342184,,,"[263, 329]",[],"[""N2_harmful_mcv_correction""]","{""candidate"": ""mcv:329"", ""qerror_without"": 1.3476205002964943, ""attribution"": -0.009511386198733263, ""change_kind"": ""mcv_consumption_removal"", ""trace_without"": {""mcv"": [263], ""fd"": [], ""rows"": 56714.03780454855}}","{""candidate"": ""mcv:425"", ""qerror_with_add"": 1.3571318864952275, ""gain"": 0.0, ""useful"": false}"
7,289,query.290,negative,-0.2905878203469794,mcv_only,1.1323281818675377,1.422916002214517,1.132815800355647,True,0.2905878203469794,0.26728934151012296,0.2901002018588701,mcv_consumption_removal,,"[65, 69, 411, 628]",[],"[""N2_harmful_mcv_correction"", ""N4_mcv_to_fd_suppression"", ""N5_multi_statistic_interaction""]","{""candidate"": ""mcv:69"", ""qerror_without"": 1.1556266607043941, ""attribution"": -0.26728934151012296, ""change_kind"": ""mcv_consumption_removal"", ""trace_without"": {""mcv"": [65, 411, 628], ""fd"": [], ""rows"": 67244.90066076624}}","{""candidate"": ""mcv:193"", ""qerror_with_add"": 1.422916002214517, ""gain"": 0.0, ""useful"": false}"
7,292,query.293,negative,-0.026563876173801404,mcv_only,1.3244164545268373,1.3509803307006387,1.0495935991802472,False,0.026563876173801404,0.021067361269257567,0.3013867315203915,mcv_winner_replacement,S1_no_training_signal,"[191, 1263]",[],"[""N1_mcv_winner_replacement"", ""N5_multi_statistic_interaction"", ""N6_missing_test_useful""]","{""candidate"": ""mcv:191"", ""qerror_without"": 1.3299129694313812, ""attribution"": -0.021067361269257567, ""change_kind"": ""mcv_winner_replacement"", ""trace_without"": {""mcv"": [635], ""fd"": [], ""rows"": 187327.55113519606}}","{""candidate"": ""mcv:469"", ""qerror_with_add"": 1.0934513410648092, ""gain"": 0.2575289896358295, ""useful"": true}"
7,294,query.295,neutral,0.0,no_extstat_consumption,286.4315423169095,286.4315423169095,5.61234703568287,False,0.0,0.0,280.8191952812266,,S2_positive_signal_budget_pressure,[],[],"[""N6_missing_test_useful"", ""N7_budget_displacement""]",null,"{""candidate"": ""mcv:937"", ""qerror_with_add"": 5.785666359040051, ""gain"": 280.6458759578694, ""useful"": true}"
7,295,query.296,positive,1.5816614684638353e-09,mcv_only,1.0012476911165726,1.0012476895349112,1.0012476746151577,False,0.0,0.0,1.491975343270724e-08,,,[291],[],[],"{""candidate"": ""mcv:291"", ""qerror_without"": 1.0012476911165726, ""attribution"": 1.5816614684638353e-09, ""change_kind"": ""mcv_consumption_removal"", ""trace_without"": {""mcv"": [], ""fd"": [], ""rows"": 1981493.7079031046}}","{""candidate"": ""mcv:1177"", ""qerror_with_add"": 1.0012476895349112, ""gain"": 0.0, ""useful"": false}"
7,297,query.298,negative,-0.0851402816664546,mcv_only,31.65254749978733,31.737687781453786,29.781392551560096,False,0.0851402816664546,0.0851402816664546,1.9562952298936906,mcv_consumption_removal,S1_no_training_signal,[553],[],"[""N2_harmful_mcv_correction"", ""N6_missing_test_useful""]","{""candidate"": ""mcv:553"", ""qerror_without"": 31.65254749978733, ""attribution"": -0.0851402816664546, ""change_kind"": ""mcv_consumption_removal"", ""trace_without"": {""mcv"": [], ""fd"": [], ""rows"": 36337.124529755856}}","{""candidate"": ""mcv:188"", ""qerror_with_add"": 30.20188179613096, ""gain"": 1.5358059853228276, ""useful"": true}"
7,298,query.299,positive,0.12838635421668654,mcv_only,1.6852146193154014,1.5568282650987149,1.2196870779356102,False,0.0,0.0,0.3371411871631047,,S1_no_training_signal,[565],[],"[""N6_missing_test_useful""]","{""candidate"": ""mcv:565"", ""qerror_without"": 1.6852146302771993, ""attribution"": 0.12838636517848445, ""change_kind"": ""mcv_winner_replacement"", ""trace_without"": {""mcv"": [1365], ""fd"": [], ""rows"": 720168.2077732555}}","{""candidate"": ""mcv:2227"", ""qerror_with_add"": 1.5568282278921397, ""gain"": 3.720657515415837e-08, ""useful"": true}"
7,299,query.300,neutral,0.0,no_extstat_consumption,2.619309649350519,2.619309649350519,1.2605954255421465,False,0.0,0.0,1.3587142238083725,,S1_no_training_signal,[],[],"[""N6_missing_test_useful""]",null,"{""candidate"": ""mcv:721"", ""qerror_with_add"": 1.7946725981808203, ""gain"": 0.8246370511696988, ""useful"": true}"
7,311,query.312,neutral,0.0,no_extstat_consumption,1.2290756226668749,1.2290756226668749,1.0038111173958566,False,0.0,0.0,0.22526450527101827,,S1_no_training_signal,[],[],"[""N6_missing_test_useful""]",null,"{""candidate"": ""mcv:176"", ""qerror_with_add"": 1.0060902528254456, ""gain"": 0.22298536984142925, ""useful"": true}"
7,316,query.317,positive,0.2700170466909262,mcv_only,1.2708821388678673,1.000865092176941,1.0007496438910035,False,0.0,0.0,0.0001154482859375694,,S1_no_training_signal,[960],[],"[""N6_missing_test_useful""]","{""candidate"": ""mcv:960"", ""qerror_without"": 1.2708821388678673, ""attribution"": 0.2700170466909262, ""change_kind"": ""mcv_consumption_removal"", ""trace_without"": {""mcv"": [], ""fd"": [], ""rows"": 1298776.6131251066}}","{""candidate"": ""mcv:1239"", ""qerror_with_add"": 1.0007496438910035, ""gain"": 0.0001154482859375694, ""useful"": true}"
7,321,query.322,positive,0.00039362564920675247,mcv_only,1.0386305950872219,1.0382369694380151,1.012201230038985,False,0.0,0.0,0.026035739399030033,,S2_positive_signal_budget_pressure,[16],[],"[""N6_missing_test_useful"", ""N7_budget_displacement""]","{""candidate"": ""mcv:16"", ""qerror_without"": 1.0386305950872219, ""attribution"": 0.00039362564920675247, ""change_kind"": ""mcv_consumption_removal"", ""trace_without"": {""mcv"": [], ""fd"": [], ""rows"": 1307582.9490544628}}","{""candidate"": ""mcv:602"", ""qerror_with_add"": 1.012201230038985, ""gain"": 0.026035739399030033, ""useful"": true}"
7,322,query.323,neutral,0.0,no_extstat_consumption,1.0008026023682268,1.0008026023682268,1.0008026023682268,False,0.0,0.0,0.0,,,[],[],[],null,null
7,327,query.328,negative,-0.0006395314081439896,fd_only,1.0464896401796873,1.0471291715878313,1.0339706433012215,False,0.0006395314081439896,0.0006395314081439896,0.013158528286609794,fd_control_change,S1_no_training_signal,[],[188],"[""N3_fd_harmful_correction"", ""N6_missing_test_useful""]","{""candidate"": ""fd:188"", ""qerror_without"": 1.0464896401796873, ""attribution"": -0.0006395314081439896, ""change_kind"": ""fd_control_change"", ""trace_without"": {""mcv"": [], ""fd"": [], ""rows"": 651943.1625287818}}","{""candidate"": ""mcv:138"", ""qerror_with_add"": 1.034056558638245, ""gain"": 0.013072612949586171, ""useful"": true}"
7,333,query.334,negative,-0.035983037208635826,mcv_fd_composed,1.0370219129670444,1.0730049501756802,1.0185323436633404,False,0.035983037208635826,0.035983037208635826,0.05447260651233976,mcv_winner_replacement,S1_no_training_signal,[385],[499],"[""N4_mcv_to_fd_suppression"", ""N6_missing_test_useful""]","{""candidate"": ""mcv:385"", ""qerror_without"": 1.0366742897864327, ""attribution"": -0.03633066038924748, ""change_kind"": ""mcv_winner_replacement"", ""trace_without"": {""mcv"": [1358], ""fd"": [], ""rows"": 1226753.6800415823}}","{""candidate"": ""mcv:209"", ""qerror_with_add"": 1.035857208560891, ""gain"": 0.037147741614789176, ""useful"": true}"
7,348,query.349,positive,0.1778781862187362,mcv_fd_composed,11.037634859699823,10.859756673481087,6.3409367891029405,True,0.0,0.0,4.518819884378146,,S1_no_training_signal,"[210, 303]",[70],"[""N3_fd_harmful_correction"", ""N6_missing_test_useful""]","{""candidate"": ""fd:70"", ""qerror_without"": 10.826451924566763, ""attribution"": -0.03330474891432367, ""change_kind"": ""fd_control_change"", ""trace_without"": {""mcv"": [210, 303], ""fd"": [], ""rows"": 21956.044503021396}}","{""candidate"": ""mcv:192"", ""qerror_with_add"": 9.770022681851199, ""gain"": 1.0897339916298883, ""useful"": true}"
7,349,query.350,negative,-0.0005201960058538457,mcv_only,1.3289534268200156,1.3294736228258694,1.0048105243304848,False,0.0005201960058538457,0.0005201960058538457,0.32466309849538466,mcv_consumption_removal,S1_no_training_signal,[940],[],"[""N2_harmful_mcv_correction"", ""N6_missing_test_useful""]","{""candidate"": ""mcv:940"", ""qerror_without"": 1.3289534268200156, ""attribution"": -0.0005201960058538457, ""change_kind"": ""mcv_consumption_removal"", ""trace_without"": {""mcv"": [], ""fd"": [], ""rows"": 601801.940847749}}","{""candidate"": ""mcv:193"", ""qerror_with_add"": 1.006700160782726, ""gain"": 0.3227734620431435, ""useful"": true}"
7,357,query.358,positive,0.1623018422886635,mcv_only,4.141265864305466,3.9789640220168025,1.5708641681946391,True,0.0,0.0,2.408099853822163,,S1_no_training_signal,[751],[],"[""N6_missing_test_useful""]","{""candidate"": ""mcv:751"", ""qerror_without"": 4.140425087363171, ""attribution"": 0.16146106534636884, ""change_kind"": ""mcv_consumption_removal"", ""trace_without"": {""mcv"": [], ""fd"": [426], ""rows"": 7685.201236249044}}","{""candidate"": ""mcv:941"", ""qerror_with_add"": 2.0123500858459615, ""gain"": 1.966613936170841, ""useful"": true}"
7,364,query.365,negative,-5.4023455042795376e-08,mcv_only,1.018068652513517,1.018068706536972,1.0069406394216458,False,5.4023455042795376e-08,3.6776854672737613e-08,0.011128067115326212,mcv_consumption_removal,,"[65, 225]",[],"[""N2_harmful_mcv_correction"", ""N5_multi_statistic_interaction""]","{""candidate"": ""mcv:65"", ""qerror_without"": 1.0180686697601173, ""attribution"": -3.6776854672737613e-08, ""change_kind"": ""mcv_consumption_removal"", ""trace_without"": {""mcv"": [225], ""fd"": [], ""rows"": 1732596.0933565767}}","{""candidate"": ""mcv:120"", ""qerror_with_add"": 1.018068706536972, ""gain"": 0.0, ""useful"": false}"
7,373,query.374,positive,5.439538535078356,mcv_fd_composed,64.04186277967081,58.60232424459245,11.796396975038657,True,0.0,0.0,46.80592726955379,,S1_no_training_signal,"[158, 210]",[85],"[""N3_fd_harmful_correction"", ""N6_missing_test_useful""]","{""candidate"": ""fd:85"", ""qerror_without"": 58.58748256293088, ""attribution"": -0.014841681661572181, ""change_kind"": ""fd_control_change"", ""trace_without"": {""mcv"": [158, 210], ""fd"": [], ""rows"": 99774.4828046713}}","{""candidate"": ""mcv:138"", ""qerror_with_add"": 58.36215815650075, ""gain"": 0.24016608809170492, ""useful"": true}"
7,392,query.393,negative,-0.010565430358086658,mcv_only,1.1452765790677444,1.155842009425831,1.0838146746235606,False,0.010565430358086658,0.005376664558594646,0.07202733480227042,mcv_consumption_removal,S2_positive_signal_budget_pressure,"[104, 523]",[],"[""N2_harmful_mcv_correction"", ""N5_multi_statistic_interaction"", ""N6_missing_test_useful"", ""N7_budget_displacement""]","{""candidate"": ""mcv:104"", ""qerror_without"": 1.1504653448672364, ""attribution"": -0.005376664558594646, ""change_kind"": ""mcv_consumption_removal"", ""trace_without"": {""mcv"": [523], ""fd"": [], ""rows"": 316935.9455307506}}","{""candidate"": ""mcv:969"", ""qerror_with_add"": 1.092884217837051, ""gain"": 0.06295779158878001, ""useful"": true}"
7,397,query.398,positive,0.0328329513230039,mcv_only,1.1853629600601467,1.1525300087371428,1.0221180825200047,False,0.0,0.0,0.13041192621713815,,S1_no_training_signal,"[329, 423]",[],"[""N2_harmful_mcv_correction"", ""N6_missing_test_useful""]","{""candidate"": ""mcv:423"", ""qerror_without"": 1.1472362926614543, ""attribution"": -0.005293716075688515, ""change_kind"": ""mcv_consumption_removal"", ""trace_without"": {""mcv"": [329], ""fd"": [], ""rows"": 815846.7492591793}}","{""candidate"": ""mcv:166"", ""qerror_with_add"": 1.0963950280923076, ""gain"": 0.05613498064483524, ""useful"": true}"
7,417,query.418,neutral,0.0,no_extstat_consumption,1.0007574814559157,1.0007574814559157,1.0007574814559157,False,0.0,0.0,0.0,,,[],[],[],null,null
7,419,query.420,negative,-0.5752864619019942,mcv_only,2.6446009257713876,3.219887387673382,1.3913094483869592,True,0.5752864619019942,0.5752864619019942,1.8285779392864225,mcv_winner_replacement,S1_no_training_signal,"[7, 29, 145, 156, 1606]",[],"[""N1_mcv_winner_replacement"", ""N2_harmful_mcv_correction"", ""N6_missing_test_useful""]","{""candidate"": ""mcv:29"", ""qerror_without"": 1.7160963243910623, ""attribution"": -1.5037910632823195, ""change_kind"": ""mcv_winner_replacement"", ""trace_without"": {""mcv"": [7, 145, 156, 268], ""fd"": [], ""rows"": 38954.68980957172}}","{""candidate"": ""mcv:1254"", ""qerror_with_add"": 1.7562638971879794, ""gain"": 1.4636234904854024, ""useful"": true}"
7,420,query.421,negative,-0.4461516813048756,mcv_only,1.3240943221173098,1.7702460034221854,1.0119494096986417,False,0.4461516813048756,0.4461516813048756,0.7582965937235437,mcv_winner_replacement,S1_no_training_signal,[225],[],"[""N1_mcv_winner_replacement"", ""N6_missing_test_useful""]","{""candidate"": ""mcv:225"", ""qerror_without"": 1.2732093260497728, ""attribution"": -0.49703667737241264, ""change_kind"": ""mcv_winner_replacement"", ""trace_without"": {""mcv"": [619], ""fd"": [], ""rows"": 148580.9819313564}}","{""candidate"": ""mcv:217"", ""qerror_with_add"": 1.0543805073818804, ""gain"": 0.715865496040305, ""useful"": true}"
7,422,query.423,positive,0.0017298326408734521,mcv_only,1.2733289569652515,1.271599124324378,1.000314710812668,False,0.0,0.0,0.27128441351171007,,S1_no_training_signal,[940],[],"[""N6_missing_test_useful""]","{""candidate"": ""mcv:940"", ""qerror_without"": 1.2733289569652515, ""attribution"": 0.0017298326408734521, ""change_kind"": ""mcv_consumption_removal"", ""trace_without"": {""mcv"": [], ""fd"": [], ""rows"": 362610.1467922559}}","{""candidate"": ""mcv:662"", ""qerror_with_add"": 1.2715990806428514, ""gain"": 4.3681526618044586e-08, ""useful"": true}"
7,423,query.424,positive,0.0703910848975784,mcv_fd_composed,1.2594802714542155,1.189089186556637,1.1329735950354105,False,0.0,0.0,0.05611559152122658,,S1_no_training_signal,[1918],[0],"[""N6_missing_test_useful""]","{""candidate"": ""fd:0"", ""qerror_without"": 1.2190190243994714, ""attribution"": 0.029929837842834317, ""change_kind"": ""fd_control_change"", ""trace_without"": {""mcv"": [1918], ""fd"": [], ""rows"": 731918.8479765836}}","{""candidate"": ""mcv:239"", ""qerror_with_add"": 1.1392542177589844, ""gain"": 0.0498349687976527, ""useful"": true}"
7,426,query.427,neutral,0.0,no_extstat_consumption,1.1140950712208577,1.1140950712208577,1.2025670110101225,False,0.0,0.0,0.0,,S1_no_training_signal,[],[],"[""N6_missing_test_useful""]",null,"{""candidate"": ""mcv:114"", ""qerror_with_add"": 1.1060767792159578, ""gain"": 0.008018292004899896, ""useful"": true}"
7,434,query.435,neutral,0.0,no_extstat_consumption,1.014040938202245,1.014040938202245,1.0046602714051445,False,0.0,0.0,0.00938066679710059,,S1_no_training_signal,[],[],"[""N6_missing_test_useful""]",null,"{""candidate"": ""mcv:218"", ""qerror_with_add"": 1.0056536282644832, ""gain"": 0.008387309937761822, ""useful"": true}"
7,443,query.444,positive,0.018283118346616112,mcv_only,1.958852210890063,1.940569092543447,1.446528076629968,True,0.0,0.0,0.49404101591347893,,S1_no_training_signal,"[123, 158]",[],"[""N2_harmful_mcv_correction"", ""N6_missing_test_useful""]","{""candidate"": ""mcv:123"", ""qerror_without"": 1.9378042017358617, ""attribution"": -0.0027648908075852408, ""change_kind"": ""mcv_consumption_removal"", ""trace_without"": {""mcv"": [158], ""fd"": [], ""rows"": 224676.46607948974}}","{""candidate"": ""mcv:1373"", ""qerror_with_add"": 1.9375392938899194, ""gain"": 0.0030297986535274823, ""useful"": true}"
7,444,query.445,positive,0.7032163116911254,mcv_only,2.1596103328461016,1.4563940211549762,1.4380628274040592,True,0.0,0.0,0.018331193750916963,,,"[399, 423, 1279]",[],[],"{""candidate"": ""mcv:399"", ""qerror_without"": 1.4563940211549762, ""attribution"": 0.0, ""change_kind"": ""mcv_consumption_removal"", ""trace_without"": {""mcv"": [423, 1279], ""fd"": [], ""rows"": 87377.45290871293}}","{""candidate"": ""mcv:402"", ""qerror_with_add"": 1.4563940211549762, ""gain"": 0.0, ""useful"": false}"
7,450,query.451,positive,0.11920226751175633,mcv_only,1.4718858601956764,1.35268359268392,1.116558018415334,True,0.0,0.0,0.23612557426858594,,S1_no_training_signal,"[843, 1358]",[],"[""N2_harmful_mcv_correction"", ""N6_missing_test_useful""]","{""candidate"": ""mcv:1358"", ""qerror_without"": 1.3441244558796535, ""attribution"": -0.008559136804266565, ""change_kind"": ""mcv_consumption_removal"", ""trace_without"": {""mcv"": [843], ""fd"": [], ""rows"": 741130.7752361828}}","{""candidate"": ""mcv:317"", ""qerror_with_add"": 1.3441244334177158, ""gain"": 0.008559159266204208, ""useful"": true}"
7,457,query.458,negative,-0.014382042167396802,mcv_only,1.0584399257636827,1.0728219679310795,1.202280110614356,True,0.014382042167396802,0.007207221711646783,0.0,mcv_consumption_removal,,"[423, 1588]",[],"[""N2_harmful_mcv_correction"", ""N5_multi_statistic_interaction""]","{""candidate"": ""mcv:1588"", ""qerror_without"": 1.0656147462194328, ""attribution"": -0.007207221711646783, ""change_kind"": ""mcv_consumption_removal"", ""trace_without"": {""mcv"": [423], ""fd"": [], ""rows"": 585558.7136099084}}","{""candidate"": ""mcv:567"", ""qerror_with_add"": 1.0728219679310795, ""gain"": 0.0, ""useful"": false}"
7,462,query.463,positive,0.01263305234117551,mcv_only,1.4405734080797241,1.4279403557385486,1.0109657690062943,False,0.0,0.0,0.4169745867322543,,,[7],[],"[""N1_mcv_winner_replacement""]","{""candidate"": ""mcv:7"", ""qerror_without"": 1.0198480926328002, ""attribution"": -0.4080922631057484, ""change_kind"": ""mcv_winner_replacement"", ""trace_without"": {""mcv"": [1815], ""fd"": [], ""rows"": 109013.60231770528}}","{""candidate"": ""mcv:561"", ""qerror_with_add"": 1.4279403557385486, ""gain"": 0.0, ""useful"": false}"
8,10,query.11,positive,0.3485698226136069,mcv_fd_composed,7.155243436998079,6.806673614384472,3.2971628418284697,True,0.0,0.0,3.5095107725560024,,S1_no_training_signal,"[320, 1519]",[108],"[""N3_fd_harmful_correction"", ""N4_mcv_to_fd_suppression"", ""N6_missing_test_useful""]","{""candidate"": ""mcv:320"", ""qerror_without"": 6.648508446423257, ""attribution"": -0.15816516796121505, ""change_kind"": ""mcv_winner_replacement"", ""trace_without"": {""mcv"": [411], ""fd"": [107], ""rows"": 39206.254308557945}}","{""candidate"": ""mcv:221"", ""qerror_with_add"": 5.021163758138303, ""gain"": 1.7855098562461693, ""useful"": true}"
8,15,query.16,positive,1.004517241124972,mcv_fd_composed,2.6885879750756447,1.6840707339506726,1.2178918343893064,False,0.0,0.0,0.46617889956136627,,S1_no_training_signal,[173],[283],"[""N6_missing_test_useful""]","{""candidate"": ""fd:283"", ""qerror_without"": 2.4854203452547434, ""attribution"": 0.8013496113040708, ""change_kind"": ""fd_control_change"", ""trace_without"": {""mcv"": [173], ""fd"": [], ""rows"": 8731.722197991283}}","{""candidate"": ""mcv:2110"", ""qerror_with_add"": 1.2225782644885006, ""gain"": 0.46149246946217204, ""useful"": true}"
8,19,query.20,positive,0.37972292555599463,mcv_only,1.6437911048218248,1.2640681792658301,1.0161660955413834,False,0.0,0.0,0.24790208372444678,,,"[523, 1463]",[],[],"{""candidate"": ""mcv:1463"", ""qerror_without"": 1.6406387691033475, ""attribution"": 0.37657058983751734, ""change_kind"": ""mcv_consumption_removal"", ""trace_without"": {""mcv"": [523], ""fd"": [], ""rows"": 233001.93022314215}}","{""candidate"": ""mcv:1312"", ""qerror_with_add"": 1.2640681792658301, ""gain"": 0.0, ""useful"": false}"
8,22,query.23,positive,0.035417422784643326,mcv_only,1.140252772406969,1.1048353496223258,1.0576991458857914,False,0.0,0.0,0.04713620373653438,,S1_no_training_signal,[1075],[],"[""N6_missing_test_useful""]","{""candidate"": ""mcv:1075"", ""qerror_without"": 1.140252772406969, ""attribution"": 0.035417422784643326, ""change_kind"": ""mcv_consumption_removal"", ""trace_without"": {""mcv"": [], ""fd"": [], ""rows"": 466630.7444066408}}","{""candidate"": ""mcv:778"", ""qerror_with_add"": 1.0964349759940988, ""gain"": 0.008400373628226987, ""useful"": true}"
8,29,query.30,neutral,0.0,no_extstat_consumption,1.0098547494763992,1.0098547494763992,1.0006831869337338,False,0.0,0.0,0.009171562542665379,,S1_no_training_signal,[],[],"[""N6_missing_test_useful""]",null,"{""candidate"": ""mcv:1567"", ""qerror_with_add"": 1.0006831869337338, ""gain"": 0.009171562542665379, ""useful"": true}"
8,32,query.33,neutral,0.0,no_extstat_consumption,1.0132712793166891,1.0132712793166891,1.0028701972340919,False,0.0,0.0,0.010401082082597268,,S1_no_training_signal,[],[],"[""N6_missing_test_useful""]",null,"{""candidate"": ""mcv:1139"", ""qerror_with_add"": 1.0028702062240058, ""gain"": 0.010401073092683344, ""useful"": true}"
8,43,query.44,positive,0.0077842428767715965,mcv_only,1.0443159589773674,1.0365317161005958,1.0296226602279859,False,0.0,0.0,0.006909055872609926,,S1_no_training_signal,"[413, 565]",[],"[""N6_missing_test_useful""]","{""candidate"": ""mcv:413"", ""qerror_without"": 1.036531716100596, ""attribution"": 2.220446049250313e-16, ""change_kind"": ""mcv_consumption_removal"", ""trace_without"": {""mcv"": [565], ""fd"": [], ""rows"": 963282.0927871991}}","{""candidate"": ""mcv:109"", ""qerror_with_add"": 1.0296226602279859, ""gain"": 0.006909055872609926, ""useful"": true}"
8,44,query.45,neutral,0.0,no_extstat_consumption,1.0167340553089397,1.0167340553089397,1.0026241834071825,False,0.0,0.0,0.014109871901757165,,S1_no_training_signal,[],[],"[""N6_missing_test_useful""]",null,"{""candidate"": ""mcv:229"", ""qerror_with_add"": 1.0026241834071825, ""gain"": 0.014109871901757165, ""useful"": true}"
8,45,query.46,positive,0.595221672342142,mcv_fd_composed,2.017570275758359,1.422348603416217,1.414137481637592,False,0.0,0.0,0.00821112177862493,,S1_no_training_signal,"[126, 1434]",[194],"[""N6_missing_test_useful""]","{""candidate"": ""fd:194"", ""qerror_without"": 1.422456282463253, ""attribution"": 0.00010767904703601339, ""change_kind"": ""fd_control_change"", ""trace_without"": {""mcv"": [126, 1434], ""fd"": [], ""rows"": 469011.25062677264}}","{""candidate"": ""mcv:772"", ""qerror_with_add"": 1.4150223769216284, ""gain"": 0.0073262264945885835, ""useful"": true}"
8,49,query.50,positive,0.7534922080722162,mcv_fd_composed,1.9110047155771868,1.1575125075049706,1.0587814057891545,True,0.0,0.0,0.09873110171581612,,S1_no_training_signal,"[96, 447]","[125, 66]","[""N2_harmful_mcv_correction"", ""N6_missing_test_useful""]","{""candidate"": ""mcv:447"", ""qerror_without"": 1.146051880047116, ""attribution"": -0.011460627457854589, ""change_kind"": ""mcv_consumption_removal"", ""trace_without"": {""mcv"": [96], ""fd"": [125, 66], ""rows"": 342571.7516242453}}","{""candidate"": ""mcv:884"", ""qerror_with_add"": 1.051724770620645, ""gain"": 0.10578773688432563, ""useful"": true}"
8,55,query.56,negative,-0.15437935465306496,mcv_only,1.073772695168076,1.228152049821141,1.2164959887979305,True,0.15437935465306496,0.13868499797863665,0.011656061023210373,mcv_consumption_removal,S2_positive_signal_budget_pressure,[385],[],"[""N4_mcv_to_fd_suppression"", ""N5_multi_statistic_interaction"", ""N6_missing_test_useful"", ""N7_budget_displacement""]","{""candidate"": ""mcv:385"", ""qerror_without"": 1.0894670518425043, ""attribution"": -0.13868499797863665, ""change_kind"": ""mcv_consumption_removal"", ""trace_without"": {""mcv"": [], ""fd"": [276], ""rows"": 360560.21027432865}}","{""candidate"": ""mcv:1286"", ""qerror_with_add"": 1.215811551428895, ""gain"": 0.012340498392245935, ""useful"": true}"
8,58,query.59,negative,-1.0881038008392352e-06,mcv_only,138.15243318709466,138.15243427519846,2.397283038229724,False,1.0881038008392352e-06,1.0881038008392352e-06,135.75515123696874,mcv_winner_replacement,S1_no_training_signal,"[1, 749]",[],"[""N1_mcv_winner_replacement"", ""N6_missing_test_useful""]","{""candidate"": ""mcv:749"", ""qerror_without"": 128.217960088287, ""attribution"": -9.934474186911473, ""change_kind"": ""mcv_winner_replacement"", ""trace_without"": {""mcv"": [1, 1252], ""fd"": [], ""rows"": 18078.732372448463}}","{""candidate"": ""mcv:2139"", ""qerror_with_add"": 136.85022686003234, ""gain"": 1.302207415166123, ""useful"": true}"
8,64,query.65,negative,-0.024669481886739453,mcv_only,1.6415009905361615,1.666170472422901,1.2359920956777373,False,0.024669481886739453,0.024669481886739453,0.4301783767451637,mcv_consumption_removal,S1_no_training_signal,"[1057, 1316]",[],"[""N2_harmful_mcv_correction"", ""N6_missing_test_useful""]","{""candidate"": ""mcv:1057"", ""qerror_without"": 1.6407619297406568, ""attribution"": -0.02540854268224413, ""change_kind"": ""mcv_consumption_removal"", ""trace_without"": {""mcv"": [1316], ""fd"": [], ""rows"": 126363.8534280056}}","{""candidate"": ""mcv:1654"", ""qerror_with_add"": 1.2669563357435207, ""gain"": 0.3992141366793802, ""useful"": true}"
8,69,query.70,negative,-0.001774682419847906,mcv_fd_composed,1.008512359480096,1.010287041899944,1.00395115405398,False,0.001774682419847906,0.001774682419847906,0.006335887845963839,mcv_consumption_removal,,"[285, 798]",[66],"[""N2_harmful_mcv_correction""]","{""candidate"": ""mcv:798"", ""qerror_without"": 1.0084119373052243, ""attribution"": -0.0018751045947196232, ""change_kind"": ""mcv_consumption_removal"", ""trace_without"": {""mcv"": [285], ""fd"": [66], ""rows"": 451169.78802908794}}","{""candidate"": ""mcv:470"", ""qerror_with_add"": 1.010287041899944, ""gain"": 0.0, ""useful"": false}"
8,70,query.71,positive,0.4246193041735815,mcv_only,2.1435886379542812,1.7189693337806997,1.5130736530433049,True,0.0,0.0,0.20589568073739484,,S1_no_training_signal,"[14, 902]",[],"[""N4_mcv_to_fd_suppression"", ""N6_missing_test_useful""]","{""candidate"": ""mcv:902"", ""qerror_without"": 1.6979902404570655, ""attribution"": -0.020979093323634235, ""change_kind"": ""mcv_consumption_removal"", ""trace_without"": {""mcv"": [14], ""fd"": [57], ""rows"": 211292.7338754464}}","{""candidate"": ""mcv:166"", ""qerror_with_add"": 1.5144116993300674, ""gain"": 0.20455763445063235, ""useful"": true}"
8,72,query.73,positive,2.313607244673191,mcv_only,4.593953655574878,2.280346410901687,1.4331571362052362,False,0.0,0.0,0.8471892746964509,,S1_no_training_signal,"[1025, 1453]",[],"[""N6_missing_test_useful""]","{""candidate"": ""mcv:1025"", ""qerror_without"": 2.499557495015164, ""attribution"": 0.21921108411347712, ""change_kind"": ""mcv_consumption_removal"", ""trace_without"": {""mcv"": [1453], ""fd"": [], ""rows"": 17734.36042713259}}","{""candidate"": ""mcv:71"", ""qerror_with_add"": 2.2616646643121046, ""gain"": 0.01868174658958255, ""useful"": true}"
8,75,query.76,negative,-0.1418721512714285,mcv_only,1.1412350189642961,1.2831071702357246,1.1222383481325806,False,0.1418721512714285,0.1418721512714285,0.16086882210314402,mcv_winner_replacement,,[226],[],"[""N1_mcv_winner_replacement""]","{""candidate"": ""mcv:226"", ""qerror_without"": 1.1222383481325806, ""attribution"": -0.16086882210314402, ""change_kind"": ""mcv_winner_replacement"", ""trace_without"": {""mcv"": [1406], ""fd"": [], ""rows"": 1377730.4971834882}}",null
8,76,query.77,positive,1.2144582035541913,mcv_fd_composed,2.635834702581996,1.4213764990278048,1.0004716655362145,True,0.0,0.0,0.42090483349159036,,S1_no_training_signal,"[145, 399]",[20],"[""N6_missing_test_useful""]","{""candidate"": ""mcv:145"", ""qerror_without"": 1.5764705126551342, ""attribution"": 0.15509401362732933, ""change_kind"": ""mcv_winner_replacement"", ""trace_without"": {""mcv"": [399, 853], ""fd"": [20], ""rows"": 6242.425672412687}}","{""candidate"": ""mcv:1740"", ""qerror_with_add"": 1.2854086288060125, ""gain"": 0.13596787022179235, ""useful"": true}"
8,81,query.82,positive,0.0832905783310367,mcv_only,1.2801316903498279,1.1968411120187912,1.0251997799136903,False,0.0,0.0,0.1716413321051009,,S1_no_training_signal,"[476, 691, 1713]",[],"[""N6_missing_test_useful""]","{""candidate"": ""mcv:1713"", ""qerror_without"": 1.197867190169928, ""attribution"": 0.0010260781511368666, ""change_kind"": ""mcv_consumption_removal"", ""trace_without"": {""mcv"": [476, 691], ""fd"": [], ""rows"": 199266.66491811918}}","{""candidate"": ""mcv:885"", ""qerror_with_add"": 1.095606202496616, ""gain"": 0.10123490952217518, ""useful"": true}"
8,98,query.99,negative,-0.11004820165101048,mcv_only,2.211074151188032,2.3211223528390423,1.1868531642503009,False,0.11004820165101048,0.11004820165101048,1.1342691885887415,mcv_winner_replacement,S1_no_training_signal,"[4, 146, 447]",[],"[""N1_mcv_winner_replacement"", ""N6_missing_test_useful""]","{""candidate"": ""mcv:4"", ""qerror_without"": 1.3887349844131847, ""attribution"": -0.9323873684258577, ""change_kind"": ""mcv_winner_replacement"", ""trace_without"": {""mcv"": [146, 250, 469], ""fd"": [], ""rows"": 94985.00540456871}}","{""candidate"": ""mcv:445"", ""qerror_with_add"": 2.289272098103192, ""gain"": 0.031850254735850125, ""useful"": true}"
8,99,query.100,positive,0.010170681006009819,mcv_only,1.6251199402898857,1.614949259283876,1.0884634344867343,True,0.0,0.0,0.5264858247971416,,S1_no_training_signal,[1195],[],"[""N4_mcv_to_fd_suppression"", ""N6_missing_test_useful""]","{""candidate"": ""mcv:1195"", ""qerror_without"": 1.5798033269459641, ""attribution"": -0.035145932337911745, ""change_kind"": ""mcv_consumption_removal"", ""trace_without"": {""mcv"": [], ""fd"": [17], ""rows"": 217819.51849995696}}","{""candidate"": ""mcv:1773"", ""qerror_with_add"": 1.2093295289533668, ""gain"": 0.40561973033050913, ""useful"": true}"
8,101,query.102,negative,-0.13234533915767255,mcv_only,1.7348445448804588,1.8671898840381314,1.0284173118697169,False,0.13234533915767255,0.13234533915767255,0.8387725721684145,mcv_winner_replacement,,"[197, 409, 1252]",[],"[""N1_mcv_winner_replacement"", ""N2_harmful_mcv_correction""]","{""candidate"": ""mcv:197"", ""qerror_without"": 1.6482877157880804, ""attribution"": -0.21890216825005093, ""change_kind"": ""mcv_winner_replacement"", ""trace_without"": {""mcv"": [409, 567, 644], ""fd"": [], ""rows"": 376476.7486016882}}","{""candidate"": ""mcv:1021"", ""qerror_with_add"": 1.8671898840381314, ""gain"": 0.0, ""useful"": false}"
8,106,query.107,negative,-0.0012774776897481743,mcv_only,1.0012811900891385,1.0025586677788867,1.0012811900891385,False,0.0012774776897481743,0.0012774776897481743,0.0012774776897481743,mcv_consumption_removal,,[435],[],"[""N2_harmful_mcv_correction""]","{""candidate"": ""mcv:435"", ""qerror_without"": 1.0012811900891385, ""attribution"": -0.0012774776897481743, ""change_kind"": ""mcv_consumption_removal"", ""trace_without"": {""mcv"": [], ""fd"": [], ""rows"": 1923950.0542584865}}",null
8,107,query.108,neutral,0.0,no_extstat_consumption,1.1340459091158797,1.1340459091158797,1.130686470265383,False,0.0,0.0,0.003359438850496721,,S1_no_training_signal,[],[],"[""N6_missing_test_useful""]",null,"{""candidate"": ""mcv:1014"", ""qerror_with_add"": 1.130686470265383, ""gain"": 0.003359438850496721, ""useful"": true}"
8,116,query.117,positive,0.0025825723377399523,mcv_fd_composed,1.1901289647939728,1.1875463924562328,1.0005602646963547,False,0.0,0.0,0.1869861277598781,,S2_positive_signal_budget_pressure,[320],"[134, 56]","[""N6_missing_test_useful"", ""N7_budget_displacement""]","{""candidate"": ""mcv:320"", ""qerror_without"": 1.1875464042699027, ""attribution"": 1.1813669820170958e-08, ""change_kind"": ""mcv_winner_replacement"", ""trace_without"": {""mcv"": [544], ""fd"": [134, 56], ""rows"": 391199.02879552176}}","{""candidate"": ""mcv:212"", ""qerror_with_add"": 1.1605665817899407, ""gain"": 0.02697981066629218, ""useful"": true}"
8,119,query.120,positive,0.4432283146974625,mcv_only,1.5308208192822845,1.087592504584822,1.083957829104012,False,0.0,0.0,0.00363467548081009,,S1_no_training_signal,[96],[],"[""N6_missing_test_useful""]","{""candidate"": ""mcv:96"", ""qerror_without"": 1.5308208192822845, ""attribution"": 0.4432283146974625, ""change_kind"": ""mcv_consumption_removal"", ""trace_without"": {""mcv"": [], ""fd"": [], ""rows"": 217142.98356344987}}","{""candidate"": ""mcv:594"", ""qerror_with_add"": 1.0852675346888383, ""gain"": 0.0023249698959837417, ""useful"": true}"
8,120,query.121,negative,-0.040420764088825,mcv_fd_composed,1.3688708983828004,1.4092916624716254,1.3617212607386873,False,0.040420764088825,0.0248062607499977,0.04757040173293814,fd_control_change,S1_no_training_signal,[96],[58],"[""N2_harmful_mcv_correction"", ""N3_fd_harmful_correction"", ""N5_multi_statistic_interaction"", ""N6_missing_test_useful""]","{""candidate"": ""fd:58"", ""qerror_without"": 1.3844854017216277, ""attribution"": -0.0248062607499977, ""change_kind"": ""fd_control_change"", ""trace_without"": {""mcv"": [96], ""fd"": [], ""rows"": 900170.2564329748}}","{""candidate"": ""mcv:102"", ""qerror_with_add"": 1.3806970744545974, ""gain"": 0.028594588017027966, ""useful"": true}"
8,126,query.127,positive,0.39921641090688653,mcv_only,1.8209549659668733,1.4217385550599868,1.059631776256817,False,0.0,0.0,0.36210677880316977,,S1_no_training_signal,"[936, 1713]",[],"[""N1_mcv_winner_replacement"", ""N6_missing_test_useful""]","{""candidate"": ""mcv:936"", ""qerror_without"": 1.3957012475592494, ""attribution"": -0.026037307500737406, ""change_kind"": ""mcv_winner_replacement"", ""trace_without"": {""mcv"": [1392], ""fd"": [], ""rows"": 330644.5421661841}}","{""candidate"": ""mcv:295"", ""qerror_with_add"": 1.0686599758101192, ""gain"": 0.35307857924986763, ""useful"": true}"
8,132,query.133,neutral,0.0,no_extstat_consumption,4.1061042659614255,4.1061042659614255,1.5739505959406157,False,0.0,0.0,2.5321536700208096,,S1_no_training_signal,[],[],"[""N6_missing_test_useful""]",null,"{""candidate"": ""mcv:1213"", ""qerror_with_add"": 1.6680364590242274, ""gain"": 2.438067806937198, ""useful"": true}"
8,136,query.137,neutral,0.0,no_extstat_consumption,1.1127066512284944,1.1127066512284944,1.0241362458773111,False,0.0,0.0,0.08857040535118332,,S1_no_training_signal,[],[],"[""N6_missing_test_useful""]",null,"{""candidate"": ""mcv:115"", ""qerror_with_add"": 1.0257334126006497, ""gain"": 0.08697323862784478, ""useful"": true}"
8,146,query.147,positive,2.3104540503027238e-08,mcv_only,2.1840997138165044,2.184099690711964,2.0870561435166906,False,0.0,0.0,0.0970435471952733,,S1_no_training_signal,"[413, 488]",[],"[""N6_missing_test_useful""]","{""candidate"": ""mcv:413"", ""qerror_without"": 2.1840996907119643, ""attribution"": 4.440892098500626e-16, ""change_kind"": ""mcv_consumption_removal"", ""trace_without"": {""mcv"": [488], ""fd"": [], ""rows"": 146673.21472976197}}","{""candidate"": ""mcv:837"", ""qerror_with_add"": 2.150859793854016, ""gain"": 0.033239896857947926, ""useful"": true}"
8,158,query.159,negative,-1.3587919435458495,mcv_only,3.691691133402734,5.050483076948583,1.1752250295876134,False,1.3587919435458495,1.2434278662359652,3.87525804736097,mcv_winner_replacement,S1_no_training_signal,"[87, 120, 324, 1076, 1195]",[],"[""N1_mcv_winner_replacement"", ""N2_harmful_mcv_correction"", ""N5_multi_statistic_interaction"", ""N6_missing_test_useful""]","{""candidate"": ""mcv:87"", ""qerror_without"": 3.807055210712618, ""attribution"": -1.2434278662359652, ""change_kind"": ""mcv_winner_replacement"", ""trace_without"": {""mcv"": [120, 190, 324, 1195, 1248], ""fd"": [], ""rows"": 14261.228819329468}}","{""candidate"": ""mcv:1961"", ""qerror_with_add"": 5.028022358179888, ""gain"": 0.02246071876869493, ""useful"": true}"
8,160,query.161,negative,-6.885234400274362,mcv_only,9.668606736760383,16.553841137034745,1.0343389104737755,False,6.885234400274362,3.9788320455978052,15.51950222656097,mcv_consumption_removal,,"[529, 835, 1396]",[],"[""N2_harmful_mcv_correction"", ""N5_multi_statistic_interaction""]","{""candidate"": ""mcv:835"", ""qerror_without"": 12.57500909143694, ""attribution"": -3.9788320455978052, ""change_kind"": ""mcv_consumption_removal"", ""trace_without"": {""mcv"": [529, 1396], ""fd"": [], ""rows"": 201715.72083573995}}","{""candidate"": ""mcv:1351"", ""qerror_with_add"": 16.553841137034745, ""gain"": 0.0, ""useful"": false}"
8,173,query.174,negative,-0.00014377735669302005,mcv_only,1.0428915109403865,1.0430352882970795,1.0360974574128583,False,0.00014377735669302005,0.00014377735669302005,0.0069378308842211744,mcv_consumption_removal,,[1793],[],"[""N2_harmful_mcv_correction""]","{""candidate"": ""mcv:1793"", ""qerror_without"": 1.0428915109403865, ""attribution"": -0.00014377735669302005, ""change_kind"": ""mcv_consumption_removal"", ""trace_without"": {""mcv"": [], ""fd"": [], ""rows"": 1559322.0011344673}}","{""candidate"": ""mcv:2138"", ""qerror_with_add"": 1.0430352882970795, ""gain"": 0.0, ""useful"": false}"
8,182,query.183,positive,2.7193478550069372e-05,mcv_only,1.0640834790447042,1.0640562855661542,1.0234463564765481,False,0.0,0.0,0.040609929089606034,,,"[623, 1000]",[],"[""N2_harmful_mcv_correction""]","{""candidate"": ""mcv:623"", ""qerror_without"": 1.064056281540705, ""attribution"": -4.025449085176547e-09, ""change_kind"": ""mcv_consumption_removal"", ""trace_without"": {""mcv"": [1000], ""fd"": [], ""rows"": 1115603.424043663}}","{""candidate"": ""mcv:35"", ""qerror_with_add"": 1.0640562931520186, ""gain"": -7.585864381098872e-09, ""useful"": false}"
8,189,query.190,positive,2.0491498275987396e-08,mcv_only,1.0097481036947167,1.0097480832032184,1.0029649210194964,False,0.0,0.0,0.006783162183721991,,S1_no_training_signal,[420],[],"[""N6_missing_test_useful""]","{""candidate"": ""mcv:420"", ""qerror_without"": 1.0097481036947167, ""attribution"": 2.0491498275987396e-08, ""change_kind"": ""mcv_consumption_removal"", ""trace_without"": {""mcv"": [], ""fd"": [], ""rows"": 1394997.4204911895}}","{""candidate"": ""mcv:2060"", ""qerror_with_add"": 1.0029649006656536, ""gain"": 0.006783182537564825, ""useful"": true}"
8,192,query.193,negative,-0.0015378460992880871,mcv_only,1.2053567626474995,1.2068946087467876,1.0058651111424164,True,0.0015378460992880871,0.0015378460992880871,0.20102949760437117,mcv_winner_replacement,S1_no_training_signal,[435],[],"[""N4_mcv_to_fd_suppression"", ""N6_missing_test_useful""]","{""candidate"": ""mcv:435"", ""qerror_without"": 1.157631583449733, ""attribution"": -0.04926302529705451, ""change_kind"": ""mcv_winner_replacement"", ""trace_without"": {""mcv"": [751], ""fd"": [314], ""rows"": 954150.712360866}}","{""candidate"": ""mcv:497"", ""qerror_with_add"": 1.0486697124715967, ""gain"": 0.15822489627519087, ""useful"": true}"
8,193,query.194,negative,-0.24273928952952262,mcv_only,1.2076049551786012,1.4503442447081238,1.0019557335187954,True,0.24273928952952262,0.24273928952952262,0.44838851118932843,mcv_winner_replacement,,"[529, 1663]",[],"[""N1_mcv_winner_replacement"", ""N4_mcv_to_fd_suppression""]","{""candidate"": ""mcv:529"", ""qerror_without"": 1.0780867513311458, ""attribution"": -0.372257493376978, ""change_kind"": ""mcv_winner_replacement"", ""trace_without"": {""mcv"": [530, 1663], ""fd"": [], ""rows"": 339467.1157475219}}","{""candidate"": ""mcv:1812"", ""qerror_with_add"": 1.4503442447081238, ""gain"": 0.0, ""useful"": false}"
8,194,query.195,positive,1.9606290335934253,mcv_only,5.411919835195818,3.451290801602393,1.602679537098402,True,0.0,0.0,1.8486112645039912,,S1_no_training_signal,"[40, 173, 420, 623, 838]",[],"[""N1_mcv_winner_replacement"", ""N2_harmful_mcv_correction"", ""N4_mcv_to_fd_suppression"", ""N6_missing_test_useful""]","{""candidate"": ""mcv:173"", ""qerror_without"": 3.0731996075439203, ""attribution"": -0.3780911940584728, ""change_kind"": ""mcv_consumption_removal"", ""trace_without"": {""mcv"": [40, 420, 623, 838], ""fd"": [66], ""rows"": 1401.3790210400277}}","{""candidate"": ""mcv:83"", ""qerror_with_add"": 1.621838816392115, ""gain"": 1.8294519852102782, ""useful"": true}"
8,197,query.198,neutral,0.0,no_extstat_consumption,1.3452710620957011,1.3452710620957011,1.3015668061399928,False,0.0,0.0,0.04370425595570837,,S1_no_training_signal,[],[],"[""N6_missing_test_useful""]",null,"{""candidate"": ""mcv:1987"", ""qerror_with_add"": 1.3015668061399928, ""gain"": 0.04370425595570837, ""useful"": true}"
8,199,query.200,negative,-0.02763293640212794,mcv_only,1.6627587960740096,1.6903917324761375,1.5101181739355558,False,0.02763293640212794,0.02763293640212794,0.1802735585405817,mcv_consumption_removal,S2_positive_signal_budget_pressure,[2040],[],"[""N2_harmful_mcv_correction"", ""N6_missing_test_useful"", ""N7_budget_displacement""]","{""candidate"": ""mcv:2040"", ""qerror_without"": 1.6627587960740096, ""attribution"": -0.02763293640212794, ""change_kind"": ""mcv_consumption_removal"", ""trace_without"": {""mcv"": [], ""fd"": [], ""rows"": 561504.7727935419}}","{""candidate"": ""mcv:1101"", ""qerror_with_add"": 1.5101181739355558, ""gain"": 0.1802735585405817, ""useful"": true}"
8,205,query.206,positive,0.1545499315602119,mcv_fd_composed,1.1796468996548306,1.0250969680946187,1.1216043262390964,False,0.0,0.0,0.0,,,[324],[49],"[""N3_fd_harmful_correction""]","{""candidate"": ""fd:49"", ""qerror_without"": 1.024470892797246, ""attribution"": -0.0006260752973727968, ""change_kind"": ""fd_control_change"", ""trace_without"": {""mcv"": [324], ""fd"": [], ""rows"": 614275.820733907}}","{""candidate"": ""mcv:569"", ""qerror_with_add"": 1.0250969680946187, ""gain"": 0.0, ""useful"": false}"
8,206,query.207,positive,0.04047614064969385,mcv_only,1.473201619531143,1.4327254788814492,1.0935639386145946,True,0.0,0.0,0.33916154026685463,,S1_no_training_signal,[1075],[],"[""N6_missing_test_useful""]","{""candidate"": ""mcv:1075"", ""qerror_without"": 1.4959560948164377, ""attribution"": 0.06323061593498847, ""change_kind"": ""mcv_consumption_removal"", ""trace_without"": {""mcv"": [], ""fd"": [22], ""rows"": 947459.3047837063}}","{""candidate"": ""mcv:404"", ""qerror_with_add"": 1.0935639386145946, ""gain"": 0.33916154026685463, ""useful"": true}"
8,208,query.209,positive,0.015188258854063719,mcv_only,1.7992720011843986,1.7840837423303348,1.3981883816946608,False,0.0,0.0,0.3858953606356741,,S1_no_training_signal,"[1248, 1725]",[],"[""N2_harmful_mcv_correction"", ""N6_missing_test_useful""]","{""candidate"": ""mcv:1248"", ""qerror_without"": 1.7613342832481595, ""attribution"": -0.022749459082175294, ""change_kind"": ""mcv_consumption_removal"", ""trace_without"": {""mcv"": [1725], ""fd"": [], ""rows"": 574117.4776304371}}","{""candidate"": ""mcv:904"", ""qerror_with_add"": 1.4192097990010875, ""gain"": 0.3648739433292474, ""useful"": true}"
8,218,query.219,positive,0.12823812634016885,mcv_only,1.2885933765867719,1.160355250246603,1.149413378403578,False,0.0,0.0,0.010941871843024975,,S1_no_training_signal,[197],[],"[""N6_missing_test_useful""]","{""candidate"": ""mcv:197"", ""qerror_without"": 1.2885933765867719, ""attribution"": 0.12823812634016885, ""change_kind"": ""mcv_consumption_removal"", ""trace_without"": {""mcv"": [], ""fd"": [], ""rows"": 489477.13953853864}}","{""candidate"": ""mcv:109"", ""qerror_with_add"": 1.149413378403578, ""gain"": 0.010941871843024975, ""useful"": true}"
8,227,query.228,neutral,0.0,no_extstat_consumption,1.0627836564920157,1.0627836564920157,1.0192938419565931,False,0.0,0.0,0.043489814535422555,,S1_no_training_signal,[],[],"[""N6_missing_test_useful""]",null,"{""candidate"": ""mcv:484"", ""qerror_with_add"": 1.0192938895922194, ""gain"": 0.04348976689979622, ""useful"": true}"
8,232,query.233,positive,0.2905784157026383,mcv_only,1.328319146214329,1.0377407305116906,1.0330370957537938,False,0.0,0.0,0.004703634757896813,,S1_no_training_signal,[270],[],"[""N6_missing_test_useful""]","{""candidate"": ""mcv:270"", ""qerror_without"": 1.328319146214329, ""attribution"": 0.2905784157026383, ""change_kind"": ""mcv_consumption_removal"", ""trace_without"": {""mcv"": [], ""fd"": [], ""rows"": 246263.10697415686}}","{""candidate"": ""mcv:582"", ""qerror_with_add"": 1.0333542535016003, ""gain"": 0.004386477010090317, ""useful"": true}"
8,233,query.234,neutral,0.0,no_extstat_consumption,1.0069645675409087,1.0069645675409087,1.0069645994865868,False,0.0,0.0,0.0,,,[],[],[],null,"{""candidate"": ""mcv:1351"", ""qerror_with_add"": 1.0069645994865868, ""gain"": -3.1945678102829334e-08, ""useful"": false}"
8,235,query.236,negative,-0.0027048556396405132,mcv_fd_composed,1.1124407663740459,1.1151456220136864,1.003624894137303,True,0.0027048556396405132,0.0027048556396405132,0.11152072787638345,mcv_winner_replacement,S1_no_training_signal,[605],[134],"[""N4_mcv_to_fd_suppression"", ""N6_missing_test_useful""]","{""candidate"": ""mcv:605"", ""qerror_without"": 1.0890471637397978, ""attribution"": -0.02609845827388857, ""change_kind"": ""mcv_winner_replacement"", ""trace_without"": {""mcv"": [1044], ""fd"": [399, 244], ""rows"": 589766.0095770273}}","{""candidate"": ""mcv:1842"", ""qerror_with_add"": 1.0119246228935708, ""gain"": 0.10322099912011562, ""useful"": true}"
8,242,query.243,positive,0.006247195280712825,mcv_fd_composed,1.0160967445630333,1.0098495492823205,1.0067338596144464,False,0.0,0.0,0.003115689667874122,,,"[1319, 1793]","[219, 235]","[""N2_harmful_mcv_correction"", ""N3_fd_harmful_correction""]","{""candidate"": ""fd:235"", ""qerror_without"": 1.0012487048042984, ""attribution"": -0.008600844478022118, ""change_kind"": ""fd_control_change"", ""trace_without"": {""mcv"": [1319, 1793], ""fd"": [219], ""rows"": 531115.7931574455}}","{""candidate"": ""mcv:1320"", ""qerror_with_add"": 1.0098495492823205, ""gain"": 0.0, ""useful"": false}"
8,248,query.249,neutral,0.0,no_extstat_consumption,1.0891813943392405,1.0891813943392405,1.0736286514350766,False,0.0,0.0,0.015552742904163974,,S1_no_training_signal,[],[],"[""N6_missing_test_useful""]",null,"{""candidate"": ""mcv:1255"", ""qerror_with_add"": 1.073628682086076, ""gain"": 0.015552712253164458, ""useful"": true}"
8,249,query.250,positive,2.3762814826966405e-08,mcv_only,1.447648753420555,1.4476487296577403,1.0647232608754336,False,0.0,0.0,0.3829254687823067,,S2_positive_signal_budget_pressure,[85],[],"[""N6_missing_test_useful"", ""N7_budget_displacement""]","{""candidate"": ""mcv:85"", ""qerror_without"": 1.447648753420555, ""attribution"": 2.3762814826966405e-08, ""change_kind"": ""mcv_consumption_removal"", ""trace_without"": {""mcv"": [], ""fd"": [], ""rows"": 490436.6465431856}}","{""candidate"": ""mcv:1518"", ""qerror_with_add"": 1.0649273567043598, ""gain"": 0.3827213729533805, ""useful"": true}"
8,250,query.251,positive,0.010364742022356044,mcv_only,1.6289605008102637,1.6185957587879076,1.2664244650194154,False,0.0,0.0,0.3521712937684922,,S1_no_training_signal,[263],[],"[""N6_missing_test_useful""]","{""candidate"": ""mcv:263"", ""qerror_without"": 1.6213327183175967, ""attribution"": 0.002736959529689109, ""change_kind"": ""mcv_winner_replacement"", ""trace_without"": {""mcv"": [469, 558], ""fd"": [], ""rows"": 214731.37257185852}}","{""candidate"": ""mcv:1314"", ""qerror_with_add"": 1.2664244650194154, ""gain"": 0.3521712937684922, ""useful"": true}"
8,253,query.254,negative,-0.02845572042108868,mcv_only,2.1499260341027,2.1783817545237887,1.5796937044463737,False,0.02845572042108868,0.02845572042108868,0.598688050077415,mcv_winner_replacement,S1_no_training_signal,[558],[],"[""N1_mcv_winner_replacement"", ""N6_missing_test_useful""]","{""candidate"": ""mcv:558"", ""qerror_without"": 1.6157884478591824, ""attribution"": -0.5625933066646063, ""change_kind"": ""mcv_winner_replacement"", ""trace_without"": {""mcv"": [869], ""fd"": [], ""rows"": 176352.2943721612}}","{""candidate"": ""mcv:801"", ""qerror_with_add"": 2.167567678638142, ""gain"": 0.010814075885646535, ""useful"": true}"
8,254,query.255,negative,-0.06707131079587958,mcv_only,1.856488292105951,1.9235596029018305,1.103812913140651,False,0.06707131079587958,0.0,0.8197466897611794,N8_unresolved,,[85],[],"[""N5_multi_statistic_interaction""]","{""candidate"": ""mcv:85"", ""qerror_without"": 1.9260534466901416, ""attribution"": 0.0024938437883110787, ""change_kind"": ""mcv_winner_replacement"", ""trace_without"": {""mcv"": [619, 964], ""fd"": [], ""rows"": 274890.08724542265}}","{""candidate"": ""mcv:1447"", ""qerror_with_add"": 1.9235596029018305, ""gain"": 0.0, ""useful"": false}"
8,257,query.258,neutral,0.0,no_extstat_consumption,1.030104490994257,1.030104490994257,1.0103821168458733,False,0.0,0.0,0.019722374148383626,,S1_no_training_signal,[],[],"[""N6_missing_test_useful""]",null,"{""candidate"": ""mcv:1798"", ""qerror_with_add"": 1.012559414908592, ""gain"": 0.017545076085665023, ""useful"": true}"
8,259,query.260,neutral,0.0,no_extstat_consumption,1.0734970792740468,1.0734970792740468,1.0031150661180837,False,0.0,0.0,0.07038201315596315,,S1_no_training_signal,[],[],"[""N6_missing_test_useful""]",null,"{""candidate"": ""mcv:1151"", ""qerror_with_add"": 1.0031150661180837, ""gain"": 0.07038201315596315, ""useful"": true}"
8,264,query.265,neutral,0.0,no_extstat_consumption,1.4739316022341287,1.4739316022341287,1.4004109452497358,False,0.0,0.0,0.07352065698439292,,S1_no_training_signal,[],[],"[""N6_missing_test_useful""]",null,"{""candidate"": ""mcv:1489"", ""qerror_with_add"": 1.4204284630015989, ""gain"": 0.053503139232529806, ""useful"": true}"
8,266,query.267,positive,0.017422221047149522,mcv_only,1.3205672307151186,1.303145009667969,1.2273944022878729,False,0.0,0.0,0.0757506073800962,,S1_no_training_signal,[1135],[],"[""N6_missing_test_useful""]","{""candidate"": ""mcv:1135"", ""qerror_without"": 1.3205672307151186, ""attribution"": 0.017422221047149522, ""change_kind"": ""mcv_consumption_removal"", ""trace_without"": {""mcv"": [], ""fd"": [], ""rows"": 39339.697803003386}}","{""candidate"": ""mcv:665"", ""qerror_with_add"": 1.2209321770892962, ""gain"": 0.08221283257867285, ""useful"": true}"
8,270,query.271,neutral,0.0,no_extstat_consumption,1.1977004608502833,1.1977004608502833,1.0020676361373737,False,0.0,0.0,0.19563282471290955,,S1_no_training_signal,[],[],"[""N6_missing_test_useful""]",null,"{""candidate"": ""mcv:1203"", ""qerror_with_add"": 1.0033390242508171, ""gain"": 0.19436143659946614, ""useful"": true}"
8,272,query.273,positive,0.32611367101151534,mcv_only,1.7178249880564123,1.391711317044897,1.0440229228582891,False,0.0,0.0,0.3476883941866078,,S1_no_training_signal,"[838, 1074]",[],"[""N2_harmful_mcv_correction"", ""N6_missing_test_useful""]","{""candidate"": ""mcv:1074"", ""qerror_without"": 1.3917112935730764, ""attribution"": -2.3471820487230843e-08, ""change_kind"": ""mcv_consumption_removal"", ""trace_without"": {""mcv"": [838], ""fd"": [], ""rows"": 70657.1823747051}}","{""candidate"": ""mcv:824"", ""qerror_with_add"": 1.3865152811574737, ""gain"": 0.005196035887423234, ""useful"": true}"
8,276,query.277,negative,-0.14326637006277454,mcv_only,1.1529924490834003,1.2962588191461748,1.0162791107530946,False,0.14326637006277454,0.0,0.2799797083930802,N8_unresolved,,"[4, 841]",[],"[""N5_multi_statistic_interaction""]","{""candidate"": ""mcv:841"", ""qerror_without"": 1.2962588198505889, ""attribution"": 7.044140826195644e-10, ""change_kind"": ""mcv_consumption_removal"", ""trace_without"": {""mcv"": [4], ""fd"": [], ""rows"": 261395.32847233038}}","{""candidate"": ""mcv:1667"", ""qerror_with_add"": 1.2962588191461748, ""gain"": 0.0, ""useful"": false}"
8,285,query.286,negative,-0.0030591833483086806,mcv_only,1.0381028401540753,1.041162023502384,1.0024778565509558,False,0.0030591833483086806,0.0030591833483086806,0.03868416695142818,mcv_winner_replacement,,[439],[],"[""N1_mcv_winner_replacement""]","{""candidate"": ""mcv:439"", ""qerror_without"": 1.0025885052686898, ""attribution"": -0.03857351823369415, ""change_kind"": ""mcv_winner_replacement"", ""trace_without"": {""mcv"": [751], ""fd"": [], ""rows"": 1819942.7686579574}}","{""candidate"": ""mcv:911"", ""qerror_with_add"": 1.041162023502384, ""gain"": 0.0, ""useful"": false}"
8,293,query.294,positive,0.1265775554299715,mcv_only,4.425506359773974,4.298928804344002,1.3021402824012676,True,0.0,0.0,2.996788521942735,,S1_no_training_signal,"[753, 1044]",[],"[""N6_missing_test_useful""]","{""candidate"": ""mcv:1044"", ""qerror_without"": 4.425506326884443, ""attribution"": 0.1265775225404404, ""change_kind"": ""mcv_consumption_removal"", ""trace_without"": {""mcv"": [753], ""fd"": [], ""rows"": 112536.20038634448}}","{""candidate"": ""mcv:879"", ""qerror_with_add"": 1.3021402824012673, ""gain"": 2.996788521942735, ""useful"": true}"
8,296,query.297,positive,1.4696118186276586,mcv_only,24.09887927984396,22.6292674612163,10.534636414493887,False,0.0,0.0,12.094631046722414,,S1_no_training_signal,"[65, 1415]",[],"[""N2_harmful_mcv_correction"", ""N6_missing_test_useful""]","{""candidate"": ""mcv:65"", ""qerror_without"": 22.629266672015536, ""attribution"": -7.892007651832955e-07, ""change_kind"": ""mcv_consumption_removal"", ""trace_without"": {""mcv"": [1415], ""fd"": [], ""rows"": 118532.09882801738}}","{""candidate"": ""mcv:357"", ""qerror_with_add"": 13.377521712853547, ""gain"": 9.251745748362755, ""useful"": true}"
8,297,query.298,negative,-0.1346984757987464,mcv_only,31.65254749978733,31.787245975586078,29.781392551560096,False,0.1346984757987464,0.04955819413229179,2.0058534240259824,mcv_consumption_removal,S1_no_training_signal,"[553, 644]",[],"[""N2_harmful_mcv_correction"", ""N5_multi_statistic_interaction"", ""N6_missing_test_useful""]","{""candidate"": ""mcv:644"", ""qerror_without"": 31.737687781453786, ""attribution"": -0.04955819413229179, ""change_kind"": ""mcv_consumption_removal"", ""trace_without"": {""mcv"": [553], ""fd"": [], ""rows"": 36434.865573108946}}","{""candidate"": ""mcv:188"", ""qerror_with_add"": 30.249041839153627, ""gain"": 1.5382041364324515, ""useful"": true}"
8,299,query.300,neutral,0.0,no_extstat_consumption,2.619309649350519,2.619309649350519,1.0603205343418454,False,0.0,0.0,1.5589891150086737,,S1_no_training_signal,[],[],"[""N6_missing_test_useful""]",null,"{""candidate"": ""mcv:1885"", ""qerror_with_add"": 1.068332851616487, ""gain"": 1.550976797734032, ""useful"": true}"
8,307,query.308,positive,1.075129637391034,mcv_only,3.0568355340599473,1.9817058966689134,1.4067128874848307,False,0.0,0.0,0.5749930091840827,,S1_no_training_signal,"[96, 1552]",[],"[""N2_harmful_mcv_correction"", ""N6_missing_test_useful""]","{""candidate"": ""mcv:1552"", ""qerror_without"": 1.8360373311964209, ""attribution"": -0.14566856547249252, ""change_kind"": ""mcv_consumption_removal"", ""trace_without"": {""mcv"": [96], ""fd"": [], ""rows"": 155690.73413868353}}","{""candidate"": ""mcv:295"", ""qerror_with_add"": 1.4072614243969233, ""gain"": 0.5744444722719901, ""useful"": true}"
8,310,query.311,negative,-0.0005086793654938138,fd_only,1.415868020936828,1.4163767003023218,1.2090838624941869,False,0.0005086793654938138,0.0005086793654938138,0.2072928378081349,fd_control_change,S1_no_training_signal,[],[108],"[""N3_fd_harmful_correction"", ""N6_missing_test_useful""]","{""candidate"": ""fd:108"", ""qerror_without"": 1.415868020936828, ""attribution"": -0.0005086793654938138, ""change_kind"": ""fd_control_change"", ""trace_without"": {""mcv"": [], ""fd"": [], ""rows"": 350944.12700950686}}","{""candidate"": ""mcv:2190"", ""qerror_with_add"": 1.243366834129007, ""gain"": 0.17300986617331482, ""useful"": true}"
8,317,query.318,negative,-0.24267869970332967,mcv_fd_composed,15.456247605823608,15.698926305526937,9.98543997229934,False,0.24267869970332967,0.22180344302686272,5.713486333227598,mcv_consumption_removal,S1_no_training_signal,"[126, 447]",[56],"[""N1_mcv_winner_replacement"", ""N2_harmful_mcv_correction"", ""N3_fd_harmful_correction"", ""N5_multi_statistic_interaction"", ""N6_missing_test_useful""]","{""candidate"": ""mcv:447"", ""qerror_without"": 15.477122862500075, ""attribution"": -0.22180344302686272, ""change_kind"": ""mcv_consumption_removal"", ""trace_without"": {""mcv"": [126], ""fd"": [56], ""rows"": 324183.8154779266}}","{""candidate"": ""mcv:170"", ""qerror_with_add"": 10.021207147395804, ""gain"": 5.677719158131133, ""useful"": true}"
8,319,query.320,positive,0.02997724949146119,mcv_only,1.0493789459810183,1.0194016964895571,1.0109790727807129,False,0.0,0.0,0.008422623708844279,,S1_no_training_signal,"[422, 1585]",[],"[""N6_missing_test_useful""]","{""candidate"": ""mcv:1585"", ""qerror_without"": 1.0194017142469514, ""attribution"": 1.775739422171796e-08, ""change_kind"": ""mcv_consumption_removal"", ""trace_without"": {""mcv"": [422], ""fd"": [], ""rows"": 129006.06126324579}}","{""candidate"": ""fd:643"", ""qerror_with_add"": 1.0109790765537114, ""gain"": 0.008422619935845699, ""useful"": true}"
8,328,query.329,negative,-0.005066668729319046,mcv_only,1.59221085157195,1.597277520301269,1.2271399969417451,True,0.005066668729319046,0.005066668729319046,0.3701375233595239,mcv_consumption_removal,S1_no_training_signal,"[1135, 1316, 1595]",[],"[""N1_mcv_winner_replacement"", ""N2_harmful_mcv_correction"", ""N4_mcv_to_fd_suppression"", ""N6_missing_test_useful""]","{""candidate"": ""mcv:1595"", ""qerror_without"": 1.575589557547291, ""attribution"": -0.021687962753978107, ""change_kind"": ""mcv_consumption_removal"", ""trace_without"": {""mcv"": [1135, 1316], ""fd"": [97], ""rows"": 559626.7097457802}}","{""candidate"": ""mcv:940"", ""qerror_with_add"": 1.244923270225432, ""gain"": 0.352354250075837, ""useful"": true}"
8,329,query.330,positive,0.3993965776327226,mcv_fd_composed,1.4029140445333756,1.003517466900653,1.0047072588417287,False,0.0,0.0,0.0,,,"[937, 1159]",[56],[],"{""candidate"": ""fd:56"", ""qerror_without"": 1.0045012313679953, ""attribution"": 0.000983764467342274, ""change_kind"": ""fd_control_change"", ""trace_without"": {""mcv"": [937, 1159], ""fd"": [], ""rows"": 196691.64539592125}}","{""candidate"": ""mcv:170"", ""qerror_with_add"": 1.0472900554538738, ""gain"": -0.04377258855322075, ""useful"": false}"
8,332,query.333,negative,-0.004728646229317235,fd_only,1.0063127327468966,1.0110413789762138,1.0002132537485553,False,0.004728646229317235,0.004728646229317235,0.010828125227658525,fd_control_change,S1_no_training_signal,[],[127],"[""N3_fd_harmful_correction"", ""N6_missing_test_useful""]","{""candidate"": ""fd:127"", ""qerror_without"": 1.0063127327468966, ""attribution"": -0.004728646229317235, ""change_kind"": ""fd_control_change"", ""trace_without"": {""mcv"": [], ""fd"": [], ""rows"": 1836975.590618288}}","{""candidate"": ""mcv:318"", ""qerror_with_add"": 1.0002132537485553, ""gain"": 0.010828125227658525, ""useful"": true}"
8,338,query.339,negative,-0.06999646038015683,mcv_only,3.8700598582849843,3.940056318665141,1.8474546168052608,False,0.06999646038015683,0.0,2.0926017018598806,N6_missing_benefit_without_harmful_presence,S1_no_training_signal,[373],[],"[""N5_multi_statistic_interaction"", ""N6_missing_test_useful""]","{""candidate"": ""mcv:373"", ""qerror_without"": 3.9748364895925743, ""attribution"": 0.03478017092743313, ""change_kind"": ""mcv_winner_replacement"", ""trace_without"": {""mcv"": [1241], ""fd"": [], ""rows"": 25443.562336413583}}","{""candidate"": ""mcv:1269"", ""qerror_with_add"": 2.2095094384312044, ""gain"": 1.7305468802339368, ""useful"": true}"
8,339,query.340,neutral,0.0,no_extstat_consumption,1.6476955717554587,1.6476955717554587,1.005562962422504,False,0.0,0.0,0.6421326093329547,,S1_no_training_signal,[],[],"[""N6_missing_test_useful""]",null,"{""candidate"": ""mcv:1784"", ""qerror_with_add"": 1.005562962422504, ""gain"": 0.6421326093329547, ""useful"": true}"
8,353,query.354,negative,-0.008547800811299133,mcv_only,1.3943704464733595,1.4029182472846586,1.0156478454065212,False,0.008547800811299133,0.008547800811299133,0.38727040187813744,mcv_winner_replacement,S1_no_training_signal,"[120, 191, 1384]",[],"[""N1_mcv_winner_replacement"", ""N2_harmful_mcv_correction"", ""N6_missing_test_useful""]","{""candidate"": ""mcv:120"", ""qerror_without"": 1.370450255409689, ""attribution"": -0.03246799187496974, ""change_kind"": ""mcv_winner_replacement"", ""trace_without"": {""mcv"": [191, 251], ""fd"": [], ""rows"": 922659.7458053393}}","{""candidate"": ""mcv:35"", ""qerror_with_add"": 1.3704502651798955, ""gain"": 0.03246798210476309, ""useful"": true}"
8,358,query.359,positive,0.08219792789199554,mcv_fd_composed,2.7532226374738324,2.671024709581837,1.3047979782566077,True,0.0,0.0,1.3662267313252292,,S1_no_training_signal,"[40, 85, 1052]",[467],"[""N2_harmful_mcv_correction"", ""N6_missing_test_useful""]","{""candidate"": ""mcv:1052"", ""qerror_without"": 2.0434264858381255, ""attribution"": -0.6275982237437114, ""change_kind"": ""mcv_consumption_removal"", ""trace_without"": {""mcv"": [40, 85], ""fd"": [467], ""rows"": 33545.615893240494}}","{""candidate"": ""mcv:221"", ""qerror_with_add"": 1.430194163285785, ""gain"": 1.2408305462960518, ""useful"": true}"
8,359,query.360,positive,0.28883840442021147,mcv_only,1.6489575712892384,1.360119166869027,1.349283566604505,True,0.0,0.0,0.010835600264521794,,,"[29, 1000]",[],[],"{""candidate"": ""mcv:1000"", ""qerror_without"": 1.3613316992501956, ""attribution"": 0.001212532381168696, ""change_kind"": ""mcv_consumption_removal"", ""trace_without"": {""mcv"": [29], ""fd"": [], ""rows"": 467282.55109442666}}","{""candidate"": ""mcv:1173"", ""qerror_with_add"": 1.360119166869027, ""gain"": 0.0, ""useful"": false}"
8,360,query.361,positive,0.19452917705684847,mcv_only,4.409735916266321,4.2152067392094725,1.0601396704741486,False,0.0,0.0,3.155067068735324,,S1_no_training_signal,"[285, 1258]",[],"[""N2_harmful_mcv_correction"", ""N6_missing_test_useful""]","{""candidate"": ""mcv:1258"", ""qerror_without"": 4.177053251985347, ""attribution"": -0.03815348722412537, ""change_kind"": ""mcv_consumption_removal"", ""trace_without"": {""mcv"": [285], ""fd"": [], ""rows"": 50588.291934794535}}","{""candidate"": ""mcv:479"", ""qerror_with_add"": 4.155520311097195, ""gain"": 0.05968642811227731, ""useful"": true}"
8,371,query.372,positive,1.3951828039293441,mcv_only,3.6822074211072833,2.287024617177939,2.2619384223340417,False,0.0,0.0,0.025086194843897403,,S1_no_training_signal,"[385, 1281]",[],"[""N6_missing_test_useful""]","{""candidate"": ""mcv:1281"", ""qerror_without"": 2.8130606407827217, ""attribution"": 0.5260360236047825, ""change_kind"": ""mcv_consumption_removal"", ""trace_without"": {""mcv"": [385], ""fd"": [], ""rows"": 110722.46203456714}}","{""candidate"": ""mcv:781"", ""qerror_with_add"": 2.272711495085825, ""gain"": 0.014313122092114217, ""useful"": true}"
8,373,query.374,positive,51.640958016424314,mcv_fd_composed,64.04186277967081,12.400904763246494,11.946492108345211,False,0.0,0.0,0.454412654901283,,S1_no_training_signal,[385],[355],"[""N3_fd_harmful_correction"", ""N6_missing_test_useful""]","{""candidate"": ""fd:355"", ""qerror_without"": 12.383767995742103, ""attribution"": -0.017136767504391415, ""change_kind"": ""fd_control_change"", ""trace_without"": {""mcv"": [385], ""fd"": [85], ""rows"": 21089.5568967488}}","{""candidate"": ""mcv:1351"", ""qerror_with_add"": 12.085266442771841, ""gain"": 0.3156383204746529, ""useful"": true}"
8,383,query.384,negative,-0.021691452859731175,mcv_only,1.187743529414538,1.2094349822742692,1.0607452421117054,False,0.021691452859731175,0.021691452859731175,0.14868974016256375,mcv_winner_replacement,,"[173, 251]",[],"[""N1_mcv_winner_replacement""]","{""candidate"": ""mcv:173"", ""qerror_without"": 1.1306428582577304, ""attribution"": -0.07879212401653879, ""change_kind"": ""mcv_winner_replacement"", ""trace_without"": {""mcv"": [251, 488], ""fd"": [], ""rows"": 436156.7890015021}}","{""candidate"": ""mcv:1234"", ""qerror_with_add"": 1.2094349822742692, ""gain"": 0.0, ""useful"": false}"
8,388,query.389,negative,-0.0032080449390106125,fd_only,1.1830684326358198,1.1862764775748305,1.0734839774427767,False,0.0032080449390106125,0.0032080449390106125,0.11279250013205377,fd_control_change,S1_no_training_signal,[],[353],"[""N3_fd_harmful_correction"", ""N6_missing_test_useful""]","{""candidate"": ""fd:353"", ""qerror_without"": 1.1830684326358198, ""attribution"": -0.0032080449390106125, ""change_kind"": ""fd_control_change"", ""trace_without"": {""mcv"": [], ""fd"": [], ""rows"": 356651.35890769213}}","{""candidate"": ""mcv:1563"", ""qerror_with_add"": 1.0763948301846982, ""gain"": 0.10988164739013229, ""useful"": true}"
8,393,query.394,negative,-0.029705337106057605,mcv_only,2.464829260813626,2.494534597919684,1.4631412735263063,True,0.029705337106057605,0.0,1.0313933243933775,N6_missing_benefit_without_harmful_presence,S1_no_training_signal,[424],[],"[""N5_multi_statistic_interaction"", ""N6_missing_test_useful""]","{""candidate"": ""mcv:424"", ""qerror_without"": 2.572459637545533, ""attribution"": 0.07792503962584929, ""change_kind"": ""mcv_winner_replacement"", ""trace_without"": {""mcv"": [425], ""fd"": [], ""rows"": 234474.81592967216}}","{""candidate"": ""mcv:1827"", ""qerror_with_add"": 1.9750764158757412, ""gain"": 0.5194581820439426, ""useful"": true}"
8,403,query.404,negative,-0.04170826950569029,mcv_only,1.1797785926277689,1.2214868621334591,1.0021697373714564,False,0.04170826950569029,0.0,0.2193171247620027,N6_missing_benefit_without_harmful_presence,S2_positive_signal_budget_pressure,[285],[],"[""N5_multi_statistic_interaction"", ""N6_missing_test_useful"", ""N7_budget_displacement""]","{""candidate"": ""mcv:285"", ""qerror_without"": 1.2491459512534349, ""attribution"": 0.02765908911997572, ""change_kind"": ""mcv_winner_replacement"", ""trace_without"": {""mcv"": [469], ""fd"": [], ""rows"": 150899.90069683755}}","{""candidate"": ""mcv:1263"", ""qerror_with_add"": 1.0388129801331136, ""gain"": 0.1826738820003455, ""useful"": true}"
8,415,query.416,neutral,0.0,no_extstat_consumption,1.0011403947650737,1.0011403947650737,1.0011283243419706,False,0.0,0.0,1.207042310302775e-05,,S1_no_training_signal,[],[],"[""N6_missing_test_useful""]",null,"{""candidate"": ""fd:236"", ""qerror_with_add"": 1.0011283243419706, ""gain"": 1.207042310302775e-05, ""useful"": true}"
8,416,query.417,neutral,0.0,no_extstat_consumption,1.4141433095348512,1.4141433095348512,1.179052645729448,False,0.0,0.0,0.23509066380540333,,S2_positive_signal_budget_pressure,[],[],"[""N6_missing_test_useful"", ""N7_budget_displacement""]",null,"{""candidate"": ""mcv:648"", ""qerror_with_add"": 1.1828234104220248, ""gain"": 0.23131989911282647, ""useful"": true}"
8,425,query.426,negative,-0.0029677413407265263,mcv_only,1.0177774763094243,1.0207452176501508,1.0026938213124998,True,0.0029677413407265263,0.002613426272628061,0.01805139633765096,mcv_consumption_removal,S2_positive_signal_budget_pressure,[373],[],"[""N4_mcv_to_fd_suppression"", ""N5_multi_statistic_interaction"", ""N6_missing_test_useful"", ""N7_budget_displacement""]","{""candidate"": ""mcv:373"", ""qerror_without"": 1.0181317913775227, ""attribution"": -0.002613426272628061, ""change_kind"": ""mcv_consumption_removal"", ""trace_without"": {""mcv"": [], ""fd"": [422], ""rows"": 469643.8327266237}}","{""candidate"": ""mcv:417"", ""qerror_with_add"": 1.0056175801643763, ""gain"": 0.015127637485774503, ""useful"": true}"
8,426,query.427,negative,-0.09718971926979436,mcv_only,1.1140950712208577,1.211284790490652,1.0249610881316076,False,0.09718971926979436,0.09718971926979436,0.1863237023590445,mcv_consumption_removal,,[941],[],"[""N2_harmful_mcv_correction""]","{""candidate"": ""mcv:941"", ""qerror_without"": 1.1140950712208577, ""attribution"": -0.09718971926979436, ""change_kind"": ""mcv_consumption_removal"", ""trace_without"": {""mcv"": [], ""fd"": [], ""rows"": 379998.8891772238}}","{""candidate"": ""mcv:1156"", ""qerror_with_add"": 1.211284790490652, ""gain"": 0.0, ""useful"": false}"
8,427,query.428,positive,0.5171417051292031,mcv_only,3.0544137635497837,2.5372720584205806,1.8064311435490925,False,0.0,0.0,0.7308409148714881,,S1_no_training_signal,[1415],[],"[""N6_missing_test_useful""]","{""candidate"": ""mcv:1415"", ""qerror_without"": 3.0544137635497837, ""attribution"": 0.5171417051292031, ""change_kind"": ""mcv_consumption_removal"", ""trace_without"": {""mcv"": [], ""fd"": [], ""rows"": 23791.79954831799}}","{""candidate"": ""mcv:1313"", ""qerror_with_add"": 1.8259730801885303, ""gain"": 0.7112989782320502, ""useful"": true}"
8,444,query.445,positive,0.05302360653678262,mcv_fd_composed,2.1596103328461016,2.106586726309319,1.4380628284989616,False,0.0,0.0,0.6685238978103574,,S1_no_training_signal,"[399, 544]",[0],"[""N6_missing_test_useful""]","{""candidate"": ""mcv:399"", ""qerror_without"": 2.1596103116532213, ""attribution"": 0.05302358534390228, ""change_kind"": ""mcv_winner_replacement"", ""trace_without"": {""mcv"": [544, 1865], ""fd"": [], ""rows"": 58925.445629393755}}","{""candidate"": ""mcv:1279"", ""qerror_with_add"": 1.4563940322392197, ""gain"": 0.6501926940700993, ""useful"": true}"
8,447,query.448,positive,0.9507707625490394,mcv_only,2.790606669463446,1.8398359069144066,1.5612077565766722,False,0.0,0.0,0.27862815033773436,,S1_no_training_signal,"[385, 1003]",[],"[""N1_mcv_winner_replacement"", ""N6_missing_test_useful""]","{""candidate"": ""mcv:1003"", ""qerror_without"": 1.806501351084942, ""attribution"": -0.03333455582946465, ""change_kind"": ""mcv_winner_replacement"", ""trace_without"": {""mcv"": [385, 1174], ""fd"": [], ""rows"": 7618.593803837604}}","{""candidate"": ""mcv:1023"", ""qerror_with_add"": 1.712704392012087, ""gain"": 0.12713151490231955, ""useful"": true}"
8,463,query.464,neutral,0.0,no_extstat_consumption,1.6257160114104519,1.6257160114104519,1.200818054217418,False,0.0,0.0,0.4248979571930338,,S1_no_training_signal,[],[],"[""N6_missing_test_useful""]",null,"{""candidate"": ""mcv:1325"", ""qerror_with_add"": 1.2427243482444783, ""gain"": 0.38299166316597355, ""useful"": true}"
9,1,query.2,negative,-1.367794322248983e-09,mcv_only,1.1079295631428598,1.1079295645106542,1.0609984436776159,True,1.367794322248983e-09,0.0,0.0469311208330383,N6_missing_benefit_without_harmful_presence,S1_no_training_signal,[145],[],"[""N5_multi_statistic_interaction"", ""N6_missing_test_useful""]","{""candidate"": ""mcv:145"", ""qerror_without"": 1.1111621495602755, ""attribution"": 0.003232585049621317, ""change_kind"": ""mcv_consumption_removal"", ""trace_without"": {""mcv"": [], ""fd"": [52, 313], ""rows"": 1299721.9216920559}}","{""candidate"": ""mcv:144"", ""qerror_with_add"": 1.0623521112128416, ""gain"": 0.0455774532978126, ""useful"": true}"
9,2,query.3,positive,0.34693884669340824,mcv_only,1.4888443444551684,1.1419054977617602,1.0673902379556242,False,0.0,0.0,0.07451525980613605,,S1_no_training_signal,[832],[],"[""N6_missing_test_useful""]","{""candidate"": ""mcv:832"", ""qerror_without"": 1.4888443444551684, ""attribution"": 0.34693884669340824, ""change_kind"": ""mcv_consumption_removal"", ""trace_without"": {""mcv"": [], ""fd"": [], ""rows"": 103169.28063840675}}","{""candidate"": ""fd:227"", ""qerror_with_add"": 1.0587636240147786, ""gain"": 0.08314187374698156, ""useful"": true}"
9,3,query.4,positive,0.3044631371963371,mcv_only,1.4125998906119643,1.1081367534156272,1.0944795706550003,False,0.0,0.0,0.013657182760626885,,S1_no_training_signal,[623],[],"[""N6_missing_test_useful""]","{""candidate"": ""mcv:623"", ""qerror_without"": 1.4125998906119643, ""attribution"": 0.3044631371963371, ""change_kind"": ""mcv_consumption_removal"", ""trace_without"": {""mcv"": [], ""fd"": [], ""rows"": 250043.20214620893}}","{""candidate"": ""mcv:1538"", ""qerror_with_add"": 1.0944795706550003, ""gain"": 0.013657182760626885, ""useful"": true}"
9,4,query.5,negative,-0.0005704677392524005,mcv_only,1.435978114586357,1.4365485823256094,1.08040907264989,False,0.0005704677392524005,0.0,0.3561395096757194,N6_missing_benefit_without_harmful_presence,S2_positive_signal_budget_pressure,[420],[],"[""N5_multi_statistic_interaction"", ""N6_missing_test_useful"", ""N7_budget_displacement""]","{""candidate"": ""mcv:420"", ""qerror_without"": 1.4418552607489799, ""attribution"": 0.005306678423370403, ""change_kind"": ""mcv_winner_replacement"", ""trace_without"": {""mcv"": [1197], ""fd"": [], ""rows"": 373638.04670470837}}","{""candidate"": ""mcv:1018"", ""qerror_with_add"": 1.0866885934928416, ""gain"": 0.3498599888327678, ""useful"": true}"
9,8,query.9,neutral,0.0,no_extstat_consumption,1.0051890554009093,1.0051890554009093,1.0011953001753253,False,0.0,0.0,0.003993755225583984,,S1_no_training_signal,[],[],"[""N6_missing_test_useful""]",null,"{""candidate"": ""mcv:785"", ""qerror_with_add"": 1.0011953001753253, ""gain"": 0.003993755225583984, ""useful"": true}"
9,12,query.13,positive,1.2355116769207728,mcv_only,2.8819149052315103,1.6464032283107375,1.7778412384225517,False,0.0,0.0,0.0,,S2_positive_signal_budget_pressure,"[182, 841]",[],"[""N6_missing_test_useful"", ""N7_budget_displacement""]","{""candidate"": ""mcv:182"", ""qerror_without"": 2.1058152706995106, ""attribution"": 0.4594120423887731, ""change_kind"": ""mcv_consumption_removal"", ""trace_without"": {""mcv"": [841], ""fd"": [], ""rows"": 128864.57980231945}}","{""candidate"": ""mcv:1298"", ""qerror_with_add"": 1.6418263892670364, ""gain"": 0.0045768390437010975, ""useful"": true}"
9,20,query.21,negative,-0.050487079585963324,mcv_only,1.2914954919730355,1.3419825715589988,1.1375012027198763,False,0.050487079585963324,0.050487079585963324,0.2044813688391225,mcv_winner_replacement,,[50],[],"[""N1_mcv_winner_replacement""]","{""candidate"": ""mcv:50"", ""qerror_without"": 1.2210271325531146, ""attribution"": -0.12095543900588424, ""change_kind"": ""mcv_winner_replacement"", ""trace_without"": {""mcv"": [1561], ""fd"": [], ""rows"": 375275.36302740447}}","{""candidate"": ""mcv:705"", ""qerror_with_add"": 1.3419825715589988, ""gain"": 0.0, ""useful"": false}"
9,22,query.23,positive,0.0020697640756699442,mcv_only,1.140252772406969,1.1381830083312992,1.0283450524208344,False,0.0,0.0,0.10983795591046475,,,"[404, 969]",[],"[""N2_harmful_mcv_correction""]","{""candidate"": ""mcv:404"", ""qerror_without"": 1.1381830071190806, ""attribution"": -1.212218547763655e-09, ""change_kind"": ""mcv_consumption_removal"", ""trace_without"": {""mcv"": [969], ""fd"": [], ""rows"": 467479.3040064534}}","{""candidate"": ""mcv:1086"", ""qerror_with_add"": 1.1381830083312992, ""gain"": 0.0, ""useful"": false}"
9,26,query.27,positive,0.8348510147056629,mcv_only,9.792400727718997,8.957549713013334,1.9488556885826764,False,0.0,0.0,7.008694024430658,,S1_no_training_signal,[482],[],"[""N6_missing_test_useful""]","{""candidate"": ""mcv:482"", ""qerror_without"": 9.792400727718997, ""attribution"": 0.8348510147056629, ""change_kind"": ""mcv_consumption_removal"", ""trace_without"": {""mcv"": [], ""fd"": [], ""rows"": 71200.54569124483}}","{""candidate"": ""mcv:360"", ""qerror_with_add"": 8.937079247664848, ""gain"": 0.0204704653484864, ""useful"": true}"
9,28,query.29,negative,-0.02307639222354907,fd_only,1.0072189013134303,1.0302952935369794,1.0052166619309144,False,0.02307639222354907,0.015671468483985818,0.02507863160606494,fd_control_change,S1_no_training_signal,[],"[195, 22]","[""N3_fd_harmful_correction"", ""N5_multi_statistic_interaction"", ""N6_missing_test_useful""]","{""candidate"": ""fd:22"", ""qerror_without"": 1.0146238250529935, ""attribution"": -0.015671468483985818, ""change_kind"": ""fd_control_change"", ""trace_without"": {""mcv"": [], ""fd"": [195], ""rows"": 1263916.898868514}}","{""candidate"": ""mcv:1594"", ""qerror_with_add"": 1.0131782057767589, ""gain"": 0.017117087760220473, ""useful"": true}"
9,32,query.33,negative,-0.007061367958944853,mcv_only,1.0132712793166891,1.020332647275634,1.0028702062240058,False,0.007061367958944853,0.007061367958944853,0.017462441051628197,mcv_consumption_removal,,[112],[],"[""N2_harmful_mcv_correction""]","{""candidate"": ""mcv:112"", ""qerror_without"": 1.0132712793166891, ""attribution"": -0.007061367958944853, ""change_kind"": ""mcv_consumption_removal"", ""trace_without"": {""mcv"": [], ""fd"": [], ""rows"": 770671.8430801288}}","{""candidate"": ""mcv:1139"", ""qerror_with_add"": 1.020332647275634, ""gain"": 0.0, ""useful"": false}"
9,35,query.36,neutral,0.0,no_extstat_consumption,1.1553371410467075,1.1553371410467075,1.108922869390759,False,0.0,0.0,0.04641427165594858,,S1_no_training_signal,[],[],"[""N6_missing_test_useful""]",null,"{""candidate"": ""mcv:825"", ""qerror_with_add"": 1.1279861712945167, ""gain"": 0.027350969752190757, ""useful"": true}"
9,41,query.42,positive,0.3455992930522811,mcv_only,1.479871054306232,1.1342717612539508,1.032857806252845,True,0.0,0.0,0.10141395500110573,,S2_positive_signal_budget_pressure,[1713],[],"[""N6_missing_test_useful"", ""N7_budget_displacement""]","{""candidate"": ""mcv:1713"", ""qerror_without"": 1.4363500226645092, ""attribution"": 0.3020782614105584, ""change_kind"": ""mcv_consumption_removal"", ""trace_without"": {""mcv"": [], ""fd"": [133], ""rows"": 490997.31184724264}}","{""candidate"": ""mcv:1292"", ""qerror_with_add"": 1.0369512456790422, ""gain"": 0.09732051557490862, ""useful"": true}"
9,42,query.43,negative,-0.00020809020709422477,fd_only,1.0247449359575773,1.0249530261646715,1.008712082524676,False,0.00020809020709422477,0.00020809020709422477,0.01624094363999551,fd_control_change,S1_no_training_signal,[],[426],"[""N3_fd_harmful_correction"", ""N6_missing_test_useful""]","{""candidate"": ""fd:426"", ""qerror_without"": 1.0247449359575773, ""attribution"": -0.00020809020709422477, ""change_kind"": ""fd_control_change"", ""trace_without"": {""mcv"": [], ""fd"": [], ""rows"": 963236.6706665957}}","{""candidate"": ""mcv:309"", ""qerror_with_add"": 1.0166614115131651, ""gain"": 0.008291614651506407, ""useful"": true}"
9,43,query.44,negative,-0.06286981031701888,mcv_only,1.0443159589773674,1.1071857692943863,1.0297625015848202,False,0.06286981031701888,0.06286981031701888,0.07742326770956609,mcv_consumption_removal,S1_no_training_signal,"[413, 1652]",[],"[""N2_harmful_mcv_correction"", ""N6_missing_test_useful""]","{""candidate"": ""mcv:1652"", ""qerror_without"": 1.0443159589773674, ""attribution"": -0.06286981031701888, ""change_kind"": ""mcv_consumption_removal"", ""trace_without"": {""mcv"": [413], ""fd"": [], ""rows"": 889895.43060324}}","{""candidate"": ""mcv:565"", ""qerror_with_add"": 1.0365317161005958, ""gain"": 0.07065405319379048, ""useful"": true}"
9,44,query.45,neutral,0.0,no_extstat_consumption,1.0167340553089397,1.0167340553089397,1.0026241834071825,False,0.0,0.0,0.014109871901757165,,S1_no_training_signal,[],[],"[""N6_missing_test_useful""]",null,"{""candidate"": ""mcv:229"", ""qerror_with_add"": 1.0026241834071825, ""gain"": 0.014109871901757165, ""useful"": true}"
9,47,query.48,neutral,0.0,no_extstat_consumption,2.418887934006248,2.418887934006248,1.503451237800211,False,0.0,0.0,0.9154366962060372,,S1_no_training_signal,[],[],"[""N6_missing_test_useful""]",null,"{""candidate"": ""mcv:464"", ""qerror_with_add"": 1.7333620344227378, ""gain"": 0.6855258995835103, ""useful"": true}"
9,52,query.53,negative,-1.8779987565054057e-08,mcv_only,1.0095864158805332,1.0095864346605208,1.0047072258455236,False,1.8779987565054057e-08,1.8779987565054057e-08,0.004879208814997149,mcv_consumption_removal,S1_no_training_signal,[753],[],"[""N2_harmful_mcv_correction"", ""N6_missing_test_useful""]","{""candidate"": ""mcv:753"", ""qerror_without"": 1.0095864158805332, ""attribution"": -1.8779987565054057e-08, ""change_kind"": ""mcv_consumption_removal"", ""trace_without"": {""mcv"": [], ""fd"": [], ""rows"": 1217704.578822978}}","{""candidate"": ""mcv:655"", ""qerror_with_add"": 1.0047072258455236, ""gain"": 0.004879208814997149, ""useful"": true}"
9,56,query.57,neutral,0.0,no_extstat_consumption,1.032075631264293,1.032075631264293,1.000909285376557,False,0.0,0.0,0.031166345887735813,,S1_no_training_signal,[],[],"[""N6_missing_test_useful""]",null,"{""candidate"": ""mcv:1308"", ""qerror_with_add"": 1.0009092661081886, ""gain"": 0.03116636515610427, ""useful"": true}"
9,57,query.58,positive,0.08755190415045444,mcv_only,1.1722560903616939,1.0847041862112394,1.1687227706397307,False,0.0,0.0,0.0,,,[173],[],[],"{""candidate"": ""mcv:173"", ""qerror_without"": 1.1722560903616939, ""attribution"": 0.08755190415045444, ""change_kind"": ""mcv_consumption_removal"", ""trace_without"": {""mcv"": [], ""fd"": [], ""rows"": 133747.2257888841}}","{""candidate"": ""fd:185"", ""qerror_with_add"": 1.0847041862112394, ""gain"": 0.0, ""useful"": false}"
9,62,query.63,negative,-0.6710883001771126,mcv_only,2.3904459668649087,3.0615342670420214,1.2343611124226619,False,0.6710883001771126,0.6710883001771126,1.8271731546193595,mcv_consumption_removal,,[404],[],"[""N2_harmful_mcv_correction""]","{""candidate"": ""mcv:404"", ""qerror_without"": 2.3904459668649087, ""attribution"": -0.6710883001771126, ""change_kind"": ""mcv_consumption_removal"", ""trace_without"": {""mcv"": [], ""fd"": [], ""rows"": 300402.56376397936}}","{""candidate"": ""mcv:661"", ""qerror_with_add"": 3.0615342670420214, ""gain"": 0.0, ""useful"": false}"
9,67,query.68,negative,-0.7130192417389218,mcv_only,2.3169397304707293,3.029958972209651,1.3364422597211834,True,0.7130192417389218,0.7030148093851856,1.6935167124884678,mcv_consumption_removal,,[79],[],"[""N4_mcv_to_fd_suppression"", ""N5_multi_statistic_interaction""]","{""candidate"": ""mcv:79"", ""qerror_without"": 2.3269441628244656, ""attribution"": -0.7030148093851856, ""change_kind"": ""mcv_consumption_removal"", ""trace_without"": {""mcv"": [], ""fd"": [13], ""rows"": 321739.58856125036}}","{""candidate"": ""mcv:1473"", ""qerror_with_add"": 3.029958972209651, ""gain"": 0.0, ""useful"": false}"
9,68,query.69,neutral,0.0,no_extstat_consumption,1.3094300552322364,1.3094300552322364,1.1058369537529396,False,0.0,0.0,0.20359310147929688,,S1_no_training_signal,[],[],"[""N6_missing_test_useful""]",null,"{""candidate"": ""mcv:1730"", ""qerror_with_add"": 1.1970809570829375, ""gain"": 0.11234909814929894, ""useful"": true}"
9,70,query.71,positive,0.44559839749721575,mcv_fd_composed,2.1435886379542812,1.6979902404570655,1.3266035981242765,False,0.0,0.0,0.37138664233278895,,,[14],[57],[],"{""candidate"": ""fd:57"", ""qerror_without"": 1.700404692711084, ""attribution"": 0.0024144522540185953, ""change_kind"": ""fd_control_change"", ""trace_without"": {""mcv"": [14], ""fd"": [], ""rows"": 210992.7134039962}}","{""candidate"": ""mcv:98"", ""qerror_with_add"": 1.6979902404570655, ""gain"": 0.0, ""useful"": false}"
9,71,query.72,positive,5.918835731028399,mcv_only,7.511368534404937,1.592532803376538,1.5877110629608078,False,0.0,0.0,0.004821740415730247,,S1_no_training_signal,[973],[],"[""N6_missing_test_useful""]","{""candidate"": ""mcv:973"", ""qerror_without"": 7.511368534404937, ""attribution"": 5.918835731028399, ""change_kind"": ""mcv_consumption_removal"", ""trace_without"": {""mcv"": [], ""fd"": [], ""rows"": 30638.87225183774}}","{""candidate"": ""fd:554"", ""qerror_with_add"": 1.587711109389752, ""gain"": 0.004821693986786002, ""useful"": true}"
9,80,query.81,positive,3.8842286266909807,mcv_only,7.137764392885996,3.2535357661950157,1.6544311021162226,False,0.0,0.0,1.5991046640787931,,S1_no_training_signal,"[126, 633]",[],"[""N2_harmful_mcv_correction"", ""N6_missing_test_useful""]","{""candidate"": ""mcv:633"", ""qerror_without"": 3.0216512739098054, ""attribution"": -0.23188449228521035, ""change_kind"": ""mcv_consumption_removal"", ""trace_without"": {""mcv"": [126], ""fd"": [], ""rows"": 19837.14061321787}}","{""candidate"": ""mcv:1072"", ""qerror_with_add"": 3.2498330345096416, ""gain"": 0.003702731685374161, ""useful"": true}"
9,86,query.87,negative,-0.3093978994597688,mcv_only,1.0680078316747157,1.3774057311344845,1.0330760244260069,True,0.3093978994597688,0.3002137143676673,0.3443297067084776,mcv_consumption_removal,S1_no_training_signal,[789],[],"[""N4_mcv_to_fd_suppression"", ""N5_multi_statistic_interaction"", ""N6_missing_test_useful""]","{""candidate"": ""mcv:789"", ""qerror_without"": 1.0771920167668172, ""attribution"": -0.3002137143676673, ""change_kind"": ""mcv_consumption_removal"", ""trace_without"": {""mcv"": [], ""fd"": [3], ""rows"": 192917.54985881958}}","{""candidate"": ""mcv:266"", ""qerror_with_add"": 1.0604754506110143, ""gain"": 0.31693028052347016, ""useful"": true}"
9,95,query.96,positive,0.4260750375300917,mcv_only,1.7361492145166297,1.310074176986538,1.310074176986538,False,0.0,0.0,0.0,,,"[919, 1834]",[],[],"{""candidate"": ""mcv:919"", ""qerror_without"": 1.3856901942677529, ""attribution"": 0.07561601728121481, ""change_kind"": ""mcv_winner_replacement"", ""trace_without"": {""mcv"": [1463], ""fd"": [], ""rows"": 709115.2149772176}}",null
9,98,query.99,negative,-0.11004822886825227,mcv_only,2.211074151188032,2.321122380056284,1.5126832568753434,False,0.11004822886825227,0.11004822886825227,0.8084391231809407,mcv_winner_replacement,S2_positive_signal_budget_pressure,"[4, 146]",[],"[""N1_mcv_winner_replacement"", ""N6_missing_test_useful"", ""N7_budget_displacement""]","{""candidate"": ""mcv:146"", ""qerror_without"": 1.6640894970458806, ""attribution"": -0.6570328830104035, ""change_kind"": ""mcv_winner_replacement"", ""trace_without"": {""mcv"": [4, 268], ""fd"": [], ""rows"": 79267.97220592225}}","{""candidate"": ""mcv:2066"", ""qerror_with_add"": 2.1099363999796044, ""gain"": 0.21118598007667977, ""useful"": true}"
9,101,query.102,negative,-0.13358591458949376,mcv_fd_composed,1.7348445448804588,1.8684304594699526,1.0285799677064082,True,0.13358591458949376,0.13358591458949376,0.8398504917635443,mcv_consumption_removal,,"[197, 1252]",[122],"[""N2_harmful_mcv_correction"", ""N4_mcv_to_fd_suppression""]","{""candidate"": ""mcv:1252"", ""qerror_without"": 1.7340725523943181, ""attribution"": -0.13435790707563444, ""change_kind"": ""mcv_consumption_removal"", ""trace_without"": {""mcv"": [197], ""fd"": [122], ""rows"": 357852.38578581245}}","{""candidate"": ""mcv:640"", ""qerror_with_add"": 1.8684304594699526, ""gain"": 0.0, ""useful"": false}"
9,102,query.103,negative,-0.06836109598647444,mcv_fd_composed,1.0531188985850513,1.1214799945715257,1.0006858845048605,False,0.06836109598647444,0.0,0.12079411006666518,N6_missing_benefit_without_harmful_presence,S1_no_training_signal,"[79, 173]",[6],"[""N5_multi_statistic_interaction"", ""N6_missing_test_useful""]","{""candidate"": ""fd:6"", ""qerror_without"": 1.1224572319012565, ""attribution"": 0.0009772373297307624, ""change_kind"": ""fd_control_change"", ""trace_without"": {""mcv"": [79, 173], ""fd"": [], ""rows"": 148362.8910456785}}","{""candidate"": ""mcv:1977"", ""qerror_with_add"": 1.1184707548500816, ""gain"": 0.003009239721444068, ""useful"": true}"
9,103,query.104,negative,-0.0189449240805466,mcv_only,19.88045001925563,19.899394943336176,1.3683666243829655,False,0.0189449240805466,0.0189449240805466,18.53102831895321,mcv_consumption_removal,S1_no_training_signal,[422],[],"[""N2_harmful_mcv_correction"", ""N6_missing_test_useful""]","{""candidate"": ""mcv:422"", ""qerror_without"": 19.88045001925563, ""attribution"": -0.0189449240805466, ""change_kind"": ""mcv_consumption_removal"", ""trace_without"": {""mcv"": [], ""fd"": [], ""rows"": 342162.42528140865}}","{""candidate"": ""mcv:1649"", ""qerror_with_add"": 1.3720983592823308, ""gain"": 18.527296584053847, ""useful"": true}"
9,104,query.105,negative,-0.024761645721507852,mcv_only,1.0178365946733003,1.0425982403948082,1.000447597754939,True,0.024761645721507852,0.0,0.04215064263986923,N6_missing_benefit_without_harmful_presence,S1_no_training_signal,[270],[],"[""N5_multi_statistic_interaction"", ""N6_missing_test_useful""]","{""candidate"": ""mcv:270"", ""qerror_without"": 1.139139562242878, ""attribution"": 0.09654132184806974, ""change_kind"": ""mcv_winner_replacement"", ""trace_without"": {""mcv"": [271], ""fd"": [57], ""rows"": 334484.9153072967}}","{""candidate"": ""fd:155"", ""qerror_with_add"": 1.0424335987133313, ""gain"": 0.00016464168147689584, ""useful"": true}"
9,107,query.108,neutral,0.0,no_extstat_consumption,1.1340459091158797,1.1340459091158797,1.1267478357612648,False,0.0,0.0,0.0072980733546148535,,S1_no_training_signal,[],[],"[""N6_missing_test_useful""]",null,"{""candidate"": ""mcv:189"", ""qerror_with_add"": 1.1286023146159578, ""gain"": 0.005443594499921822, ""useful"": true}"
9,114,query.115,neutral,0.0,no_extstat_consumption,1.448473432991522,1.448473432991522,1.0037542022816317,False,0.0,0.0,0.4447192307098904,,S1_no_training_signal,[],[],"[""N6_missing_test_useful""]",null,"{""candidate"": ""mcv:1876"", ""qerror_with_add"": 1.0037542022816317, ""gain"": 0.4447192307098904, ""useful"": true}"
9,121,query.122,positive,0.04854647697705272,mcv_fd_composed,1.7517912127262232,1.7032447357491705,1.021270222177846,False,0.0,0.0,0.6819745135713244,,S1_no_training_signal,[846],[58],"[""N6_missing_test_useful""]","{""candidate"": ""mcv:846"", ""qerror_without"": 1.720956297030895, ""attribution"": 0.017711561281724464, ""change_kind"": ""mcv_consumption_removal"", ""trace_without"": {""mcv"": [], ""fd"": [58], ""rows"": 430743.65181668074}}","{""candidate"": ""mcv:124"", ""qerror_with_add"": 1.023595180543929, ""gain"": 0.6796495552052415, ""useful"": true}"
9,136,query.137,negative,-0.04349787483236267,mcv_only,1.1127066512284944,1.156204526060857,1.0384714170718172,False,0.04349787483236267,0.04349787483236267,0.11773310898903988,mcv_winner_replacement,,[50],[],"[""N1_mcv_winner_replacement""]","{""candidate"": ""mcv:50"", ""qerror_without"": 1.068510469205312, ""attribution"": -0.0876940568555451, ""change_kind"": ""mcv_winner_replacement"", ""trace_without"": {""mcv"": [248], ""fd"": [], ""rows"": 457496.648026354}}","{""candidate"": ""mcv:113"", ""qerror_with_add"": 1.156204526060857, ""gain"": 0.0, ""useful"": false}"
9,143,query.144,positive,0.0712537659107455,mcv_only,1.3745974657893933,1.3033436998786478,1.0878789192953604,False,0.0,0.0,0.21546478058328744,,S1_no_training_signal,"[1025, 1377]",[],"[""N6_missing_test_useful""]","{""candidate"": ""mcv:1377"", ""qerror_without"": 1.3045088436390118, ""attribution"": 0.001165143760363918, ""change_kind"": ""mcv_consumption_removal"", ""trace_without"": {""mcv"": [1025], ""fd"": [], ""rows"": 321761.7128827623}}","{""candidate"": ""mcv:2168"", ""qerror_with_add"": 1.3012201955792364, ""gain"": 0.0021235042994114384, ""useful"": true}"
9,149,query.150,positive,2.1458111625384886,mcv_only,6.538092856752774,4.392281694214286,3.650516212293459,False,0.0,0.0,0.7417654819208268,,S1_no_training_signal,[107],[],"[""N6_missing_test_useful""]","{""candidate"": ""mcv:107"", ""qerror_without"": 7.801692472563479, ""attribution"": 3.4094107783491934, ""change_kind"": ""mcv_winner_replacement"", ""trace_without"": {""mcv"": [424, 1052], ""fd"": [], ""rows"": 354251.4501016899}}","{""candidate"": ""mcv:2004"", ""qerror_with_add"": 3.723544908932315, ""gain"": 0.6687367852819706, ""useful"": true}"
9,169,query.170,negative,-2.051909789002516,mcv_only,6.751731561651183,8.803641350653699,2.6902814710724265,False,2.051909789002516,2.051909789002516,6.113359879581273,mcv_winner_replacement,,"[79, 422]",[],"[""N1_mcv_winner_replacement""]","{""candidate"": ""mcv:79"", ""qerror_without"": 4.791746076557689, ""attribution"": -4.01189527409601, ""change_kind"": ""mcv_winner_replacement"", ""trace_without"": {""mcv"": [422, 1880], ""fd"": [], ""rows"": 40279.41751954393}}","{""candidate"": ""mcv:447"", ""qerror_with_add"": 8.803641350653699, ""gain"": 0.0, ""useful"": false}"
9,171,query.172,positive,0.0004199101908808345,fd_only,1.0014355229702876,1.0010156127794068,1.0010156127794068,False,0.0,0.0,0.0,,,[],[314],[],"{""candidate"": ""fd:314"", ""qerror_without"": 1.0014355229702876, ""attribution"": 0.0004199101908808345, ""change_kind"": ""fd_control_change"", ""trace_without"": {""mcv"": [], ""fd"": [], ""rows"": 2196912.281955546}}",null
9,173,query.174,negative,-0.00014377735669302005,mcv_only,1.0428915109403865,1.0430352882970795,1.0360974574128583,False,0.00014377735669302005,0.00014377735669302005,0.0069378308842211744,mcv_consumption_removal,,[1793],[],"[""N2_harmful_mcv_correction""]","{""candidate"": ""mcv:1793"", ""qerror_without"": 1.0428915109403865, ""attribution"": -0.00014377735669302005, ""change_kind"": ""mcv_consumption_removal"", ""trace_without"": {""mcv"": [], ""fd"": [], ""rows"": 1559322.0011344673}}","{""candidate"": ""mcv:2138"", ""qerror_with_add"": 1.0430352882970795, ""gain"": 0.0, ""useful"": false}"
9,174,query.175,positive,0.015418362656461682,mcv_only,1.0497975906384582,1.0343792279819966,1.0036709538929904,True,0.0,0.0,0.030708274089006116,,,[368],[],[],"{""candidate"": ""mcv:368"", ""qerror_without"": 1.0606895953785007, ""attribution"": 0.026310367396504164, ""change_kind"": ""mcv_winner_replacement"", ""trace_without"": {""mcv"": [644], ""fd"": [99], ""rows"": 391218.38622183393}}","{""candidate"": ""mcv:557"", ""qerror_with_add"": 1.0343792279819966, ""gain"": 0.0, ""useful"": false}"
9,191,query.192,positive,0.015872005068795048,mcv_only,1.2563585799061403,1.2404865748373453,1.229608176179872,False,0.0,0.0,0.010878398657473198,,S1_no_training_signal,[362],[],"[""N6_missing_test_useful""]","{""candidate"": ""mcv:362"", ""qerror_without"": 1.2620813677852594, ""attribution"": 0.02159479294791411, ""change_kind"": ""mcv_winner_replacement"", ""trace_without"": {""mcv"": [1016], ""fd"": [], ""rows"": 685980.3354194734}}","{""candidate"": ""mcv:2214"", ""qerror_with_add"": 1.229608176179872, ""gain"": 0.010878398657473198, ""useful"": true}"
9,193,query.194,positive,0.14780204804870167,mcv_only,1.2076049551786012,1.0598029071298996,1.0019557335187954,True,0.0,0.0,0.05784717361110414,,,"[451, 530, 1663]",[],[],"{""candidate"": ""mcv:1663"", ""qerror_without"": 1.0766209399951017, ""attribution"": 0.016818032865202115, ""change_kind"": ""mcv_consumption_removal"", ""trace_without"": {""mcv"": [451, 530], ""fd"": [], ""rows"": 394016.3485147073}}","{""candidate"": ""mcv:999"", ""qerror_with_add"": 1.0598029071298996, ""gain"": 0.0, ""useful"": false}"
9,194,query.195,positive,1.9606290335934253,mcv_only,5.411919835195818,3.451290801602393,1.6247877021522124,True,0.0,0.0,1.8265030994501807,,S1_no_training_signal,"[40, 173, 420, 623, 838]",[],"[""N1_mcv_winner_replacement"", ""N2_harmful_mcv_correction"", ""N6_missing_test_useful""]","{""candidate"": ""mcv:173"", ""qerror_without"": 3.2400272784611177, ""attribution"": -0.2112635231412754, ""change_kind"": ""mcv_winner_replacement"", ""trace_without"": {""mcv"": [40, 368, 420, 623, 838], ""fd"": [], ""rows"": 1477.4524389782696}}","{""candidate"": ""mcv:172"", ""qerror_with_add"": 3.069659318052624, ""gain"": 0.38163148354976917, ""useful"": true}"
9,196,query.197,neutral,0.0,no_extstat_consumption,1.0285209727103974,1.0285209727103974,1.0021259726323692,False,0.0,0.0,0.026395000078028197,,S1_no_training_signal,[],[],"[""N6_missing_test_useful""]",null,"{""candidate"": ""mcv:1077"", ""qerror_with_add"": 1.005856620431083, ""gain"": 0.022664352279314404, ""useful"": true}"
9,203,query.204,positive,2.2481260852913465e-08,mcv_only,1.3695755155515736,1.3695754930703128,1.2117312622023373,False,0.0,0.0,0.1578442308679755,,S1_no_training_signal,[85],[],"[""N1_mcv_winner_replacement"", ""N6_missing_test_useful""]","{""candidate"": ""mcv:85"", ""qerror_without"": 1.3599736615042197, ""attribution"": -0.009601831566093066, ""change_kind"": ""mcv_winner_replacement"", ""trace_without"": {""mcv"": [225, 982], ""fd"": [], ""rows"": 440462.2066999798}}","{""candidate"": ""mcv:1104"", ""qerror_with_add"": 1.2117492175628408, ""gain"": 0.15782627550747197, ""useful"": true}"
9,210,query.211,negative,-0.32398476454527936,mcv_only,1.0604896501787224,1.3844744147240018,1.0138975686410725,False,0.32398476454527936,0.0008661139418515429,0.3705768460829293,mcv_winner_replacement,S1_no_training_signal,[226],[],"[""N1_mcv_winner_replacement"", ""N5_multi_statistic_interaction"", ""N6_missing_test_useful""]","{""candidate"": ""mcv:226"", ""qerror_without"": 1.3836083007821502, ""attribution"": -0.0008661139418515429, ""change_kind"": ""mcv_winner_replacement"", ""trace_without"": {""mcv"": [1433], ""fd"": [], ""rows"": 327321.59932433406}}","{""candidate"": ""mcv:2111"", ""qerror_with_add"": 1.3844744099511153, ""gain"": 4.772886530446385e-09, ""useful"": true}"
9,215,query.216,neutral,0.0,no_extstat_consumption,1.1020150765754246,1.1020150765754246,1.0336248286177196,False,0.0,0.0,0.06839024795770499,,S1_no_training_signal,[],[],"[""N6_missing_test_useful""]",null,"{""candidate"": ""mcv:86"", ""qerror_with_add"": 1.0343660574592222, ""gain"": 0.06764901911620247, ""useful"": true}"
9,216,query.217,positive,0.003003600396055406,mcv_only,1.0443104657763111,1.0413068653802557,1.022520067915401,False,0.0,0.0,0.018786797464854788,,,"[68, 244]",[],"[""N2_harmful_mcv_correction""]","{""candidate"": ""mcv:244"", ""qerror_without"": 1.0404671365317515, ""attribution"": -0.0008397288485042509, ""change_kind"": ""mcv_consumption_removal"", ""trace_without"": {""mcv"": [68], ""fd"": [], ""rows"": 1530554.8287746448}}","{""candidate"": ""mcv:812"", ""qerror_with_add"": 1.0413068653802557, ""gain"": 0.0, ""useful"": false}"
9,217,query.218,positive,1.606159326878874,mcv_fd_composed,3.609366495889687,2.003207169010813,1.0050048767445674,False,0.0,0.0,0.9982022922662457,,S1_no_training_signal,[389],[125],"[""N6_missing_test_useful""]","{""candidate"": ""fd:125"", ""qerror_without"": 2.005011532236831, ""attribution"": 0.0018043632260180686, ""change_kind"": ""fd_control_change"", ""trace_without"": {""mcv"": [389], ""fd"": [499], ""rows"": 12275.73986696288}}","{""candidate"": ""mcv:1389"", ""qerror_with_add"": 1.8071608038490874, ""gain"": 0.1960463651617257, ""useful"": true}"
9,231,query.232,positive,0.4410690078508306,mcv_only,1.7814080041562683,1.3403389963054377,1.3287951485089482,False,0.0,0.0,0.011543847796489537,,S1_no_training_signal,[263],[],"[""N6_missing_test_useful""]","{""candidate"": ""mcv:263"", ""qerror_without"": 1.4097198137323523, ""attribution"": 0.0693808174269146, ""change_kind"": ""mcv_winner_replacement"", ""trace_without"": {""mcv"": [1203, 1394], ""fd"": [], ""rows"": 114402.16589778278}}","{""candidate"": ""mcv:212"", ""qerror_with_add"": 1.3098878976547368, ""gain"": 0.030451098650700947, ""useful"": true}"
9,237,query.238,positive,0.001101039393006209,mcv_fd_composed,1.0579457983422795,1.0568447589492733,1.0223152161988753,False,0.0,0.0,0.03452954275039799,,S1_no_training_signal,[291],[6],"[""N6_missing_test_useful""]","{""candidate"": ""mcv:291"", ""qerror_without"": 1.0570247246778381, ""attribution"": 0.00017996572856482373, ""change_kind"": ""mcv_winner_replacement"", ""trace_without"": {""mcv"": [984], ""fd"": [6], ""rows"": 1434376.0979310123}}","{""candidate"": ""mcv:320"", ""qerror_with_add"": 1.022554563236158, ""gain"": 0.03429019571311542, ""useful"": true}"
9,251,query.252,neutral,0.0,no_extstat_consumption,2.4699035391923276,2.4699035391923276,1.0924185396635464,False,0.0,0.0,1.3774849995287812,,S1_no_training_signal,[],[],"[""N6_missing_test_useful""]",null,"{""candidate"": ""mcv:324"", ""qerror_with_add"": 1.0955635909851853, ""gain"": 1.3743399482071423, ""useful"": true}"
9,254,query.255,negative,-0.06707131079587958,mcv_only,1.856488292105951,1.9235596029018305,1.103812913140651,False,0.06707131079587958,0.0,0.8197466897611794,N8_unresolved,,[85],[],"[""N5_multi_statistic_interaction""]","{""candidate"": ""mcv:85"", ""qerror_without"": 2.0678546408987524, ""attribution"": 0.1442950379969219, ""change_kind"": ""mcv_winner_replacement"", ""trace_without"": {""mcv"": [225], ""fd"": [], ""rows"": 256039.75711265838}}","{""candidate"": ""mcv:1447"", ""qerror_with_add"": 1.9235596029018305, ""gain"": 0.0, ""useful"": false}"
9,256,query.257,positive,0.08887433702538017,fd_only,1.089711304083632,1.0008369670582518,1.0008369502804146,False,0.0,0.0,1.677783711961922e-08,,S1_no_training_signal,[],[581],"[""N6_missing_test_useful""]","{""candidate"": ""fd:581"", ""qerror_without"": 1.089711304083632, ""attribution"": 0.08887433702538017, ""change_kind"": ""fd_control_change"", ""trace_without"": {""mcv"": [], ""fd"": [], ""rows"": 507174.6965722804}}","{""candidate"": ""mcv:318"", ""qerror_with_add"": 1.0008369502804146, ""gain"": 1.677783711961922e-08, ""useful"": true}"
9,257,query.258,neutral,0.0,no_extstat_consumption,1.030104490994257,1.030104490994257,1.023732180137861,False,0.0,0.0,0.006372310856396002,,S1_no_training_signal,[],[],"[""N6_missing_test_useful""]",null,"{""candidate"": ""mcv:174"", ""qerror_with_add"": 1.0262519535110337, ""gain"": 0.0038525374832232284, ""useful"": true}"
9,259,query.260,neutral,0.0,no_extstat_consumption,1.0734970792740468,1.0734970792740468,1.0031150661180837,False,0.0,0.0,0.07038201315596315,,S1_no_training_signal,[],[],"[""N6_missing_test_useful""]",null,"{""candidate"": ""mcv:1151"", ""qerror_with_add"": 1.0031150661180837, ""gain"": 0.07038201315596315, ""useful"": true}"
9,275,query.276,neutral,0.0,no_extstat_consumption,1.15607227832965,1.15607227832965,1.0417395098973912,False,0.0,0.0,0.11433276843225881,,S1_no_training_signal,[],[],"[""N6_missing_test_useful""]",null,"{""candidate"": ""mcv:474"", ""qerror_with_add"": 1.0417395098973912, ""gain"": 0.11433276843225881, ""useful"": true}"
9,276,query.277,negative,-0.14326637006277454,mcv_only,1.1529924490834003,1.2962588191461748,1.0177943369786122,False,0.14326637006277454,0.14326637006277454,0.2784644821675626,mcv_winner_replacement,,"[4, 841]",[],"[""N1_mcv_winner_replacement""]","{""candidate"": ""mcv:841"", ""qerror_without"": 1.0357556655998972, ""attribution"": -0.2605031535462776, ""change_kind"": ""mcv_winner_replacement"", ""trace_without"": {""mcv"": [4, 1269], ""fd"": [], ""rows"": 350951.3067092068}}","{""candidate"": ""mcv:1667"", ""qerror_with_add"": 1.2962588191461748, ""gain"": 0.0, ""useful"": false}"
9,283,query.284,positive,0.005719296172176147,mcv_only,1.0073501000300729,1.0016308038578967,1.000368264196516,False,0.0,0.0,0.0012625396613807904,,S1_no_training_signal,[809],[],"[""N6_missing_test_useful""]","{""candidate"": ""mcv:809"", ""qerror_without"": 1.0073501000300729, ""attribution"": 0.005719296172176147, ""change_kind"": ""mcv_consumption_removal"", ""trace_without"": {""mcv"": [], ""fd"": [], ""rows"": 1144388.6291028163}}","{""candidate"": ""fd:94"", ""qerror_with_add"": 1.0011762171230787, ""gain"": 0.0004545867348180188, ""useful"": true}"
9,293,query.294,positive,0.1265775554299715,mcv_only,4.425506359773974,4.298928804344002,1.0057813656576953,False,0.0,0.0,3.293147438686307,,,"[753, 1044]",[],"[""N1_mcv_winner_replacement""]","{""candidate"": ""mcv:753"", ""qerror_without"": 3.1224655042971863, ""attribution"": -1.1764633000468159, ""change_kind"": ""mcv_winner_replacement"", ""trace_without"": {""mcv"": [1044, 1269], ""fd"": [], ""rows"": 79401.17530877315}}","{""candidate"": ""mcv:1399"", ""qerror_with_add"": 4.298928804344002, ""gain"": 0.0, ""useful"": false}"
9,296,query.297,positive,9.651429703399288,mcv_only,24.09887927984396,14.447449576444672,9.001499228183551,False,0.0,0.0,5.445950348261121,,S1_no_training_signal,"[65, 1004, 1415]",[],"[""N6_missing_test_useful""]","{""candidate"": ""mcv:1415"", ""qerror_without"": 15.385710385168325, ""attribution"": 0.938260808723653, ""change_kind"": ""mcv_consumption_removal"", ""trace_without"": {""mcv"": [65, 1004], ""fd"": [], ""rows"": 80590.35099751169}}","{""candidate"": ""mcv:357"", ""qerror_with_add"": 13.377521712853547, ""gain"": 1.0699278635911256, ""useful"": true}"
9,302,query.303,positive,0.2900602592708672,mcv_fd_composed,1.4929615219483394,1.2029012626774722,1.1684466490255883,False,0.0,0.0,0.03445461365188396,,S1_no_training_signal,[361],[93],"[""N6_missing_test_useful""]","{""candidate"": ""fd:93"", ""qerror_without"": 1.2032810681744304, ""attribution"": 0.00037980549695815213, ""change_kind"": ""fd_control_change"", ""trace_without"": {""mcv"": [361], ""fd"": [], ""rows"": 369583.6423942917}}","{""candidate"": ""mcv:1935"", ""qerror_with_add"": 1.1602919553481688, ""gain"": 0.04260930732930346, ""useful"": true}"
9,305,query.306,negative,-2.989422509536155e-08,mcv_only,1.0030837080629098,1.003083737957135,1.0030837080629098,False,2.989422509536155e-08,2.865586834488454e-08,2.989422509536155e-08,mcv_winner_replacement,,[85],[],"[""N1_mcv_winner_replacement"", ""N5_multi_statistic_interaction""]","{""candidate"": ""mcv:85"", ""qerror_without"": 1.0030837093012666, ""attribution"": -2.865586834488454e-08, ""change_kind"": ""mcv_winner_replacement"", ""trace_without"": {""mcv"": [145], ""fd"": [], ""rows"": 2175685.5562233194}}",null
9,309,query.310,negative,-0.19055067158519812,mcv_only,2.0921691105953713,2.2827197821805694,1.640845163980963,True,0.19055067158519812,0.19055067158519812,0.6418746181996065,mcv_consumption_removal,S1_no_training_signal,"[838, 941]",[],"[""N1_mcv_winner_replacement"", ""N4_mcv_to_fd_suppression"", ""N6_missing_test_useful""]","{""candidate"": ""mcv:941"", ""qerror_without"": 2.0306412107171328, ""attribution"": -0.2520785714634366, ""change_kind"": ""mcv_consumption_removal"", ""trace_without"": {""mcv"": [838], ""fd"": [133], ""rows"": 82871.85304417706}}","{""candidate"": ""mcv:124"", ""qerror_with_add"": 2.278672494775461, ""gain"": 0.004047287405108513, ""useful"": true}"
9,313,query.314,positive,0.038642379788756065,mcv_fd_composed,1.182296157953929,1.143653778165173,1.0788065773909554,True,0.0,0.0,0.06484720077421757,,S1_no_training_signal,[670],[313],"[""N6_missing_test_useful""]","{""candidate"": ""fd:313"", ""qerror_without"": 1.14383210384015, ""attribution"": 0.00017832567497699792, ""change_kind"": ""fd_control_change"", ""trace_without"": {""mcv"": [670], ""fd"": [], ""rows"": 82012.03628142756}}","{""candidate"": ""fd:107"", ""qerror_with_add"": 1.1331282735457497, ""gain"": 0.010525504619423254, ""useful"": true}"
9,315,query.316,positive,0.035593394276704826,mcv_only,1.060380454974687,1.024787060697982,1.0116978517641193,True,0.0,0.0,0.013089208933862784,,,[1684],[],[],"{""candidate"": ""mcv:1684"", ""qerror_without"": 1.0423520332127407, ""attribution"": 0.017564972514758637, ""change_kind"": ""mcv_consumption_removal"", ""trace_without"": {""mcv"": [], ""fd"": [191], ""rows"": 1516344.7181355588}}","{""candidate"": ""fd:599"", ""qerror_with_add"": 1.024787060697982, ""gain"": 0.0, ""useful"": false}"
9,327,query.328,positive,0.001853571101637197,mcv_only,1.0464896401796873,1.04463606907805,1.046489697825488,True,0.0,0.0,0.0,,S1_no_training_signal,[482],[],"[""N6_missing_test_useful""]","{""candidate"": ""mcv:482"", ""qerror_without"": 1.0471291715878313, ""attribution"": 0.0024931025097811865, ""change_kind"": ""mcv_consumption_removal"", ""trace_without"": {""mcv"": [], ""fd"": [188], ""rows"": 652341.5784449587}}","{""candidate"": ""mcv:493"", ""qerror_with_add"": 1.0446360115343563, ""gain"": 5.754369380994717e-08, ""useful"": true}"
9,345,query.346,positive,0.00843235308789625,mcv_fd_composed,1.1553969654942662,1.14696461240637,1.0048280796571811,False,0.0,0.0,0.1421365327491888,,S1_no_training_signal,[50],[195],"[""N6_missing_test_useful""]","{""candidate"": ""mcv:50"", ""qerror_without"": 1.1499137859704003, ""attribution"": 0.0029491735640303496, ""change_kind"": ""mcv_winner_replacement"", ""trace_without"": {""mcv"": [244], ""fd"": [195], ""rows"": 146266.61759521635}}","{""candidate"": ""mcv:324"", ""qerror_with_add"": 1.0337838688956629, ""gain"": 0.11318074351070706, ""useful"": true}"
9,346,query.347,negative,-0.0025697357897906947,mcv_only,1.3539449350824526,1.3565146708722433,1.175628880412408,False,0.0025697357897906947,0.0025697357897906947,0.18088579045983533,mcv_consumption_removal,S1_no_training_signal,[1870],[],"[""N2_harmful_mcv_correction"", ""N6_missing_test_useful""]","{""candidate"": ""mcv:1870"", ""qerror_without"": 1.3539449350824526, ""attribution"": -0.0025697357897906947, ""change_kind"": ""mcv_consumption_removal"", ""trace_without"": {""mcv"": [], ""fd"": [], ""rows"": 320118.6167812846}}","{""candidate"": ""mcv:405"", ""qerror_with_add"": 1.1809823024853836, ""gain"": 0.1755323683868597, ""useful"": true}"
9,352,query.353,positive,1.1257022366820333,mcv_only,2.731544988922082,1.6058427522400487,1.4763024993611638,True,0.0,0.0,0.12954025287888493,,S1_no_training_signal,"[482, 904]",[],"[""N6_missing_test_useful""]","{""candidate"": ""mcv:482"", ""qerror_without"": 1.8703855748320906, ""attribution"": 0.26454282259204187, ""change_kind"": ""mcv_consumption_removal"", ""trace_without"": {""mcv"": [904], ""fd"": [], ""rows"": 20661.515208418597}}","{""candidate"": ""mcv:1662"", ""qerror_with_add"": 1.5963281234906552, ""gain"": 0.009514628749393461, ""useful"": true}"
9,358,query.359,positive,1.3095289349718473,mcv_only,2.7532226374738324,1.4436937025019851,1.4407972761567711,True,0.0,0.0,0.0028964263452140315,,S1_no_training_signal,"[40, 85, 221]",[],"[""N1_mcv_winner_replacement"", ""N6_missing_test_useful""]","{""candidate"": ""mcv:85"", ""qerror_without"": 1.4335722317060315, ""attribution"": -0.010121470795953602, ""change_kind"": ""mcv_winner_replacement"", ""trace_without"": {""mcv"": [40, 221, 982], ""fd"": [], ""rows"": 47816.216360736864}}","{""candidate"": ""mcv:1730"", ""qerror_with_add"": 1.3270770363544744, ""gain"": 0.11661666614751076, ""useful"": true}"
9,360,query.361,positive,0.6386046770803135,mcv_fd_composed,4.409735916266321,3.7711312391860075,1.0317949730508165,False,0.0,0.0,2.739336266135191,,S2_positive_signal_budget_pressure,[1411],"[593, 313]","[""N3_fd_harmful_correction"", ""N6_missing_test_useful"", ""N7_budget_displacement""]","{""candidate"": ""fd:593"", ""qerror_without"": 3.7063444164311856, ""attribution"": -0.06478682275482184, ""change_kind"": ""fd_control_change"", ""trace_without"": {""mcv"": [1411], ""fd"": [313], ""rows"": 44887.53722739809}}","{""candidate"": ""mcv:1111"", ""qerror_with_add"": 1.3790903054140595, ""gain"": 2.392040933771948, ""useful"": true}"
9,362,query.363,neutral,0.0,mcv_only,1.4317574448468198,1.4317574448468198,1.3868527882531432,False,0.0,0.0,0.044904656593676595,,S2_positive_signal_budget_pressure,[523],[],"[""N6_missing_test_useful"", ""N7_budget_displacement""]","{""candidate"": ""mcv:523"", ""qerror_without"": 1.4317574448468198, ""attribution"": 0.0, ""change_kind"": ""mcv_consumption_removal"", ""trace_without"": {""mcv"": [], ""fd"": [], ""rows"": 269439.5700308333}}","{""candidate"": ""mcv:1480"", ""qerror_with_add"": 1.386852731750906, ""gain"": 0.044904713095913706, ""useful"": true}"
9,371,query.372,positive,1.011011535204125,mcv_only,3.6822074211072833,2.6711958859031584,1.9439698116525939,False,0.0,0.0,0.7272260742505645,,S1_no_training_signal,[389],[],"[""N6_missing_test_useful""]","{""candidate"": ""mcv:389"", ""qerror_without"": 3.5624127257950398, ""attribution"": 0.8912168398918814, ""change_kind"": ""mcv_winner_replacement"", ""trace_without"": {""mcv"": [670], ""fd"": [], ""rows"": 87432.03664883834}}","{""candidate"": ""mcv:12"", ""qerror_with_add"": 2.0346936763642063, ""gain"": 0.6365022095389521, ""useful"": true}"
9,372,query.373,negative,-0.3699475192031545,mcv_only,1.3257876018108206,1.695735121013975,1.0068293716593877,False,0.3699475192031545,0.3699475192031545,0.6889057493545874,mcv_winner_replacement,,[182],[],"[""N1_mcv_winner_replacement""]","{""candidate"": ""mcv:182"", ""qerror_without"": 1.2299275550124054, ""attribution"": -0.4658075660015697, ""change_kind"": ""mcv_winner_replacement"", ""trace_without"": {""mcv"": [362, 553], ""fd"": [], ""rows"": 270481.78459311335}}",null
9,376,query.377,neutral,0.0,no_extstat_consumption,1.0508367292640048,1.0508367292640048,1.0387429646589157,False,0.0,0.0,0.012093764605089152,,S1_no_training_signal,[],[],"[""N6_missing_test_useful""]",null,"{""candidate"": ""mcv:1387"", ""qerror_with_add"": 1.041330223233832, ""gain"": 0.00950650603017289, ""useful"": true}"
9,382,query.383,positive,0.7551838936448376,mcv_fd_composed,1.970848693418865,1.2156647997740273,1.0003776565654305,True,0.0,0.0,0.21528714320859677,,S1_no_training_signal,"[422, 1279]","[205, 122]","[""N2_harmful_mcv_correction"", ""N3_fd_harmful_correction"", ""N6_missing_test_useful""]","{""candidate"": ""mcv:422"", ""qerror_without"": 1.1809373397336453, ""attribution"": -0.03472746004038196, ""change_kind"": ""mcv_consumption_removal"", ""trace_without"": {""mcv"": [1279], ""fd"": [205, 122], ""rows"": 15902.502216853267}}","{""candidate"": ""mcv:1"", ""qerror_with_add"": 1.0694935844157683, ""gain"": 0.14617121535825905, ""useful"": true}"
9,391,query.392,positive,0.26753832267846245,mcv_only,1.5345061502088913,1.2669678275304288,1.1865289148595783,False,0.0,0.0,0.08043891267085046,,S1_no_training_signal,"[4, 79]",[],"[""N6_missing_test_useful""]","{""candidate"": ""mcv:79"", ""qerror_without"": 1.444510720238956, ""attribution"": 0.1775428927085272, ""change_kind"": ""mcv_winner_replacement"", ""trace_without"": {""mcv"": [4, 978], ""fd"": [], ""rows"": 179314.3382568628}}","{""candidate"": ""mcv:1436"", ""qerror_with_add"": 1.2415977593555452, ""gain"": 0.02537006817488363, ""useful"": true}"
9,393,query.394,negative,-0.029705337106057605,mcv_only,2.464829260813626,2.494534597919684,1.4631412735263063,True,0.029705337106057605,0.029705337106057605,1.0313933243933775,mcv_consumption_removal,S1_no_training_signal,[424],[],"[""N4_mcv_to_fd_suppression"", ""N6_missing_test_useful""]","{""candidate"": ""mcv:424"", ""qerror_without"": 2.4592608103130216, ""attribution"": -0.03527378760666222, ""change_kind"": ""mcv_consumption_removal"", ""trace_without"": {""mcv"": [], ""fd"": [568], ""rows"": 245267.60133392518}}","{""candidate"": ""mcv:1827"", ""qerror_with_add"": 1.9750764158757412, ""gain"": 0.5194581820439426, ""useful"": true}"
9,395,query.396,negative,-0.24092718886195774,mcv_only,1.0336168263611483,1.274544015223106,1.0046699382463598,False,0.24092718886195774,0.24092718886195774,0.26987407697674626,mcv_consumption_removal,,[1512],[],"[""N2_harmful_mcv_correction""]","{""candidate"": ""mcv:1512"", ""qerror_without"": 1.0336168263611483, ""attribution"": -0.24092718886195774, ""change_kind"": ""mcv_consumption_removal"", ""trace_without"": {""mcv"": [], ""fd"": [], ""rows"": 767342.3843071955}}","{""candidate"": ""mcv:1865"", ""qerror_with_add"": 1.274544015223106, ""gain"": 0.0, ""useful"": false}"
9,396,query.397,negative,-0.0938573325164267,mcv_only,1.0667549100201137,1.1606122425365404,1.0572675309456783,False,0.0938573325164267,0.0938573325164267,0.10334471159086212,mcv_winner_replacement,,"[291, 295]",[],"[""N1_mcv_winner_replacement"", ""N2_harmful_mcv_correction""]","{""candidate"": ""mcv:291"", ""qerror_without"": 1.066754895328342, ""attribution"": -0.0938573472081985, ""change_kind"": ""mcv_winner_replacement"", ""trace_without"": {""mcv"": [294], ""fd"": [], ""rows"": 662383.6488535744}}","{""candidate"": ""fd:330"", ""qerror_with_add"": 1.1606122425365404, ""gain"": 0.0, ""useful"": false}"
9,404,query.405,negative,-0.012869474610377019,fd_only,4.8636018684471765,4.8764713430575535,1.069527717488554,False,0.012869474610377019,0.011333835084535338,3.8069436255689997,fd_control_change,S1_no_training_signal,[],[43],"[""N3_fd_harmful_correction"", ""N5_multi_statistic_interaction"", ""N6_missing_test_useful""]","{""candidate"": ""fd:43"", ""qerror_without"": 4.865137507973018, ""attribution"": -0.011333835084535338, ""change_kind"": ""fd_control_change"", ""trace_without"": {""mcv"": [], ""fd"": [174], ""rows"": 189030.05273478365}}","{""candidate"": ""mcv:86"", ""qerror_with_add"": 1.0796229421340517, ""gain"": 3.7968484009235017, ""useful"": true}"
9,406,query.407,negative,-0.5982462060760025,mcv_only,1.184434158903129,1.7826803649791316,1.007964471271123,True,0.5982462060760025,0.48785596643538054,0.7747158937080085,mcv_consumption_removal,S2_positive_signal_budget_pressure,"[482, 1269]",[],"[""N2_harmful_mcv_correction"", ""N4_mcv_to_fd_suppression"", ""N5_multi_statistic_interaction"", ""N6_missing_test_useful"", ""N7_budget_displacement""]","{""candidate"": ""mcv:1269"", ""qerror_without"": 1.294824398543751, ""attribution"": -0.48785596643538054, ""change_kind"": ""mcv_consumption_removal"", ""trace_without"": {""mcv"": [482], ""fd"": [], ""rows"": 241984.16430242526}}","{""candidate"": ""mcv:133"", ""qerror_with_add"": 1.6278351652073908, ""gain"": 0.15484519977174083, ""useful"": true}"
9,415,query.416,neutral,0.0,no_extstat_consumption,1.0011403947650737,1.0011403947650737,1.0011283243419706,False,0.0,0.0,1.207042310302775e-05,,S1_no_training_signal,[],[],"[""N6_missing_test_useful""]",null,"{""candidate"": ""fd:236"", ""qerror_with_add"": 1.0011283243419706, ""gain"": 1.207042310302775e-05, ""useful"": true}"
9,420,query.421,negative,-0.4461516813048756,mcv_only,1.3240943221173098,1.7702460034221854,1.0060326265756105,False,0.4461516813048756,0.4461516813048756,0.7642133768465749,mcv_winner_replacement,S1_no_training_signal,[225],[],"[""N1_mcv_winner_replacement"", ""N6_missing_test_useful""]","{""candidate"": ""mcv:225"", ""qerror_without"": 1.2732093260497728, ""attribution"": -0.49703667737241264, ""change_kind"": ""mcv_winner_replacement"", ""trace_without"": {""mcv"": [619], ""fd"": [], ""rows"": 148580.9819313564}}","{""candidate"": ""mcv:217"", ""qerror_with_add"": 1.0543805073818804, ""gain"": 0.715865496040305, ""useful"": true}"
9,439,query.440,positive,0.00579641371695816,mcv_only,1.780297580545958,1.7745011668289998,1.353286831127455,False,0.0,0.0,0.42121433570154476,,,"[146, 691]",[],"[""N2_harmful_mcv_correction""]","{""candidate"": ""mcv:691"", ""qerror_without"": 1.7699574122772173, ""attribution"": -0.004543754551782575, ""change_kind"": ""mcv_consumption_removal"", ""trace_without"": {""mcv"": [146], ""fd"": [], ""rows"": 280619.6678869037}}","{""candidate"": ""mcv:474"", ""qerror_with_add"": 1.7745011668289998, ""gain"": 0.0, ""useful"": false}"
9,443,query.444,negative,-0.1652501630085239,mcv_only,1.958852210890063,2.124102373898587,1.484825303802549,False,0.1652501630085239,0.1652501630085239,0.639277070096038,mcv_consumption_removal,S1_no_training_signal,[1808],[],"[""N2_harmful_mcv_correction"", ""N6_missing_test_useful""]","{""candidate"": ""mcv:1808"", ""qerror_without"": 1.958852210890063, ""attribution"": -0.1652501630085239, ""change_kind"": ""mcv_consumption_removal"", ""trace_without"": {""mcv"": [], ""fd"": [], ""rows"": 222262.30114735023}}","{""candidate"": ""mcv:175"", ""qerror_with_add"": 1.7537795627576378, ""gain"": 0.3703228111409491, ""useful"": true}"
9,446,query.447,positive,0.025164541600968038,mcv_fd_composed,1.2502593162469327,1.2250947746459646,1.001095079824679,False,0.0,0.0,0.22399969482128568,,S2_positive_signal_budget_pressure,[420],"[219, 618]","[""N6_missing_test_useful"", ""N7_budget_displacement""]","{""candidate"": ""fd:618"", ""qerror_without"": 1.226045917301056, ""attribution"": 0.0009511426550914415, ""change_kind"": ""fd_control_change"", ""trace_without"": {""mcv"": [420], ""fd"": [219], ""rows"": 57638.950550534275}}","{""candidate"": ""mcv:1292"", ""qerror_with_add"": 1.1208511792619624, ""gain"": 0.10424359538400219, ""useful"": true}"
9,461,query.462,positive,0.003946164155900211,mcv_only,1.760931110451628,1.7569849462957279,1.726582696899619,False,0.0,0.0,0.030402249396108916,,,[253],[],[],"{""candidate"": ""mcv:253"", ""qerror_without"": 1.760931110451628, ""attribution"": 0.003946164155900211, ""change_kind"": ""mcv_consumption_removal"", ""trace_without"": {""mcv"": [], ""fd"": [], ""rows"": 736116.7493087627}}","{""candidate"": ""mcv:773"", ""qerror_with_add"": 1.7569849462957279, ""gain"": 0.0, ""useful"": false}"
9,464,query.465,positive,2072.8779217690467,mcv_only,2350.4016739302833,277.5237521612366,31.6275426047027,True,0.0,0.0,245.89620955653388,,,"[79, 188, 880]",[],"[""N1_mcv_winner_replacement"", ""N4_mcv_to_fd_suppression""]","{""candidate"": ""mcv:188"", ""qerror_without"": 32.739665193035144, ""attribution"": -244.78408696820145, ""change_kind"": ""mcv_winner_replacement"", ""trace_without"": {""mcv"": [79, 532], ""fd"": [118], ""rows"": 949.4502905980193}}","{""candidate"": ""mcv:901"", ""qerror_with_add"": 277.5237521612366, ""gain"": 0.0, ""useful"": false}"
9,467,query.468,positive,4.037711577117746,mcv_only,5.296479051153819,1.2587674740360724,1.1963671654992345,True,0.0,0.0,0.06240030853683787,,,"[4, 68]",[],[],"{""candidate"": ""mcv:68"", ""qerror_without"": 1.3002877974758507, ""attribution"": 0.041520323439778295, ""change_kind"": ""mcv_winner_replacement"", ""trace_without"": {""mcv"": [4, 1351], ""fd"": [], ""rows"": 9538.657537259825}}","{""candidate"": ""mcv:707"", ""qerror_with_add"": 1.2587674740360724, ""gain"": 0.0, ""useful"": false}"
