query,truth,zero_truth,frozen_estimate,fresh_replay_estimate,fresh_native_estimate,frozen_qerror,fresh_replay_qerror,semantic_relative_error,mcv_trace_changed,fd_trace_changed,control_class
dmv.1,1675,False,,2373.8629862902767,2373.862986290276,,1.4172316336061352,3.831285575559816e-16,False,False,unchanged
dmv.2,1425737,False,,1316513.6342972594,1316513.6342972592,,1.0829640976419077,1.768539554686436e-16,False,False,unchanged
dmv.3,91168,False,,88893.12151570356,88893.12151570355,,1.0255911643725388,1.6370125134818402e-16,False,False,unchanged
dmv.4,419998,False,,501524.6005879682,501524.6005879682,,1.1941118781231534,0.0,False,False,unchanged
dmv.5,1758632,False,,1790931.55808305,1790931.5580830497,,1.0183662972600578,1.3000532745264894e-16,False,False,unchanged
dmv.6,8323690,False,,8300442.456570681,8300442.45657068,,1.0028007595439585,1.1220155786734451e-16,False,False,unchanged
dmv.7,6618156,False,,6665970.685875352,6665970.685875349,,1.0072247746767153,4.1913891547207467e-16,False,False,unchanged
dmv.8,308248,False,,225729.74657480768,225729.74657480765,,1.3655621586313413,1.2893218948034654e-16,False,False,unchanged
dmv.9,4206687,False,,4276979.262372387,4276979.262372384,,1.0167096487978275,6.532572529464776e-16,False,False,unchanged
dmv.10,11441212,False,,11540319.208253756,11540319.208253756,,1.008662299785526,0.0,False,False,unchanged
dmv.11,80327,False,,91393.0713594778,91393.07135947776,,1.1377627866032318,4.77670189169907e-16,False,False,unchanged
dmv.12,192825,False,,157958.73023147733,157958.7302314773,,1.2207302484479878,1.842495847749859e-16,False,False,unchanged
dmv.13,1071263,False,,1195491.8856545307,1195491.8856545317,,1.115964880383744,7.79028771161905e-16,False,False,unchanged
dmv.14,246537,False,,242172.5342736096,242172.53427360958,,1.018022133432602,1.201780810694735e-16,False,False,unchanged
dmv.15,1114669,False,,1088200.3944331645,1088200.3944331645,,1.024323282459958,0.0,False,False,unchanged
dmv.16,4081573,False,,4052995.095882668,4052995.095882667,,1.0070510581536019,2.2978625746712227e-16,False,False,unchanged
dmv.17,10683907,False,,10798248.036630904,10798248.036630904,,1.010702174460233,0.0,False,False,unchanged
dmv.18,8453470,False,,8522631.156575363,8522631.156575363,,1.0081813925613226,0.0,False,False,unchanged
dmv.19,7983,False,,8393.505147026755,8393.505147026757,,1.0514224160123706,2.1671392007071081e-16,False,False,unchanged
dmv.20,460781,False,,417945.6434384332,417945.6434384332,,1.1024902573673478,0.0,False,False,unchanged
dmv.21,215180,False,,393965.262887846,393965.2628878459,,1.8308637554040617,1.4774820624233048e-16,False,False,unchanged
dmv.22,5368992,False,,5439104.506831889,5439104.506831886,,1.0130587840011476,5.136815665771859e-16,False,False,unchanged
dmv.23,3156559,False,,3139420.0906629153,3139420.0906629157,,1.0054592596218832,1.48327166756906e-16,False,False,unchanged
dmv.24,11456073,False,,11547245.397252778,11547245.397252778,,1.0079584336842806,0.0,False,False,unchanged
dmv.25,273373,False,,278494.2937577533,278494.2937577532,,1.01873372190287,2.0900845086649793e-16,False,False,unchanged
dmv.26,10074321,False,,10203403.845515942,10203403.845515942,,1.0128130566333893,0.0,False,True,fd
dmv.27,9765689,False,,9812874.562137425,9812874.562137425,,1.0048317698973852,0.0,False,False,unchanged
dmv.28,14817,False,,12244.206736187058,12244.206736187058,,1.2101233113133576,0.0,False,False,unchanged
dmv.29,368284,False,,335919.7497267391,335919.74972673925,,1.0963451845257337,5.19835415698103e-16,False,False,unchanged
dmv.30,203609,False,,410564.84628416196,410564.84628416173,,2.0164376146641945,5.670983421038487e-16,False,False,unchanged
dmv.31,2552289,False,,2515473.7919277344,2515473.791927735,,1.0146354965773872,1.8511871950408175e-16,False,False,unchanged
dmv.32,1682586,False,,1639315.7360494346,1639315.7360494358,,1.0263953203150735,7.101458203987139e-16,False,False,unchanged
dmv.33,3825880,False,,3858134.22766907,3858134.22766907,,1.0084305382471668,0.0,False,False,unchanged
dmv.34,4497812,False,,4976824.433872,4976824.433872,,1.1064989897025488,0.0,False,False,unchanged
dmv.35,11456866,False,,11551767.715641849,11551767.71564185,,1.0082833923030825,1.6124330016684921e-16,False,False,unchanged
dmv.36,56871,False,,89144.52412775854,89144.52412775856,,1.5674864892081826,1.6323958617482322e-16,False,False,unchanged
dmv.37,11532546,False,,11620352.171486221,11620352.17148622,,1.0076137716239086,1.6029162642776674e-16,False,False,unchanged
dmv.38,312977,False,,408619.3502459383,408619.3502459383,,1.3055890696311176,0.0,False,False,unchanged
dmv.39,4817978,False,,4719148.977343297,4719148.977343298,,1.020942128153017,1.9734968721834628e-16,False,False,unchanged
dmv.40,1896066,False,,1906049.4070963108,1906049.4070963105,,1.0052653267852019,1.2215351962390394e-16,False,False,unchanged
dmv.41,11541839,False,,11634950.02643168,11634950.02643168,,1.0080672608959178,0.0,False,False,unchanged
dmv.42,69760,False,,106905.92599499346,106905.92599499343,,1.532481737313553,2.722377659223183e-16,False,False,unchanged
dmv.43,10989987,False,,11088723.44036289,11088723.440362891,,1.0089842181217221,1.679765176982356e-16,False,False,unchanged
dmv.44,355313,False,,364952.4629041211,364952.4629041235,,1.0271294968214535,6.539246449966071e-15,False,False,unchanged
dmv.45,10686910,False,,10810496.492202725,10810496.492202725,,1.0115642867959704,0.0,False,False,unchanged
dmv.46,2266519,False,,2197173.214572812,2197173.2145728124,,1.031561364833346,2.11936539285673e-16,False,False,unchanged
dmv.47,2454375,False,,2501648.431157304,2501648.4311573044,,1.01926088358841,1.8614177816037746e-16,False,False,unchanged
dmv.48,6389459,False,,6427653.730665677,6427653.730665677,,1.0059777722442036,0.0,False,False,unchanged
dmv.49,6453,False,,949.3805195559762,949.3805195559761,,6.7970638401323615,1.197484416204234e-16,False,False,unchanged
dmv.50,4308157,False,,3907935.208432478,3907935.2084324798,,1.1024125964790639,4.766315329926073e-16,False,False,unchanged
dmv.51,639039,False,,809576.8891037998,809576.8891037997,,1.266866167955007,1.4379773359860406e-16,False,False,unchanged
dmv.52,1231197,False,,1053126.5264550105,1053126.5264550103,,1.169087444928771,2.2108515720101957e-16,False,False,unchanged
dmv.53,2195533,False,,1466954.7579916096,1466954.757991611,,1.496660335323414,9.523019399969843e-16,False,False,unchanged
dmv.54,768537,False,,1076965.1043357137,1076965.1043357137,,1.4013184847778488,0.0,False,False,unchanged
dmv.55,2561564,False,,2887681.2139030416,2887681.213903043,,1.1273117571542393,4.837735741733862e-16,False,False,unchanged
dmv.56,1779379,False,,1771282.6495561933,1771282.6495561933,,1.004570896940607,0.0,False,False,unchanged
dmv.57,3444378,False,,3719542.7669402314,3719542.7669402333,,1.0798880863076676,5.007726126410974e-16,False,False,unchanged
dmv.58,1341497,False,,1369821.449778557,1369821.4497785585,,1.02111406121561,1.0198291625153412e-15,False,False,unchanged
dmv.59,1068078,False,,1251142.432911505,1251142.4329115048,,1.1713961273535314,1.8609443459770988e-16,False,False,unchanged
dmv.60,2038190,False,,2109228.2353430153,2109228.2353430153,,1.0348535884009906,0.0,False,False,unchanged
dmv.61,3783379,False,,3654324.3234467637,3654324.3234467627,,1.0353156056032573,2.548549313589808e-16,False,False,unchanged
dmv.62,10059065,False,,10169190.229787074,10169190.229787074,,1.0109478594468844,0.0,False,False,unchanged
dmv.63,183266,False,,249796.13422953436,249796.13422953436,,1.363024970422961,0.0,False,False,unchanged
dmv.64,8890328,False,,8239294.278798448,8239294.278798448,,1.0790157141099825,0.0,False,False,unchanged
dmv.65,2830451,False,,2674014.6550647723,2674014.655064773,,1.0585024261699263,1.7414313209755372e-16,False,False,unchanged
dmv.66,2349408,False,,2393605.9947299864,2393605.9947299864,,1.0188123964547606,0.0,False,False,unchanged
dmv.67,5907770,False,,5903260.302221102,5903260.302221103,,1.000763933411034,1.5776410439923652e-16,False,False,unchanged
dmv.68,4302664,False,,4394184.075543369,4394184.075543369,,1.0212705606441426,0.0,False,True,fd
dmv.69,10859530,False,,10999184.305542566,10999184.305542566,,1.0128600690400567,0.0,False,False,unchanged
dmv.70,66667,False,,668.8630643841242,668.8630643841243,,99.67212057281957,1.6997027310260673e-16,False,False,unchanged
dmv.71,3278195,False,,3186290.194729782,3186290.194729782,,1.028843827665864,0.0,False,False,unchanged
dmv.72,575284,False,,597064.5500619361,597064.5500619361,,1.0378605176954967,0.0,False,False,unchanged
dmv.73,20528,False,,8465.746220416848,8465.74622041685,,2.4248305424621166,2.1486462695503411e-16,False,False,unchanged
dmv.74,9491948,False,,9611448.676217366,9611448.676217368,,1.012589689304805,1.9379442287819718e-16,False,False,unchanged
dmv.75,833451,False,,869996.7799742164,869996.7799742166,,1.0438487445263325,2.6762242000570377e-16,False,True,fd
dmv.76,108418,False,,200937.34804179682,200937.34804179682,,1.8533578191978899,0.0,False,False,unchanged
dmv.77,288287,False,,383779.9660860152,383779.9660860151,,1.3312427063517094,3.0333871518672e-16,False,False,unchanged
dmv.78,10435191,False,,10531939.386878654,10531939.386878656,,1.0092713575514483,1.7685680488738437e-16,False,False,unchanged
dmv.79,24571,False,,73387.46281539154,73387.46281539155,,2.986751162565282,1.982888448531413e-16,False,False,unchanged
dmv.80,10538624,False,,10609537.950468639,10609537.950468637,,1.0067289572593765,1.7556326749824968e-16,False,False,unchanged
dmv.81,9863828,False,,9908683.723869182,9908683.723869184,,1.0045474965570347,1.8798108821901358e-16,False,False,unchanged
dmv.82,949907,False,,1051162.6643490817,1051162.6643490817,,1.1065953449643826,0.0,False,False,unchanged
dmv.83,2503889,False,,2488469.064476055,2488469.064476055,,1.0061965550402339,0.0,False,False,unchanged
dmv.84,8719900,False,,8620092.48574718,8620092.485747179,,1.0115784737133442,2.1608180565472265e-16,False,False,unchanged
dmv.85,5818,False,,7462.008673210919,7462.0086732109185,,1.2825728211087863,1.2188336165275062e-16,False,False,unchanged
dmv.86,557621,False,,640327.4259317562,640327.425931756,,1.1483201420530362,1.818059278931182e-16,False,False,unchanged
dmv.87,635258,False,,632428.4381813838,632428.438181384,,1.0044741217310735,3.6815334288793085e-16,False,False,unchanged
dmv.88,1126687,False,,1096726.1142272344,1096726.1142272344,,1.0273184757653704,0.0,False,False,unchanged
dmv.89,321728,False,,245973.55445491188,245973.5544549121,,1.307978008908166,9.465677892480445e-16,False,False,unchanged
dmv.90,46678,False,,56697.47968804248,56697.47968804251,,1.2146510066421543,6.416473584202301e-16,False,False,unchanged
dmv.91,5314,False,,3023.7569199339755,3023.7569199339764,,1.7574163997666956,3.0078300797829576e-16,False,False,unchanged
dmv.92,10070110,False,,10185364.280086705,10185364.280086705,,1.0114451858109499,0.0,False,False,unchanged
dmv.93,2479446,False,,2759274.2390314694,2759274.2390314694,,1.1128591786356588,0.0,False,False,unchanged
dmv.94,6111074,False,,6325094.59940937,6325094.599409373,,1.0350217653082534,4.4172742082107863e-16,False,False,unchanged
dmv.95,1431338,False,,1417316.1289443942,1417316.1289443942,,1.0098932558299814,0.0,False,False,unchanged
dmv.96,1049588,False,,1047923.2987881181,1047923.2987881176,,1.0015885716195136,4.44365811740476e-16,False,False,unchanged
dmv.97,11004358,False,,11103914.897467526,11103914.897467526,,1.009047042768649,0.0,False,False,unchanged
dmv.98,11165446,False,,11258988.680773338,11258988.68077334,,1.0083778723011456,1.6543627514358764e-16,False,False,unchanged
dmv.99,5715661,False,,5699687.96429454,5699687.964294541,,1.0028024403801616,1.6339887033285158e-16,False,False,unchanged
dmv.100,4508504,False,,4591444.772098533,4591444.77209853,,1.0183965173588696,6.085160254621654e-16,False,False,unchanged
dmv.101,9640983,False,,9594785.667069932,9594785.667069934,,1.004814837405761,1.9413098049951267e-16,False,False,unchanged
dmv.102,10380182,False,,10267464.439017212,10267464.43901721,,1.0109781301559178,1.8141237890756672e-16,False,False,unchanged
dmv.103,11588121,False,,11638844.598333335,11638844.598333333,,1.0043772064800958,1.6003694640769457e-16,False,False,unchanged
dmv.104,6566717,False,,6570965.231938714,6570965.231938716,,1.0006469339151838,2.834659876417269e-16,False,False,unchanged
dmv.105,3653964,False,,3745876.9811556693,3745876.9811556702,,1.0251543203916813,2.486260438612025e-16,False,False,unchanged
dmv.106,6763491,False,,6701411.816708379,6701411.816708377,,1.009263597729786,4.1692225463302247e-16,False,False,unchanged
dmv.107,3102524,False,,3400307.03013473,3400307.0301347305,,1.0959808949535057,1.3694683544188311e-16,False,False,unchanged
dmv.108,4591736,False,,4244384.416720413,4244384.416720413,,1.081837917864184,0.0,False,False,unchanged
dmv.109,11548713,False,,11636260.554927755,11636260.554927755,,1.0075807195942748,0.0,False,False,unchanged
dmv.110,10560112,False,,10605657.439644182,10605657.439644186,,1.0043129693742057,3.5125500891031e-16,False,False,unchanged
dmv.111,4977,False,,1149.9839028706829,1149.9839028706829,,4.327886666566384,0.0,False,False,unchanged
dmv.112,678999,False,,652595.127181791,652595.127181791,,1.0404598068824589,0.0,False,False,unchanged
dmv.113,10501153,False,,10680180.749931911,10680180.749931911,,1.0170483898227092,0.0,False,False,unchanged
dmv.114,11112417,False,,11205880.164703844,11205880.164703846,,1.008410696314208,1.662203344899132e-16,False,False,unchanged
dmv.115,9151137,False,,9194039.82697301,9194039.82697301,,1.0046882509761366,0.0,False,False,unchanged
dmv.116,5555868,False,,5937730.287046613,5937730.287046614,,1.068731346217479,1.5684824496781107e-16,False,False,unchanged
dmv.117,2209337,False,,2184707.560588089,2184707.5605880893,,1.011273563499401,2.1314582130268754e-16,False,False,unchanged
dmv.118,4141930,False,,4197033.701894454,4197033.701894454,,1.0133038708752813,0.0,False,False,unchanged
dmv.119,9892,False,,3829.0335152538773,3829.033515253882,,2.583419539315296,1.1876295913181955e-15,False,False,unchanged
dmv.120,11044298,False,,11160039.287300797,11160039.287300795,,1.0104797323741896,1.669030996468349e-16,False,False,unchanged
dmv.121,10434718,False,,10479892.363069326,10479892.363069326,,1.0043292365993337,0.0,False,False,unchanged
dmv.122,1014202,False,,923653.418500156,923653.4185001564,,1.0980330713731112,3.781136500830753e-16,False,False,unchanged
dmv.123,9430505,False,,9317337.735022176,9317337.735022184,,1.0121458798850287,7.996469387299814e-16,False,False,unchanged
dmv.124,5226409,False,,5231481.728498647,5231481.728498648,,1.0009705953932513,1.7802271382160657e-16,False,False,unchanged
dmv.125,636156,False,,857711.678878584,857711.6788785838,,1.3482725603131684,1.357278030528186e-16,False,False,unchanged
dmv.126,11005785,False,,11103246.089098377,11103246.089098379,,1.0088554418515696,1.6775681042139364e-16,False,False,unchanged
dmv.127,2843779,False,,2841694.1473390223,2841694.1473390223,,1.000733665395669,0.0,False,False,unchanged
dmv.128,10514004,False,,10617331.162962157,10617331.162962155,,1.0098275750096877,1.754344025482288e-16,False,False,unchanged
dmv.129,6195136,False,,6199771.548516858,6199771.548516861,,1.0007482561346286,4.506565608074417e-16,False,False,unchanged
dmv.130,3880295,False,,3926634.7390816854,3926634.7390816854,,1.0119423237361298,0.0,False,False,unchanged
dmv.131,3677231,False,,3659039.50868252,3659039.508682519,,1.0049716575276963,2.545265150610009e-16,False,False,unchanged
dmv.132,5633107,False,,5898386.549180819,5898386.549180819,,1.0470929363104267,0.0,False,False,unchanged
dmv.133,467867,False,,445172.7081325373,445172.7081325373,,1.0509786234710194,0.0,False,False,unchanged
dmv.134,145932,False,,144206.9027855645,144206.90278556448,,1.0119626535284563,2.0181995379244134e-16,False,False,unchanged
dmv.135,2183432,False,,2133572.3934627543,2133572.3934627543,,1.0233690718393316,0.0,False,False,unchanged
dmv.136,9236,False,,18319.84669759077,18319.846697590783,,1.983526060804544,7.943251637733712e-16,False,False,unchanged
dmv.137,598219,False,,573245.8148233364,573245.8148233366,,1.0435645311852122,2.0308097995065486e-16,False,False,unchanged
dmv.138,344500,False,,352432.6543418306,352432.6543418306,,1.0230265728355024,0.0,False,False,unchanged
dmv.139,1199988,False,,1945140.7046300368,1945140.7046300375,,1.620966796859666,3.590958377967114e-16,False,False,unchanged
dmv.140,11488992,False,,11585122.828153746,11585122.828153746,,1.008367211688697,0.0,False,True,fd
dmv.141,150967,False,,180686.46240592626,180686.46240592623,,1.1968606543544367,1.6107366356727756e-16,False,False,unchanged
dmv.142,83297,False,,94286.2081892011,94286.2081892011,,1.1319280188866478,0.0,False,False,unchanged
dmv.143,9491948,False,,9611448.676217366,9611448.676217368,,1.012589689304805,1.9379442287819718e-16,False,False,unchanged
dmv.144,4738440,False,,4760617.584166735,4760617.584166736,,1.0046803555952455,1.956306210591142e-16,False,False,unchanged
dmv.145,10523891,False,,10704761.450709784,10704761.450709786,,1.0171866518486161,1.7400155601855593e-16,False,False,unchanged
dmv.146,11563337,False,,11654421.680900784,11654421.680900784,,1.0078770238124846,0.0,False,False,unchanged
dmv.147,10664464,False,,10738096.538740396,10738096.538740396,,1.0069044762812642,0.0,False,False,unchanged
dmv.148,11185430,False,,11270458.768593382,11270458.768593382,,1.0076017433923758,0.0,False,False,unchanged
dmv.149,3893117,False,,3892032.7005544435,3892032.7005544417,,1.0002785946390949,4.78579008076066e-16,False,False,unchanged
dmv.150,756268,False,,210351.89862675552,210351.89862675592,,3.59525159952042,1.937009501954861e-15,False,False,unchanged
dmv.151,10678663,False,,10722310.380557759,10722310.380557759,,1.004087345069112,0.0,False,False,unchanged
dmv.152,1107556,False,,1093079.7393594894,1093079.7393594894,,1.0132435540786744,0.0,False,False,unchanged
dmv.153,11670,False,,9305.669486320743,9305.669486320741,,1.2540741982245127,1.9547109492979052e-16,False,False,unchanged
dmv.154,5832226,False,,6130734.108845413,6130734.108845415,,1.0511825345666326,3.038208991225921e-16,False,False,unchanged
dmv.155,10398940,False,,10488258.747793319,10488258.74779332,,1.0085892165733545,1.7759336359077228e-16,False,False,unchanged
dmv.156,1085959,False,,1602046.1654902375,1602046.165490237,,1.4752363261322365,2.90666584608218e-16,False,False,unchanged
dmv.157,10521862,False,,10661875.877379779,10661875.87737978,,1.013306948654124,1.747014475363329e-16,False,False,unchanged
dmv.158,1152042,False,,1180274.9344228215,1180274.9344228222,,1.0245068620960187,5.918044267399318e-16,False,False,unchanged
dmv.159,10950436,False,,11054816.07776191,11054816.077761909,,1.0095320476519758,1.6849173574021657e-16,False,False,unchanged
dmv.160,6602534,False,,6610209.637520289,6610209.637520289,,1.0011625290411665,0.0,False,False,unchanged
dmv.161,226610,False,,462275.7963676938,462275.796367694,,2.039962033306976,3.777463239747624e-16,False,False,unchanged
dmv.162,1506007,False,,2189353.7151886667,2189353.715188667,,1.4537473698254169,2.1269349218319935e-16,False,False,unchanged
dmv.163,11511126,False,,11595012.71915087,11595012.71915087,,1.007287446871042,0.0,False,False,unchanged
dmv.164,239998,False,,384008.9407738952,384008.940773895,,1.6000505869794548,4.547367631297431e-16,False,False,unchanged
dmv.165,8108572,False,,8103428.019594681,8103428.0195946805,,1.000634790658087,1.1492945607259946e-16,False,False,unchanged
dmv.166,144500,False,,23118.902609646128,23118.902609646128,,6.250296670210845,0.0,False,False,unchanged
dmv.167,2322570,False,,2260279.040728073,2260279.0407280736,,1.0275589686713469,2.0601938031409696e-16,False,False,unchanged
dmv.168,1277805,False,,1259128.7027730034,1259128.7027730036,,1.0148327150241794,1.849140942789265e-16,False,False,unchanged
dmv.169,10909206,False,,11051027.342272623,11051027.342272623,,1.0130001525567143,0.0,False,False,unchanged
dmv.170,380519,False,,371390.22084186773,371390.2208418678,,1.0245800202747373,1.5672911575733526e-16,False,False,unchanged
dmv.171,346699,False,,220655.19200864958,220655.19200864955,,1.5712252081809595,1.3189732900367397e-16,False,False,unchanged
dmv.172,428949,False,,399606.6168519904,399606.61685199046,,1.073428171383052,1.456624051223527e-16,False,False,unchanged
dmv.173,0,True,,4.0260431684600356e-05,4.026043168460035e-05,,4.0260431684600355e+295,1.6831075312653266e-16,False,False,unchanged
dmv.174,4045754,False,,4063814.5735573596,4063814.5735573596,,1.0044640809988348,0.0,False,False,unchanged
dmv.175,893332,False,,898219.5058041041,898219.5058041039,,1.0054710967524998,2.5921352425478113e-16,False,False,unchanged
dmv.176,763041,False,,790127.5406791806,790127.540679181,,1.0354981458128472,4.4201214044583003e-16,False,False,unchanged
dmv.177,11454246,False,,11335290.912117908,11335290.912117906,,1.0104942245244826,1.6432265953048549e-16,False,False,unchanged
dmv.178,4651166,False,,4894859.74849695,4894859.74849695,,1.0523941197749016,0.0,False,False,unchanged
dmv.179,12,False,,140861.95553582607,140861.95553582654,,11738.496294652172,3.3057988264922527e-15,False,False,unchanged
dmv.180,11358534,False,,11463330.060255602,11463330.0602556,,1.009226195938279,1.6248726499544105e-16,False,False,unchanged
dmv.181,5605157,False,,5654371.734737399,5654371.7347374,,1.0087802598102782,1.6470840940540512e-16,False,False,unchanged
dmv.182,10595770,False,,10673223.981341986,10673223.981341984,,1.0073098964343306,1.7451569951938362e-16,False,False,unchanged
dmv.183,346503,False,,363720.75814770104,363720.7581477026,,1.0496900694877132,4.320916003439676e-15,False,False,unchanged
dmv.184,126074,False,,187606.36240900686,187606.36240900686,,1.4880654410029575,0.0,False,False,unchanged
dmv.185,37412,False,,27350.836708758645,27350.83670875864,,1.3678557770782727,1.3301160932772166e-16,False,False,unchanged
dmv.186,410593,False,,486390.37305582146,486390.3730558241,,1.1846046402540265,5.385272583932095e-15,False,False,unchanged
dmv.187,769393,False,,733682.9849266913,733682.9849266913,,1.048672268277936,0.0,False,False,unchanged
dmv.188,525931,False,,674771.562353588,674771.5623535881,,1.2830039726762408,1.7252553059717097e-16,False,False,unchanged
dmv.189,3760606,False,,3759828.736820674,3759828.7368206736,,1.000206728346883,1.2385172833736687e-16,False,False,unchanged
dmv.190,4853642,False,,4940958.113490672,4940958.113490672,,1.017989813317643,0.0,False,False,unchanged
dmv.191,453268,False,,718198.2305839288,718198.2305839289,,1.5844891556075629,1.6209357927863969e-16,False,False,unchanged
dmv.192,883648,False,,1402709.3442149614,1402709.3442149612,,1.5874073660721932,1.6598637815746167e-16,False,False,unchanged
dmv.193,61187,False,,38685.985082340565,38685.98508234055,,1.5816322078852978,3.7615470298595385e-16,False,False,unchanged
dmv.194,665857,False,,687801.4554471517,687801.4554471518,,1.032956709093922,1.6925716121268045e-16,False,False,unchanged
dmv.195,1248952,False,,1276421.162679037,1276421.1626790373,,1.0219937697197627,1.8240894969587409e-16,False,False,unchanged
dmv.196,12816,False,,12667.331910911393,12667.33191091139,,1.0117363380176805,1.435968849903597e-16,False,False,unchanged
dmv.197,10143660,False,,10262308.72954417,10262308.72954417,,1.011696836205489,0.0,False,False,unchanged
dmv.198,1100769,False,,1131016.7961855722,1131016.7961855726,,1.0274787863625994,4.1171916180043664e-16,False,False,unchanged
dmv.199,7399091,False,,7528243.91571916,7528243.915719158,,1.0174552408828543,2.4742093509240693e-16,False,False,unchanged
dmv.200,281872,False,,274242.56575073046,274242.5657507306,,1.0278200221339973,4.2449763955588534e-16,False,False,unchanged
dmv.201,11069520,False,,11144422.80451709,11144422.80451709,,1.00676658107281,0.0,False,False,unchanged
dmv.202,413423,False,,451725.6565474679,451725.6565474679,,1.0926476188975165,0.0,False,False,unchanged
dmv.203,581679,False,,1688710.172208889,1688710.1722088896,,2.903165100010296,4.136245179644758e-16,False,False,unchanged
dmv.204,723450,False,,669833.9781367384,669833.9781367386,,1.0800437475751887,3.4759455514861924e-16,False,False,unchanged
dmv.205,1695337,False,,1906701.575734956,1906701.5757349557,,1.124674077033036,1.2211173820639598e-16,False,False,unchanged
dmv.206,11305017,False,,11403701.63275877,11403701.632758774,,1.0087292776966872,3.2667377825463982e-16,False,False,unchanged
dmv.207,1169740,False,,1240720.8311781853,1240720.831178187,,1.060680861711308,1.3136029190623145e-15,False,True,fd
dmv.208,10579477,False,,10747114.601339782,10747114.601339784,,1.015845547122961,1.7331583576849095e-16,False,False,unchanged
dmv.209,171189,False,,106972.41906938651,106972.41906938651,,1.6003097012227059,0.0,False,False,unchanged
dmv.210,9866139,False,,9733173.37374043,9733173.373740427,,1.013661076521898,3.827415946902317e-16,False,False,unchanged
dmv.211,1789562,False,,1748065.3350625823,1748065.335062582,,1.0237386235543262,1.33193330354288e-16,False,False,unchanged
dmv.212,475755,False,,588134.6808498526,588134.6808498525,,1.2362133468904217,1.979399032526276e-16,False,False,unchanged
dmv.213,444807,False,,429323.9220458959,429323.92204589583,,1.0360638603139587,1.3557982195840664e-16,False,False,unchanged
dmv.214,9662878,False,,9172912.231878584,9172912.231878584,,1.0534144179880671,0.0,False,False,unchanged
dmv.215,642369,False,,627971.7936473973,627971.7936473974,,1.0229265175573898,1.8538304268535563e-16,False,False,unchanged
dmv.216,11359107,False,,11458928.708333332,11458928.708333336,,1.008787813014996,3.2509935206706995e-16,False,False,unchanged
dmv.217,713411,False,,745625.0574361674,745625.0574361673,,1.0451549771957083,1.5613118237633947e-16,False,False,unchanged
dmv.218,2991972,False,,3011804.7160185226,3011804.7160185226,,1.0066286435897538,0.0,False,False,unchanged
dmv.219,11381623,False,,11471381.004894001,11471381.004894003,,1.007886221929333,1.62373226766359e-16,False,False,unchanged
dmv.220,9586030,False,,9528298.28831121,9528298.28831121,,1.0060589740100405,0.0,False,False,unchanged
dmv.221,10374159,False,,10502481.557192331,10502481.557192331,,1.012369441917396,0.0,False,False,unchanged
dmv.222,711601,False,,744083.4074861151,744083.407486115,,1.0456469390657337,1.5645466711889714e-16,False,False,unchanged
dmv.223,112512,False,,143043.89502652848,143043.89502652848,,1.2713656767858403,0.0,False,False,unchanged
dmv.224,739219,False,,932364.3760814912,932364.3760814912,,1.261283024491377,0.0,False,False,unchanged
dmv.225,716188,False,,655279.5921874137,655279.5921874138,,1.092950259002063,1.7765748119565936e-16,False,False,unchanged
dmv.226,10350680,False,,10381700.76705612,10381700.767056122,,1.0029969786580322,1.7941618536546746e-16,False,False,unchanged
dmv.227,825909,False,,883100.6627604917,883100.6627604917,,1.0692469300618974,0.0,False,False,unchanged
dmv.228,5092575,False,,5146505.376426342,5146505.376426342,,1.0105900014091775,0.0,False,False,unchanged
dmv.229,10606196,False,,10637529.783256982,10637529.783256978,,1.0029542904220308,3.502025728120981e-16,False,False,unchanged
dmv.230,3914748,False,,3929106.6873114076,3929106.6873114053,,1.0036678445998075,5.925790826850521e-16,False,False,unchanged
dmv.231,11450259,False,,11538268.665386891,11538268.66538689,,1.0076862597943759,1.6143194470922825e-16,False,False,unchanged
dmv.232,5851726,False,,6042682.228402676,6042682.228402676,,1.0326324623542995,0.0,False,False,unchanged
dmv.233,11188726,False,,11287580.241666667,11287580.241666667,,1.0088351651176968,0.0,False,False,unchanged
dmv.234,251243,False,,256536.5921982517,256536.59219825166,,1.0210696106886628,1.134490413525188e-16,False,False,unchanged
dmv.235,4329178,False,,4319721.936377792,4319721.936377792,,1.0021890445175592,0.0,False,False,unchanged
dmv.236,22520,False,,13424.910451069576,13424.910451069576,,1.6774786008502431,0.0,False,False,unchanged
dmv.237,7303,False,,9930.940649552931,9930.940649552927,,1.3598439887105205,3.663277161217843e-16,False,False,unchanged
dmv.238,8119426,False,,8278563.289178081,8278563.289178083,,1.0195995738095378,2.2499618401973773e-16,False,False,unchanged
dmv.239,8351007,False,,7743221.239868648,7743221.239868648,,1.0784926248783848,0.0,False,False,unchanged
dmv.240,9618216,False,,9624127.884124193,9624127.884124191,,1.0006146549551593,1.935391104168043e-16,False,False,unchanged
dmv.241,172908,False,,100829.6704776728,100829.6704776728,,1.714852376099829,0.0,False,False,unchanged
dmv.242,10572343,False,,10645782.142935488,10645782.142935487,,1.0069463450945064,1.7496555201131967e-16,False,False,unchanged
dmv.243,295565,False,,130172.71463244884,130172.71463244886,,2.270560315458943,1.1178928909530029e-16,False,False,unchanged
dmv.244,602420,False,,765672.7453844844,765672.7453844843,,1.2709948962260291,1.520431836299418e-16,False,False,unchanged
dmv.245,1232440,False,,1072114.364116271,1072114.364116271,,1.1495415426281348,0.0,False,False,unchanged
dmv.246,5179,False,,1801.2416711901833,1801.2416711901833,,2.8752388326536655,0.0,False,False,unchanged
dmv.247,515529,False,,537385.9885684132,537385.9885684132,,1.0423972047516497,0.0,False,True,fd
dmv.248,10931786,False,,11049653.720715586,11049653.720715586,,1.010782110143355,0.0,False,False,unchanged
dmv.249,203604,False,,286015.4338074509,286015.43380745087,,1.404763333762848,2.0351230749545328e-16,False,False,unchanged
dmv.250,445775,False,,501990.17862766597,501990.17862766853,,1.1261066202179708,5.1019665109667185e-15,False,False,unchanged
dmv.251,6171877,False,,6271115.483245043,6271115.483245043,,1.0160791414419055,0.0,False,False,unchanged
dmv.252,11359553,False,,11439563.592515945,11439563.592515945,,1.0070434631112637,0.0,False,False,unchanged
dmv.253,11345257,False,,11439843.28200135,11439843.28200135,,1.0083370770711806,0.0,False,False,unchanged
dmv.254,138422,False,,48608.14871073713,48608.14871073717,,2.847711827573136,8.98115785994897e-16,False,False,unchanged
dmv.255,42,False,,728.1905219426545,728.1905219426546,,17.3378695700632,1.5612238047032548e-16,False,False,unchanged
dmv.256,28214,False,,23487.599966910053,23487.59996691004,,1.20122958666482,6.195573514904877e-16,False,False,unchanged
dmv.257,6007947,False,,6241820.512783291,6241820.512783294,,1.0389273595095447,4.476206449904109e-16,False,False,unchanged
dmv.258,446312,False,,424466.4683330555,424466.4683330555,,1.0514658596066144,0.0,False,False,unchanged
dmv.259,9900275,False,,10093213.588336479,10093213.58833648,,1.0194882049575875,1.8454431117789811e-16,False,False,unchanged
dmv.260,2519257,False,,2555260.4833233096,2555260.4833233114,,1.0142913102249234,7.28945311598309e-16,False,False,unchanged
dmv.261,3431737,False,,3416564.673118235,3416564.6731182337,,1.004440813604713,4.0888553139789307e-16,False,False,unchanged
dmv.262,3233031,False,,3383670.191456364,3383670.191456364,,1.0465937974168402,0.0,False,False,unchanged
dmv.263,3779494,False,,3772867.6743581686,3772867.674358168,,1.001756310110441,1.234236998219018e-16,False,False,unchanged
dmv.264,34357,False,,21468.486965544264,21468.486965544264,,1.6003456626981254,0.0,False,False,unchanged
dmv.265,2848,False,,17413.081458561315,17413.081458561315,,6.11414377056226,0.0,False,False,unchanged
dmv.266,10978459,False,,11080454.344969446,11080454.344969444,,1.0092904974158436,1.6810187481857212e-16,False,False,unchanged
dmv.267,3141872,False,,3228129.494088988,3228129.4940889874,,1.0274541719360266,1.4425111760863665e-16,False,False,unchanged
dmv.268,473630,False,,875978.8850241113,875978.8850241114,,1.8495004223214562,1.3289740633843071e-16,False,False,unchanged
dmv.269,6533508,False,,6550828.891980699,6550828.891980699,,1.002651086059847,0.0,False,False,unchanged
dmv.270,269580,False,,375534.0301041077,375534.03010410775,,1.3930337195048137,1.549996970909154e-16,False,False,unchanged
dmv.271,2063151,False,,2089498.7627237404,2089498.7627237407,,1.0127706419567644,1.114289454521457e-16,False,False,unchanged
dmv.272,10905073,False,,11043349.213014355,11043349.21301436,,1.0126799896721788,5.060000675436039e-16,False,False,unchanged
dmv.273,2655146,False,,2678522.466491176,2678522.466491177,,1.0088042113281814,5.215501752924421e-16,False,False,unchanged
dmv.274,10961607,False,,11067092.82789652,11067092.827896522,,1.0096232083394816,1.6830482749144723e-16,False,False,unchanged
dmv.275,1222611,False,,1223274.388856893,1223274.388856893,,1.0005426001049336,0.0,False,False,unchanged
dmv.276,8362188,False,,8488068.042388422,8488068.042388424,,1.0150534815036953,2.1944276835778459e-16,False,False,unchanged
dmv.277,5216482,False,,5349083.305851308,5349083.305851309,,1.0254196805148197,1.7410881853283423e-16,False,False,unchanged
dmv.278,2890525,False,,2994045.9263066957,2994045.9263066947,,1.0358138837431594,3.110582127122918e-16,False,False,unchanged
dmv.279,6318522,False,,6336698.337526704,6336698.337526703,,1.0028766755147334,1.4697284374420543e-16,False,False,unchanged
dmv.280,11436566,False,,11491896.558428502,11491896.558428498,,1.0048380395328897,3.241667099526471e-16,False,False,unchanged
dmv.281,8432560,False,,8469810.510532785,8469810.510532785,,1.004417461664404,0.0,False,False,unchanged
dmv.282,6530349,False,,6539948.944381336,6539948.944381335,,1.0014700507402186,1.4240517510700226e-16,False,False,unchanged
dmv.283,10505657,False,,10590601.03878285,10590601.038782852,,1.0080855522679686,1.758771898223659e-16,False,False,unchanged
dmv.284,6114244,False,,6350849.481747554,6350849.481747555,,1.0386974222401908,1.4664535465564328e-16,False,False,unchanged
dmv.285,61481,False,,35779.38976110492,35779.38976110491,,1.7183356231199562,2.0335611263255752e-16,False,False,unchanged
dmv.286,1003389,False,,973258.490232245,973258.490232245,,1.0309583836875291,0.0,False,False,unchanged
dmv.287,11015919,False,,11124040.376918787,11124040.376918787,,1.0098150119766482,0.0,False,False,unchanged
dmv.288,509153,False,,95473.47053601971,95473.47053601971,,5.332926488808318,0.0,False,False,unchanged
dmv.289,11491112,False,,11582204.86928141,11582204.86928141,,1.0079272457949595,0.0,False,False,unchanged
dmv.290,7048431,False,,7173663.11547968,7173663.115479679,,1.0177673748213865,1.2982524543225697e-16,False,False,unchanged
dmv.291,6094912,False,,6427208.254611851,6427208.25461185,,1.054520271106761,1.449031270998893e-16,False,False,unchanged
dmv.292,10598680,False,,10670226.016024781,10670226.016024781,,1.006750464777197,0.0,False,False,unchanged
dmv.293,10529464,False,,10639571.765741706,10639571.765741706,,1.0104571102329336,0.0,False,False,unchanged
dmv.294,346836,False,,233321.66419700152,233321.66419700155,,1.4865143414507553,1.2473694012468698e-16,False,False,unchanged
dmv.295,543395,False,,523539.3482848867,523539.34828488674,,1.037925805921103,1.1118106232923182e-16,False,False,unchanged
dmv.296,1015169,False,,963150.17143723,963150.17143723,,1.0540090529030863,0.0,False,False,unchanged
dmv.297,1461819,False,,1327861.1610441972,1327861.1610441972,,1.1008824136782958,0.0,False,False,unchanged
dmv.298,657781,False,,611251.7251055851,611251.725105585,,1.0761212982857065,1.9045397672591556e-16,False,False,unchanged
dmv.299,1509663,False,,1615756.9709337472,1615756.9709337475,,1.0702765921492063,1.4410003969799777e-16,False,False,unchanged
dmv.300,11044938,False,,11136504.958984109,11136504.958984109,,1.008290400451692,0.0,False,False,unchanged
dmv.301,2463880,False,,2564450.5280078016,2564450.5280078026,,1.0408179489292504,3.6316652025218747e-16,False,False,unchanged
dmv.302,18938,False,,16128.903001969791,16128.903001969791,,1.1741654096181953,0.0,False,False,unchanged
dmv.303,306210,False,,353796.012618742,353796.012618742,,1.1554031959071944,0.0,False,False,unchanged
dmv.304,10639541,False,,10706057.723177943,10706057.723177943,,1.0062518414260486,0.0,False,False,unchanged
dmv.305,5541129,False,,6009330.6720804265,6009330.672080427,,1.0844957177644532,1.5497941874665638e-16,False,False,unchanged
dmv.306,10290119,False,,10696007.014556939,10696007.014556937,,1.0394444432136245,1.7414397229694728e-16,False,False,unchanged
dmv.307,62134,False,,121385.20605329711,121385.20605329711,,1.9536035995316108,0.0,False,False,unchanged
dmv.308,2881713,False,,2831927.6934474795,2831927.6934474795,,1.0175800062507647,0.0,False,False,unchanged
dmv.309,10395932,False,,10319089.52005365,10319089.520053651,,1.0074466337167653,1.8050479604922284e-16,False,False,unchanged
dmv.310,1161426,False,,1152798.8810518787,1152798.8810518787,,1.0074836288358031,0.0,False,False,unchanged
dmv.311,9691441,False,,9788529.627534565,9788529.627534568,,1.0100179764324588,3.8057710812693334e-16,False,False,unchanged
dmv.312,1153773,False,,1044742.4462258114,1044742.4462258114,,1.104361179320384,0.0,False,False,unchanged
dmv.313,10498745,False,,10575126.437998192,10575126.437998194,,1.0072752922371382,1.761345512180509e-16,False,False,unchanged
dmv.314,1081985,False,,1060858.5981091652,1060858.5981091652,,1.0199144371629638,0.0,False,False,unchanged
dmv.315,6964577,False,,6321365.282693096,6321365.282693094,,1.1017520248462649,4.419880198184213e-16,False,False,unchanged
dmv.316,7210491,False,,7126930.839964809,7126930.839964807,,1.0117245644600086,2.6135305520098957e-16,False,False,unchanged
dmv.317,1519544,False,,1565304.1034613065,1565304.1034613065,,1.030114365534204,0.0,False,False,unchanged
dmv.318,762593,False,,851450.8318521988,851450.8318521989,,1.1165206497465867,1.367258301617856e-16,False,False,unchanged
dmv.319,334,False,,878.2306139574489,878.2306139574496,,2.6294329759205057,7.766992125860293e-16,False,False,unchanged
dmv.320,1388145,False,,1491570.249885423,1491570.249885423,,1.0745060853768325,0.0,False,False,unchanged
dmv.321,355319,False,,347026.26646628807,347026.26646628795,,1.0238965586615545,3.354654476514793e-16,False,False,unchanged
dmv.322,86688,False,,180346.6236952294,180346.6236952294,,2.080410480057556,0.0,False,False,unchanged
dmv.323,10587993,False,,10668861.342570301,10668861.342570301,,1.007637740464156,0.0,False,False,unchanged
dmv.324,10814236,False,,10880375.41707727,10880375.417077268,,1.0061159583605601,1.7119309562677835e-16,False,False,unchanged
dmv.325,2299232,False,,2261467.0610538796,2261467.0610538796,,1.0166993097518393,0.0,False,False,unchanged
dmv.326,10880865,False,,11021675.743165478,11021675.743165478,,1.0129411350260735,0.0,False,False,unchanged
dmv.327,22879,False,,26868.659545401377,26868.659545401377,,1.1743808534202271,0.0,False,False,unchanged
dmv.328,11405936,False,,11494140.891692529,11494140.89169253,,1.0077332444871274,1.6205170675932785e-16,False,False,unchanged
dmv.329,226532,False,,221877.78641136157,221877.78641136157,,1.0209764738684093,0.0,False,False,unchanged
dmv.330,11014558,False,,11119693.681647116,11119693.681647116,,1.0095451566596787,0.0,False,False,unchanged
dmv.331,11308481,False,,11401087.678944688,11401087.678944688,,1.0081891351229832,0.0,False,False,unchanged
dmv.332,223909,False,,286095.9576232717,286095.9576232715,,1.2777331756350645,6.103650823698255e-16,False,False,unchanged
dmv.333,11239502,False,,11328857.012923336,11328857.012923336,,1.0079500864827762,0.0,False,False,unchanged
dmv.334,826379,False,,471725.47363406135,471725.4736340614,,1.7518218671418608,1.2339308383125754e-16,False,False,unchanged
dmv.335,2148329,False,,2212980.5857468992,2212980.585746899,,1.0300938942531146,2.1042267171565575e-16,False,False,unchanged
dmv.336,10361532,False,,10276656.63425765,10276656.634257652,,1.00825904462541,1.8125011037361645e-16,False,False,unchanged
dmv.337,1346,False,,12769.540806756573,12769.540806756571,,9.487028831171303,1.4244751875364223e-16,False,False,unchanged
dmv.338,392905,False,,464890.8190431503,464890.8190431502,,1.1832143114573506,2.5041432753295434e-16,False,False,unchanged
dmv.339,41911,False,,38142.28792877745,38142.28792877744,,1.098806659900943,1.9075828979556022e-16,False,False,unchanged
dmv.340,10468525,False,,10602121.361198086,10602121.361198086,,1.0127617177394224,0.0,False,False,unchanged
dmv.341,354909,False,,436924.0979158311,436924.09791583143,,1.2310876813939096,7.993286869429728e-16,False,False,unchanged
dmv.342,687033,False,,989084.3328439033,989084.3328439037,,1.4396460327872218,3.531002907271023e-16,False,False,unchanged
dmv.343,2821961,False,,2886245.2044786015,2886245.2044786015,,1.022779976221713,0.0,False,False,unchanged
dmv.344,10530561,False,,10611012.820395306,10611012.820395306,,1.0076398418275443,0.0,False,False,unchanged
dmv.345,706365,False,,741836.2622817006,741836.2622817006,,1.0502166192856393,0.0,False,False,unchanged
dmv.346,11421484,False,,11517143.58926965,11517143.58926965,,1.0083754080704093,0.0,False,False,unchanged
dmv.347,1988348,False,,1916897.8377095633,1916897.8377095638,,1.0372738499073118,2.429244157654965e-16,False,False,unchanged
dmv.348,832253,False,,1265496.3287433875,1265496.328743387,,1.520566857365954,3.679673158515851e-16,False,False,unchanged
dmv.349,11524087,False,,11610357.05677244,11610357.05677244,,1.0074860643426624,0.0,False,False,unchanged
dmv.350,1986928,False,,1987716.4141732114,1987716.414173212,,1.000396800575165,2.342694782753658e-16,False,False,unchanged
dmv.351,2173137,False,,2107497.185494665,2107497.1854946665,,1.0311458610512583,6.628639276665611e-16,False,False,unchanged
dmv.352,892788,False,,908125.8700425386,908125.8700425386,,1.0171797448470843,0.0,False,False,unchanged
dmv.353,831468,False,,837124.9220782951,837124.9220782949,,1.0068035355278797,2.781313009721784e-16,False,False,unchanged
dmv.354,11537099,False,,11631500.23757748,11631500.237577481,,1.0081824068231953,1.601379969209281e-16,False,False,unchanged
dmv.355,10778535,False,,10879568.472564282,10879568.472564282,,1.0093735811559068,0.0,False,False,unchanged
dmv.356,10892124,False,,10754009.574353954,10754009.574353954,,1.012843063295705,0.0,False,False,unchanged
dmv.357,916704,False,,899211.1307278278,899211.1307278279,,1.0194535728867296,1.2946383540949657e-16,False,False,unchanged
dmv.358,11387446,False,,11486079.707974965,11486079.707974963,,1.008661618063872,1.621654382162866e-16,False,False,unchanged
dmv.359,9244369,False,,9263333.489807542,9263333.489807542,,1.0020514639568738,0.0,False,False,unchanged
dmv.360,6526961,False,,6513865.444005718,6513865.4440057175,,1.0020104124205287,1.4297540878320007e-16,False,False,unchanged
dmv.361,1479190,False,,1468975.1260090591,1468975.1260090594,,1.0069537419729446,1.5849869717428675e-16,False,False,unchanged
dmv.362,4374891,False,,4019826.4938158323,4019826.4938158337,,1.0883283163416144,3.4752342273288673e-16,False,False,unchanged
dmv.363,1231509,False,,1864535.9840471018,1864535.9840471016,,1.5140254631083507,1.2487323690503145e-16,False,False,unchanged
dmv.364,827028,False,,873614.2745857035,873614.2745857051,,1.0563297428692904,1.865599673666042e-15,False,False,unchanged
dmv.365,11261980,False,,11351276.44019267,11351276.440192668,,1.0079290178274753,1.6409125079851742e-16,False,False,unchanged
dmv.366,10614426,False,,10697630.35084837,10697630.350848371,,1.0078387988995703,1.7411754642309554e-16,False,False,unchanged
dmv.367,1108964,False,,1093588.4894533416,1093588.4894533418,,1.0140596857912654,2.1290517036280803e-16,False,False,unchanged
dmv.368,8236558,False,,8258947.060781384,8258947.060781384,,1.0027182544919109,0.0,False,False,unchanged
dmv.369,17336,False,,30244.76973525549,30244.76973525549,,1.7446221582403951,0.0,False,False,unchanged
dmv.370,7729589,False,,7661148.719960561,7661148.719960564,,1.0089334227204234,3.6469305400206587e-16,False,False,unchanged
dmv.371,10980701,False,,11122011.169649128,11122011.169649126,,1.0128689570592195,1.6747377077932922e-16,False,False,unchanged
dmv.372,640645,False,,642975.699618313,642975.699618313,,1.0036380516796557,0.0,False,False,unchanged
dmv.373,1353,False,,4311.421880797582,4311.421880797585,,3.186564582998952,6.328501781444855e-16,False,False,unchanged
dmv.374,660081,False,,614834.8936887142,614834.8936887144,,1.073590661128276,1.8934403857350832e-16,False,False,unchanged
dmv.375,8534289,False,,8545848.986799464,8545848.986799464,,1.001354534255808,0.0,False,False,unchanged
dmv.376,132439,False,,130607.23814302727,130607.23814302724,,1.014024964335949,2.228347438513497e-16,False,False,unchanged
dmv.377,2389,False,,196.29803524639877,196.29803524639865,,12.17026954447741,5.791542313651444e-16,False,False,unchanged
dmv.378,2263451,False,,2261569.7813873943,2261569.781387394,,1.000831819839515,2.0590179933429796e-16,False,False,unchanged
dmv.379,754833,False,,852542.7567896697,852542.7567896695,,1.129445528732408,2.731014272300142e-16,False,False,unchanged
dmv.380,1529365,False,,1708130.095869986,1708130.0958699854,,1.1168884444655043,4.089219741812773e-16,False,False,unchanged
dmv.381,10305846,False,,10409603.137736082,10409603.137736082,,1.0100677943117025,0.0,False,False,unchanged
dmv.382,11113213,False,,10962330.181545803,10962330.181545803,,1.0137637542343139,0.0,False,False,unchanged
dmv.383,150761,False,,89935.83654834346,89935.83654834345,,1.6763173144996657,1.6180330096273384e-16,False,False,unchanged
dmv.384,2009665,False,,1984125.8848367701,1984125.8848367713,,1.0128717211737455,5.867335470829362e-16,False,False,unchanged
dmv.385,10449878,False,,10537113.199246151,10537113.19924615,,1.0083479634160468,1.7676996668918913e-16,False,False,unchanged
dmv.386,2278839,False,,2238734.7248771973,2238734.7248771973,,1.0179138129574519,0.0,False,False,unchanged
dmv.387,2569435,False,,2506525.5861033606,2506525.5861033606,,1.0250982532336477,0.0,False,False,unchanged
dmv.388,10080906,False,,10185120.196354073,10185120.196354073,,1.0103377807861786,0.0,False,False,unchanged
dmv.389,4106778,False,,4429954.210237359,4429954.210237357,,1.078693372331633,4.204660050269812e-16,False,False,unchanged
dmv.390,578866,False,,436991.25032583455,436991.2503258346,,1.3246626781849273,1.3320097569474427e-16,False,False,unchanged
dmv.391,628156,False,,1016747.8287404845,1016747.828740485,,1.6186231266444713,4.579909335873239e-16,False,False,unchanged
dmv.392,11025322,False,,11101381.701365821,11101381.701365823,,1.0068986376421316,1.6778498382789526e-16,False,False,unchanged
dmv.393,2484895,False,,2491573.6889858395,2491573.68898584,,1.0026877147669577,1.8689444721872953e-16,False,False,unchanged
dmv.394,10472153,False,,10607092.06161297,10607092.061612971,,1.0128855128083947,1.7560375062377966e-16,False,False,unchanged
dmv.395,302935,False,,280037.7304967595,280037.73049675964,,1.0817649445402338,4.157129884620382e-16,False,False,unchanged
dmv.396,8587778,False,,8653886.447507853,8653886.447507853,,1.007697968846872,0.0,False,False,unchanged
dmv.397,10024924,False,,10144602.129329318,10144602.129329316,,1.0119380585158868,1.8360948270665208e-16,False,False,unchanged
dmv.398,358379,False,,324699.23736882926,324699.23736882926,,1.1037260293682598,0.0,False,False,unchanged
dmv.399,507454,False,,441403.99518398085,441403.995183981,,1.1496361735205614,3.956080702613891e-16,False,False,unchanged
dmv.400,10528561,False,,10654575.281914186,10654575.281914186,,1.0119688038958208,0.0,False,False,unchanged
dmv.401,10308224,False,,10249937.666946964,10249937.666946968,,1.005686506098568,3.634451661569493e-16,False,False,unchanged
dmv.402,435205,False,,455848.9374473857,455848.93744738563,,1.0474349730526664,1.2769068024905898e-16,False,False,unchanged
dmv.403,336464,False,,412238.00753700716,412238.0075370072,,1.2252068795978386,1.4119916128364757e-16,False,False,unchanged
dmv.404,38782,False,,222889.8476088336,222889.84760883357,,5.747249951235975,1.305749488770356e-16,False,False,unchanged
dmv.405,5516263,False,,5920037.0050283,5920037.005028302,,1.0731970185301716,3.1463403820768047e-16,False,False,unchanged
dmv.406,519304,False,,456155.18832026393,456155.18832026393,,1.13843712248955,0.0,False,False,unchanged
dmv.407,428578,False,,445011.5601396736,445011.56013967353,,1.0383443857119907,1.3080033447939658e-16,False,False,unchanged
dmv.408,10883681,False,,10844995.196766729,10844995.196766729,,1.0035671572491618,0.0,False,False,unchanged
dmv.409,2572278,False,,2583988.4702063818,2583988.470206382,,1.0045525678820026,1.8021028060955205e-16,False,False,unchanged
dmv.410,9416235,False,,9484618.093399933,9484618.093399933,,1.0072622543298817,0.0,False,False,unchanged
dmv.411,11452001,False,,11550412.191273376,11550412.191273378,,1.0085933620922123,1.6126222323375017e-16,False,False,unchanged
dmv.412,11589529,False,,11680513.738623261,11680513.738623261,,1.0078505984689508,0.0,False,False,unchanged
dmv.413,240705,False,,258721.5589202347,258721.5589202347,,1.0748491261927866,0.0,False,False,unchanged
dmv.414,1461348,False,,2099288.6387293353,2099288.6387293353,,1.4365425885752985,0.0,False,False,unchanged
dmv.415,419870,False,,443148.2742292814,443148.2742292815,,1.0554416229530126,2.627006096986455e-16,False,False,unchanged
dmv.416,11265705,False,,11340594.770286,11340594.770286,,1.0066475884364094,0.0,False,False,unchanged
dmv.417,10950881,False,,11053296.174109967,11053296.174109967,,1.009352231488039,0.0,False,False,unchanged
dmv.418,10529464,False,,10639571.765741706,10639571.765741706,,1.0104571102329336,0.0,False,False,unchanged
dmv.419,148414,False,,188294.21656847477,188294.21656847477,,1.2687092630646353,0.0,False,False,unchanged
dmv.420,9264083,False,,9375514.349416176,9375514.349416178,,1.012028319415551,1.9867124936424909e-16,False,False,unchanged
dmv.421,830907,False,,183936.51099542255,183936.51099542264,,4.5173576224933285,4.746827636214862e-16,False,False,unchanged
dmv.422,11247415,False,,11341056.418179763,11341056.418179765,,1.0083255946526168,1.6423912204908251e-16,False,False,unchanged
dmv.423,162782,False,,31708.13709640743,31708.137096407434,,5.133761075432066,1.1473328742179242e-16,False,False,unchanged
dmv.424,377835,False,,430661.9533542517,430661.95335425175,,1.1398148751551649,1.3515858659004233e-16,False,False,unchanged
dmv.425,6009427,False,,6038002.114686655,6038002.114686654,,1.0047550481413046,1.5424349924458581e-16,False,False,unchanged
dmv.426,478647,False,,624296.8431814204,624296.8431814204,,1.3042949045568453,0.0,False,False,unchanged
dmv.427,1222048,False,,1270724.9163551575,1270724.9163551573,,1.0398322458325349,1.8322662966403608e-16,False,False,unchanged
dmv.428,182503,False,,181910.9183222647,181910.9183222647,,1.0032547891198393,0.0,False,False,unchanged
dmv.429,10427289,False,,10546719.63082299,10546719.630822992,,1.0114536607571718,1.7660895656952334e-16,False,False,unchanged
dmv.430,216551,False,,236205.60231259404,236205.60231259392,,1.0907620020807756,4.928558877823357e-16,False,False,unchanged
dmv.431,10124279,False,,10277151.358347103,10277151.358347105,,1.0150995797673201,1.812413853103483e-16,False,False,unchanged
dmv.432,3050865,False,,3076678.7814849666,3076678.781484966,,1.0084611352796558,1.5135193511588712e-16,False,False,unchanged
dmv.433,10589323,False,,10734255.106392646,10734255.106392646,,1.0136866262737143,0.0,False,False,unchanged
dmv.434,10514004,False,,10617331.162962157,10617331.162962155,,1.0098275750096877,1.754344025482288e-16,False,False,unchanged
dmv.435,2288949,False,,2135204.1765424456,2135204.1765424456,,1.0720047408798699,0.0,False,False,unchanged
dmv.436,358398,False,,380082.05333333265,380082.05333333527,,1.060502718579157,6.891524390942093e-15,False,False,unchanged
dmv.437,10908450,False,,11043352.28716673,11043352.287166728,,1.0123667695379939,1.6866664222923523e-16,False,False,unchanged
dmv.438,6697537,False,,5932254.30562107,5932254.305621069,,1.1290036898205444,1.5699302940081477e-16,False,False,unchanged
dmv.439,10458194,False,,10544122.316792047,10544122.316792047,,1.0082163628626555,0.0,False,False,unchanged
dmv.440,4770904,False,,4830652.253041282,4830652.253041283,,1.0125234657920767,1.927943734780611e-16,False,False,unchanged
dmv.441,11006923,False,,11104311.961415438,11104311.96141544,,1.0088479733541733,1.6774070790726688e-16,False,False,unchanged
dmv.442,2679966,False,,2654733.076239799,2654733.076239799,,1.0095048816719234,0.0,False,False,unchanged
dmv.443,11185802,False,,11277854.553176405,11277854.553176405,,1.0082294102091567,0.0,False,False,unchanged
dmv.444,299619,False,,303926.1404163827,303926.1404163827,,1.0143753914684406,0.0,False,False,unchanged
dmv.445,236657,False,,387866.5539822889,387866.553982289,,1.6389397059131525,1.5007135912039822e-16,False,False,unchanged
dmv.446,80705,False,,74989.87553564942,74989.87553564942,,1.0762119475932943,0.0,False,False,unchanged
dmv.447,1670223,False,,1714639.6956485168,1714639.6956485168,,1.0265932726638998,0.0,False,False,unchanged
dmv.448,764502,False,,995999.2493450654,995999.2493450661,,1.3028079054666508,7.012976479860928e-16,False,False,unchanged
dmv.449,144222,False,,87320.36789911301,87320.36789911301,,1.6516421479880754,0.0,False,False,unchanged
dmv.450,149209,False,,142299.14607674972,142299.14607674975,,1.0485586464413736,2.045256859168811e-16,False,False,unchanged
dmv.451,4387093,False,,4424478.232496474,4424478.232496471,,1.0085216412089906,6.314795953397572e-16,False,False,unchanged
dmv.452,724261,False,,714385.9316229052,714385.9316229052,,1.0138231562800533,0.0,False,False,unchanged
dmv.453,9262339,False,,9367496.446174748,9367496.446174748,,1.0113532279670123,0.0,False,False,unchanged
dmv.454,322838,False,,248873.0321568175,248873.03215681744,,1.2971996089820468,2.3388496700112595e-16,False,False,unchanged
dmv.455,6331292,False,,6162043.356073419,6162043.356073418,,1.027466318256227,1.5113859491065584e-16,False,False,unchanged
dmv.456,1252519,False,,1235691.3664294123,1235691.3664294123,,1.0136179907279048,0.0,False,False,unchanged
dmv.457,11024182,False,,11027428.821114413,11027428.821114415,,1.000294518097979,1.689101947014627e-16,False,False,unchanged
dmv.458,1283750,False,,1315700.1502185948,1315700.1502185948,,1.0248881403844945,0.0,False,False,unchanged
dmv.459,2600691,False,,2278106.3817719147,2278106.381771914,,1.1416020870707444,2.0440717388515775e-16,False,False,unchanged
dmv.460,3892567,False,,3915118.4503231533,3915118.4503231533,,1.0057934649096993,0.0,False,False,unchanged
dmv.461,11452736,False,,11547138.013528474,11547138.013528474,,1.0082427477179665,0.0,False,False,unchanged
dmv.462,3458227,False,,3433733.930905051,3433733.9309050506,,1.007133071340939,1.3561367790223687e-16,False,False,unchanged
dmv.463,10648795,False,,10812088.246666666,10812088.246666668,,1.0153344342403685,1.7227431988498657e-16,False,False,unchanged
dmv.464,3115823,False,,3041297.901743519,3041297.901743519,,1.0245043730223722,0.0,False,False,unchanged
dmv.465,1465100,False,,1535037.7401538868,1535037.7401538882,,1.047735813360103,9.100648312289504e-16,False,False,unchanged
dmv.466,11439162,False,,11538011.449270165,11538011.449270163,,1.008641319116747,1.6143554350076317e-16,False,True,fd
dmv.467,10309913,False,,10387832.622988936,10387832.62298894,,1.0075577381680074,3.5862055480347345e-16,False,False,unchanged
dmv.468,9905767,False,,9852792.009850683,9852792.009850685,,1.005376647563082,1.8904744435574304e-16,False,False,unchanged
dmv.469,55032,False,,34044.44718689153,34044.44718689153,,1.6164750656074545,0.0,False,False,unchanged
dmv.470,70067,False,,44901.72908231416,44901.72908231416,,1.5604521570105394,0.0,False,False,unchanged
dmv.471,792592,False,,878614.9545288527,878614.9545288527,,1.108533715365349,0.0,False,False,unchanged
dmv.472,9271178,False,,9008896.997980725,9008896.997980729,,1.029113553199472,4.135123644211836e-16,False,False,unchanged
dmv.473,490548,False,,617089.6516871142,617089.6516871142,,1.2579597749600735,0.0,False,False,unchanged
dmv.474,5879845,False,,5907663.157354452,5907663.157354452,,1.004731103856386,0.0,False,False,unchanged
dmv.475,11488992,False,,11585122.828153746,11585122.828153746,,1.008367211688697,0.0,False,True,fd
dmv.476,632161,False,,698465.3726154829,698465.3726154831,,1.1048852627977412,3.333460079517024e-16,False,False,unchanged
dmv.477,5670128,False,,5657450.067148182,5657450.067148182,,1.0022409270433401,0.0,False,False,unchanged
dmv.478,3722961,False,,3749747.921378216,3749747.921378216,,1.0071950582824305,0.0,False,False,unchanged
dmv.479,338310,False,,380316.7097079487,380316.7097079487,,1.1241663258784804,0.0,False,False,unchanged
dmv.480,1226813,False,,1228440.5146395427,1228440.514639543,,1.0013266199816457,1.8953351088570073e-16,False,False,unchanged
dmv.481,40637,False,,42126.95828613883,42126.958286138826,,1.0366650659777747,1.7271500032741407e-16,False,False,unchanged
dmv.482,11067379,False,,11171330.46626302,11171330.46626302,,1.0093926002048923,0.0,False,False,unchanged
dmv.483,10340160,False,,10418936.489810707,10418936.489810705,,1.007618498148066,1.7877497871808203e-16,False,False,unchanged
dmv.484,4431400,False,,4488911.267292636,4488911.267292636,,1.0129781259404784,0.0,False,True,fd
dmv.485,11331532,False,,11430730.113463223,11430730.113463229,,1.0087541661148045,4.888520148954741e-16,False,False,unchanged
dmv.486,10979773,False,,11115261.993786845,11115261.993786843,,1.0123398720344077,1.6757546068388939e-16,False,False,unchanged
dmv.487,3125805,False,,3216139.7451483724,3216139.745148373,,1.0288996738914846,1.4478888487672245e-16,False,False,unchanged
dmv.488,8966082,False,,9085455.068717938,9085455.068717934,,1.013313849763803,4.100279259856157e-16,False,False,unchanged
dmv.489,92662,False,,141336.10339157868,141336.10339157865,,1.5252865618223077,2.0591929279456718e-16,False,False,unchanged
dmv.490,4068371,False,,4065605.1926725092,4065605.1926725097,,1.0006802941250852,1.145367701091602e-16,False,False,unchanged
dmv.491,61734,False,,80497.01180090196,80497.01180090196,,1.303933194040593,0.0,False,False,unchanged
dmv.492,984113,False,,867220.3409864213,867220.3409864216,,1.1347900337307804,2.68479223387491e-16,False,False,unchanged
dmv.493,2108321,False,,2070962.7847444343,2070962.784744434,,1.018039056776279,1.124262808433817e-16,False,False,unchanged
dmv.494,11059944,False,,11154585.681451559,11154585.681451559,,1.008557157382674,0.0,False,False,unchanged
dmv.495,239333,False,,229350.6584005736,229350.65840057365,,1.0435243642596905,2.5379330200920765e-16,False,False,unchanged
dmv.496,1258512,False,,1712324.5593281745,1712324.5593281742,,1.3605945428634565,1.3597343002848716e-16,False,False,unchanged
dmv.497,95203,False,,15290.377397854721,15290.377397854725,,6.22633421810486,2.3792603102145337e-16,False,False,unchanged
dmv.498,907153,False,,1597975.8549264842,1597975.8549264837,,1.7615284907027637,2.9140696079488784e-16,False,False,unchanged
dmv.499,633872,False,,764459.9685013185,764459.9685013186,,1.206016306922089,1.5228439241254267e-16,False,False,unchanged
dmv.500,10950346,False,,11043203.691631533,11043203.691631531,,1.0084798865379718,1.6866891177987214e-16,False,False,unchanged
dmv.501,11582530,False,,11454964.70370283,11454964.70370283,,1.0111362452523258,0.0,False,False,unchanged
dmv.502,337867,False,,344252.20462131046,344252.2046213104,,1.0188985743541408,1.6908435191431205e-16,False,False,unchanged
dmv.503,1524879,False,,1494056.4995695148,1494056.4995695148,,1.0206300768674854,0.0,False,False,unchanged
dmv.504,1707814,False,,1835195.6346374692,1835195.634637469,,1.0745875339102906,1.2686965861264368e-16,False,False,unchanged
dmv.505,4141913,False,,4125940.8755581104,4125940.8755581104,,1.0038711471937245,0.0,False,False,unchanged
dmv.506,10360415,False,,10457950.621702723,10457950.621702725,,1.009414258183936,1.7810804588860145e-16,False,False,unchanged
dmv.507,1456541,False,,1483420.21430214,1483420.21430214,,1.0184541419034137,0.0,False,False,unchanged
dmv.508,10048380,False,,10180869.605521461,10180869.605521465,,1.0131851706963173,3.65910815363115e-16,False,False,unchanged
dmv.509,311260,False,,309657.0628056764,309657.06280567637,,1.0051764916317425,1.8797459481812406e-16,False,False,unchanged
dmv.510,174554,False,,161340.04219613541,161340.0421961354,,1.0819012913595303,1.8038814209155348e-16,False,False,unchanged
dmv.511,66617,False,,59881.322410952234,59881.32241095223,,1.11248378155082,1.215062948050837e-16,False,False,unchanged
dmv.512,4225182,False,,4234580.601393493,4234580.60139349,,1.002224425218486,6.59797979267891e-16,False,False,unchanged
dmv.513,2451272,False,,2512034.0694371425,2512034.0694371434,,1.0247879751562219,3.707444042843553e-16,False,False,unchanged
dmv.514,276638,False,,432471.4195767552,432471.4195767551,,1.563311691006858,2.6918616250032545e-16,False,False,unchanged
dmv.515,1028573,False,,1029029.522933635,1029029.5229336355,,1.0004438410629435,4.52524710836475e-16,False,False,unchanged
dmv.516,61704,False,,32598.73203607507,32598.732036075173,,1.8928343572294735,3.1247659107060203e-15,False,False,unchanged
dmv.517,903701,False,,900619.0854833877,900619.0854833876,,1.0034219955653707,1.292614421605905e-16,False,False,unchanged
dmv.518,10442483,False,,10582857.391275639,10582857.391275637,,1.0134426257888702,1.7600588199993097e-16,False,False,unchanged
dmv.519,10635657,False,,10710641.747859577,10710641.747859577,,1.0070503164834648,0.0,False,False,unchanged
dmv.520,10483715,False,,10596016.510564651,10596016.510564651,,1.0107119957538575,0.0,False,False,unchanged
dmv.521,10988193,False,,11124421.110354165,11124421.110354166,,1.0123976808884012,1.6743749007283456e-16,False,True,fd
dmv.522,11117417,False,,11213588.531163894,11213588.531163894,,1.0086505283703844,0.0,False,False,unchanged
dmv.523,3060458,False,,3009016.2283032336,3009016.2283032336,,1.017095877121864,0.0,False,False,unchanged
dmv.524,5138661,False,,5198161.628249174,5198161.628249171,,1.0115790141146057,5.374915063553903e-16,False,True,fd
dmv.525,2300820,False,,2356535.7391935526,2356535.739193553,,1.0242156010437813,1.976041693588303e-16,False,False,unchanged
dmv.526,276354,False,,98044.06405292338,98044.06405292338,,2.818671407285059,0.0,False,False,unchanged
dmv.527,292724,False,,364654.3765856673,364654.37658566737,,1.2457276362227467,1.5962419389691001e-16,False,False,unchanged
dmv.528,368108,False,,384160.57927160145,384160.5792716015,,1.0436083412248618,1.515190887722881e-16,False,False,unchanged
dmv.529,3754899,False,,3743857.5252733347,3743857.5252733342,,1.0029492240695936,1.243800770099396e-16,False,False,unchanged
dmv.530,3572109,False,,3202128.8739715,3202128.873971501,,1.115541922449119,2.9084481333207183e-16,False,False,unchanged
dmv.531,10507846,False,,10595682.388651893,10595682.388651893,,1.008359124091835,0.0,False,False,unchanged
dmv.532,3198808,False,,3211172.9170191693,3211172.9170191702,,1.0038654764584711,2.900256693370457e-16,False,False,unchanged
dmv.533,816256,False,,814586.2709145312,814586.2709145308,,1.0020497879047165,4.2874030406712873e-16,False,False,unchanged
dmv.534,1634423,False,,1579658.5419855292,1579658.5419855295,,1.0346685416872659,1.4739302036832368e-16,False,False,unchanged
dmv.535,2769148,False,,2734639.5920027066,2734639.5920027066,,1.0126189967037014,0.0,False,False,unchanged
dmv.536,2651,False,,12903.102006979956,12903.102006979954,,4.867258395692175,1.4097303133478068e-16,False,False,unchanged
dmv.537,10061631,False,,10164171.671280535,10164171.671280533,,1.0101912573896354,1.8325597101965237e-16,False,False,unchanged
dmv.538,7403033,False,,7010975.866674573,7010975.866674571,,1.0559204796566197,2.6567558991105787e-16,False,False,unchanged
dmv.539,6623096,False,,6626276.501505974,6626276.501505974,,1.0004802137106232,0.0,False,False,unchanged
dmv.540,10966778,False,,11087475.562454503,11087475.562454503,,1.0110057450287133,0.0,False,False,unchanged
dmv.541,7381725,False,,7344401.326177358,7344401.326177358,,1.0050819218837634,0.0,False,False,unchanged
dmv.542,5554134,False,,5557839.939335029,5557839.939335027,,1.0006672398136287,3.3513832164332084e-16,False,False,unchanged
dmv.543,726812,False,,803053.1434784557,803053.1434784556,,1.1048980251818292,1.4496590016779882e-16,False,False,unchanged
dmv.544,11539500,False,,11632632.883183146,11632632.883183146,,1.0080707901714239,0.0,False,False,unchanged
dmv.545,6298281,False,,6424979.167867653,6424979.167867653,,1.0201163091750993,0.0,False,False,unchanged
dmv.546,199588,False,,437443.4397372295,437443.4397372296,,2.1917321669500645,2.661265691785548e-16,False,False,unchanged
dmv.547,37,False,,3086.72720938361,3086.7272093836104,,83.42505971307054,1.4732346593636072e-16,False,False,unchanged
dmv.548,10089382,False,,10119182.647232208,10119182.64723221,,1.0029536642811432,1.8407071145616943e-16,False,False,unchanged
dmv.549,783005,False,,884415.8281386804,884415.8281386801,,1.1295149177063752,3.948888683005809e-16,False,False,unchanged
dmv.550,10322431,False,,10666206.555486076,10666206.555486074,,1.0333037397378655,1.7463051550158862e-16,False,False,unchanged
dmv.551,8612812,False,,8717235.910642019,8717235.910642019,,1.0121242528737442,0.0,False,False,unchanged
dmv.552,30504,False,,36772.120587860685,36772.12058786068,,1.205485201542771,1.9786614146439482e-16,False,False,unchanged
dmv.553,172258,False,,34251.01631804881,34251.01631804881,,5.029281420453135,0.0,False,False,unchanged
dmv.554,11090039,False,,11016129.09116567,11016129.09116567,,1.0067092449827593,0.0,False,False,unchanged
dmv.555,916030,False,,1037367.5142404804,1037367.5142404801,,1.1324601969809727,2.2444373903913805e-16,False,False,unchanged
dmv.556,3143,False,,706.1478372535246,706.1478372535246,,4.450909333977872,0.0,False,False,unchanged
dmv.557,83907,False,,57624.784692278234,57624.78469227824,,1.4560922083799752,1.2626437830592725e-16,False,False,unchanged
dmv.558,10503558,False,,10569306.246283028,10569306.246283026,,1.0062596166254356,1.7623154309546145e-16,False,False,unchanged
dmv.559,314514,False,,285471.53820741613,285471.5382074162,,1.1017350520298888,2.039000499978924e-16,False,False,unchanged
dmv.560,6634349,False,,6635545.948855702,6635545.948855702,,1.000180416926469,0.0,False,False,unchanged
dmv.561,409016,False,,749121.2789839706,749121.2789839709,,1.8315207204216233,3.108050060594415e-16,False,False,unchanged
dmv.562,214,False,,2797.596544771377,2797.5965447713775,,13.072881050333537,1.6254929672985657e-16,False,False,unchanged
dmv.563,398443,False,,384703.0077207915,384703.0077207915,,1.035715843139913,0.0,False,False,unchanged
dmv.564,583325,False,,859722.3121463121,859722.312146312,,1.4738307326898592,1.3541037632988947e-16,False,False,unchanged
dmv.565,867893,False,,891299.7791580883,891299.7791580885,,1.0269696600365348,2.612259635852247e-16,False,False,unchanged
dmv.566,5530887,False,,5881675.239370895,5881675.2393708965,,1.0634235050130105,3.16686160562341e-16,False,False,unchanged
dmv.567,292112,False,,148317.95208967815,148317.95208967818,,1.969498606772692,1.9622594599429555e-16,False,False,unchanged
dmv.568,6372406,False,,6489211.800276979,6489211.800276978,,1.018329936962111,1.4351859721634097e-16,False,False,unchanged
dmv.569,55921,False,,59006.395072842155,59006.39507284218,,1.0551741755841662,3.6992385004378287e-16,False,False,unchanged
dmv.570,10410980,False,,10429674.820130397,10429674.8201304,,1.001795683031799,3.5718182615547137e-16,False,False,unchanged
dmv.571,2055832,False,,1822201.52948842,1822201.5294884203,,1.1282132995339824,1.2777436517641186e-16,False,False,unchanged
dmv.572,1888162,False,,652270.1359768395,652270.1359768399,,2.8947546359336065,7.139086424834777e-16,False,False,unchanged
dmv.573,9759197,False,,9766503.20504071,9766503.20504071,,1.0007486481767618,0.0,False,False,unchanged
dmv.574,11310899,False,,11411946.817591738,11411946.817591742,,1.0089336681011596,3.264377549253301e-16,False,False,unchanged
dmv.575,8447441,False,,8585162.417125555,8585162.417125557,,1.0163033298635118,2.169609680901761e-16,False,False,unchanged
dmv.576,150309,False,,145145.73276578082,145145.7327657808,,1.0355729867894294,2.0051454425944482e-16,False,False,unchanged
dmv.577,6065749,False,,6238160.092796414,6238160.092796416,,1.0284237103771379,2.985888661917906e-16,False,False,unchanged
dmv.578,6264512,False,,6314100.390006079,6314100.390006078,,1.007915762633399,1.474988544828287e-16,False,False,unchanged
dmv.579,11276376,False,,11361700.065335963,11361700.065335963,,1.0075666211676484,0.0,False,False,unchanged
dmv.580,222876,False,,317244.07693256537,317244.07693256676,,1.4234106719995216,4.403498641899498e-15,False,False,unchanged
dmv.581,9893580,False,,9964909.51700804,9964909.51700804,,1.0072096770843355,0.0,False,False,unchanged
dmv.582,11415497,False,,11510128.830113003,11510128.830113005,,1.0082897687339416,1.6182661173677496e-16,False,False,unchanged
dmv.583,11581326,False,,11664936.079112481,11664936.079112481,,1.0072193874097388,0.0,False,False,unchanged
dmv.584,324866,False,,278394.2167594073,278394.21675940737,,1.1669279763837708,2.0908358510827607e-16,False,False,unchanged
dmv.585,10663483,False,,10812302.992119003,10812302.992119005,,1.0139560397028815,1.7227089830803143e-16,False,False,unchanged
dmv.586,799968,False,,909628.0005304954,909628.0005304955,,1.1370804838824746,1.2798124261680746e-16,False,False,unchanged
dmv.587,114168,False,,100285.82326348053,100285.82326348053,,1.138426113330564,0.0,False,False,unchanged
dmv.588,1006397,False,,1030172.1792325919,1030172.1792325918,,1.0236240561454295,1.1300569377990416e-16,False,False,unchanged
dmv.589,4566963,False,,4682154.414272423,4682154.414272426,,1.0252227605681112,5.967269501684299e-16,False,False,unchanged
dmv.590,246439,False,,106797.95841313212,106797.95841313213,,2.3075253840217353,1.3625649258270384e-16,False,False,unchanged
dmv.591,2690745,False,,2621356.3743740944,2621356.3743740963,,1.0264705044702187,7.10565403254528e-16,False,False,unchanged
dmv.592,1211986,False,,1257935.2052685127,1257935.2052685132,,1.0379123234662055,3.7017907230630477e-16,False,False,unchanged
dmv.593,7806923,False,,7877570.360118721,7877570.360118723,,1.0090493220080077,2.364491923373802e-16,False,False,unchanged
dmv.594,10804262,False,,10926874.567893863,10926874.567893863,,1.0113485370767445,0.0,False,False,unchanged
dmv.595,13467,False,,26042.19822844259,26042.198228442587,,1.9337787353116946,1.3969553473095105e-16,False,False,unchanged
dmv.596,11306674,False,,11408642.79040487,11408642.79040487,,1.0090184602832688,0.0,False,True,fd
dmv.597,90448,False,,61828.449422889214,61828.4494228892,,1.4628864356820774,2.353595369800696e-16,False,False,unchanged
dmv.598,6822952,False,,6836341.082440957,6836341.082440954,,1.0019623591725337,5.449245807863902e-16,False,False,unchanged
dmv.599,913551,False,,908007.1335132407,908007.1335132408,,1.0061055318643908,1.2820969960500558e-16,False,False,unchanged
dmv.600,476358,False,,472716.93045906024,472716.9304590601,,1.0077024310032727,2.4626856862072346e-16,False,False,unchanged
dmv.601,4259271,False,,4279616.686927504,4279616.686927505,,1.0047768002851907,2.176182220852376e-16,False,False,unchanged
dmv.602,4284312,False,,4069803.5465990584,4069803.5465990594,,1.0527073238166977,2.288372310731658e-16,False,False,unchanged
dmv.603,11115069,False,,11211252.288333332,11211252.288333334,,1.0086534135175709,1.661406862790221e-16,False,False,unchanged
dmv.604,11007566,False,,11105195.436060999,11105195.436061,,1.0088693028105395,1.677273632828235e-16,False,False,unchanged
dmv.605,1437883,False,,1425440.871279443,1425440.871279443,,1.0087286179113057,0.0,False,False,unchanged
dmv.606,5543317,False,,6356989.490577038,6356989.490577037,,1.146784405542212,1.4650371469010254e-16,False,False,unchanged
dmv.607,8428223,False,,7846439.473326759,7846439.4733267585,,1.074146181672714,1.1869365433601101e-16,False,False,unchanged
dmv.608,171099,False,,176522.47451746283,176522.47451746283,,1.031697873847672,0.0,False,False,unchanged
dmv.609,10987139,False,,11084735.77850452,11084735.77850452,,1.0088828200411881,0.0,False,False,unchanged
dmv.610,1639361,False,,1656770.3780882196,1656770.3780882196,,1.0106196122075732,0.0,False,False,unchanged
dmv.611,549529,False,,654318.4913335105,654318.49133351,,1.1906896475591107,7.116737391277376e-16,False,False,unchanged
dmv.612,10952688,False,,11085399.944171837,11085399.944171837,,1.0121168378184275,0.0,False,False,unchanged
dmv.613,134672,False,,145231.43985688698,145231.439856887,,1.0784085768154255,2.0039621231747758e-16,False,False,unchanged
dmv.614,3514552,False,,3546871.122654662,3546871.1226546606,,1.0091958015288043,3.938637220282318e-16,False,False,unchanged
dmv.615,10240286,False,,10350437.969405258,10350437.96940526,,1.0107567278301854,1.799580998153632e-16,False,False,unchanged
dmv.616,10937408,False,,10855736.1727118,10855736.172711806,,1.007523379896934,5.147449568403598e-16,False,False,unchanged
dmv.617,92101,False,,197938.5811512019,197938.58115120183,,2.1491469272993986,4.4110395690623543e-16,False,False,unchanged
dmv.618,6028960,False,,6042759.448333333,6042759.448333336,,1.002288860488929,4.623662000341656e-16,False,False,unchanged
dmv.619,1040434,False,,1081733.3809173256,1081733.3809173258,,1.0396943784202801,2.1523847535926626e-16,False,False,unchanged
dmv.620,263056,False,,272436.5143000021,272436.514300002,,1.0356597617997767,2.1365587158177415e-16,False,False,unchanged
dmv.621,8252007,False,,7720461.997781615,7720461.997781617,,1.0688488593520853,2.412608403183859e-16,False,False,unchanged
dmv.622,10568876,False,,10602526.171906501,10602526.1719065,,1.003183893150653,1.7567937291835277e-16,False,False,unchanged
dmv.623,80857,False,,249870.70815903984,249870.70815903987,,3.090279235675821,1.1647555918483027e-16,False,False,unchanged
dmv.624,6346406,False,,6356894.040008478,6356894.040008477,,1.0016525951867052,1.4650591448496702e-16,False,False,unchanged
dmv.625,10121962,False,,10275104.625715671,10275104.625715675,,1.0151297372698762,3.6255497478230716e-16,False,False,unchanged
dmv.626,10561784,False,,10648084.873237964,10648084.873237964,,1.0081710507654733,0.0,False,False,unchanged
dmv.627,2587400,False,,2639897.019593013,2639897.019593013,,1.02028948735913,0.0,False,True,fd
dmv.628,797817,False,,884459.3562448524,884459.3562448526,,1.1085992856066647,2.6324628939694667e-16,False,False,unchanged
dmv.629,526917,False,,610711.4217307126,610711.4217307126,,1.159027743896501,0.0,False,False,unchanged
dmv.630,10920259,False,,11055816.394325241,11055816.394325243,,1.0124133863789533,1.684764908168175e-16,False,False,unchanged
dmv.631,520499,False,,742871.7511516234,742871.7511516234,,1.4272299296475564,0.0,False,False,unchanged
dmv.632,919220,False,,877555.3452806161,877555.3452806158,,1.047478093482595,2.653173328679542e-16,False,False,unchanged
dmv.633,11399660,False,,11489344.244208751,11489344.24420875,,1.0078672736036647,1.6211936117849642e-16,False,False,unchanged
dmv.634,570565,False,,660632.3383050679,660632.3383050677,,1.1578564025221805,1.7621801882362044e-16,False,False,unchanged
dmv.635,11008375,False,,11107326.736566724,11107326.736566726,,1.0089887686935377,1.676951793539028e-16,False,False,unchanged
dmv.636,5937496,False,,6052128.070115212,6052128.07011521,,1.019306466920603,4.616504626930753e-16,False,False,unchanged
dmv.637,2342936,False,,2355920.1628929144,2355920.162892914,,1.005541834216946,1.97655801177888e-16,False,False,unchanged
dmv.638,11291739,False,,11385046.506090684,11385046.506090684,,1.0082633424391658,0.0,False,False,unchanged
dmv.639,3841395,False,,3807872.948028568,3807872.9480285677,,1.0088033535858352,1.222890820316954e-16,False,False,unchanged
dmv.640,11488992,False,,11585122.828153746,11585122.828153746,,1.008367211688697,0.0,False,True,fd
dmv.641,490390,False,,475706.2586107786,475706.2586107786,,1.030867244488443,0.0,False,False,unchanged
dmv.642,162226,False,,385173.41195800615,385173.41195800615,,2.3743013571067904,0.0,False,False,unchanged
dmv.643,11043552,False,,11140675.427197782,11140675.427197782,,1.0087945823225881,0.0,False,False,unchanged
dmv.644,5241984,False,,5042776.390727031,5042776.390727031,,1.03950355792878,0.0,False,False,unchanged
dmv.645,6627651,False,,6631832.298827759,6631832.29882776,,1.000630886995673,1.4043216605162027e-16,False,False,unchanged
dmv.646,513154,False,,587442.9421607591,587442.9421607592,,1.14476929374176,1.9817298578604196e-16,False,False,unchanged
dmv.647,1781751,False,,1789047.9049764506,1789047.9049764504,,1.0040953561841417,1.3014220748713514e-16,False,False,unchanged
dmv.648,16848,False,,17411.50652633491,17411.50652633491,,1.0334464937283303,0.0,False,False,unchanged
dmv.649,6859705,False,,6845677.504588524,6845677.504588524,,1.0020491025763445,0.0,False,False,unchanged
dmv.650,122959,False,,83637.74140781058,83637.74140781055,,1.4701377384219676,3.4797484923493915e-16,False,True,fd
dmv.651,6790443,False,,6386345.367933002,6386345.367933003,,1.0632752550615325,1.4583028648776464e-16,False,False,unchanged
dmv.652,5110174,False,,5298788.5034179045,5298788.503417904,,1.0369096049210662,1.7576141678701517e-16,False,False,unchanged
dmv.653,287074,False,,319390.6417241668,319390.64172416663,,1.1125725134431081,5.467379438474931e-16,False,False,unchanged
dmv.654,7150572,False,,7326170.422218708,7326170.422218711,,1.0245572553103035,3.813681040469558e-16,False,False,unchanged
dmv.655,2617380,False,,2588370.778072841,2588370.778072842,,1.0112075218020957,3.5981034189734203e-16,False,False,unchanged
dmv.656,2293331,False,,2282163.5722185737,2282163.5722185737,,1.0048933511678877,0.0,False,False,unchanged
dmv.657,10378354,False,,10308120.39302567,10308120.393025672,,1.0068134251732108,1.806968756875595e-16,False,False,unchanged
dmv.658,6344114,False,,6338624.569242547,6338624.569242548,,1.0008660286939992,1.4692818046593498e-16,False,False,unchanged
dmv.659,975996,False,,927772.1243175417,927772.1243175416,,1.0519781468083353,1.2547835699694963e-16,False,False,unchanged
dmv.660,8931524,False,,8906448.142581595,8906448.142581591,,1.0028154722305649,4.182689034758265e-16,False,False,unchanged
dmv.661,926707,False,,905184.2636397461,905184.263639746,,1.0237771879437132,1.286095290243213e-16,False,True,fd
dmv.662,304871,False,,376797.1444195995,376797.14441959956,,1.2359232082408609,1.5448010096554135e-16,False,False,unchanged
dmv.663,7145301,False,,7203299.378134245,7203299.378134244,,1.0081169957898548,1.292911103268214e-16,False,False,unchanged
dmv.664,6301624,False,,6282647.841250205,6282647.841250207,,1.0030204078326979,2.96474543265233e-16,False,False,unchanged
dmv.665,1726542,False,,1729011.6596507407,1729011.6596507402,,1.0014304080936003,2.693222366133741e-16,False,False,unchanged
dmv.666,3950565,False,,3803299.966219955,3803299.9662199556,,1.0387203310514603,1.224361190133928e-16,False,False,unchanged
dmv.667,8858799,False,,8916157.579517437,8916157.579517439,,1.0064747579798838,2.0890671038720777e-16,False,False,unchanged
dmv.668,10526010,False,,10445534.881329786,10445534.881329788,,1.007704260201558,1.7831974814044464e-16,False,False,unchanged
dmv.669,546814,False,,782960.868756928,782960.8687569282,,1.4318595880078564,2.9737200535133303e-16,False,False,unchanged
dmv.670,3407106,False,,3361760.577007274,3361760.5770072737,,1.0134885938346905,1.3851708848411893e-16,False,True,fd
dmv.671,10966778,False,,11087475.562454503,11087475.562454503,,1.0110057450287133,0.0,False,False,unchanged
dmv.672,2051280,False,,2069264.1141031547,2069264.1141031545,,1.0087672643925523,1.1251857221463555e-16,False,False,unchanged
dmv.673,5880254,False,,5908281.851312895,5908281.851312895,,1.004766435482701,0.0,False,False,unchanged
dmv.674,11538324,False,,11591125.047998788,11591125.047998786,,1.0045761453742146,1.60695803169904e-16,False,False,unchanged
dmv.675,1647790,False,,1952896.8825001721,1952896.8825001728,,1.1851612659988058,3.5766964309317397e-16,False,False,unchanged
dmv.676,150672,False,,145337.2339939189,145337.2339939189,,1.0367061203758998,0.0,False,False,unchanged
dmv.677,973949,False,,1036230.8192508492,1036230.8192508498,,1.0639477213394635,5.617248573589911e-16,False,False,unchanged
dmv.678,231622,False,,55412.01793015154,55412.01793015155,,4.179995759980557,2.6261298129784697e-16,False,False,unchanged
dmv.679,11424730,False,,11515354.844925305,11515354.844925305,,1.00793234018881,0.0,False,False,unchanged
dmv.680,10564014,False,,10646864.547406757,10646864.547406757,,1.0078427146543687,0.0,False,False,unchanged
dmv.681,583499,False,,599668.1595591116,599668.1595591118,,1.0277106894083994,3.8826580991902497e-16,False,False,unchanged
dmv.682,11346082,False,,11438959.576817913,11438959.576817911,,1.0081858721643218,1.6283344098931657e-16,False,False,unchanged
dmv.683,10252425,False,,10357270.554231312,10357270.554231314,,1.0102264151389855,1.798393833083756e-16,False,False,unchanged
dmv.684,9214369,False,,9204489.443713937,9204489.443713939,,1.0010733410415078,2.0236267971419329e-16,False,False,unchanged
dmv.685,4359054,False,,4351738.9063403085,4351738.9063403085,,1.0016809587654796,0.0,False,False,unchanged
dmv.686,10174145,False,,10319461.405,10319461.405000003,,1.0142829107507314,3.6099658230776754e-16,False,False,unchanged
dmv.687,230197,False,,276698.4924778238,276698.4924778251,,1.202007378366459,4.6280286120420736e-15,False,False,unchanged
dmv.688,11117417,False,,11213588.531163894,11213588.531163894,,1.0086505283703844,0.0,False,False,unchanged
dmv.689,6841462,False,,6859780.134142333,6859780.134142333,,1.0026775174871003,0.0,False,False,unchanged
dmv.690,10491726,False,,10626068.737218864,10626068.737218862,,1.0128046364553234,1.7529014683547615e-16,False,False,unchanged
dmv.691,6556760,False,,6611232.899185944,6611232.899185943,,1.008307898899143,1.4086972714728511e-16,False,False,unchanged
dmv.692,10193517,False,,10304549.220213441,10304549.220213441,,1.0108924348891006,0.0,False,False,unchanged
dmv.693,11456914,False,,11550444.9072667,11550444.9072667,,1.0081637085926194,0.0,False,False,unchanged
dmv.694,6097822,False,,6324705.980888671,6324705.980888673,,1.037207380092215,2.945030417001677e-16,False,False,unchanged
dmv.695,10349859,False,,10426981.900500316,10426981.900500316,,1.0074515894854525,0.0,False,False,unchanged
dmv.696,5335630,False,,5385670.763769172,5385670.763769168,,1.0093786045451376,6.917040535643076e-16,False,False,unchanged
dmv.697,952384,False,,878859.114062342,878859.1140623417,,1.0836594680093885,2.649237402541789e-16,False,False,unchanged
dmv.698,6727683,False,,6771629.7201065365,6771629.720106534,,1.0065322221790973,4.12599010774393e-16,False,False,unchanged
dmv.699,11491051,False,,11587440.01005292,11587440.01005292,,1.0083881805113317,0.0,False,False,unchanged
dmv.700,4047760,False,,4059790.3332188725,4059790.3332188725,,1.0029720964728326,0.0,False,False,unchanged
dmv.701,1375686,False,,1364503.0350424452,1364503.0350424463,,1.0081956321608379,8.531701200892779e-16,False,False,unchanged
dmv.702,10956369,False,,11057541.298351984,11057541.298351984,,1.0092341083393581,0.0,False,False,unchanged
dmv.703,4152872,False,,4178223.544978369,4178223.544978368,,1.00610458135439,2.22899173438146e-16,False,False,unchanged
dmv.704,456766,False,,594821.0609172592,594821.0609172591,,1.302244608655765,1.957148619576677e-16,False,False,unchanged
dmv.705,822012,False,,853301.2844372852,853301.284437285,,1.038064267233672,1.364293291831919e-16,False,False,unchanged
dmv.706,120037,False,,77286.19197722731,77286.19197722735,,1.553149365094471,5.648582828089638e-16,False,False,unchanged
dmv.707,5593056,False,,5601403.504987045,5601403.504987049,,1.00149247656148,6.650637282504659e-16,False,False,unchanged
dmv.708,11291739,False,,11385046.506090684,11385046.506090684,,1.0082633424391658,0.0,False,False,unchanged
dmv.709,9218001,False,,8910062.014070824,8910062.014070826,,1.0345608128700874,2.0904962796998001e-16,False,False,unchanged
dmv.710,10917713,False,,11054754.626374599,11054754.626374599,,1.0125522283260788,0.0,False,False,unchanged
dmv.711,8351891,False,,8409684.698926613,8409684.69892661,,1.0069198339545635,2.214881075706322e-16,False,False,unchanged
dmv.712,10906355,False,,11041431.805856083,11041431.805856084,,1.0123851466283724,1.686959791068998e-16,False,False,unchanged
dmv.713,10529464,False,,10639571.765741706,10639571.765741706,,1.0104571102329336,0.0,False,False,unchanged
dmv.714,11295853,False,,11385775.441952001,11385775.441952005,,1.0079606597175088,3.271881056722511e-16,False,False,unchanged
dmv.715,720427,False,,736409.0719274502,736409.0719274502,,1.0221841656787576,0.0,False,False,unchanged
dmv.716,11079771,False,,11198910.261370579,11198910.26137058,,1.0107528631567004,1.6632378559688511e-16,False,False,unchanged
dmv.717,11456192,False,,11543422.204425255,11543422.204425255,,1.0076142407900683,0.0,False,False,unchanged
dmv.718,510747,False,,947063.0948568668,947063.0948568666,,1.8542704995954293,1.2292245623247426e-16,False,False,unchanged
dmv.719,1841360,False,,1914755.7464122262,1914755.7464122255,,1.0398595312226975,3.6479427324890316e-16,False,False,unchanged
dmv.720,11489397,False,,11574358.764759926,11574358.764759928,,1.0073947975476805,1.6092858248891435e-16,False,False,unchanged
dmv.721,516288,False,,548194.7017539544,548194.7017539544,,1.0618002001866291,0.0,False,False,unchanged
dmv.722,41326,False,,13732.469694182008,13732.469694182013,,3.009364005187534,3.9737704376289314e-16,False,False,unchanged
dmv.723,2652552,False,,2639727.3398196013,2639727.3398196013,,1.004858327595787,0.0,False,False,unchanged
dmv.724,9698018,False,,9515020.906470444,9515020.906470446,,1.019232442611357,1.957583874528655e-16,False,False,unchanged
dmv.725,8834562,False,,8881769.500419449,8881769.500419449,,1.0053435020796107,0.0,False,False,unchanged
dmv.726,477079,False,,465370.25917165226,465370.2591716523,,1.0251600539518555,1.2507817112566587e-16,False,False,unchanged
dmv.727,1246259,False,,1232114.5564678086,1232114.5564678088,,1.011479812049896,1.8896834099691342e-16,False,False,unchanged
dmv.728,11112310,False,,11202928.733300246,11202928.733300246,,1.0081548060934447,0.0,False,False,unchanged
dmv.729,77274,False,,155057.67809230057,155057.67809230054,,2.006595725500176,1.876968029884285e-16,False,False,unchanged
dmv.730,10719765,False,,10535742.894863408,10535742.89486341,,1.017466457465122,1.7679295782161407e-16,False,False,unchanged
dmv.731,364244,False,,278926.4747440884,278926.47474408837,,1.3058781900649243,2.0868460395117467e-16,False,False,unchanged
dmv.732,10646469,False,,10809926.114637874,10809926.114637876,,1.0153531762162529,1.7230877708856147e-16,False,False,unchanged
dmv.733,9963129,False,,9766268.063352892,9766268.063352892,,1.020157232565202,0.0,False,False,unchanged
dmv.734,8465349,False,,8522004.928392643,8522004.928392643,,1.0066926866680443,0.0,False,False,unchanged
dmv.735,10931326,False,,10819741.794008695,10819741.794008695,,1.010313019304499,0.0,False,False,unchanged
dmv.736,6863,False,,83927.74184867024,83927.74184867028,,12.229016734470383,5.201587070436856e-16,False,False,unchanged
dmv.737,10550829,False,,10723789.481303642,10723789.481303643,,1.0163930702794672,1.736928118999706e-16,False,False,unchanged
dmv.738,785387,False,,764459.9408134288,764459.940813429,,1.0273749585417171,1.5228439792811415e-16,False,False,unchanged
dmv.739,962303,False,,950041.7241162896,950041.7241162898,,1.012906039358551,1.2253706218558144e-16,False,False,unchanged
dmv.740,11332317,False,,11432512.373137556,11432512.373137558,,1.0088415610980135,1.6292526860565904e-16,False,False,unchanged
dmv.741,1061272,False,,1687618.544213655,1687618.5442136542,,1.5901847445458421,4.1389206900844476e-16,False,False,unchanged
dmv.742,121777,False,,133070.82875375717,133070.8287537572,,1.092741886840349,2.187093199110475e-16,False,False,unchanged
dmv.743,2143356,False,,2128801.1876486526,2128801.187648652,,1.0068370933066906,2.1874343645123628e-16,False,False,unchanged
dmv.744,6244024,False,,6342174.7595493235,6342174.7595493235,,1.0157191515518396,0.0,False,False,unchanged
dmv.745,143091,False,,66437.78086393028,66437.7808639303,,2.1537594744933073,2.1903072377101663e-16,False,False,unchanged
dmv.746,8456612,False,,8530806.612198222,8530806.612198222,,1.0087735622963692,0.0,False,False,unchanged
dmv.747,10192777,False,,10213562.237853305,10213562.237853305,,1.0020392124593038,0.0,False,False,unchanged
dmv.748,5762952,False,,5904582.7893660385,5904582.789366038,,1.0245760834666051,1.5772876896446609e-16,False,False,unchanged
dmv.749,10510893,False,,10567006.404494472,10567006.40449447,,1.005338595350031,1.7626989877083044e-16,False,False,unchanged
dmv.750,10966778,False,,11087475.562454503,11087475.562454503,,1.0110057450287133,0.0,False,False,unchanged
dmv.751,632782,False,,610532.4808128956,610532.4808128956,,1.0364428099836396,0.0,False,False,unchanged
dmv.752,3102889,False,,3108910.2322168183,3108910.2322168183,,1.0019405245295008,0.0,False,False,unchanged
dmv.753,1832863,False,,1880715.963393844,1880715.9633938447,,1.0261083143660186,3.71396821506819e-16,False,False,unchanged
dmv.754,1464558,False,,1412109.431882645,1412109.431882645,,1.0371419997155813,0.0,False,False,unchanged
dmv.755,10108526,False,,10103937.102697091,10103937.102697095,,1.0004541692269326,3.6869690107903616e-16,False,False,unchanged
dmv.756,9603184,False,,9543679.991763642,9543679.991763646,,1.0062349123490846,3.903410740591576e-16,False,False,unchanged
dmv.757,1465128,False,,1479130.9842554256,1479130.9842554247,,1.0095575159681787,6.296417183663381e-16,False,False,unchanged
dmv.758,36387,False,,31482.600277153633,31482.600277153637,,1.1557812785370656,1.1555522018718796e-16,False,False,unchanged
dmv.759,593633,False,,849888.1875204544,849888.1875204543,,1.4316727464956538,1.3697722069367277e-16,False,False,unchanged
dmv.760,8497458,False,,8607374.383530812,8607374.383530807,,1.012935207626894,6.492032527810949e-16,False,False,unchanged
dmv.761,590275,False,,461003.28548130713,461003.28548130725,,1.2804138681652293,2.525260133566992e-16,False,False,unchanged
dmv.762,3379157,False,,2648176.379693916,2648176.3796939156,,1.2760316970996368,1.7584224784965488e-16,False,False,unchanged
dmv.763,293259,False,,279546.9517277107,279546.9517277107,,1.0490509668860397,0.0,False,False,unchanged
dmv.764,4785622,False,,5161326.164958297,5161326.164958296,,1.0785068617952478,1.80442495755934e-16,False,False,unchanged
dmv.765,10599370,False,,10675257.845467515,10675257.845467517,,1.0071596562312208,1.7448245055943035e-16,False,False,unchanged
dmv.766,673018,False,,701450.0371828545,701450.0371828545,,1.0422455821134866,0.0,False,True,fd
dmv.767,11059373,False,,11155401.026150148,11155401.026150148,,1.0086829539206381,0.0,False,False,unchanged
dmv.768,10499418,False,,10596148.84798079,10596148.847980794,,1.0092129723743535,3.5157021215040847e-16,False,False,unchanged
dmv.769,1163561,False,,1113916.062847635,1113916.0628476348,,1.0445679336245963,2.0901991758576248e-16,False,False,unchanged
dmv.770,956942,False,,934051.7486319069,934051.7486319069,,1.0245064059904818,0.0,False,False,unchanged
dmv.771,20779,False,,20609.730624752814,20609.730624752814,,1.0082130804292944,0.0,False,False,unchanged
dmv.772,344058,False,,323037.17516162584,323037.175161626,,1.0650724636502185,5.405662139443631e-16,False,False,unchanged
dmv.773,5856574,False,,5865306.658180345,5865306.658180343,,1.0014910864577728,3.1756995120334007e-16,False,False,unchanged
dmv.774,477370,False,,497255.7263116844,497255.72631168435,,1.0416568412587395,1.1705779910311645e-16,False,False,unchanged
dmv.775,11086076,False,,11185221.378047138,11185221.378047138,,1.0089432345626297,0.0,False,False,unchanged
dmv.776,464033,False,,610640.1500711888,610640.1500711892,,1.3159412155411119,5.719341668576639e-16,False,False,unchanged
dmv.777,9356683,False,,9478822.760095712,9478822.760095714,,1.0130537456591948,1.9650595821586484e-16,False,False,unchanged
dmv.778,4908391,False,,4914750.0512723755,4914750.0512723755,,1.0012955470076397,0.0,False,False,unchanged
dmv.779,355298,False,,345824.92698986875,345824.9269898688,,1.0273926841901966,1.683153999918943e-16,False,False,unchanged
dmv.780,8256,False,,6927.810504701818,6927.810504701819,,1.1917185082352868,1.3128169443371258e-16,False,False,unchanged
dmv.781,15630,False,,14109.327382962441,14109.327382962443,,1.1077778249637775,1.2892105726757438e-16,False,False,unchanged
dmv.782,885591,False,,860065.1163389112,860065.1163389109,,1.029679012874916,4.060692136514733e-16,False,False,unchanged
dmv.783,33535,False,,28618.818753688643,28618.818753688643,,1.171781417277319,0.0,False,False,unchanged
dmv.784,380896,False,,257881.35462550964,257881.35462550982,,1.4770203163897981,6.771446621024085e-16,False,False,unchanged
dmv.785,128856,False,,26968.566866221292,26968.56686622142,,4.7780069530277824,4.721395055207475e-15,False,False,unchanged
dmv.786,650516,False,,574529.7261369076,574529.7261369076,,1.1322582112052202,0.0,False,False,unchanged
dmv.787,5731132,False,,5979900.403207087,5979900.403207084,,1.0434065038472482,4.672264645658648e-16,False,False,unchanged
dmv.788,10891995,False,,11024493.929710723,11024493.929710723,,1.012164798984091,0.0,False,False,unchanged
dmv.789,3734485,False,,3748460.2128681764,3748460.212868176,,1.003742206185907,1.2422735226297982e-16,False,False,unchanged
dmv.790,8847330,False,,8875462.226251408,8875462.22625141,,1.0031797419392527,2.0986457964090207e-16,False,False,unchanged
dmv.791,10893153,False,,11027006.738627171,11027006.738627171,,1.0122878783238582,0.0,False,False,unchanged
dmv.792,9365845,False,,9476747.936417874,9476747.936417874,,1.011841209887402,0.0,False,False,unchanged
dmv.793,226090,False,,253529.27251340655,253529.2725134066,,1.1213643792888077,2.295895078955405e-16,False,False,unchanged
dmv.794,695397,False,,706565.8433824672,706565.8433824672,,1.0160611037759253,0.0,False,False,unchanged
dmv.795,799856,False,,771034.2448348572,771034.244834857,,1.0373806421157286,3.019718582068144e-16,False,False,unchanged
dmv.796,4932391,False,,5142203.142993451,5142203.142993451,,1.0425376137036684,0.0,False,False,unchanged
dmv.797,886725,False,,903501.0521812546,903501.0521812545,,1.0189191149243053,1.288491270108453e-16,False,False,unchanged
dmv.798,1037664,False,,945201.9583962207,945201.9583962208,,1.097822524363645,1.2316449494504166e-16,False,False,unchanged
dmv.799,13705,False,,30080.942930613397,30080.942930613397,,2.1948882109167016,0.0,False,False,unchanged
dmv.800,10710519,False,,10497583.852258543,10497583.85225854,,1.020284205464636,1.7743560570180267e-16,False,False,unchanged
dmv.801,9247130,False,,9158214.382965213,9158214.382965209,,1.0097088376965901,4.0677037495334926e-16,False,False,unchanged
dmv.802,17984,False,,13277.724755957674,13277.724755957674,,1.3544489233315848,0.0,False,False,unchanged
dmv.803,549103,False,,491631.3993591769,491631.39935917687,,1.1168997763685053,1.1839695550231112e-16,False,False,unchanged
dmv.804,10535420,False,,10623171.462656047,10623171.462656045,,1.0083291850401832,1.7533795399789693e-16,False,True,fd
dmv.805,74195,False,,55745.71613549052,55745.71613549051,,1.330954289288675,1.3052047975308344e-16,False,False,unchanged
dmv.806,567496,False,,815238.9945034788,815238.9945034789,,1.4365546092016133,1.427990106114067e-16,False,False,unchanged
dmv.807,1483233,False,,2401232.417963141,2401232.417963143,,1.6189178759932803,7.757038157976206e-16,False,False,unchanged
dmv.808,10582435,False,,10658542.317681527,10658542.317681525,,1.0071918530736572,1.747560870627687e-16,False,False,unchanged
dmv.809,10595911,False,,10760534.958798312,10760534.958798314,,1.0155365554503348,1.7309967918537095e-16,False,False,unchanged
dmv.810,583361,False,,571095.7219985065,571095.7219985068,,1.021476746417522,6.115366514367229e-16,False,False,unchanged
dmv.811,147193,False,,104120.01923458769,104120.01923458767,,1.4136858702298807,1.3976097330121166e-16,False,False,unchanged
dmv.812,5382049,False,,5568180.189057122,5568180.189057123,,1.0345837039122316,1.67257980703599e-16,False,False,unchanged
dmv.813,160584,False,,162160.92942895947,162160.9294289595,,1.0098199660548963,1.7947498549262877e-16,False,False,unchanged
dmv.814,712453,False,,883923.2888941591,883923.2888941593,,1.2406759307549537,1.3170296935221305e-16,False,False,unchanged
dmv.815,824594,False,,754763.2408336267,754763.2408336268,,1.0925200849596837,1.5424084736606344e-16,False,False,unchanged
dmv.816,471447,False,,472366.4214890081,472366.42148900806,,1.0019502117714358,1.2322565336033713e-16,False,False,unchanged
dmv.817,5161333,False,,5090374.438989109,5090374.438989109,,1.0139397527355536,0.0,False,False,unchanged
dmv.818,5096983,False,,5136582.783860798,5136582.783860798,,1.0077692595523269,0.0,False,False,unchanged
dmv.819,10761774,False,,10901153.125299035,10901153.125299033,,1.012951315024738,1.7086679985332856e-16,False,False,unchanged
dmv.820,5976689,False,,6190034.211356339,6190034.211356341,,1.0356962209939884,3.0091031578043896e-16,False,False,unchanged
dmv.821,10664464,False,,10738096.538740396,10738096.538740396,,1.0069044762812642,0.0,False,False,unchanged
dmv.822,2553841,False,,2537094.5983731598,2537094.5983731593,,1.006600621686546,1.8354116066713928e-16,False,False,unchanged
dmv.823,11488776,False,,11580408.397763684,11580408.397763684,,1.0079758189874783,0.0,False,False,unchanged
dmv.824,10421578,False,,10539332.388262045,10539332.388262045,,1.0112990938859783,0.0,False,False,unchanged
dmv.825,1349558,False,,1377531.4757945905,1377531.4757945905,,1.020727879642513,0.0,False,False,unchanged
dmv.826,78187,False,,96989.41777222037,96989.41777222036,,1.2404801024750967,1.5003611283183516e-16,False,False,unchanged
dmv.827,2278139,False,,2285280.1411279435,2285280.1411279435,,1.0031346380216235,0.0,False,False,unchanged
dmv.828,344240,False,,54112.22843196796,54112.228431968135,,6.361593487741725,3.227052143305179e-15,False,False,unchanged
dmv.829,2869877,False,,2854716.876610612,2854716.876610612,,1.0053105523400931,0.0,False,False,unchanged
dmv.830,769406,False,,834128.8436270702,834128.8436270717,,1.0841205340575328,1.8143470224208837e-15,False,True,fd
dmv.831,11261275,False,,11146482.632070838,11146482.63207084,,1.0102985283984456,1.6710609173442073e-16,False,False,unchanged
dmv.832,11067379,False,,11171330.46626302,11171330.46626302,,1.0093926002048923,0.0,False,False,unchanged
dmv.833,11117417,False,,11213588.531163894,11213588.531163894,,1.0086505283703844,0.0,False,False,unchanged
dmv.834,116878,False,,119143.60875169084,119143.6087516908,,1.0193843901477682,3.6641282014618367e-16,False,False,unchanged
dmv.835,2570755,False,,2832922.434066762,2832922.4340667627,,1.1019807154189187,1.6437488076200717e-16,False,False,unchanged
dmv.836,6281,False,,1142.486634699914,1142.486634699914,,5.497657311019458,0.0,False,False,unchanged
dmv.837,8227,False,,1424.0619400891433,1424.061940089143,,5.777136350884434,1.5966557987568925e-16,False,False,unchanged
dmv.838,8536150,False,,8630320.349047467,8630320.349047467,,1.0110319463748256,0.0,False,False,unchanged
dmv.839,3959067,False,,3947787.792757692,3947787.7927576904,,1.0028570956278349,3.5386498344364344e-16,False,False,unchanged
dmv.840,1838304,False,,1793141.511764485,1793141.5117644859,,1.0251862376389214,5.193804105840141e-16,False,False,unchanged
dmv.841,663135,False,,748929.6397457324,748929.6397457323,,1.1293773360563573,1.5544226807001356e-16,False,False,unchanged
dmv.842,1110913,False,,1069596.5288238814,1069596.5288238819,,1.0386280901842022,4.353616291367138e-16,False,False,unchanged
dmv.843,7040422,False,,6884961.879425591,6884961.879425591,,1.0225796632279072,0.0,False,False,unchanged
dmv.844,406939,False,,548527.7531670459,548527.7531670458,,1.3479360620806702,2.1223232763481031e-16,False,False,unchanged
dmv.845,6583925,False,,6587591.316793142,6587591.316793142,,1.0005568588331644,0.0,False,False,unchanged
dmv.846,6013360,False,,6241721.861741563,6241721.861741563,,1.0379757509514753,0.0,False,False,unchanged
dmv.847,358398,False,,353362.29887280974,353362.2988728121,,1.0142508160696646,6.753731524457725e-15,False,False,unchanged
dmv.848,140262,False,,140190.20959633717,140190.2095963372,,1.0005120928477784,2.0760244628020094e-16,False,False,unchanged
dmv.849,11003920,False,,11130857.154280435,11130857.154280435,,1.0115356304190175,0.0,False,False,unchanged
dmv.850,4470034,False,,4472438.768608971,4472438.768608972,,1.0005379754625963,4.164719173584753e-16,False,False,unchanged
dmv.851,456309,False,,741514.8889284981,741514.888928498,,1.6250279721164784,1.5699660730367395e-16,False,False,unchanged
dmv.852,1926146,False,,2009798.8312442796,2009798.831244279,,1.0434301611841883,3.4754320686372786e-16,False,False,unchanged
dmv.853,11426460,False,,11516126.032272775,11516126.032272775,,1.0078472275991668,0.0,False,False,unchanged
dmv.854,395680,False,,405315.5552726685,405315.5552726687,,1.024351888578317,5.744429016479198e-16,False,False,unchanged
dmv.855,469466,False,,563098.5047063252,563098.5047063254,,1.199444698245081,2.0674059841030708e-16,False,False,unchanged
dmv.856,2261081,False,,2367884.5609658537,2367884.5609658537,,1.0472356191422836,0.0,False,False,unchanged
dmv.857,9258739,False,,9387836.372976782,9387836.372976786,,1.0139432997276174,3.968209660306066e-16,False,False,unchanged
dmv.858,11306091,False,,11396540.15443764,11396540.15443764,,1.0080000377175136,0.0,False,False,unchanged
dmv.859,113802,False,,64588.99685187658,64588.99685187658,,1.7619409736457856,0.0,False,False,unchanged
dmv.860,99993,False,,10708.208037671791,10708.20803767179,,9.337976965727755,1.6986870232130328e-16,False,False,unchanged
dmv.861,9332373,False,,9382496.831823982,9382496.831823982,,1.0053709631863175,0.0,False,False,unchanged
dmv.862,4714080,False,,4913151.139062477,4913151.139062476,,1.0422290540386412,1.8955707818774587e-16,False,False,unchanged
dmv.863,11455407,False,,11545031.087303275,11545031.087303275,,1.00782373662527,0.0,False,False,unchanged
dmv.864,5031622,False,,4551035.352249349,4551035.352249349,,1.105599409926166,0.0,False,False,unchanged
dmv.865,492868,False,,523607.2981899388,523607.2981899387,,1.0623682166217705,2.223332681369638e-16,False,False,unchanged
dmv.866,1064485,False,,1131486.6896385713,1131486.6896385713,,1.062942821776325,0.0,False,False,unchanged
dmv.867,125324,False,,130994.19096015008,130994.19096015014,,1.0452442545733465,4.44352993723018e-16,False,False,unchanged
dmv.868,1014651,False,,1705882.3666978527,1705882.3666978527,,1.6812503675626917,0.0,False,False,unchanged
dmv.869,11243421,False,,11334250.708810743,11334250.708810747,,1.0080784761871626,3.2867548055611984e-16,False,False,unchanged
dmv.870,4876769,False,,4838489.951629594,4838489.951629594,,1.0079113625848315,0.0,False,False,unchanged
dmv.871,739797,False,,898727.3371533606,898727.3371533606,,1.2148296588839378,0.0,False,False,unchanged
dmv.872,11545499,False,,11622759.468252426,11622759.468252426,,1.0066918258147548,0.0,False,False,unchanged
dmv.873,11088609,False,,11216018.64228401,11216018.642284011,,1.0114901375171592,1.6607008321195613e-16,False,False,unchanged
dmv.874,51782,False,,57469.089053570264,57469.089053570264,,1.1098275279743977,0.0,False,False,unchanged
dmv.875,11426194,False,,11510603.548936425,11510603.548936427,,1.0073873722900577,1.618199377045754e-16,False,False,unchanged
dmv.876,9972827,False,,10139891.912381196,10139891.9123812,,1.0167520114789113,3.673895472113653e-16,False,False,unchanged
dmv.877,5878914,False,,5892040.480219527,5892040.480219527,,1.0022328069809368,0.0,False,False,unchanged
dmv.878,10472627,False,,10719098.217277214,10719098.217277212,,1.0235348033761933,1.7376882938050854e-16,False,False,unchanged
dmv.879,96980,False,,94155.87552651834,94155.87552651834,,1.0299941395870327,0.0,False,False,unchanged
dmv.880,513492,False,,714637.5193509767,714637.5193509767,,1.3917208434619754,0.0,False,False,unchanged
dmv.881,5728650,False,,6088463.978528552,6088463.978528553,,1.0628095587142785,1.5296511203808725e-16,False,False,unchanged
dmv.882,555308,False,,622474.9691672556,622474.9691672554,,1.1209544418003263,1.870200852938308e-16,False,False,unchanged
dmv.883,1645755,False,,1882749.3349306362,1882749.3349306362,,1.1440034117658073,0.0,False,False,unchanged
dmv.884,4137727,False,,4026834.0644600554,4026834.064460057,,1.0275384914711687,3.4691865608585345e-16,False,False,unchanged
dmv.885,2992864,False,,2977691.2082438534,2977691.2082438553,,1.0050954886504484,6.255333474720786e-16,False,False,unchanged
dmv.886,709157,False,,597094.7006515589,597094.700651559,,1.1876792730301524,1.9496961152041813e-16,False,False,unchanged
dmv.887,11441212,False,,11540319.208253756,11540319.208253756,,1.008662299785526,0.0,False,False,unchanged
dmv.888,449309,False,,412126.61635754886,412126.61635754886,,1.0902207772239414,0.0,False,False,unchanged
dmv.889,1148555,False,,1181914.997708972,1181914.997708972,,1.0290451895720902,0.0,False,False,unchanged
dmv.890,11105396,False,,11211338.437761843,11211338.437761841,,1.009539726252161,1.6613940963170168e-16,False,False,unchanged
dmv.891,6399846,False,,6196296.973397647,6196296.973397647,,1.032850108294719,0.0,False,False,unchanged
dmv.892,6842484,False,,6767545.659753124,6767545.659753122,,1.0110731931507366,2.7523200328121696e-16,False,False,unchanged
dmv.893,16669,False,,16622.839598272465,16622.839598272465,,1.002776926376185,0.0,False,False,unchanged
dmv.894,3148734,False,,3103213.912990978,3103213.9129909803,,1.0146686913262606,7.502887334939142e-16,False,False,unchanged
dmv.895,11532546,False,,11620352.171486221,11620352.17148622,,1.0076137716239086,1.6029162642776674e-16,False,False,unchanged
dmv.896,10480653,False,,10549338.17157302,10549338.171573019,,1.0065535202408686,1.765651189616966e-16,False,False,unchanged
dmv.897,5995478,False,,6134625.348509659,6134625.34850966,,1.0232087163875272,1.5181409160409986e-16,False,False,unchanged
dmv.898,10476115,False,,10583940.566256924,10583940.566256924,,1.0102925145683226,0.0,False,False,unchanged
dmv.899,1041764,False,,1032130.4767897899,1032130.4767897895,,1.009333629252159,3.383738522740417e-16,False,False,unchanged
dmv.900,4599087,False,,4582279.88432007,4582279.884320072,,1.0036678500886516,4.0648873404801637e-16,False,False,unchanged
dmv.901,299878,False,,610376.0630311327,610376.0630311328,,2.0354146120460075,1.907272071726e-16,False,False,unchanged
dmv.902,10137027,False,,9811714.435087355,9811714.43508735,,1.0331555272083037,5.695167225525887e-16,False,False,unchanged
dmv.903,1902546,False,,1885488.6863606165,1885488.6863606162,,1.0090466274143006,1.2348556919918782e-16,False,False,unchanged
dmv.904,6615998,False,,6617959.4031099165,6617959.4031099165,,1.0002964636793898,0.0,False,False,unchanged
dmv.905,802474,False,,770765.3905642749,770765.3905642745,,1.0411391194050779,4.531157856285202e-16,False,False,unchanged
dmv.906,11115069,False,,11211252.288333332,11211252.288333334,,1.0086534135175709,1.661406862790221e-16,False,False,unchanged
dmv.907,4378321,False,,4387121.800385147,4387121.800385147,,1.002010085689274,0.0,False,False,unchanged
dmv.908,4175831,False,,3969835.5537261125,3969835.553726112,,1.051890171138333,1.1729989341011033e-16,False,False,unchanged
dmv.909,5944995,False,,6001478.81349097,6001478.813490969,,1.0095010699741498,1.5518218151864845e-16,False,False,unchanged
dmv.910,335325,False,,409445.77200688,409445.7720068801,,1.22104159250542,1.4216207589143042e-16,False,False,unchanged
dmv.911,1324662,False,,1341392.3797394407,1341392.3797394403,,1.0126299235121419,3.4714770587722585e-16,False,False,unchanged
dmv.912,1083314,False,,1044752.8460536822,1044752.8460536822,,1.0369093552527509,0.0,False,False,unchanged
dmv.913,47617,False,,49883.92703765111,49883.92703765113,,1.0476075149138147,2.917155102360613e-16,False,False,unchanged
dmv.914,853840,False,,1483539.787578909,1483539.787578909,,1.7374915529594643,0.0,False,False,unchanged
dmv.915,2049791,False,,2049550.1463197125,2049550.1463197134,,1.0001175153878132,4.54403409591033e-16,False,False,unchanged
dmv.916,954600,False,,931455.7610411565,931455.7610411564,,1.0248473839841556,1.2498212657658467e-16,False,False,unchanged
dmv.917,100428,False,,76419.00367185795,76419.00367185798,,1.3141757308330833,3.808454580447699e-16,False,False,unchanged
dmv.918,373480,False,,516785.95282904437,516785.95282904437,,1.3837044897425415,0.0,False,False,unchanged
dmv.919,258612,False,,373131.35655665596,373131.356556656,,1.4428230575404697,1.5599777368115456e-16,False,False,unchanged
dmv.920,852393,False,,830839.8277813127,830839.8277813125,,1.0259414287784483,2.8023529429929253e-16,False,False,unchanged
dmv.921,5091088,False,,5412716.692244221,5412716.692244222,,1.0631748444034401,1.7206194736738257e-16,False,False,unchanged
dmv.922,10208,False,,115.10297646338208,115.10297646338206,,88.6858039092281,1.2346209587136898e-16,False,False,unchanged
dmv.923,10308099,False,,10342504.70225598,10342504.70225598,,1.0033377349456947,0.0,False,False,unchanged
dmv.924,2011713,False,,2711482.102242415,2711482.1022424162,,1.3478473829231181,5.152104307706481e-16,False,False,unchanged
dmv.925,9799777,False,,9754939.4192334,9754939.419233404,,1.0045963976647765,3.8188758928803964e-16,False,False,unchanged
dmv.926,79880,False,,38491.72359110713,38491.72359110714,,2.075251315024379,1.8902654740730842e-16,False,False,unchanged
dmv.927,6011109,False,,6106898.034100165,6106898.034100164,,1.0159353347444149,1.5250337723261276e-16,False,False,unchanged
dmv.928,373059,False,,640931.4041255588,640931.404125559,,1.718043001577656,3.6326920814798753e-16,False,False,unchanged
dmv.929,4431268,False,,4423849.048069048,4423849.048069048,,1.0016770355069395,0.0,False,False,unchanged
dmv.930,9590342,False,,9457982.475047166,9457982.475047167,,1.0139944777125605,1.9693895121344765e-16,False,False,unchanged
dmv.931,2182324,False,,2429419.3142980435,2429419.3142980444,,1.1132257695456969,3.833519265835649e-16,False,False,unchanged
dmv.932,5674495,False,,5765258.668587566,5765258.6685875645,,1.0159950213345093,3.2308093293015904e-16,False,False,unchanged
dmv.933,39168,False,,33925.08368101418,33925.08368101418,,1.154543946546548,0.0,False,False,unchanged
dmv.934,378691,False,,371373.3848666157,371373.3848666157,,1.0197041991472073,0.0,False,False,unchanged
dmv.935,477413,False,,487324.4258488633,487324.42584886326,,1.0207606953494424,1.1944334785205222e-16,False,False,unchanged
dmv.936,10567120,False,,10379658.708716715,10379658.708716715,,1.018060448473692,0.0,False,False,unchanged
dmv.937,762024,False,,675605.4490856527,675605.4490856528,,1.1279127500100894,1.723125856733221e-16,False,False,unchanged
dmv.938,6174129,False,,6269743.200519275,6269743.200519276,,1.0154862654342458,1.4854237962064284e-16,False,False,unchanged
dmv.939,11010991,False,,11103734.98728046,11103734.98728046,,1.0084228556067714,0.0,False,False,unchanged
dmv.940,1943829,False,,1972913.6911945932,1972913.6911945934,,1.0149625770551798,1.1801359820909924e-16,False,False,unchanged
dmv.941,1137763,False,,1957225.3671433907,1957225.3671433914,,1.7202399508011692,3.5687864192209583e-16,False,False,unchanged
dmv.942,9498190,False,,9659284.410453033,9659284.410453033,,1.0169605377922566,0.0,False,False,unchanged
dmv.943,0,True,,0.09964340386698069,0.09964340386698067,,9.964340386698068e+298,1.3927452565089667e-16,False,False,unchanged
dmv.944,9752148,False,,9904998.228816794,9904998.228816794,,1.015673493554117,0.0,False,True,fd
dmv.945,29877,False,,119027.04623711194,119027.04623711196,,3.9839022069522354,2.445144307685869e-16,False,False,unchanged
dmv.946,1548798,False,,1570171.7467081668,1570171.7467081677,,1.0138002158500765,5.931342074954392e-16,False,False,unchanged
dmv.947,10563843,False,,10657493.601152798,10657493.601152798,,1.0088652019111604,0.0,False,False,unchanged
dmv.948,498629,False,,578426.6247549125,578426.6247549122,,1.160034062910325,4.025240777125765e-16,False,False,unchanged
dmv.949,11350753,False,,11441604.082343359,11441604.082343359,,1.0080039696347334,0.0,False,False,unchanged
dmv.950,10612087,False,,10691743.410955619,10691743.410955619,,1.0075061965620542,0.0,False,False,unchanged
dmv.951,5220115,False,,5207007.3425574135,5207007.3425574135,,1.0025173111117889,0.0,False,False,unchanged
dmv.952,908004,False,,893495.9655064902,893495.9655064908,,1.0162373810891085,6.514596949575656e-16,False,False,unchanged
dmv.953,10727791,False,,10768246.708502531,10768246.708502531,,1.0037711126645301,0.0,False,False,unchanged
dmv.954,473782,False,,461997.44563709205,461997.44563709205,,1.025507834457087,0.0,False,False,unchanged
dmv.955,2266591,False,,2290824.1045315983,2290824.1045315983,,1.0106914324338172,0.0,False,False,unchanged
dmv.956,704563,False,,661799.7363322605,661799.7363322604,,1.0646166224011155,1.7590717468718938e-16,False,False,unchanged
dmv.957,10732403,False,,10843237.462668164,10843237.462668164,,1.0103270872951904,0.0,False,False,unchanged
dmv.958,3100902,False,,3017969.8703552177,3017969.8703552177,,1.0274794425416252,0.0,False,False,unchanged
dmv.959,1436295,False,,1491471.0473585424,1491471.047358543,,1.0384155395364758,3.122161091443543e-16,False,False,unchanged
dmv.960,5765229,False,,5768725.631560949,5768725.631560946,,1.0006065034989848,4.843301453895671e-16,False,False,unchanged
dmv.961,5686406,False,,5776314.441037947,5776314.441037948,,1.0158111188399048,1.6123128062400438e-16,False,False,unchanged
dmv.962,11426110,False,,11489328.488845477,11489328.488845477,,1.0055328094028044,0.0,False,False,unchanged
dmv.963,10136440,False,,10260640.474991499,10260640.474991502,,1.012252869349742,3.6306605884317366e-16,False,False,unchanged
dmv.964,5162305,False,,5497149.008561323,5497149.008561322,,1.0648632749442979,1.694191976904803e-16,False,False,unchanged
dmv.965,1308315,False,,1321058.9045286714,1321058.904528671,,1.0097407004648509,3.524909341373226e-16,False,False,unchanged
dmv.966,1989257,False,,1989402.4557604936,1989402.4557604936,,1.0000731206478066,0.0,False,False,unchanged
dmv.967,996696,False,,968511.6397555991,968511.6397555983,,1.0291006933602915,8.414016097877603e-16,False,False,unchanged
dmv.968,9917869,False,,9672823.156725332,9672823.156725332,,1.0253334356789405,0.0,False,False,unchanged
dmv.969,6685061,False,,6767537.889185156,6767537.889185156,,1.0123374923856574,0.0,False,False,unchanged
dmv.970,6107321,False,,6172040.045431857,6172040.045431854,,1.0105969614880006,4.526813992262332e-16,False,False,unchanged
dmv.971,10426752,False,,10528516.128215026,10528516.128215032,,1.0097599068449146,5.307429251799257e-16,False,False,unchanged
dmv.972,800762,False,,774499.5822686778,774499.5822686778,,1.0339088855986132,0.0,False,False,unchanged
dmv.973,11404823,False,,11502572.372522939,11502572.372522939,,1.0085708802778386,0.0,False,False,unchanged
dmv.974,10468078,False,,10572774.632757187,10572774.632757189,,1.0100015143904342,1.7617373054183913e-16,False,False,unchanged
dmv.975,10635657,False,,10710641.747859577,10710641.747859577,,1.0070503164834648,0.0,False,False,unchanged
dmv.976,427,False,,4133.069587913844,4133.069587913845,,9.67931987801837,2.2005308220130722e-16,False,False,unchanged
dmv.977,2335986,False,,2366125.5091214776,2366125.509121478,,1.0129022644491352,1.9680329108181386e-16,False,False,unchanged
dmv.978,5073895,False,,5074181.984577479,5074181.984577477,,1.00005656100047,3.6708284308530922e-16,False,False,unchanged
dmv.979,6994439,False,,7046545.222971526,7046545.222971527,,1.0074496643650086,1.3216726000414994e-16,False,False,unchanged
dmv.980,231704,False,,530479.0949767736,530479.0949767735,,2.289468869664631,2.1945317530756222e-16,False,False,unchanged
dmv.981,11117417,False,,11213588.531163894,11213588.531163894,,1.0086505283703844,0.0,False,False,unchanged
dmv.982,3594715,False,,3601698.5675736843,3601698.5675736843,,1.001942731919967,0.0,False,False,unchanged
dmv.983,11305393,False,,11367943.52429476,11367943.524294756,,1.0055328040603948,3.277013375814623e-16,False,False,unchanged
dmv.984,11044870,False,,11161545.690531395,11161545.690531395,,1.010563790296436,0.0,False,False,unchanged
dmv.985,3763,False,,6293.978488721853,6293.978488721853,,1.672595931098021,0.0,False,False,unchanged
dmv.986,5552732,False,,5824319.158430929,5824319.158430933,,1.04891054681388,6.396095744632072e-16,False,False,unchanged
dmv.987,2028209,False,,1994597.3336690161,1994597.333669016,,1.016851354287713,1.1673065020375967e-16,False,False,unchanged
dmv.988,10436607,False,,10312445.175872734,10312445.175872734,,1.0120399984688169,0.0,False,False,unchanged
dmv.989,8343,False,,3106.1829763938536,3106.182976393853,,2.6859332059329835,1.4640069639889872e-16,False,False,unchanged
dmv.990,2540828,False,,2542990.508552414,2542990.5085524144,,1.0008511038733885,1.8311562144713423e-16,False,False,unchanged
dmv.991,874246,False,,898273.2656565129,898273.265656513,,1.0274834150302237,1.295990054227556e-16,False,False,unchanged
dmv.992,82330,False,,37691.69882408033,37691.698824080355,,2.184300590542799,5.79116185354982e-16,False,False,unchanged
dmv.993,4707704,False,,4702076.546224003,4702076.546224003,,1.001196801821637,0.0,False,False,unchanged
dmv.994,1983160,False,,2042309.1424156486,2042309.142415648,,1.0298257036324092,2.28007248088286e-16,False,False,unchanged
dmv.995,10213620,False,,10286349.69470234,10286349.694702338,,1.0071208537915393,1.8107931428680225e-16,False,False,unchanged
dmv.996,2747725,False,,2767144.311929776,2767144.311929776,,1.0070674146538594,0.0,False,False,unchanged
dmv.997,666822,False,,703909.3473283666,703909.3473283665,,1.0556180619841076,1.6538396921248478e-16,False,False,unchanged
dmv.998,2111609,False,,2093767.8870593926,2093767.8870593924,,1.0085210557726456,1.1120174547182988e-16,False,False,unchanged
dmv.999,475246,False,,414532.0612025658,414532.0612025657,,1.1464637949144436,2.8083550760636386e-16,False,False,unchanged
dmv.1000,2225323,False,,2137886.0894278428,2137886.089427843,,1.0408987695857816,2.1781389083847912e-16,False,False,unchanged
dmv.1001,3216640,False,,3246394.0453862823,3246394.045386284,,1.0092500389805146,5.73758183138031e-16,False,False,unchanged
dmv.1002,11063027,False,,11163145.837915422,11163145.837915422,,1.0090498593120512,0.0,False,False,unchanged
dmv.1003,10121962,False,,10275104.625715671,10275104.625715675,,1.0151297372698762,3.6255497478230716e-16,False,False,unchanged
dmv.1004,1361761,False,,1333008.411130605,1333008.4111306048,,1.0215696980073878,1.7466554727617354e-16,False,False,unchanged
dmv.1005,832131,False,,896666.8153703352,896666.8153703369,,1.0775548746175003,1.817636693629561e-15,False,False,unchanged
dmv.1006,1467600,False,,1498896.4658021822,1498896.4658021827,,1.0213249290012143,3.1066941442051213e-16,False,False,unchanged
dmv.1007,15539,False,,34678.005802729705,34678.005802729705,,2.2316755134004573,0.0,False,False,unchanged
dmv.1008,10893614,False,,10988335.423203288,10988335.423203288,,1.0086951330571552,0.0,False,False,unchanged
dmv.1009,1219305,False,,1209905.369417283,1209905.369417283,,1.007768897320659,0.0,False,False,unchanged
dmv.1010,6360517,False,,6402540.982287112,6402540.98228711,,1.006607007305713,2.909227999295968e-16,False,False,unchanged
dmv.1011,10525941,False,,10673207.60333243,10673207.603332436,,1.0139908254599213,5.235479019398237e-16,False,False,unchanged
dmv.1012,10853098,False,,10975311.11839858,10975311.11839858,,1.0112606666224317,0.0,False,False,unchanged
dmv.1013,8083608,False,,8157851.648314578,8157851.6483145775,,1.0091844691522125,1.1416272503654696e-16,False,False,unchanged
dmv.1014,10271862,False,,10260352.750157448,10260352.750157448,,1.0011217206779148,0.0,False,False,unchanged
dmv.1015,10530030,False,,10617552.067956716,10617552.06795672,,1.0083116636853566,3.5086150504546784e-16,False,False,unchanged
dmv.1016,75843,False,,128866.33420222608,128866.33420222608,,1.6991196841135778,0.0,False,False,unchanged
dmv.1017,890437,False,,1257527.286832016,1257527.2868320162,,1.4122585728490797,1.8514957575228487e-16,False,False,unchanged
dmv.1018,707776,False,,641188.5186614901,641188.5186614901,,1.1038500837125318,0.0,False,False,unchanged
dmv.1019,41457,False,,49940.49307903236,49940.49307903236,,1.204633549919974,0.0,False,False,unchanged
dmv.1020,10382439,False,,10485694.467812333,10485694.467812333,,1.0099452034163006,0.0,False,False,unchanged
dmv.1021,452952,False,,500921.9763538243,500921.976353827,,1.1059052092800656,5.345248418744175e-15,False,False,unchanged
dmv.1022,11537967,False,,11591125.04799879,11591125.047998786,,1.0046072282923664,3.21391606339808e-16,False,False,unchanged
dmv.1023,2509262,False,,2515257.5104069207,2515257.5104069216,,1.002389352091141,3.7026927492000924e-16,False,False,unchanged
dmv.1024,10492549,False,,10662687.501291977,10662687.50129198,,1.016215173385607,1.7468814958754664e-16,False,False,unchanged
dmv.1025,425751,False,,362657.427758862,362657.427758862,,1.1739756790066083,0.0,False,False,unchanged
dmv.1026,10068888,False,,10015271.24012095,10015271.24012095,,1.0053535005286989,0.0,False,False,unchanged
dmv.1027,10570963,False,,10700392.892394949,10700392.892394945,,1.0122439074278236,3.481451883051488e-16,False,False,unchanged
dmv.1028,1057399,False,,1012466.9880265947,1012466.988026595,,1.0443787427192885,2.299636890953661e-16,False,False,unchanged
dmv.1029,5025389,False,,4856953.22520474,4856953.225204741,,1.034679307579323,1.917503693019855e-16,False,False,unchanged
dmv.1030,177973,False,,32218.990794105193,32218.9907941052,,5.523853963562448,2.2582822847184393e-16,False,False,unchanged
dmv.1031,5066958,False,,4968642.4777921885,4968642.477792188,,1.0197871999539596,1.8744004600413734e-16,False,False,unchanged
dmv.1032,5565824,False,,5505019.21329864,5505019.213298641,,1.0110453359643998,1.691769889495852e-16,False,False,unchanged
dmv.1033,1469870,False,,1436142.1589724845,1436142.1589724845,,1.0234850295402835,0.0,False,False,unchanged
dmv.1034,2460,False,,987.4155935347528,987.4155935347528,,2.491352188589291,0.0,False,False,unchanged
dmv.1035,241319,False,,270832.68097183644,270832.68097183644,,1.1223015219350172,0.0,False,False,unchanged
dmv.1036,11486672,False,,11578994.759364523,11578994.759364523,,1.0080373810068333,0.0,False,False,unchanged
dmv.1037,6,False,,358431.3924363552,358431.3924363562,,59738.5654060592,2.9231197895939087e-15,False,False,unchanged
dmv.1038,2520619,False,,2849912.9412039435,2849912.9412039435,,1.1306401091176188,0.0,False,False,unchanged
dmv.1039,11036154,False,,11165742.821397573,11165742.821397573,,1.0117422085082877,0.0,False,False,unchanged
dmv.1040,296781,False,,315993.6933633914,315993.6933633915,,1.0647369385620757,3.6841026979945973e-16,False,False,unchanged
dmv.1041,2234066,False,,2213099.337133386,2213099.3371333857,,1.0094738914403056,2.1041138077014994e-16,False,False,unchanged
dmv.1042,4948351,False,,5001100.479761853,5001100.479761852,,1.0106600117416595,1.8622352787837354e-16,False,False,unchanged
dmv.1043,6159055,False,,6062404.371024522,6062404.371024519,,1.0159426232663435,4.608679251420947e-16,False,False,unchanged
dmv.1044,4842618,False,,4509042.852118828,4509042.852118828,,1.0739791478638139,0.0,False,False,unchanged
dmv.1045,4865901,False,,4851866.822507946,4851866.822507945,,1.0028925314740604,1.9195138875103645e-16,False,False,unchanged
dmv.1046,956380,False,,992162.9905607791,992162.9905607791,,1.0374150343595423,0.0,False,False,unchanged
dmv.1047,11432291,False,,11529297.465934563,11529297.465934567,,1.0084853041209818,3.2311511689840344e-16,False,False,unchanged
dmv.1048,1215031,False,,1190386.7836224623,1190386.783622462,,1.020702696566021,1.955924300044255e-16,False,False,unchanged
dmv.1049,5279524,False,,5229584.508789256,5229584.508789256,,1.009549418529677,0.0,False,False,unchanged
dmv.1050,3265717,False,,3093609.007227345,3093609.0072273454,,1.055633401755223,1.505236396131033e-16,False,False,unchanged
dmv.1051,574546,False,,584847.5419940313,584847.5419940314,,1.0179298820182043,1.9905242557747276e-16,False,False,unchanged
dmv.1052,217139,False,,520329.42765354563,520329.42765354563,,2.3962965089345794,0.0,False,False,unchanged
dmv.1053,197030,False,,402720.17852000805,402720.17852000776,,2.0439536036137036,7.226812066802802e-16,False,False,unchanged
dmv.1054,1644222,False,,1656247.3105448615,1656247.3105448617,,1.0073136781680707,1.4057722066716865e-16,False,False,unchanged
dmv.1055,128801,False,,127655.88138445148,127655.88138445151,,1.0089703553265976,2.279866007041533e-16,False,False,unchanged
dmv.1056,784905,False,,810119.0097237021,810119.009723702,,1.0321236451847065,1.4370150611160113e-16,False,False,unchanged
dmv.1057,977,False,,2109.298936220133,2109.2989362201342,,2.158954898894711,6.46775110551241e-16,False,False,unchanged
dmv.1058,10026683,False,,10163943.804016026,10163943.804016026,,1.0136895525684841,0.0,False,False,unchanged
dmv.1059,5772655,False,,6042188.923369519,6042188.92336952,,1.0466915004221662,1.5413661943164003e-16,False,False,unchanged
dmv.1060,10136131,False,,10245573.791341718,10245573.791341716,,1.0107972944846233,1.8179998379446867e-16,False,False,unchanged
dmv.1061,2429215,False,,2514102.5833244342,2514102.583324435,,1.0349444505012666,3.7043936901889534e-16,False,False,unchanged
dmv.1062,248231,False,,271334.28175562795,271334.28175562795,,1.0930717023886136,0.0,False,False,unchanged
dmv.1063,272091,False,,256886.78358362842,256886.78358362836,,1.059186448614714,2.2658877230450496e-16,False,False,unchanged
dmv.1064,10985,False,,1916.7330038259165,1916.7330038259172,,5.731105990283084,3.5587691398235463e-16,False,False,unchanged
dmv.1065,487381,False,,506912.83169432485,506912.83169432514,,1.0400750782125787,5.741387599018934e-16,False,False,unchanged
dmv.1066,5814097,False,,6065249.014459118,6065249.014459115,,1.0431970802102404,4.6065177492067e-16,False,False,unchanged
dmv.1067,5956246,False,,5959682.224643635,5959682.224643637,,1.0005769111355767,4.688115269457177e-16,False,False,unchanged
dmv.1068,65450,False,,67488.51169907411,67488.51169907412,,1.0311460916588864,2.1562062730398734e-16,False,False,unchanged
dmv.1069,10118479,False,,10052042.587708222,10052042.587708225,,1.006609245007877,3.70600329829208e-16,False,False,unchanged
dmv.1070,33979,False,,48721.133464403654,48721.13346440484,,1.4338601331529373,2.4342231117803612e-14,False,False,unchanged
dmv.1071,40852,False,,77904.16264134744,77904.16264134736,,1.9069852795786606,1.1207551485042321e-15,False,False,unchanged
dmv.1072,11541839,False,,11634950.02643168,11634950.02643168,,1.0080672608959178,0.0,False,False,unchanged
dmv.1073,2673810,False,,2682777.6887544445,2682777.688754445,,1.003353899025901,1.735743104095724e-16,False,False,unchanged
dmv.1074,218994,False,,264004.4142434938,264004.4142434939,,1.2055326367091967,4.409597550121408e-16,False,False,unchanged
dmv.1075,6104640,False,,6151656.7901670085,6151656.7901670085,,1.0077018120916235,0.0,False,False,unchanged
dmv.1076,873957,False,,1274995.9607268206,1274995.9607268206,,1.458877222479848,0.0,False,False,unchanged
dmv.1077,10529464,False,,10639571.765741706,10639571.765741706,,1.0104571102329336,0.0,False,False,unchanged
dmv.1078,5124289,False,,5872016.836832489,5872016.836832487,,1.1459183580068355,3.1720705185098113e-16,False,False,unchanged
dmv.1079,11443911,False,,11543793.986015053,11543793.986015053,,1.0087280463833608,0.0,False,False,unchanged
dmv.1080,824286,False,,1577516.6728914727,1577516.6728914725,,1.9137977266282244,1.4759314285224518e-16,False,False,unchanged
dmv.1081,3389798,False,,3334570.0471136635,3334570.047113664,,1.0165622410403825,1.3964657533909241e-16,False,False,unchanged
dmv.1082,710809,False,,678200.8871550014,678200.8871550015,,1.0480803158217429,1.7165315473898564e-16,False,False,unchanged
dmv.1083,5790305,False,,6185000.275801348,6185000.275801349,,1.0681648506946262,3.011552249267485e-16,False,False,unchanged
dmv.1084,10946002,False,,11070620.596141562,11070620.596141562,,1.0113848504816245,0.0,False,False,unchanged
dmv.1085,2022867,False,,1959904.843975071,1959904.843975071,,1.0321251086339627,0.0,False,False,unchanged
dmv.1086,1997584,False,,2422210.23308627,2422210.23308627,,1.212569900983523,0.0,False,False,unchanged
dmv.1087,1567423,False,,1398777.0021221994,1398777.0021221992,,1.1205667505413186,1.6645301095215548e-16,False,False,unchanged
dmv.1088,4524870,False,,4716902.605953842,4716902.6059538415,,1.0424393642146277,1.9744367276948441e-16,False,False,unchanged
dmv.1089,49226,False,,13413.696159626272,13413.696159626275,,3.6698311497590623,2.712137477842701e-16,False,False,unchanged
dmv.1090,1664123,False,,1597332.310241203,1597332.3102412033,,1.0418138976658597,1.4576218245952298e-16,False,False,unchanged
dmv.1091,195854,False,,476362.7847167018,476362.78471670166,,2.432234137248674,2.4438374609000644e-16,False,False,unchanged
dmv.1092,2028,False,,768.9896684274818,768.9896684274817,,2.6372265886836774,1.4783922644122895e-16,False,False,unchanged
dmv.1093,469648,False,,466613.57332039427,466613.5733203954,,1.0065030827500643,2.3701529929488243e-15,False,False,unchanged
dmv.1094,6529824,False,,6504133.768808625,6504133.768808625,,1.0039498313079869,0.0,False,False,unchanged
dmv.1095,181337,False,,360479.3144440643,360479.3144440645,,1.9878971993805141,6.458918288083848e-16,False,False,unchanged
dmv.1096,1199003,False,,1727197.3257455048,1727197.3257455043,,1.4405279434209128,2.696051460748687e-16,False,False,unchanged
dmv.1097,896837,False,,906475.1221935403,906475.1221935403,,1.0107467936687942,0.0,False,False,unchanged
dmv.1098,10620246,False,,10522277.25317274,10522277.253172738,,1.009310603063393,1.7701920453287063e-16,False,False,unchanged
dmv.1099,1591619,False,,1581326.0319778668,1581326.031977866,,1.0065090739126448,4.417127884045266e-16,False,False,unchanged
dmv.1100,1,False,,5735.282026397214,5735.282026397215,,5735.282026397214,1.5857889770492312e-16,False,False,unchanged
dmv.1101,10806872,False,,10932516.672020162,10932516.672020163,,1.0116263681128232,1.703766118187651e-16,False,False,unchanged
dmv.1102,10958090,False,,10924934.69988735,10924934.699887348,,1.0030348282185149,1.7049485423928104e-16,False,False,unchanged
dmv.1103,9852539,False,,9875309.862198068,9875309.86219807,,1.0023111669183007,1.8861637510343045e-16,False,False,unchanged
dmv.1104,1319106,False,,1279523.175392336,1279523.1753923362,,1.030935605832639,1.8196672645845393e-16,False,False,unchanged
dmv.1105,8008056,False,,7958191.05098133,7958191.050981327,,1.0062658647799767,3.510807551550186e-16,False,False,unchanged
dmv.1106,585435,False,,601945.5149267594,601945.5149267594,,1.0282021316230827,0.0,False,False,unchanged
dmv.1107,141008,False,,140367.1034570766,140367.10345707662,,1.0045658599995217,2.0734082088994215e-16,False,False,unchanged
dmv.1108,146203,False,,178811.80514839076,178811.80514839076,,1.2230378661750494,0.0,False,False,unchanged
dmv.1109,381286,False,,455534.67744151945,455534.67744151934,,1.1947322415234745,2.5555754060431543e-16,False,False,unchanged
dmv.1110,92,False,,10573.12001728329,10573.120017283285,,114.9252175791662,5.161171160184856e-16,False,False,unchanged
dmv.1111,6114902,False,,6217526.241550054,6217526.241550056,,1.0167826469745638,2.995797809076221e-16,False,False,unchanged
dmv.1112,2029179,False,,2089328.0685234938,2089328.0685234936,,1.0296420712630545,1.1143804898883526e-16,False,False,unchanged
dmv.1113,1846525,False,,2051754.8401968856,2051754.8401968856,,1.111143818901388,0.0,False,False,unchanged
dmv.1114,571,False,,7111.077824847556,7111.077824847556,,12.453726488349485,0.0,False,False,unchanged
dmv.1115,10941757,False,,11069253.459678398,11069253.459678393,,1.011652283968507,5.048159271126875e-16,False,False,unchanged
dmv.1116,941166,False,,881895.23272907,881895.2327290702,,1.0672083996729562,2.640116819016735e-16,False,False,unchanged
dmv.1117,9770993,False,,9891965.369461363,9891965.369461365,,1.0123807651342462,1.8829879398702154e-16,False,False,unchanged
dmv.1118,6767,False,,24766.37118146602,24766.37118146602,,3.659874565016406,0.0,False,False,unchanged
dmv.1119,203671,False,,452492.25717898546,452492.2571789856,,2.2216823071472396,2.572758317517158e-16,False,False,unchanged
dmv.1120,1376714,False,,1500673.5563640737,1500673.5563640748,,1.0900401654694247,7.757538029056305e-16,False,False,unchanged
dmv.1121,10960226,False,,11091090.799800403,11091090.799800407,,1.0119399727524234,3.358813272477179e-16,False,False,unchanged
dmv.1122,10672707,False,,10473453.729550427,10473453.729550425,,1.0190246002507644,1.7784440522953564e-16,False,False,unchanged
dmv.1123,146120,False,,196199.45910960017,196199.4591096002,,1.3427282994087064,1.4833797498124513e-16,False,False,unchanged
dmv.1124,6154286,False,,6285942.396382175,6285942.396382177,,1.0213926353734901,2.9631915658390175e-16,False,True,fd
dmv.1125,556114,False,,873497.1910878553,873497.1910878548,,1.570716060174452,5.330999252874574e-16,False,False,unchanged
dmv.1126,10662116,False,,10735760.293333333,10735760.293333333,,1.0069070992412137,0.0,False,False,unchanged
dmv.1127,84551,False,,84521.97471278688,84521.9747127869,,1.0003434052187228,3.443344829037783e-16,False,False,unchanged
dmv.1128,11581244,False,,11665953.254763467,11665953.254763467,,1.0073143485072473,0.0,False,False,unchanged
dmv.1129,10843604,False,,10933433.286130222,10933433.286130223,,1.008284080286427,1.703623281438818e-16,False,False,unchanged
dmv.1130,2171610,False,,2099838.6537377224,2099838.6537377234,,1.0341794576142906,4.435210167017926e-16,False,False,unchanged
dmv.1131,10991140,False,,11081298.561223954,11081298.561223954,,1.0082028398531866,0.0,False,False,unchanged
dmv.1132,6150535,False,,6385046.697765882,6385046.697765885,,1.0381286664925704,4.3757984179254932e-16,False,False,unchanged
dmv.1133,870563,False,,396164.973877746,396164.97387774644,,2.1974759441218303,1.1754226597817273e-15,False,False,unchanged
dmv.1134,143456,False,,130390.88305857989,130390.88305857987,,1.1001996200574118,1.116022446280175e-16,False,False,unchanged
dmv.1135,2249094,False,,2201744.192681544,2201744.1926815445,,1.0215055897391911,2.1149654390167908e-16,False,True,fd
dmv.1136,106344,False,,62374.70727663055,62374.70727663053,,1.704921828784968,3.4994749948475294e-16,False,False,unchanged
dmv.1137,2643369,False,,2662739.495223752,2662739.4952237518,,1.0073279573240634,1.748805274203549e-16,False,False,unchanged
dmv.1138,1825682,False,,1810098.9167700764,1810098.9167700768,,1.0086089677672034,2.5725737029811654e-16,False,False,unchanged
dmv.1139,236587,False,,77094.16558683538,77094.16558683536,,3.0688055081615624,3.7751015573224506e-16,False,False,unchanged
dmv.1140,2805231,False,,2770583.136065983,2770583.1360659827,,1.0125056214639399,1.680733854350037e-16,False,False,unchanged
dmv.1141,25369,False,,25173.621938818356,25173.621938818353,,1.0077612217128107,1.4451550976388737e-16,False,False,unchanged
dmv.1142,2011020,False,,2018644.737582858,2018644.7375828587,,1.0037914777490318,3.4602023722014046e-16,False,False,unchanged
dmv.1143,2778832,False,,2653419.4052313142,2653419.405231314,,1.0472645200835684,1.7549479226302142e-16,False,False,unchanged
dmv.1144,54787,False,,74336.37416330367,74336.37416330368,,1.3568250527187777,1.957576676580822e-16,False,False,unchanged
dmv.1145,11353511,False,,11446973.299292628,11446973.299292628,,1.0082320173286157,0.0,False,False,unchanged
dmv.1146,1037988,False,,1070977.5205372432,1070977.520537243,,1.0317821791169486,2.1740012202783953e-16,False,False,unchanged
dmv.1147,736213,False,,805665.8569322155,805665.8569322155,,1.0943379931245651,0.0,False,False,unchanged
dmv.1148,485594,False,,778602.2854717525,778602.2854717526,,1.6034017831187217,1.495183407487677e-16,False,False,unchanged
dmv.1149,10428850,False,,10547013.417613197,10547013.417613199,,1.0113304360129063,1.766040371315348e-16,False,False,unchanged
dmv.1150,4404979,False,,4344151.716414546,4344151.7164145475,,1.0140021084796869,4.2877074071627824e-16,False,False,unchanged
dmv.1151,10852643,False,,10987491.898614815,10987491.898614816,,1.012425443149177,1.695241431273118e-16,False,False,unchanged
dmv.1152,11175015,False,,11266443.826372152,11266443.826372154,,1.008181539476426,1.6532680390869505e-16,False,False,unchanged
dmv.1153,2766333,False,,2727344.5973590827,2727344.5973590827,,1.0142953709181708,0.0,False,False,unchanged
dmv.1154,6603716,False,,6619869.681969414,6619869.6819694135,,1.0024461503143707,1.4068593784438513e-16,False,False,unchanged
dmv.1155,1017666,False,,965893.1818517476,965893.1818517477,,1.0536009769206538,1.205260830227116e-16,False,False,unchanged
dmv.1156,349728,False,,403363.4025243569,403363.40252435685,,1.1533631923219099,1.4430575642011193e-16,False,False,unchanged
dmv.1157,1193199,False,,1273343.4449663684,1273343.444966368,,1.0671677104710684,3.656996776074333e-16,False,False,unchanged
dmv.1158,77636,False,,77671.9497034093,77671.94970340928,,1.0004630545547077,1.873509714116024e-16,False,False,unchanged
dmv.1159,196809,False,,18132.20439526191,18132.204395261906,,10.854113251195633,2.0063632241220194e-16,False,False,unchanged
dmv.1160,11306898,False,,11404913.242565723,11404913.242565721,,1.0086686235752478,1.633195369061768e-16,False,False,unchanged
dmv.1161,579276,False,,661405.369696486,661405.3696964859,,1.1417793412751194,1.760120603199169e-16,False,False,unchanged
dmv.1162,8521806,False,,8553258.374075027,8553258.374075022,,1.0036908108533598,6.533107271294338e-16,False,False,unchanged
dmv.1163,11305455,False,,11367943.524294756,11367943.524294756,,1.0055272896398029,0.0,False,False,unchanged
dmv.1164,11545960,False,,11627658.577434039,11627658.577434039,,1.007075944956854,0.0,False,False,unchanged
dmv.1165,527626,False,,781466.782427438,781466.7824274376,,1.481099836678704,4.469108263257925e-16,False,False,unchanged
dmv.1166,10069129,False,,10189204.348142013,10189204.348142011,,1.0119250978055812,1.8280575063455353e-16,False,False,unchanged
dmv.1167,10478315,False,,10401138.17191326,10401138.17191326,,1.0074200368085815,0.0,False,False,unchanged
dmv.1168,10096783,False,,10247605.247937223,10247605.247937223,,1.0149376536999184,0.0,False,False,unchanged
dmv.1169,792766,False,,799753.0964394667,799753.0964394665,,1.00881356723102,2.9112815528997787e-16,False,False,unchanged
dmv.1170,1813960,False,,1964646.5867621298,1964646.5867621293,,1.083070512449078,2.3702038343454974e-16,False,False,unchanged
dmv.1171,9391972,False,,9450258.385866243,9450258.385866243,,1.0062059795180653,0.0,False,False,unchanged
dmv.1172,230074,False,,258378.50588928658,258378.5058892867,,1.1230234876139267,4.505611696540189e-16,False,False,unchanged
dmv.1173,11386056,False,,11473442.08726504,11473442.087265039,,1.007674833784854,1.6234405813564896e-16,False,False,unchanged
dmv.1174,2264843,False,,2265803.4070631885,2265803.4070631894,,1.000424050171773,4.1103414873164477e-16,False,False,unchanged
dmv.1175,16782,False,,19631.52572144304,19631.52572144304,,1.1697965511526063,0.0,False,False,unchanged
dmv.1176,1118417,False,,1116382.2677726003,1116382.2677726,,1.0018226124564478,2.0855817077640626e-16,False,False,unchanged
dmv.1177,11169947,False,,11259644.155967195,11259644.155967195,,1.0080302221637394,0.0,False,False,unchanged
dmv.1178,5650396,False,,5622056.205595741,5622056.205595741,,1.005040823742753,0.0,False,False,unchanged
dmv.1179,10419135,False,,10140159.896888286,10140159.896888286,,1.0275119037518652,0.0,False,False,unchanged
dmv.1180,10511954,False,,10604783.99777132,10604783.997771319,,1.008830898401127,1.7564196966410697e-16,False,False,unchanged
dmv.1181,485374,False,,475160.36692484096,475160.3669248409,,1.0214951283526865,1.225010858758649e-16,False,False,unchanged
dmv.1182,2689473,False,,3018627.7862250977,3018627.786225099,,1.1223863508669163,4.627877170872384e-16,False,False,unchanged
dmv.1183,62179,False,,69554.53593640288,69554.53593640288,,1.118617795982613,0.0,False,False,unchanged
dmv.1184,3634232,False,,3549775.5747188767,3549775.5747188777,,1.023792046427558,2.6236097325370607e-16,False,False,unchanged
dmv.1185,10613492,False,,10506414.831288656,10506414.831288658,,1.0101915991735317,1.772864653776949e-16,False,False,unchanged
dmv.1186,8410,False,,5656.126166822759,5656.12616682276,,1.4868833813026818,1.6079816378703988e-16,False,False,unchanged
dmv.1187,1103536,False,,961864.1893309955,961864.1893309966,,1.1472887880019125,1.089278411717505e-15,False,False,unchanged
dmv.1188,1336596,False,,1334513.501593228,1334513.5015932273,,1.0015604925722263,5.234056681537539e-16,False,False,unchanged
dmv.1189,3575591,False,,3536594.021991524,3536594.0219915234,,1.0110267047238055,1.3166942103394624e-16,False,False,unchanged
dmv.1190,248899,False,,283083.29769566987,283083.29769566987,,1.137342045149518,0.0,False,False,unchanged
dmv.1191,765095,False,,1005658.0063163078,1005658.0063163083,,1.3144224002461233,4.630413961635338e-16,False,False,unchanged
dmv.1192,5171568,False,,5189521.793509554,5189521.793509554,,1.003471634426842,0.0,False,False,unchanged
dmv.1193,247653,False,,228372.86900561082,228372.86900561076,,1.0844239119924333,2.5487993020763487e-16,False,False,unchanged
dmv.1194,10731895,False,,10749670.425015066,10749670.425015064,,1.0016563174551247,1.7327462848502602e-16,False,False,unchanged
dmv.1195,1124659,False,,806730.2080434897,806730.2080434897,,1.3940955585728745,0.0,False,False,unchanged
dmv.1196,10057127,False,,10151058.444201982,10151058.444201985,,1.0093397890075348,3.669854054076204e-16,False,False,unchanged
dmv.1197,10310376,False,,10255157.5277524,10255157.5277524,,1.0053844587075498,0.0,False,False,unchanged
dmv.1198,10567138,False,,10641365.596977407,10641365.596977407,,1.0070243803930077,0.0,False,False,unchanged
dmv.1199,144490,False,,211540.0160311038,211540.01603110373,,1.464046065686925,2.7516146592760423e-16,False,False,unchanged
dmv.1200,9898024,False,,9861587.149725506,9861587.149725508,,1.0036948261695895,1.8887884079418218e-16,False,False,unchanged
dmv.1201,52,False,,544.9874592522033,544.9874592522034,,10.480528062542371,2.0860450234508106e-16,False,False,unchanged
dmv.1202,8026309,False,,8023164.957399269,8023164.957399269,,1.0003918706168233,0.0,False,False,unchanged
dmv.1203,10579845,False,,10654453.355680132,10654453.355680132,,1.0070519327721845,0.0,False,False,unchanged
dmv.1204,811150,False,,844967.0384682175,844967.0384682203,,1.0416902403602508,3.3065996620547683e-15,False,True,fd
dmv.1205,10621113,False,,10670410.439377928,10670410.439377928,,1.0046414570090656,0.0,False,False,unchanged
dmv.1206,8115216,False,,8013661.238500867,8013661.238500865,,1.0126727045824226,2.3243372708120694e-16,False,False,unchanged
dmv.1207,11326169,False,,11422619.934974378,11422619.93497438,,1.008515759827915,1.6306636829680483e-16,False,False,unchanged
dmv.1208,8891049,False,,8431175.917433713,8431175.917433714,,1.0545443585888625,2.2092353041518672e-16,False,False,unchanged
dmv.1209,7311837,False,,7200715.89432383,7200715.894323826,,1.0154319525040232,5.173499903528319e-16,False,False,unchanged
dmv.1210,37489,False,,34929.892549723736,34929.89254972373,,1.073264108861294,2.0830174624287452e-16,False,False,unchanged
dmv.1211,1296081,False,,1353779.1950923025,1353779.1950923023,,1.044517429923209,1.7198568606898627e-16,False,False,unchanged
dmv.1212,2005409,False,,2042148.865668347,2042148.8656683476,,1.018320385351989,2.280251430912894e-16,False,False,unchanged
dmv.1213,456249,False,,418878.21554717555,418878.21554717567,,1.0892163475343482,2.779216428690684e-16,False,False,unchanged
dmv.1214,11180320,False,,11284371.027676389,11284371.02767639,,1.0093066233950718,1.6506415330217139e-16,False,False,unchanged
dmv.1215,2974261,False,,2970288.726078342,2970288.726078341,,1.0013373359588857,4.703192149834031e-16,False,False,unchanged
dmv.1216,785917,False,,1050826.7053157892,1050826.7053157894,,1.3370708424881879,2.2156902034945949e-16,False,False,unchanged
dmv.1217,698942,False,,1009488.6698333325,1009488.6698333325,,1.4443096420494583,0.0,False,False,unchanged
dmv.1218,521760,False,,529250.7497050929,529250.7497050927,,1.0143566960002546,2.1996250717037878e-16,False,False,unchanged
dmv.1219,9319104,False,,8662327.122014225,8662327.122014225,,1.0758199117551979,0.0,False,False,unchanged
dmv.1220,10713670,False,,10836980.584752683,10836980.584752684,,1.011509649331432,1.7187860905201256e-16,False,False,unchanged
dmv.1221,799742,False,,829834.2145362016,829834.2145362019,,1.037627403007722,4.2086233534730743e-16,False,False,unchanged
dmv.1222,94387,False,,77560.61136048778,77560.61136048776,,1.2169450233096564,1.8761991393714226e-16,False,False,unchanged
dmv.1223,77549,False,,119975.38931977432,119975.38931977432,,1.547091378609322,0.0,False,False,unchanged
dmv.1224,10587993,False,,10668861.342570301,10668861.342570301,,1.007637740464156,0.0,False,False,unchanged
dmv.1225,452216,False,,465758.28250191634,465758.28250191634,,1.0299464912827418,0.0,False,False,unchanged
dmv.1226,11465324,False,,11557126.360207206,11557126.360207204,,1.0080069573443546,1.6116853715853656e-16,False,False,unchanged
dmv.1227,181067,False,,319743.38807112386,319743.38807112386,,1.7658843857308282,0.0,False,False,unchanged
dmv.1228,10835644,False,,10969169.218509413,10969169.218509413,,1.012322776432062,0.0,False,False,unchanged
dmv.1229,1980668,False,,1957265.7077828012,1957265.707782801,,1.0119566250632925,1.1895709546642044e-16,False,False,unchanged
dmv.1230,365706,False,,350687.73858573707,350687.7385857371,,1.042825168267442,1.6598145446490036e-16,False,False,unchanged
dmv.1231,3885397,False,,3967709.5850531054,3967709.5850531054,,1.0211851157174172,0.0,False,False,unchanged
dmv.1232,4935344,False,,4967425.69635712,4967425.696357121,,1.0065003972077975,1.8748595984001677e-16,False,False,unchanged
dmv.1233,1288785,False,,1293554.2511833098,1293554.2511833098,,1.003700579369957,0.0,False,False,unchanged
dmv.1234,5305819,False,,5149701.642044721,5149701.642044721,,1.0303158063917062,0.0,False,False,unchanged
dmv.1235,468692,False,,435292.776223298,435292.776223298,,1.0767281829633872,0.0,False,False,unchanged
dmv.1236,146748,False,,264727.0551527623,264727.0551527623,,1.8039568181696668,0.0,False,False,unchanged
dmv.1237,30468,False,,20093.373469721766,20093.37346972177,,1.516320793315842,1.8105365993289765e-16,False,False,unchanged
dmv.1238,2614134,False,,1686382.4720899714,1686382.4720899728,,1.550143009231023,8.283908810982264e-16,False,False,unchanged
dmv.1239,937000,False,,1190870.2169581624,1190870.2169581626,,1.2709393991015607,1.9551302932790482e-16,False,False,unchanged
dmv.1240,3257355,False,,3252322.151667756,3252322.1516677565,,1.001547463042572,1.431780941715608e-16,False,False,unchanged
dmv.1241,191072,False,,47997.297265434274,47997.297265434296,,3.980890818567036,4.547729577738083e-16,False,False,unchanged
dmv.1242,10213101,False,,10118138.514383353,10118138.514383353,,1.0093853711808405,0.0,False,False,unchanged
dmv.1243,10480234,False,,10565788.953234518,10565788.953234522,,1.0081634583001218,3.525804192143631e-16,False,False,unchanged
dmv.1244,7026,False,,3756.948811351489,3756.948811351489,,1.8701346099715779,0.0,False,False,unchanged
dmv.1245,8014930,False,,8073712.935041558,8073712.935041559,,1.007334179467763,1.1535245086227289e-16,False,False,unchanged
dmv.1246,310898,False,,494053.12061924423,494053.1206192442,,1.5891164324609492,1.1781660409413094e-16,False,False,unchanged
dmv.1247,495692,False,,1580135.7722828458,1580135.772282846,,3.187737087309954,1.473485049436579e-16,False,False,unchanged
dmv.1248,187571,False,,187066.90432756176,187066.90432756173,,1.002694734668595,1.5557979409212714e-16,False,False,unchanged
dmv.1249,250200,False,,262149.55984158453,262149.5598415845,,1.0477600313412652,2.2203989565590717e-16,False,False,unchanged
dmv.1250,832135,False,,1615928.3254311439,1615928.3254311439,,1.941906451995342,0.0,False,False,unchanged
dmv.1251,491589,False,,461539.6844906482,461539.68449064833,,1.065106677755162,2.5223252894365924e-16,False,False,unchanged
dmv.1252,11505458,False,,11597082.572688615,11597082.572688615,,1.007963574565099,0.0,False,False,unchanged
dmv.1253,219726,False,,209535.92363069617,209535.92363069623,,1.0486316436472425,2.7779322946101353e-16,False,False,unchanged
dmv.1254,905926,False,,901281.3073981579,901281.3073981577,,1.0051534327448226,2.583329330617221e-16,False,False,unchanged
dmv.1255,3735554,False,,3732255.2946273694,3732255.294627369,,1.0008838370133413,1.2476672964415508e-16,False,False,unchanged
dmv.1256,11414548,False,,11509943.82,11509943.82,,1.0083573891843987,0.0,False,False,unchanged
dmv.1257,899227,False,,2263318.6153365155,2263318.6153365173,,2.5169602506780997,8.229708078259291e-16,False,False,unchanged
dmv.1258,280064,False,,376141.46090819594,376141.46090819564,,1.3430553763004025,7.73746940485166e-16,False,False,unchanged
dmv.1259,6391738,False,,6446748.292251658,6446748.292251656,,1.0086064685773506,2.889278539802259e-16,False,False,unchanged
dmv.1260,4867110,False,,5205054.448884444,5205054.448884445,,1.069434315000985,1.7892657680364534e-16,False,False,unchanged
dmv.1261,200091,False,,676281.0229014852,676281.0229014849,,3.379867274897348,5.164213598400494e-16,False,False,unchanged
dmv.1262,1555410,False,,1544177.6422190857,1544177.6422190857,,1.007274006224292,0.0,False,False,unchanged
dmv.1263,726515,False,,987386.8820989301,987386.88209893,,1.3590729470126977,1.179024391933037e-16,False,False,unchanged
dmv.1264,1509174,False,,1490964.1816101654,1490964.1816101654,,1.0122134512783325,0.0,False,False,unchanged
dmv.1265,5146519,False,,5660238.794036161,5660238.794036162,,1.099818886131803,1.6453768268518187e-16,False,False,unchanged
dmv.1266,3092334,False,,3104101.9451289163,3104101.9451289154,,1.0038055220195865,3.000296353271993e-16,False,False,unchanged
dmv.1267,1666911,False,,1678682.3646907336,1678682.3646907331,,1.0070617835569706,2.773969019407248e-16,False,False,unchanged
dmv.1268,11069176,False,,11195451.483409602,11195451.483409604,,1.0114078485525573,1.663751704869774e-16,False,False,unchanged
dmv.1269,10631392,False,,10788163.16150443,10788163.16150443,,1.0147460616168071,0.0,False,False,unchanged
dmv.1270,10582718,False,,10657614.44798466,10657614.44798466,,1.007077241213898,0.0,False,False,unchanged
dmv.1271,10789886,False,,10813983.351687081,10813983.351687081,,1.0022333277373905,0.0,False,False,unchanged
dmv.1272,563756,False,,616478.3710305177,616478.3710305175,,1.093519840197741,3.7767852790141737e-16,False,False,unchanged
dmv.1273,9860561,False,,9878338.30372599,9878338.30372599,,1.0018028694032712,0.0,False,False,unchanged
dmv.1274,5834813,False,,5973124.550603356,5973124.550603355,,1.023704538706443,1.5591882719428713e-16,False,False,unchanged
dmv.1275,848872,False,,924460.0224100712,924460.0224100708,,1.08904525347764,5.037116543923214e-16,False,False,unchanged
dmv.1276,5329134,False,,5694682.55595261,5694682.555952607,,1.068594363728255,6.5416996678206365e-16,False,False,unchanged
dmv.1277,67837,False,,105786.22890319618,105786.2289031962,,1.5594178531361378,1.3755963681892042e-16,False,False,unchanged
dmv.1278,6111323,False,,6260996.817872808,6260996.817872808,,1.0244912301105356,0.0,False,False,unchanged
dmv.1279,1330494,False,,1367475.7977594107,1367475.7977594107,,1.0277955389196876,0.0,False,False,unchanged
dmv.1280,11043606,False,,11129929.098264806,11129929.098264804,,1.0078165680906044,1.6735462847839256e-16,False,False,unchanged
dmv.1281,934267,False,,1390422.6956771386,1390422.695677139,,1.4882498211722544,3.349062761673069e-16,False,False,unchanged
dmv.1282,2503835,False,,2552090.0358359925,2552090.035835994,,1.0192724503954904,5.473881572777681e-16,False,False,unchanged
dmv.1283,2301725,False,,2177243.5998864355,2177243.599886436,,1.0571738505145025,2.138765213649166e-16,False,False,unchanged
dmv.1284,31004,False,,28913.727792469956,28913.727792469956,,1.072293417940886,0.0,False,False,unchanged
dmv.1285,2154,False,,18144.346732214934,18144.346732214934,,8.423559300006932,0.0,False,False,unchanged
dmv.1286,984459,False,,876716.0023857013,876716.0023857013,,1.1228938417014298,0.0,False,False,unchanged
dmv.1287,875392,False,,898324.5605608597,898324.5605608597,,1.026196904427799,0.0,False,False,unchanged
dmv.1288,802301,False,,776724.06177188,776724.0617718803,,1.0329292466745181,2.9975979258674073e-16,False,False,unchanged
dmv.1289,3901052,False,,3896795.7630316904,3896795.763031691,,1.0010922401960831,1.1949850996179916e-16,False,False,unchanged
dmv.1290,99832,False,,213401.67504756956,213401.67504757058,,2.1376079318011216,4.773318043349988e-15,False,False,unchanged
dmv.1291,640320,False,,1231132.3576021795,1231132.3576021795,,1.9226829672697705,0.0,False,False,unchanged
dmv.1292,5948724,False,,5919379.284689424,5919379.284689424,,1.0049573973721329,0.0,False,False,unchanged
dmv.1293,95880,False,,196085.11496801037,196085.1149680104,,2.045109668001777,1.484244760826529e-16,False,False,unchanged
dmv.1294,568478,False,,599016.7623884091,599016.7623884091,,1.0537202185280856,0.0,False,False,unchanged
dmv.1295,210332,False,,198628.5367665095,198628.53676650944,,1.0589213585520598,2.9304782616352506e-16,False,False,unchanged
dmv.1296,33105,False,,34150.96395607458,34150.96395607457,,1.0315953468078713,2.1305277425087796e-16,False,False,unchanged
dmv.1297,79052,False,,91362.45838757562,91362.4583875756,,1.1557260839393768,1.5927674763998873e-16,False,False,unchanged
dmv.1298,10525530,False,,10622380.872521436,10622380.872521436,,1.0092015197829882,0.0,False,False,unchanged
dmv.1299,9907106,False,,9983807.82083691,9983807.82083691,,1.0077421015619403,0.0,False,False,unchanged
dmv.1300,10966778,False,,11087475.562454503,11087475.562454503,,1.0110057450287133,0.0,False,False,unchanged
dmv.1301,7801541,False,,7827929.485476556,7827929.485476556,,1.0033824709088315,0.0,False,False,unchanged
dmv.1302,4143687,False,,4162909.779542537,4162909.779542536,,1.0046390520187787,2.2371913491668847e-16,False,False,unchanged
dmv.1303,1436019,False,,1541927.9036433129,1541927.9036433143,,1.073751742590671,9.059981719134739e-16,False,False,unchanged
dmv.1304,10601372,False,,10677291.709593048,10677291.709593046,,1.007161309837354,1.7444921426633475e-16,False,False,unchanged
dmv.1305,2560,False,,456.80260505555106,456.8026050555511,,5.604171192694232,1.2443759784140322e-16,False,False,unchanged
dmv.1306,676326,False,,691770.1751528458,691770.1751528458,,1.0228354006098328,0.0,False,False,unchanged
dmv.1307,218250,False,,227216.4279239263,227216.42792392633,,1.041083289456707,1.2808858374658488e-16,False,False,unchanged
dmv.1308,9913918,False,,9927399.463237878,9927399.463237872,,1.001359852203526,5.628800843952679e-16,False,False,unchanged
dmv.1309,3324045,False,,3688643.6678727767,3688643.6678727753,,1.1096852382782956,3.7872562050127554e-16,False,False,unchanged
dmv.1310,94570,False,,99119.51981190828,99119.51981190828,,1.0481074316581187,0.0,False,False,unchanged
dmv.1311,42743,False,,35348.42903290583,35348.42903290582,,1.209190936327342,2.0583538825474376e-16,False,False,unchanged
dmv.1312,10966778,False,,11087475.562454503,11087475.562454503,,1.0110057450287133,0.0,False,False,unchanged
dmv.1313,4771072,False,,5133075.424132826,5133075.424132824,,1.0758746512592612,3.6287118254172744e-16,False,False,unchanged
dmv.1314,5287150,False,,5291760.110381808,5291760.11038181,,1.0008719462057645,3.51989718048002e-16,False,False,unchanged
dmv.1315,6332963,False,,6397140.28413822,6397140.284138222,,1.0101338479536703,2.9116840752256216e-16,False,False,unchanged
dmv.1316,3773917,False,,4151002.8829432977,4151002.882943298,,1.0999189656114052,1.121804297513662e-16,False,False,unchanged
dmv.1317,392322,False,,408413.0000228584,408413.0000228586,,1.0410147787349635,5.700862696359769e-16,False,False,unchanged
dmv.1318,8416766,False,,8396581.542698817,8396581.542698815,,1.002403889868578,2.2183374743148969e-16,False,False,unchanged
dmv.1319,3187637,False,,3140507.2727931235,3140507.2727931235,,1.0150070428478772,0.0,False,False,unchanged
dmv.1320,417480,False,,625552.4942574517,625552.4942574516,,1.4984011072565195,1.8610000422925827e-16,False,False,unchanged
dmv.1321,10414208,False,,10528520.030732613,10528520.030732613,,1.010976545766381,0.0,False,False,unchanged
dmv.1322,758359,False,,894409.5528296311,894409.552829631,,1.1794012503703801,1.3015885335597467e-16,False,False,unchanged
dmv.1323,10363316,False,,10480299.38522701,10480299.38522701,,1.0112882194489687,0.0,False,False,unchanged
dmv.1324,7625357,False,,7647806.188414837,7647806.188414838,,1.002944018019725,1.2177643518559326e-16,False,False,unchanged
dmv.1325,1785922,False,,1648726.5251114685,1648726.5251114683,,1.0832129966971058,1.412184738388486e-16,False,False,unchanged
dmv.1326,858591,False,,1025324.1754009003,1025324.1754008997,,1.1941939472937642,5.677000729131187e-16,False,False,unchanged
dmv.1327,5778046,False,,6129503.005165309,6129503.005165309,,1.0608262733050773,0.0,False,False,unchanged
dmv.1328,972206,False,,940425.2744624416,940425.2744624416,,1.0337939934203966,0.0,False,False,unchanged
dmv.1329,190520,False,,405318.14807369857,405318.1480736985,,2.1274309682642167,1.436098067409594e-16,False,False,unchanged
dmv.1330,38908,False,,37346.030650262015,37346.030650262015,,1.041824240020727,0.0,False,False,unchanged
dmv.1331,4835357,False,,4891297.27013162,4891297.2701316215,,1.0115690051699635,3.808080037590589e-16,False,False,unchanged
dmv.1332,11044527,False,,11140176.658717949,11140176.658717949,,1.008660367140933,0.0,False,False,unchanged
dmv.1333,354809,False,,376721.79237909534,376721.79237909795,,1.061759404014823,6.952995006113602e-15,False,False,unchanged
dmv.1334,6881506,False,,7050535.459123421,7050535.459123421,,1.0245628586421958,0.0,False,False,unchanged
dmv.1335,6024516,False,,6234696.970261738,6234696.970261737,,1.0348876109320213,1.493773601279584e-16,False,False,unchanged
dmv.1336,23913,False,,21968.513013048356,21968.513013048356,,1.0885124535191208,0.0,False,False,unchanged
dmv.1337,447321,False,,454643.32602790755,454643.3260279076,,1.0163692874421446,1.280292870941526e-16,False,False,unchanged
dmv.1338,3015231,False,,2999026.177360242,2999026.1773602436,,1.0054033615185118,4.658124935584421e-16,False,False,unchanged
dmv.1339,1368287,False,,2071420.4171046317,2071420.417104632,,1.5138786066845857,1.124014428607946e-16,False,False,unchanged
dmv.1340,11557898,False,,11636757.391533237,11636757.391533237,,1.0068229873228884,0.0,False,False,unchanged
dmv.1341,923817,False,,998985.9298574465,998985.9298574466,,1.08136777073538,1.16533494964786e-16,False,False,unchanged
dmv.1342,549643,False,,544203.6147225695,544203.6147225695,,1.0099951289007947,0.0,False,False,unchanged
dmv.1343,126437,False,,132445.10374625356,132445.1037462536,,1.0475185566428622,2.197425924667823e-16,False,False,unchanged
dmv.1344,68455,False,,38541.47409312374,38541.47409312374,,1.7761386042111242,0.0,False,False,unchanged
dmv.1345,769276,False,,475057.24313041463,475057.2431304156,,1.6193332721985574,2.0829705258431226e-15,False,False,unchanged
dmv.1346,27835,False,,17097.2031097648,17097.203109764803,,1.6280440620198562,2.1278210147798605e-16,False,False,unchanged
dmv.1347,5460817,False,,5825648.972576743,5825648.972576741,,1.0668090457117942,3.197317857631046e-16,False,False,unchanged
dmv.1348,49389,False,,16095.392293263718,16095.392293263716,,3.068517939800101,1.1301305183516058e-16,False,False,unchanged
dmv.1349,5542281,False,,5647101.55839745,5647101.558397445,,1.0189128913523962,8.246022893200566e-16,False,False,unchanged
dmv.1350,973582,False,,954332.1196569997,954332.1196569997,,1.020171049414033,0.0,False,False,unchanged
dmv.1351,10336745,False,,10270899.774638308,10270899.774638308,,1.0064108526815032,0.0,False,False,unchanged
dmv.1352,10847343,False,,10947158.616687246,10947158.616687248,,1.0092018494010235,1.701487312325632e-16,False,False,unchanged
dmv.1353,124511,False,,6475.753388000068,6475.753388000068,,19.227260913104846,0.0,False,False,unchanged
dmv.1354,2460861,False,,2613285.350695549,2613285.35069555,,1.0619394393651447,3.5637997755109234e-16,False,True,fd
dmv.1355,5445636,False,,5806804.847128555,5806804.847128555,,1.0663226200077558,0.0,False,False,unchanged
dmv.1356,3790891,False,,3841424.469933814,3841424.4699338153,,1.0133302355393004,3.6366297785031985e-16,False,False,unchanged
dmv.1357,10019522,False,,10179797.845053844,10179797.845053846,,1.0159963564183845,1.8297466979032182e-16,False,False,unchanged
dmv.1358,5738802,False,,5545971.805470418,5545971.805470419,,1.0347694148642044,1.6792775139910436e-16,False,False,unchanged
dmv.1359,329674,False,,310589.594141793,310589.59414179303,,1.0614457348802693,1.8741020952200333e-16,False,False,unchanged
dmv.1360,4720,False,,5908.037253177381,5908.03725317738,,1.2517028078765637,1.5394193753328082e-16,False,False,unchanged
dmv.1361,331723,False,,325434.6356157645,325434.63561576454,,1.019322972099565,1.788612966881382e-16,False,False,unchanged
dmv.1362,2376998,False,,2419423.745726832,2419423.7457268336,,1.0178484566359889,5.774035509036229e-16,False,False,unchanged
dmv.1363,1131721,False,,1137563.8527487258,1137563.8527487256,,1.0051628031544222,2.0467479086231054e-16,False,False,unchanged
dmv.1364,10479598,False,,10592061.245165823,10592061.245165823,,1.0107316373362627,0.0,False,False,unchanged
dmv.1365,9513309,False,,9649245.56732791,9649245.567327911,,1.0142890940815557,1.930353141325187e-16,False,False,unchanged
dmv.1366,116638,False,,170326.59093626594,170326.59093626597,,1.4603010248483852,1.708707389536375e-16,False,False,unchanged
dmv.1367,479531,False,,470866.85661165434,470866.85661165434,,1.0184004103637547,0.0,False,False,unchanged
dmv.1368,5845150,False,,5897958.5163376015,5897958.516337602,,1.0090345870230193,1.5790592152109487e-16,False,False,unchanged
dmv.1369,442248,False,,523397.37525966327,523397.3752596632,,1.1834929163267291,1.1121122050829916e-16,False,False,unchanged
dmv.1370,5591288,False,,6004391.618915111,6004391.618915113,,1.0738834449084202,3.1021380140549594e-16,False,False,unchanged
dmv.1371,136308,False,,151632.20231945306,151632.20231945303,,1.1124233524037699,1.9193700290271353e-16,False,False,unchanged
dmv.1372,838923,False,,915152.0404966855,915152.0404966855,,1.0908653601065719,0.0,False,False,unchanged
dmv.1373,451923,False,,415130.6033333334,415130.60333333333,,1.0886284855205526,1.4021529717655862e-16,False,False,unchanged
dmv.1374,10510893,False,,10567006.404494472,10567006.40449447,,1.005338595350031,1.7626989877083044e-16,False,False,unchanged
dmv.1375,33444,False,,34946.31750298834,34946.31750298837,,1.0449203893968526,8.328153733006329e-16,False,False,unchanged
dmv.1376,1599723,False,,1777135.6467827188,1777135.6467827188,,1.110902104165983,0.0,False,False,unchanged
dmv.1377,5264241,False,,5814379.9246257795,5814379.924625781,,1.1045048896176637,3.2035146883712426e-16,False,False,unchanged
dmv.1378,3371885,False,,3380542.3595982715,3380542.3595982715,,1.00256751330436,0.0,False,False,unchanged
dmv.1379,247452,False,,784389.9487101918,784389.948710192,,3.169867080121364,2.9683022333053045e-16,False,False,unchanged
dmv.1380,874406,False,,1050815.318364832,1050815.3183648319,,1.2017476073641216,2.2157142133802937e-16,False,False,unchanged
dmv.1381,10991929,False,,11113069.969491666,11113069.969491666,,1.0110209017445133,0.0,False,False,unchanged
dmv.1382,205160,False,,207102.10811692823,207102.10811692823,,1.0094663097920074,0.0,False,False,unchanged
dmv.1383,11491051,False,,11587440.01005292,11587440.01005292,,1.0083881805113317,0.0,False,False,unchanged
dmv.1384,6,False,,28990.280293968328,28990.280293968328,,4831.713382328055,0.0,False,False,unchanged
dmv.1385,2589344,False,,2604460.7086774884,2604460.7086774884,,1.0058380457279867,0.0,False,False,unchanged
dmv.1386,5225500,False,,5700258.203015163,5700258.203015165,,1.0908541198000503,4.90147573028983e-16,False,False,unchanged
dmv.1387,2921388,False,,2904658.1721027927,2904658.172102794,,1.0057596546326468,4.809460456794086e-16,False,False,unchanged
dmv.1388,1334108,False,,1337367.466728718,1337367.466728718,,1.002443180558634,0.0,False,False,unchanged
dmv.1389,8373957,False,,8417103.857419454,8417103.857419454,,1.0051525052516335,0.0,False,False,unchanged
dmv.1390,894358,False,,861804.9383889432,861804.938388943,,1.0377731202978617,2.7016629086521937e-16,False,False,unchanged
dmv.1391,10627545,False,,10757083.381508896,10757083.381508894,,1.012188928064656,1.7315522090614158e-16,False,False,unchanged
dmv.1392,1786928,False,,1825663.5687432906,1825663.5687432908,,1.0216771849471777,1.2753206430806983e-16,False,False,unchanged
dmv.1393,10489488,False,,10569306.246283028,10569306.246283026,,1.007609355793441,1.7623154309546145e-16,False,False,unchanged
dmv.1394,3988886,False,,4040130.7224545153,4040130.7224545153,,1.0128468756576436,0.0,False,False,unchanged
dmv.1395,10894567,False,,10904060.725774605,10904060.725774605,,1.000871418366109,0.0,False,False,unchanged
dmv.1396,11089223,False,,11218261.998333333,11218261.998333333,,1.0116364328080816,0.0,False,False,unchanged
dmv.1397,3602838,False,,3611473.663586344,3611473.6635863436,,1.0023969058798492,1.2893941107833476e-16,False,False,unchanged
dmv.1398,10509596,False,,10646051.1540955,10646051.154095503,,1.0129838629473007,1.7496113087098996e-16,False,False,unchanged
dmv.1399,2887984,False,,2939626.384675175,2939626.384675175,,1.0178818112133499,0.0,False,False,unchanged
dmv.1400,100183,False,,111007.80959486925,111007.80959486928,,1.1080503637829697,2.6217822478391525e-16,False,False,unchanged
dmv.1401,916666,False,,911957.7565488406,911957.7565488406,,1.0051627867818977,0.0,False,False,unchanged
dmv.1402,1187981,False,,1069502.7230183012,1069502.7230183014,,1.1107788455622953,2.1769990729596806e-16,False,False,unchanged
dmv.1403,11035308,False,,11127198.558180185,11127198.558180185,,1.008326959082627,0.0,False,False,unchanged
dmv.1404,3301446,False,,3298157.6620629076,3298157.6620629076,,1.0009970226635665,0.0,False,False,unchanged
dmv.1405,10331256,False,,10454461.802410373,10454461.802410377,,1.0119255395868976,3.563349667223436e-16,False,False,unchanged
dmv.1406,368284,False,,376978.04832705436,376978.04832705687,,1.023606912945049,6.639456674961664e-15,False,False,unchanged
dmv.1407,6539866,False,,6564333.54606552,6564333.546065519,,1.003741291651162,1.4187618104410427e-16,False,False,unchanged
dmv.1408,1852802,False,,1815502.7949505458,1815502.7949505458,,1.0205448348265804,0.0,False,False,unchanged
dmv.1409,10108963,False,,10232762.731224041,10232762.731224041,,1.01224653124401,0.0,False,False,unchanged
dmv.1410,2173366,False,,2174922.204009069,2174922.2040090687,,1.0007160340269743,2.141048017484848e-16,False,False,unchanged
dmv.1411,689202,False,,728868.3100621082,728868.3100621082,,1.0575539683026285,0.0,False,False,unchanged
dmv.1412,2461519,False,,2471276.0844541523,2471276.0844541537,,1.0039638468986638,5.652884640089812e-16,False,False,unchanged
dmv.1413,11329540,False,,11424916.016171219,11424916.016171219,,1.0084183485094027,0.0,False,False,unchanged
dmv.1414,2895690,False,,2948654.847790108,2948654.847790108,,1.0182909247157355,0.0,False,False,unchanged
dmv.1415,2215325,False,,2503889.217757894,2503889.2177578947,,1.1302581868384523,1.8597519570962298e-16,False,False,unchanged
dmv.1416,11459260,False,,11552781.172126532,11552781.172126532,,1.008161187731715,0.0,False,False,unchanged
dmv.1417,10527138,False,,10637235.476750769,10637235.476750769,,1.0104584433823105,0.0,False,False,unchanged
dmv.1418,2354770,False,,2409421.165410986,2409421.165410987,,1.023208706332672,3.8653374013032634e-16,False,False,unchanged
dmv.1419,512616,False,,537304.1850907402,537304.1850907401,,1.0481611676005824,2.1666557800452374e-16,False,False,unchanged
dmv.1420,5759854,False,,6136478.024388427,6136478.024388429,,1.0653877727436194,3.0353651423963037e-16,False,False,unchanged
dmv.1421,2257633,False,,2230329.7910681013,2230329.7910681013,,1.0122417810322226,0.0,False,False,unchanged
dmv.1422,104377,False,,68511.83350450036,68511.83350450036,,1.5234886392749034,0.0,False,False,unchanged
dmv.1423,4570939,False,,4637838.71673854,4637838.716738538,,1.0146358804478772,4.0161921597412144e-16,False,False,unchanged
dmv.1424,140300,False,,114839.4801961943,114839.48019619432,,1.2217052860245308,1.2671526554723198e-16,False,False,unchanged
dmv.1425,9421410,False,,9542313.46179725,9542313.461797249,,1.0128328415595171,1.9519848689608408e-16,False,False,unchanged
dmv.1426,11067379,False,,11171330.46626302,11171330.46626302,,1.0093926002048923,0.0,False,False,unchanged
dmv.1427,223724,False,,255445.7574255521,255445.7574255521,,1.141789693665195,0.0,False,False,unchanged
dmv.1428,11491051,False,,11587440.01005292,11587440.01005292,,1.0083881805113317,0.0,False,False,unchanged
dmv.1429,237105,False,,691487.5627793599,691487.5627793618,,2.916376975514476,2.862033357625791e-15,False,False,unchanged
dmv.1430,879413,False,,1155931.860213523,1155931.860213523,,1.314435720433429,0.0,False,False,unchanged
dmv.1431,9407738,False,,9542643.458231347,9542643.458231349,,1.0143398400584016,1.9519173669055673e-16,False,False,unchanged
dmv.1432,354688,False,,378552.16374766344,378552.1637476634,,1.0672821289349046,1.5376391020252541e-16,False,False,unchanged
dmv.1433,460605,False,,419204.12258663913,419204.1225866391,,1.0987606637976333,1.3885278740653923e-16,False,False,unchanged
dmv.1434,10497857,False,,10578021.486236153,10578021.486236153,,1.007636271501522,0.0,False,False,unchanged
dmv.1435,28726,False,,51221.77771428436,51221.77771428436,,1.7831155647944148,0.0,False,False,unchanged
dmv.1436,1208116,False,,1195124.179793787,1195124.1797937872,,1.0108706864323127,1.9481711406261015e-16,False,False,unchanged
dmv.1437,2104597,False,,1564970.5449502876,1564970.5449502887,,1.3448157262709721,7.438818717871316e-16,False,False,unchanged
dmv.1438,8124510,False,,8186626.67260495,8186626.672604951,,1.0076455900238845,1.137614565632972e-16,False,False,unchanged
dmv.1439,4621,False,,669.3706127844421,669.3706127844454,,6.903499962117555,4.925400414894757e-15,False,False,unchanged
dmv.1440,5154270,False,,5682488.362996094,5682488.362996095,,1.102481702160751,1.6389344159157032e-16,False,False,unchanged
dmv.1441,853815,False,,902759.2992642567,902759.2992642565,,1.0573242438517205,2.579099920029904e-16,False,False,unchanged
dmv.1442,10499125,False,,10583487.14896619,10583487.148966191,,1.0080351599743969,1.759954089813302e-16,False,False,unchanged
dmv.1443,10376556,False,,10105532.522055391,10105532.52205539,,1.026819316780496,1.8431934637444609e-16,False,False,unchanged
dmv.1444,1264614,False,,1222095.8188463063,1222095.8188463065,,1.0347912009009508,1.9051750285314652e-16,False,False,unchanged
dmv.1445,4086,False,,9228.407496009622,9228.407496009622,,2.2585431953033828,0.0,False,False,unchanged
dmv.1446,4631489,False,,4742945.962574621,4742945.962574621,,1.0240650388189674,0.0,False,False,unchanged
dmv.1447,1046055,False,,1061968.6139825173,1061968.6139825173,,1.015212980180313,0.0,False,False,unchanged
dmv.1448,5319029,False,,5230817.437402886,5230817.437402887,,1.0168638197858633,1.7804532193306335e-16,False,False,unchanged
dmv.1449,6706313,False,,6706648.9065736085,6706648.9065736085,,1.0000500881145287,0.0,False,False,unchanged
dmv.1450,11064114,False,,11163896.72754368,11163896.72754368,,1.0090185917773153,0.0,False,False,unchanged
dmv.1451,325568,False,,492166.6884008056,492166.68840080564,,1.5117170250172178,1.1826818491637705e-16,False,False,unchanged
dmv.1452,10960910,False,,11090263.73407093,11090263.734070934,,1.0118013681410514,3.35906375879707e-16,False,False,unchanged
dmv.1453,4524604,False,,4517321.358417967,4517321.358417968,,1.0016121592873755,2.0616699604068932e-16,False,False,unchanged
dmv.1454,2806802,False,,2800860.9562145555,2800860.9562145565,,1.0021211491317563,3.3251296268351272e-16,False,False,unchanged
dmv.1455,542411,False,,560188.6642621572,560188.6642621568,,1.0327752649967592,6.234434713897825e-16,False,False,unchanged
dmv.1456,10167892,False,,10308491.56044874,10308491.560448743,,1.0138277983724393,3.613807390360561e-16,False,False,unchanged
dmv.1457,11117814,False,,11213883.874673236,11213883.874673238,,1.0086410759051407,1.6610169768547142e-16,False,False,unchanged
dmv.1458,4260798,False,,4244472.56369402,4244472.563694016,,1.003846281501646,8.776803813804721e-16,False,False,unchanged
dmv.1459,531681,False,,613748.0634660699,613748.0634660702,,1.1543539518359127,5.690379917591573e-16,False,False,unchanged
dmv.1460,2291311,False,,2558460.850986288,2558460.8509862884,,1.116592575598113,1.8200836926163107e-16,False,False,unchanged
dmv.1461,11585835,False,,11673789.027890714,11673789.027890716,,1.0075915139384182,1.5955789031142957e-16,False,False,unchanged
dmv.1462,10555012,False,,10633453.644797908,10633453.644797908,,1.0074316964109475,0.0,False,False,unchanged
dmv.1463,4001988,False,,4027350.4901626743,4027350.490162674,,1.0063374728166787,1.1562472361051697e-16,False,False,unchanged
dmv.1464,144799,False,,169484.6445337813,169484.64453378128,,1.1704821479000636,1.717195710372027e-16,False,False,unchanged
dmv.1465,11007193,False,,11137261.15721874,11137261.15721874,,1.0118166509135198,0.0,False,False,unchanged
dmv.1466,1814563,False,,2182868.7350063217,2182868.735006323,,1.2029721398520314,6.399761192782722e-16,False,False,unchanged
dmv.1467,750131,False,,778425.0880034926,778425.0880034923,,1.03771886244335,2.9910475297120057e-16,False,False,unchanged
dmv.1468,7247402,False,,7266032.346291931,7266032.346291927,,1.0025706241066703,6.40874228347442e-16,False,False,unchanged
dmv.1469,809831,False,,844248.7201684298,844248.7201684325,,1.0424998798124914,3.1715208303606472e-15,False,False,unchanged
dmv.1470,10009147,False,,10091267.141627816,10091267.141627816,,1.008204509497944,0.0,False,False,unchanged
dmv.1471,6083115,False,,6105678.352048531,6105678.352048531,,1.0037091772962587,0.0,False,False,unchanged
dmv.1472,7917110,False,,7946077.375131973,7946077.375131976,,1.0036588319641855,3.5161597250366955e-16,False,False,unchanged
dmv.1473,2291820,False,,2278934.716496992,2278934.716496992,,1.005654081887354,0.0,False,False,unchanged
dmv.1474,11039564,False,,11166536.626929702,11166536.6269297,,1.0115015979734074,1.6680598572872826e-16,False,False,unchanged
dmv.1475,327854,False,,358440.5296339511,358440.5296339511,,1.0932931415628635,0.0,False,False,unchanged
dmv.1476,1191218,False,,1216015.508248867,1216015.5082488665,,1.020816935480212,3.829402537623215e-16,False,False,unchanged
dmv.1477,5352,False,,26295.161575513568,26295.161575513568,,4.913146781672939,0.0,False,False,unchanged
dmv.1478,384991,False,,384096.7750919728,384096.7750919728,,1.0023281239677504,0.0,False,False,unchanged
dmv.1479,9190210,False,,9234505.744314542,9234505.744314542,,1.0048198838018436,0.0,False,False,unchanged
dmv.1480,275369,False,,328607.04700652295,328607.0470065229,,1.1933334798271518,1.7713454852449339e-16,False,False,unchanged
dmv.1481,938977,False,,1352513.0384401204,1352513.0384401206,,1.4404112544185006,1.7214669066879953e-16,False,False,unchanged
dmv.1482,130110,False,,214007.95883678016,214007.95883678016,,1.6448232944184165,0.0,False,False,unchanged
dmv.1483,4709613,False,,4184360.062886689,4184360.0628866884,,1.1255276623472388,1.1128614180169067e-16,False,False,unchanged
dmv.1484,7695470,False,,7571215.334880058,7571215.334880057,,1.0164114557074488,1.2300833266819674e-16,False,False,unchanged
dmv.1485,452953,False,,528737.9219016803,528737.9219016816,,1.1673129925216972,2.4219343592578624e-15,False,False,unchanged
dmv.1486,11582148,False,,11666055.699167952,11666055.699167952,,1.0072445714877718,0.0,False,False,unchanged
dmv.1487,699813,False,,927055.4809697063,927055.480969706,,1.3247188619955708,3.767260672635158e-16,False,False,unchanged
dmv.1488,6106258,False,,6325681.125279571,6325681.125279571,,1.035934139251825,0.0,False,False,unchanged
dmv.1489,7086368,False,,7145786.475237554,7145786.475237551,,1.0083848983340342,3.9099513168052703e-16,False,False,unchanged
dmv.1490,379157,False,,368725.96639653505,368725.966396535,,1.0282893925410375,1.5786157259906607e-16,False,False,unchanged
dmv.1491,10528779,False,,10655879.4754252,10655879.4754252,,1.01207172032248,0.0,False,False,unchanged
dmv.1492,368284,False,,69354.9378372771,69354.93783727713,,5.310133805671924,4.1963602541203455e-16,False,False,unchanged
dmv.1493,101731,False,,188873.47143837923,188873.47143837917,,1.8565970199681436,3.081833593155401e-16,False,False,unchanged
dmv.1494,212116,False,,267926.69333333394,267926.6933333352,,1.2631140193730503,4.779548182245101e-15,False,False,unchanged
dmv.1495,7456539,False,,7522304.279534559,7522304.279534556,,1.008819812990257,3.7142444921402634e-16,False,False,unchanged
dmv.1496,24728,False,,88496.4720347568,88496.4720347568,,3.5787961838707862,0.0,False,False,unchanged
dmv.1497,11589529,False,,11680513.738623261,11680513.738623261,,1.0078505984689508,0.0,False,False,unchanged
dmv.1498,1352714,False,,1329764.8658932878,1329764.8658932874,,1.017258039143105,3.5018317843352332e-16,False,False,unchanged
dmv.1499,6509382,False,,6488267.902084222,6488267.902084223,,1.0032541963794368,1.435394759695897e-16,False,False,unchanged
dmv.1500,1136481,False,,1147002.3455449813,1147002.3455449818,,1.0092578279311148,4.05981111648457e-16,False,False,unchanged
dmv.1501,283644,False,,267941.6790612901,267941.6790612901,,1.0586035027985252,0.0,False,False,unchanged
dmv.1502,95277,False,,96752.63432345264,96752.63432345266,,1.0154878336162205,1.5040329733781206e-16,False,False,unchanged
dmv.1503,11039601,False,,10970866.202639602,10970866.202639604,,1.0062652115239414,1.6978104689516699e-16,False,False,unchanged
dmv.1504,11116071,False,,11013073.62817058,11013073.62817058,,1.00935228214274,0.0,False,False,unchanged
dmv.1505,343347,False,,359296.30352585897,359296.303525859,,1.0464524330367209,1.6200461942486454e-16,False,False,unchanged
dmv.1506,4251323,False,,4374454.387552913,4374454.387552914,,1.0289630751539964,2.1290028243647177e-16,False,False,unchanged
dmv.1507,4802268,False,,4487473.378518756,4487473.378518756,,1.0701496354247237,0.0,False,False,unchanged
dmv.1508,10123307,False,,10091922.323601624,10091922.323601626,,1.0031098808920653,1.8456792368237457e-16,False,False,unchanged
dmv.1509,334176,False,,317566.4970805205,317566.49708052055,,1.0523024408184598,1.8329282669484044e-16,False,False,unchanged
dmv.1510,10892207,False,,11004465.98021295,11004465.98021295,,1.0103063575832656,0.0,False,False,unchanged
dmv.1511,344671,False,,349754.49535437324,349754.49535437324,,1.0147488339731896,0.0,False,False,unchanged
dmv.1512,180898,False,,222297.81638331705,222297.8163833171,,1.2288572365825883,2.618454011851272e-16,False,False,unchanged
dmv.1513,11405981,False,,11503177.111585137,11503177.11158514,,1.008521503900904,3.238488169246808e-16,False,False,unchanged
dmv.1514,735579,False,,676403.9303328958,676403.9303328957,,1.0874848105007031,1.7210917412860154e-16,False,False,unchanged
dmv.1515,5614749,False,,6033537.483403221,6033537.483403221,,1.0745872136765544,0.0,False,False,unchanged
dmv.1516,437030,False,,383285.9000656467,383285.90006564657,,1.1402193504252267,3.037297270966555e-16,False,False,unchanged
dmv.1517,2657428,False,,2527536.424412561,2527536.4244125616,,1.0513905850506695,1.842352429860496e-16,False,False,unchanged
dmv.1518,126869,False,,139797.11502040958,139797.11502040955,,1.1019012920446254,2.0818620221515098e-16,False,False,unchanged
dmv.1519,1045382,False,,1628793.3692161653,1628793.3692161643,,1.5580843837144367,5.717868160672004e-16,False,False,unchanged
dmv.1520,700643,False,,700809.8788212996,700809.8788212999,,1.00023817953123,3.3223082420794374e-16,False,False,unchanged
dmv.1521,10859530,False,,10999184.305542566,10999184.305542566,,1.0128600690400567,0.0,False,False,unchanged
dmv.1522,9251490,False,,9393347.498304969,9393347.498304969,,1.015333475829836,0.0,False,False,unchanged
dmv.1523,62490,False,,21553.407195815857,21553.407195815962,,2.8993095816484704,4.894882022464645e-15,False,False,unchanged
dmv.1524,11439162,False,,11538011.449270165,11538011.449270163,,1.008641319116747,1.6143554350076317e-16,False,True,fd
dmv.1525,2706680,False,,2690731.65850072,2690731.65850072,,1.005927139352189,0.0,False,False,unchanged
dmv.1526,118711,False,,37612.89802101475,37612.89802101474,,3.1561247935129813,1.93443153731953e-16,False,False,unchanged
dmv.1527,8445802,False,,8525959.78963739,8525959.789637392,,1.0094908440474204,2.1846750338828128e-16,False,False,unchanged
dmv.1528,5520080,False,,5584902.584746007,5584902.584746007,,1.0117430516851218,0.0,False,False,unchanged
dmv.1529,18717,False,,11921.280005928751,11921.280005928747,,1.570049524102409,3.0516679461286505e-16,False,False,unchanged
dmv.1530,2044859,False,,2733359.2812968874,2733359.2812968884,,1.3366981690653916,3.4072453664912897e-16,False,False,unchanged
dmv.1531,11581952,False,,11667072.6509245,11667072.650924502,,1.0073494218353263,1.5964974290987727e-16,False,False,unchanged
dmv.1532,228901,False,,261968.9999797019,261968.99997970182,,1.1444642005919674,3.332894020932487e-16,False,False,unchanged
dmv.1533,9250586,False,,9258398.94158697,9258398.94158697,,1.0008445888278827,0.0,False,False,unchanged
dmv.1534,227781,False,,314208.2993903809,314208.29939038085,,1.3794315565845303,1.8525182506763974e-16,False,False,unchanged
dmv.1535,999536,False,,1081989.6834332717,1081989.6834332733,,1.0824919597025737,1.506312426570931e-15,False,False,unchanged
dmv.1536,218,False,,87.63967889381944,87.63967889381941,,2.4874577674356804,3.243018435158642e-16,False,False,unchanged
dmv.1537,9345492,False,,9231871.607134357,9231871.607134357,,1.0123074060928055,0.0,False,False,unchanged
dmv.1538,526402,False,,606855.9543004215,606855.9543004215,,1.1528374783918403,0.0,False,False,unchanged
dmv.1539,212184,False,,225886.0004079895,225886.00040798952,,1.0645760302755602,1.2884300224080778e-16,False,False,unchanged
dmv.1540,428296,False,,448389.27589264885,448389.27589264914,,1.0469144607763061,6.490750787648538e-16,False,False,unchanged
dmv.1541,53709,False,,49379.161861825436,49379.16186182544,,1.0876855332273656,1.4734874671512802e-16,False,False,unchanged
dmv.1542,6181798,False,,6397124.566333069,6397124.5663330695,,1.0348323523889116,1.4558456146326488e-16,False,False,unchanged
dmv.1543,6387320,False,,6375494.8728437275,6375494.872843728,,1.0018547779258111,1.460784759756337e-16,False,False,unchanged
dmv.1544,9398947,False,,9351316.043091398,9351316.0430914,,1.0050935030630037,1.9918534895492586e-16,False,False,unchanged
dmv.1545,10898146,False,,11012131.022239566,11012131.02223957,,1.0104591204999058,3.3828968170997033e-16,False,False,unchanged
dmv.1546,5218285,False,,5573471.280340334,5573471.280340333,,1.068065711309431,3.341983937014597e-16,False,False,unchanged
dmv.1547,87884,False,,94553.84916578689,94553.8491657869,,1.0758937823242785,1.5390082325312967e-16,False,False,unchanged
dmv.1548,497811,False,,196160.7642314468,196160.7642314468,,2.5377704963090433,0.0,False,False,unchanged
dmv.1549,9916537,False,,9773771.966842549,9773771.96684255,,1.0146069535530173,1.9057587547059281e-16,False,False,unchanged
dmv.1550,11540432,False,,11425248.866298681,11425248.866298681,,1.0100814551218291,0.0,False,False,unchanged
dmv.1551,74936,False,,225115.2632653291,225115.263265329,,3.0041003424966517,3.8785238328017155e-16,False,False,unchanged
dmv.1552,2109660,False,,2090776.4869998638,2090776.4869998642,,1.0090318181391225,2.22721697036078e-16,False,False,unchanged
dmv.1553,11590343,False,,11472265.339024149,11472265.339024149,,1.0102924450826811,0.0,False,False,unchanged
dmv.1554,11403251,False,,11496283.21638785,11496283.21638785,,1.0081583941621428,0.0,False,False,unchanged
dmv.1555,9379267,False,,9084368.24163044,9084368.241630442,,1.0324622197741988,2.0503849026012772e-16,False,False,unchanged
dmv.1556,11488992,False,,11585122.828153746,11585122.828153746,,1.008367211688697,0.0,False,True,fd
dmv.1557,10831848,False,,10943993.46458062,10943993.464580622,,1.0103533085564549,1.701979405652299e-16,False,False,unchanged
dmv.1558,116850,False,,133043.84264749213,133043.84264749204,,1.1385865866280884,6.56261046229237e-16,False,False,unchanged
dmv.1559,277346,False,,274816.25021148915,274816.25021148904,,1.0092052409075665,4.2361149217830323e-16,False,False,unchanged
dmv.1560,29872,False,,34188.73070063145,34188.73070063146,,1.1445075890677374,2.128174244868658e-16,False,False,unchanged
dmv.1561,134565,False,,192997.631570631,192997.63157063106,,1.4342335047793333,3.0159779910130783e-16,False,False,unchanged
dmv.1562,1061709,False,,1069031.5694130408,1069031.5694130405,,1.0068969646231132,2.1779585403797472e-16,False,False,unchanged
dmv.1563,392789,False,,576656.4413118777,576656.441311878,,1.468107409606373,6.056395809717814e-16,False,False,unchanged
dmv.1564,4890124,False,,4526399.216691763,4526399.216691764,,1.080356319868329,2.057535206309442e-16,False,False,unchanged
dmv.1565,11040945,False,,11172266.847047245,11172266.847047247,,1.0118940767341242,1.6672043146939703e-16,False,False,unchanged
dmv.1566,10619093,False,,10668252.612221153,10668252.612221153,,1.004629360739298,0.0,False,False,unchanged
dmv.1567,9982275,False,,10085701.175511634,10085701.175511634,,1.010360982392454,0.0,False,False,unchanged
dmv.1568,10144912,False,,10079336.818924317,10079336.818924317,,1.0065059023479166,0.0,False,False,unchanged
dmv.1569,36923,False,,37862.88769882504,37862.88769882503,,1.0254553448751467,3.8433189100942324e-16,False,False,unchanged
dmv.1570,11220486,False,,11323104.127890332,11323104.127890332,,1.0091456045567306,0.0,False,False,unchanged
dmv.1571,382525,False,,369571.01740009367,369571.0174000935,,1.0350514028157205,4.725018319046305e-16,False,False,unchanged
dmv.1572,80216,False,,73207.07521195227,73207.07521195225,,1.0957410846937292,1.987774431123703e-16,False,False,unchanged
dmv.1573,9447390,False,,9494748.338592252,9494748.338592252,,1.005012848902422,0.0,False,False,unchanged
dmv.1574,8827875,False,,8834533.44624752,8834533.446247524,,1.0007542524387263,4.2167368782153796e-16,False,False,unchanged
dmv.1575,2706740,False,,2670245.488812294,2670245.488812294,,1.0136670996508035,0.0,False,False,unchanged
dmv.1576,350689,False,,423098.1734722617,423098.1734722619,,1.2064768882749721,4.1272450152009563e-16,False,False,unchanged
dmv.1577,1157716,False,,1501458.6803085287,1501458.6803085294,,1.2969145112519207,4.652088932730925e-16,False,False,unchanged
dmv.1578,1880928,False,,1869974.3684717156,1869974.3684717154,,1.0058576372558714,1.2451007221246379e-16,False,False,unchanged
dmv.1579,11491051,False,,11587440.01005292,11587440.01005292,,1.0083881805113317,0.0,False,False,unchanged
dmv.1580,739970,False,,1495562.9177169867,1495562.9177169863,,2.021112906897559,3.1136188373711667e-16,False,False,unchanged
dmv.1581,941,False,,10020.072609943789,10020.072609943792,,10.648323708760667,3.6306910625392366e-16,False,False,unchanged
dmv.1582,11549837,False,,11634317.559348326,11634317.559348326,,1.0073144373681053,0.0,False,False,unchanged
dmv.1583,720071,False,,803196.7009717247,803196.7009717247,,1.1154409786975517,0.0,False,False,unchanged
dmv.1584,60443,False,,16024.57072238354,16024.57072238354,,3.7718951132695016,0.0,False,False,unchanged
dmv.1585,933,False,,4218.742281320667,4218.742281320668,,4.521695907096106,2.1558432374499372e-16,False,False,unchanged
dmv.1586,417010,False,,434274.23985046905,434274.2398504691,,1.0414000619900459,1.3403433953049963e-16,False,False,unchanged
dmv.1587,1013,False,,505.58726580225726,505.58726580226477,,2.0036105901373698,1.484082332991593e-14,False,False,unchanged
dmv.1588,452758,False,,470659.799237778,470659.79923777794,,1.0395394432296678,1.23672472150231e-16,False,False,unchanged
dmv.1589,2077614,False,,2085454.166023351,2085454.1660233522,,1.0037736393879475,5.582252716151578e-16,False,False,unchanged
dmv.1590,64284,False,,80564.6936314165,80564.6936314165,,1.2532619879194902,0.0,False,False,unchanged
dmv.1591,260810,False,,296226.5146182985,296226.5146182984,,1.13579431240481,3.929942664887421e-16,False,False,unchanged
dmv.1592,358450,False,,358113.6753700636,358113.6753700637,,1.0009391560643108,3.25079241128211e-16,False,False,unchanged
dmv.1593,2602822,False,,2809310.7736656293,2809310.7736656303,,1.0793326526614686,3.3151283344856685e-16,False,False,unchanged
dmv.1594,10450737,False,,10526272.89800408,10526272.898004081,,1.0072278058479587,1.7695201020145876e-16,False,False,unchanged
dmv.1595,10635862,False,,10738096.863333335,10738096.863333333,,1.0096122780958736,1.7346138453930396e-16,False,False,unchanged
dmv.1596,50955,False,,32894.5018849711,32894.50188497109,,1.5490430643450606,2.2119069136923702e-16,False,False,unchanged
dmv.1597,10437410,False,,10340136.482283615,10340136.482283615,,1.0094073727056747,0.0,False,False,unchanged
dmv.1598,1639,False,,5121.423971869846,5121.423971869898,,3.124724815051767,1.0122418742482867e-14,False,False,unchanged
dmv.1599,674180,False,,1089601.8126162821,1089601.8126162821,,1.616188277042158,0.0,False,False,unchanged
dmv.1600,22169,False,,32759.458443461524,32759.458443461506,,1.4777147567983004,5.552562496370908e-16,False,False,unchanged
dmv.1601,308978,False,,327458.7206262046,327458.720626206,,1.0598124158555127,4.266137298929578e-15,False,False,unchanged
dmv.1602,2926511,False,,2854615.2036696137,2854615.203669613,,1.0251858100657365,1.6312576444948895e-16,False,False,unchanged
dmv.1603,5444219,False,,5408296.328849958,5408296.328849957,,1.0066421418069154,1.7220257877650703e-16,False,False,unchanged
dmv.1604,686980,False,,1058889.8938991725,1058889.8938991723,,1.5413693177373031,2.198818262364489e-16,False,False,unchanged
dmv.1605,6936375,False,,7035198.279653152,7035198.2796531515,,1.014247107408863,1.3238043017337594e-16,False,False,unchanged
dmv.1606,182637,False,,221989.32229156175,221989.32229156178,,1.2154674150996883,1.3110464123363826e-16,False,False,unchanged
dmv.1607,6837921,False,,6906116.8686050335,6906116.868605031,,1.0099731875529177,4.0456421126432373e-16,False,False,unchanged
dmv.1608,6533656,False,,6550168.243625142,6550168.243625143,,1.002527259412669,1.421830004934415e-16,False,False,unchanged
dmv.1609,10988071,False,,11122011.16964913,11122011.169649126,,1.0121895981241047,3.3494754155865844e-16,False,False,unchanged
dmv.1610,1047679,False,,1814794.7898028933,1814794.7898028933,,1.7322049881718478,0.0,False,False,unchanged
dmv.1611,9608583,False,,9726432.108058868,9726432.10805887,,1.012264983094684,1.9150343399689757e-16,False,False,unchanged
dmv.1612,298485,False,,208926.80503823934,208926.80503823937,,1.4286582324626516,1.3930156281960518e-16,False,False,unchanged
dmv.1613,6467361,False,,6460111.916176296,6460111.916176296,,1.001122129758395,0.0,False,False,unchanged
dmv.1614,11241817,False,,11327941.05895915,11327941.05895915,,1.0076610443809173,0.0,False,False,unchanged
dmv.1615,10964728,False,,11074474.989547245,11074474.989547247,,1.0100090936635404,1.6819263676057178e-16,False,False,unchanged
dmv.1616,424596,False,,575402.3887139575,575402.3887139576,,1.3551761879856559,2.0231984453023684e-16,False,False,unchanged
dmv.1617,6610,False,,6848.418257534323,6848.418257534323,,1.0360693279174467,0.0,False,False,unchanged
dmv.1618,378284,False,,420867.8608107213,420867.8608107226,,1.112571139172477,3.042685506157465e-15,False,False,unchanged
dmv.1619,9302641,False,,9323405.458519408,9323405.458519408,,1.0022321036057833,0.0,False,False,unchanged
dmv.1620,6251858,False,,6316098.3906814465,6316098.390681444,,1.01027540783579,4.4235658645985635e-16,False,False,unchanged
dmv.1621,9368129,False,,9783717.073467247,9783717.073467245,,1.044361907641029,1.9038215590701413e-16,False,False,unchanged
dmv.1622,691018,False,,675282.6109632762,675282.6109632762,,1.023301931341424,0.0,False,False,unchanged
dmv.1623,670790,False,,695144.1476385522,695144.1476385522,,1.0363066647364336,0.0,False,False,unchanged
dmv.1624,164695,False,,178643.12870538293,178643.12870538293,,1.084690662772901,0.0,False,False,unchanged
dmv.1625,794495,False,,823849.447011493,823849.4470114931,,1.0369473023889302,1.4130654848313657e-16,False,False,unchanged
dmv.1626,278927,False,,268741.7972927868,268741.7972927868,,1.037899585437827,0.0,False,False,unchanged
dmv.1627,1968037,False,,1945949.461980507,1945949.4619805065,,1.011350519862429,2.3929772915778013e-16,False,False,unchanged
dmv.1628,276713,False,,256917.20023339437,256917.2002333945,,1.077051282470081,5.664048656589467e-16,False,False,unchanged
dmv.1629,10416805,False,,10445227.698961053,10445227.698961053,,1.0027285428652117,0.0,False,False,unchanged
dmv.1630,2804068,False,,2829372.8187589003,2829372.8187589017,,1.0090243242171375,4.937432962744025e-16,False,False,unchanged
dmv.1631,63609,False,,129743.46831845253,129743.46831845249,,2.039703003009834,3.364774061531058e-16,False,False,unchanged
dmv.1632,11021466,False,,11141927.045503076,11141927.045503076,,1.0109296753719583,0.0,False,False,unchanged
dmv.1633,2201027,False,,2126966.8517733375,2126966.851773338,,1.034819606222314,2.1893208486982235e-16,False,False,unchanged
dmv.1634,3158355,False,,3101792.4020861755,3101792.402086175,,1.0182354556919355,1.5012651620222845e-16,False,False,unchanged
dmv.1635,9674094,False,,9562513.890532413,9562513.890532415,,1.0116684912299116,1.9478613788735108e-16,False,False,unchanged
dmv.1636,7036986,False,,7051104.614656811,7051104.614656811,,1.0020063440025049,0.0,False,False,unchanged
dmv.1637,10548791,False,,10721645.006695352,10721645.006695354,,1.0163861438429629,1.7372755282121256e-16,False,True,fd
dmv.1638,8535,False,,16317.283504290928,16317.283504290925,,1.9118082606081932,2.2295247895490943e-16,False,False,unchanged
dmv.1639,6666,False,,20726.83199982343,20726.831999823436,,3.109335733546869,3.510405070222698e-16,False,False,unchanged
dmv.1640,11311347,False,,11399822.867222313,11399822.867222313,,1.0078218683612405,0.0,False,False,unchanged
dmv.1641,4538892,False,,4620101.301854585,4620101.301854585,,1.0178918779857695,0.0,False,False,unchanged
dmv.1642,9844567,False,,10015792.968396986,10015792.968396988,,1.017392940532274,1.8597081180773153e-16,False,False,unchanged
dmv.1643,331565,False,,423886.72119548026,423886.7211954802,,1.2784422999878764,1.3731890621462586e-16,False,False,unchanged
dmv.1644,831273,False,,822424.990893216,822424.9908932163,,1.0107584390123827,4.2465388254009238e-16,False,False,unchanged
dmv.1645,10105545,False,,10224081.33979106,10224081.339791058,,1.011729831472826,1.8218215283379413e-16,False,False,unchanged
dmv.1646,11409250,False,,11504881.251666667,11504881.251666665,,1.008381905179277,1.6190042369721315e-16,False,False,unchanged
dmv.1647,1179961,False,,1316357.3031001384,1316357.3031001387,,1.115593907849614,1.7687495872551679e-16,False,False,unchanged
dmv.1648,2474125,False,,2454381.6040299,2454381.6040299,,1.008044142743607,0.0,False,False,unchanged
dmv.1649,5603771,False,,5843052.636642093,5843052.636642093,,1.0427001097371917,0.0,False,False,unchanged
dmv.1650,1714804,False,,1714776.3784282263,1714776.3784282266,,1.0000161079730985,1.3577901269393708e-16,False,False,unchanged
dmv.1651,451923,False,,415130.6033333334,415130.60333333333,,1.0886284855205526,1.4021529717655862e-16,False,False,unchanged
dmv.1652,70985,False,,79417.0486057156,79417.0486057156,,1.1187863436742354,0.0,False,False,unchanged
dmv.1653,1725228,False,,1743683.5381579928,1743683.5381579925,,1.0106974487766214,1.3352803909580364e-16,False,False,unchanged
dmv.1654,10969584,False,,11102630.854913374,11102630.854913373,,1.012128705602088,1.6776610639150086e-16,False,False,unchanged
dmv.1655,118861,False,,41558.85323732415,41558.85323732416,,2.860064480635152,3.5015199156885597e-16,False,False,unchanged
dmv.1656,741348,False,,706285.88652002,706285.8865200198,,1.0496429479183516,1.648274785732038e-16,False,False,unchanged
dmv.1657,191885,False,,185168.50320165022,185168.50320165016,,1.0362723502227345,3.1434968640470536e-16,False,False,unchanged
dmv.1658,1583596,False,,2542529.4757884457,2542529.4757884466,,1.6055417390473616,3.662976510141234e-16,False,False,unchanged
dmv.1659,3410480,False,,3448881.6334573445,3448881.633457344,,1.011259891117187,1.350180541977416e-16,False,False,unchanged
dmv.1660,2728,False,,10526.42126009677,10526.421260096768,,3.8586588196835665,1.7280226190844416e-16,False,False,unchanged
dmv.1661,539128,False,,630377.1871270848,630377.1871270855,,1.169253288879607,1.1080539480575957e-15,False,False,unchanged
dmv.1662,8296264,False,,8178354.958176211,8178354.958176211,,1.0144172076691182,0.0,False,False,unchanged
dmv.1663,11106921,False,,11206316.829188142,11206316.82918814,,1.0089489993840906,1.6621385756107518e-16,False,False,unchanged
dmv.1664,9861703,False,,9845596.780192511,9845596.78019251,,1.0016358805024284,1.891856015247597e-16,False,False,unchanged
dmv.1665,8279305,False,,8032596.78677544,8032596.786775439,,1.0307133819577166,1.1594290107388092e-16,False,False,unchanged
dmv.1666,589220,False,,2205974.7499073143,2205974.749907315,,3.7438898033116907,2.110909416924669e-16,False,False,unchanged
dmv.1667,6615534,False,,6650597.634918755,6650597.634918756,,1.0053001972204745,1.4003592244486395e-16,False,False,unchanged
dmv.1668,47635,False,,4455.730765660835,4455.7307656608355,,10.690726730418865,2.0411796618910834e-16,False,False,unchanged
dmv.1669,11395733,False,,11502642.787184551,11502642.78718455,,1.0093815630099925,1.6193193022617268e-16,False,False,unchanged
dmv.1670,138937,False,,174128.96277572383,174128.9627757238,,1.2532943908082357,1.6713951540743466e-16,False,False,unchanged
dmv.1671,3078931,False,,3037286.5592209552,3037286.559220955,,1.0137110674172694,1.5331490072743697e-16,False,False,unchanged
dmv.1672,9310637,False,,9415623.185233599,9415623.1852336,,1.0112759401138287,1.9782494611212982e-16,False,False,unchanged
dmv.1673,6824,False,,9513.888879904765,9513.888879904764,,1.3941806682158213,1.9119304697660763e-16,False,False,unchanged
dmv.1674,944189,False,,1071739.57976227,1071739.5797622704,,1.1350900929393055,4.3449107983026123e-16,False,False,unchanged
dmv.1675,2168067,False,,2603288.8179922746,2603288.8179922765,,1.2007418672911283,7.154969269477665e-16,False,False,unchanged
dmv.1676,9719411,False,,9756348.033260208,9756348.033260208,,1.0038003365903765,0.0,False,False,unchanged
dmv.1677,583889,False,,557950.2770886697,557950.2770886696,,1.0464893091310503,2.0864820147483152e-16,False,False,unchanged
dmv.1678,35337,False,,57633.275838075046,57633.27583807506,,1.6309611975570943,2.524915513956127e-16,False,False,unchanged
dmv.1679,10550006,False,,10629448.03984982,10629448.039849821,,1.0075300468881079,1.7523441878147359e-16,False,False,unchanged
dmv.1680,704,False,,1347.8220803264821,1347.8220803264821,,1.914520000463753,0.0,False,False,unchanged
dmv.1681,11266169,False,,11365659.957749521,11365659.957749523,,1.008830948457237,1.6388358935205848e-16,False,False,unchanged
dmv.1682,2059581,False,,2029712.4248266865,2029712.4248266865,,1.0147156684897685,0.0,False,False,unchanged
dmv.1683,5560387,False,,5934510.620570497,5934510.6205704985,,1.0672837377273374,3.138666805607463e-16,False,False,unchanged
dmv.1684,530631,False,,183501.77229684862,183501.7722968485,,2.891694142014087,6.344097954466141e-16,False,False,unchanged
dmv.1685,2202221,False,,2275366.2705606995,2275366.2705607014,,1.033214318890202,8.186133253930847e-16,False,False,unchanged
dmv.1686,5517699,False,,5902771.537559371,5902771.537559372,,1.0697886089037063,1.5777716767275629e-16,False,False,unchanged
dmv.1687,3242786,False,,3264762.917203276,3264762.9172032755,,1.0067771716059204,1.4263249709618825e-16,False,False,unchanged
dmv.1688,1244689,False,,1231956.3412157556,1231956.3412157556,,1.0103353165678577,0.0,False,False,unchanged
dmv.1689,973989,False,,967973.8269809276,967973.8269809276,,1.0062141897346888,0.0,False,False,unchanged
dmv.1690,318071,False,,293620.654549513,293620.6545495129,,1.0832718852425416,3.964820594979766e-16,False,False,unchanged
dmv.1691,190373,False,,382674.6240871904,382674.6240871904,,2.0101307647995794,0.0,False,False,unchanged
dmv.1692,10121947,False,,10245247.534648834,10245247.534648836,,1.0121815036819333,1.8180577315790552e-16,False,False,unchanged
dmv.1693,1149122,False,,1070455.8287959697,1070455.82879597,,1.0734884794756199,2.175060730116753e-16,False,False,unchanged
dmv.1694,2913252,False,,2894771.446648881,2894771.4466488822,,1.0063841148400552,4.825886560199525e-16,False,False,unchanged
dmv.1695,10874168,False,,10967311.3360667,10967311.3360667,,1.0085655597804541,0.0,False,False,unchanged
dmv.1696,761061,False,,468027.52357327746,468027.52357327886,,1.6261030851123508,2.984832710814907e-15,False,False,unchanged
dmv.1697,2032770,False,,2018891.8220427625,2018891.8220427628,,1.0068741563097696,1.1532596304158886e-16,False,False,unchanged
dmv.1698,4795442,False,,4860127.729802227,4860127.729802227,,1.0134890026408883,0.0,False,False,unchanged
dmv.1699,917742,False,,986398.8937822792,986398.8937822792,,1.074810669863948,0.0,False,False,unchanged
dmv.1700,983600,False,,1013085.5888060469,1013085.5888060468,,1.0299772151342486,1.149116354168397e-16,False,False,unchanged
dmv.1701,707296,False,,723438.0698311862,723438.0698311862,,1.0228222269476799,0.0,False,False,unchanged
dmv.1702,11016617,False,,11129416.427360436,11129416.427360436,,1.0102390259514729,0.0,False,False,unchanged
dmv.1703,10215317,False,,10274707.0936848,10274707.093684802,,1.0058138277730198,1.8128450108089257e-16,False,False,unchanged
dmv.1704,539856,False,,525659.2597528419,525659.2597528421,,1.0270074957945823,4.4293073761003175e-16,False,False,unchanged
dmv.1705,6633755,False,,6425821.256550173,6425821.256550173,,1.032359092347592,0.0,False,False,unchanged
dmv.1706,449148,False,,784641.1620254485,784641.162025449,,1.7469545940880256,5.934703783646722e-16,False,False,unchanged
dmv.1707,10734721,False,,10885696.924677953,10885696.924677953,,1.0140642616308289,0.0,False,False,unchanged
dmv.1708,452953,False,,473542.47601980984,473542.4760198098,,1.0454560981377976,1.2291961938179417e-16,False,False,unchanged
dmv.1709,836021,False,,746832.0380280438,746832.0380280438,,1.1194230528827516,0.0,False,False,unchanged
dmv.1710,3055445,False,,3025642.7891060766,3025642.789106077,,1.009849877520647,1.5390491203534254e-16,False,False,unchanged
dmv.1711,10562952,False,,10612818.745788425,10612818.745788425,,1.0047209100058796,0.0,False,False,unchanged
dmv.1712,5462662,False,,5635583.374172035,5635583.374172036,,1.03165514801612,1.6525752753188677e-16,False,False,unchanged
dmv.1713,210081,False,,549371.5945310828,549371.5945310829,,2.615046551240154,2.1190633623185654e-16,False,False,unchanged
dmv.1714,10586970,False,,10476572.368767014,10476572.368767012,,1.010537571578478,1.77791464962712e-16,False,False,unchanged
dmv.1715,10515009,False,,10655184.084981356,10655184.084981356,,1.0133309524491474,0.0,False,False,unchanged
dmv.1716,453320,False,,431825.2810034634,431825.28100346326,,1.0497764256566633,2.695889447612058e-16,False,False,unchanged
dmv.1717,10477142,False,,10562864.956555784,10562864.956555786,,1.008181902713143,1.763390100026713e-16,False,False,unchanged
dmv.1718,2982461,False,,2838609.384425033,2838609.384425034,,1.0506767913768822,3.2809113494991134e-16,False,False,unchanged
dmv.1719,929003,False,,912024.5872258125,912024.5872258123,,1.0186161787872763,2.552898758596977e-16,False,False,unchanged
dmv.1720,866525,False,,1450879.0011353758,1450879.0011353758,,1.6743648494104335,0.0,False,False,unchanged
dmv.1721,344558,False,,77109.00562701041,77109.00562701044,,4.4684534212084985,3.77437501885499e-16,False,False,unchanged
dmv.1722,10514004,False,,10617331.162962157,10617331.162962155,,1.0098275750096877,1.754344025482288e-16,False,False,unchanged
dmv.1723,112160,False,,113166.72111220963,113166.7211122097,,1.0089757588463768,6.42941453342012e-16,False,False,unchanged
dmv.1724,10429634,False,,10550364.676397985,10550364.676397985,,1.0115757347187815,0.0,False,False,unchanged
dmv.1725,10547326,False,,10683396.540924065,10683396.540924067,,1.0129009514756693,1.7434952845715923e-16,False,False,unchanged
dmv.1726,86596,False,,84489.0493760416,84489.04937604158,,1.0249375586483502,1.7223433493256127e-16,False,False,unchanged
dmv.1727,893855,False,,1522797.4323586384,1522797.4323586384,,1.7036291483055288,0.0,False,False,unchanged
dmv.1728,562655,False,,479499.72854770406,479499.7285477039,,1.1734208936971755,3.641774381589239e-16,False,False,unchanged
dmv.1729,909775,False,,1616651.0083138407,1616651.0083138412,,1.7769789324985197,2.8804069951586e-16,False,False,unchanged
dmv.1730,8256,False,,8466.723870515883,8466.723870515885,,1.0255237246264393,2.1483981660016317e-16,False,False,unchanged
dmv.1731,5363481,False,,5730491.992862824,5730491.992862821,,1.068427760415824,6.500821051842785e-16,False,False,unchanged
dmv.1732,283557,False,,323947.7861859893,323947.7861859891,,1.1424432695577582,5.390466926671492e-16,False,False,unchanged
dmv.1733,5275866,False,,5798845.928334266,5798845.928334268,,1.0991268406616592,3.212096289935412e-16,False,False,unchanged
dmv.1734,5134253,False,,4923801.051532573,4923801.051532575,,1.0427417652063586,3.7829415318297494e-16,False,False,unchanged
dmv.1735,787885,False,,899822.3558614398,899822.35586144,,1.1420732160930083,1.2937589410688207e-16,False,False,unchanged
dmv.1736,10067504,False,,9990787.35012122,9990787.35012122,,1.0076787391414,0.0,False,False,unchanged
dmv.1737,296320,False,,11947.72719386695,11947.72719386695,,24.80136976613494,0.0,False,False,unchanged
dmv.1738,11439694,False,,11529530.917656763,11529530.917656763,,1.00785308747391,0.0,False,False,unchanged
dmv.1739,10503332,False,,10569306.246283026,10569306.246283026,,1.006281268294959,0.0,False,False,unchanged
dmv.1740,2053641,False,,1996672.742971605,1996672.7429716059,,1.028531594488344,4.66437265642947e-16,False,False,unchanged
dmv.1741,11062825,False,,11162075.818357438,11162075.81835744,,1.0089715618169353,1.6687264802193893e-16,False,False,unchanged
dmv.1742,10369853,False,,10349405.252909375,10349405.252909377,,1.0019757412712076,1.799760569533538e-16,False,False,unchanged
dmv.1743,683027,False,,620511.3089674538,620511.308967454,,1.1007486731169718,3.7522385215074565e-16,False,False,unchanged
dmv.1744,360970,False,,355088.50424511253,355088.50424511253,,1.0165634642760148,0.0,False,False,unchanged
dmv.1745,2035747,False,,2063698.6449166446,2063698.6449166466,,1.0137304119405037,1.015398153236401e-15,False,False,unchanged
dmv.1746,10135119,False,,10244590.308951147,10244590.308951145,,1.0108011863453352,1.8181743662345216e-16,False,False,unchanged
dmv.1747,168767,False,,192394.04417991734,192394.0441799174,,1.139998010155524,3.025439855042211e-16,False,False,unchanged
dmv.1748,12125,False,,12127.133802754988,12127.133802754986,,1.0001759837323703,1.4999334823308594e-16,False,False,unchanged
dmv.1749,5457,False,,4075.002759928358,4075.002759928361,,1.3391401973175445,6.695661981261461e-16,False,False,unchanged
dmv.1750,2319074,False,,2377439.027690426,2377439.027690426,,1.0251673847796259,0.0,False,False,unchanged
dmv.1751,4353,False,,14163.899423643104,14163.899423643103,,3.253824815906985,1.2842433775754626e-16,False,False,unchanged
dmv.1752,7703825,False,,7706397.299844542,7706397.299844542,,1.0003338990494386,0.0,False,False,unchanged
dmv.1753,5249576,False,,5810556.4300775025,5810556.4300775025,,1.1068620456352098,0.0,False,False,unchanged
dmv.1754,564319,False,,569491.9270831624,569491.9270831627,,1.009166671834835,6.132588520957281e-16,False,False,unchanged
dmv.1755,2195949,False,,2148763.7967691175,2148763.796769119,,1.021959232234753,6.501337485412416e-16,False,False,unchanged
dmv.1756,11291003,False,,11373460.079802021,11373460.079802023,,1.0073029012393337,1.6377119505952316e-16,False,False,unchanged
dmv.1757,11533901,False,,11617383.619532222,11617383.619532222,,1.0072380211631973,0.0,False,False,unchanged
dmv.1758,9528972,False,,9266989.75136877,9266989.75136877,,1.0282704800221165,0.0,False,False,unchanged
dmv.1759,831224,False,,1050062.85462754,1050062.85462754,,1.2632730222269088,0.0,False,False,unchanged
dmv.1760,5664477,False,,5681068.151178146,5681068.151178148,,1.0029289820010119,3.278688267178557e-16,False,False,unchanged
dmv.1761,3598671,False,,3492359.5267711296,3492359.5267711296,,1.0304411594550693,0.0,False,False,unchanged
dmv.1762,880494,False,,923607.5023587135,923607.5023587141,,1.048965129073808,6.302207459858906e-16,False,False,unchanged
dmv.1763,1709056,False,,1750289.5568098126,1750289.556809812,,1.0241265100791388,2.6604814357487386e-16,False,False,unchanged
dmv.1764,11535810,False,,11625926.20453185,11625926.20453185,,1.0078118662262858,0.0,False,False,unchanged
dmv.1765,1583707,False,,1595458.9171902447,1595458.9171902447,,1.0074205122476851,0.0,False,False,unchanged
dmv.1766,11541839,False,,11634950.02643168,11634950.02643168,,1.0080672608959178,0.0,False,False,unchanged
dmv.1767,10247155,False,,10347753.225495346,10347753.225495348,,1.00981718589163,1.8000479028062557e-16,False,False,unchanged
dmv.1768,76345,False,,76358.70220540438,76358.70220540438,,1.0001794774432429,0.0,False,True,fd
dmv.1769,935679,False,,905653.089381807,905653.089381807,,1.0331538764348371,0.0,False,False,unchanged
dmv.1770,1159231,False,,1568088.3120151404,1568088.3120151404,,1.3526970138092758,0.0,False,False,unchanged
dmv.1771,104514,False,,99515.4099829354,99515.4099829354,,1.05022930637498,0.0,False,False,unchanged
dmv.1772,11257639,False,,11357101.72256339,11357101.722563395,,1.0088351316438011,4.920212554397748e-16,False,False,unchanged
dmv.1773,4345208,False,,4222363.34852924,4222363.348529239,,1.0290938134240744,2.2056902680814592e-16,False,False,unchanged
dmv.1774,9507190,False,,9637229.10689336,9637229.106893362,,1.0136779749740312,1.9327600584888404e-16,False,False,unchanged
dmv.1775,473072,False,,468676.54825813015,468676.54825813015,,1.0093784332888127,0.0,False,False,unchanged
dmv.1776,934887,False,,917782.9191984716,917782.9191984715,,1.0186363032518255,1.2684407106704922e-16,False,False,unchanged
dmv.1777,51504,False,,45350.76149749743,45350.76149749744,,1.1356810403909563,3.2087477140091373e-16,False,False,unchanged
dmv.1778,3853099,False,,3953197.905629284,3953197.9056292847,,1.0259788044971812,1.1779356825132526e-16,False,False,unchanged
dmv.1779,6340252,False,,6480468.949622263,6480468.949622262,,1.0221153590775671,1.437122192630464e-16,False,False,unchanged
dmv.1780,11489027,False,,11582592.425780881,11582592.425780881,,1.0081438946727936,0.0,False,False,unchanged
dmv.1781,6566717,False,,6570965.231938714,6570965.231938716,,1.0006469339151838,2.834659876417269e-16,False,False,unchanged
dmv.1782,11583937,False,,11665211.273887804,11665211.273887804,,1.0070161184308757,0.0,False,False,unchanged
dmv.1783,537239,False,,543643.7130424081,543643.7130424081,,1.0119215340703265,0.0,False,False,unchanged
dmv.1784,2109160,False,,2116986.7071029185,2116986.707102918,,1.0037108171513391,2.1996419993821953e-16,False,False,unchanged
dmv.1785,4839222,False,,4933606.764560198,4933606.764560198,,1.0195041195795933,0.0,False,False,unchanged
dmv.1786,10861958,False,,10990588.71409869,10990588.714098692,,1.0118423137061192,1.6947637635111955e-16,False,False,unchanged
dmv.1787,419751,False,,408142.6226652419,408142.62266524317,,1.0284419629073616,3.137551603245809e-15,False,False,unchanged
dmv.1788,13824,False,,7281.629963610217,7281.629963610218,,1.8984760375197767,1.249026256920645e-16,False,False,unchanged
dmv.1789,2010786,False,,1938545.9571133512,1938545.9571133512,,1.0372650659230283,0.0,False,False,unchanged
dmv.1790,10938390,False,,11079183.193970853,11079183.193970855,,1.012871473221457,1.6812116169760456e-16,False,True,fd
dmv.1791,48466,False,,9264.904912170428,9264.904912170427,,5.231138415283119,1.96331146492008e-16,False,False,unchanged
dmv.1792,889168,False,,940273.5780924865,940273.5780924867,,1.057475727975463,2.4762010661429863e-16,False,True,fd
dmv.1793,74001,False,,22379.75003179752,22379.750031797517,,3.3066052969697224,1.6255672212258015e-16,False,False,unchanged
dmv.1794,1363831,False,,1402945.1475724569,1402945.1475724583,,1.0286796146827992,9.957508776023386e-16,False,False,unchanged
dmv.1795,17928,False,,16605.342720353703,16605.342720353703,,1.0796525131652401,0.0,False,True,fd
dmv.1796,10585656,False,,10666736.599449504,10666736.599449504,,1.0076594780190764,0.0,False,False,unchanged
dmv.1797,960124,False,,971640.2681532787,971640.2681532787,,1.0119945633618979,0.0,False,False,unchanged
dmv.1798,219829,False,,200716.54626973317,200716.54626973323,,1.0952211169705088,2.899993149306433e-16,False,False,unchanged
dmv.1799,1228610,False,,1181987.2513471707,1181987.2513471707,,1.0394443752245983,0.0,False,False,unchanged
dmv.1800,8538574,False,,8639659.589976877,8639659.589976879,,1.0118386969506707,2.1559242350148448e-16,False,False,unchanged
dmv.1801,867119,False,,886830.1922576029,886830.1922576035,,1.0227318191131816,6.563563286595845e-16,False,False,unchanged
dmv.1802,1170950,False,,1197208.387589747,1197208.387589747,,1.0224248580979094,0.0,False,False,unchanged
dmv.1803,251100,False,,263756.78760960215,263756.7876096022,,1.0504053668243813,2.2068687384691338e-16,False,False,unchanged
dmv.1804,1455736,False,,1477712.6039949087,1477712.6039949087,,1.015096558713193,0.0,False,False,unchanged
dmv.1805,810593,False,,1322217.7675451066,1322217.7675451061,,1.6311734341958375,3.5218199205741173e-16,False,False,unchanged
dmv.1806,7773099,False,,7855696.729901233,7855696.729901234,,1.0106261003367167,1.1855378416920986e-16,False,False,unchanged
dmv.1807,1007403,False,,1051676.4033302092,1051676.403330209,,1.0439480558725844,2.21390004488638e-16,False,False,unchanged
dmv.1808,7263670,False,,7147664.32410899,7147664.32410899,,1.0162298718337575,0.0,False,False,unchanged
dmv.1809,359502,False,,716422.3110025898,716422.311002592,,1.9928187075526416,3.0874123833697288e-15,False,False,unchanged
dmv.1810,229458,False,,277030.1606194434,277030.16061944334,,1.2073240445721805,2.1011308221211097e-16,False,False,unchanged
dmv.1811,11008708,False,,11122011.169649128,11122011.169649126,,1.0102921405172276,1.6747377077932922e-16,False,False,unchanged
dmv.1812,10963674,False,,11035024.208466021,11035024.20846602,,1.0065078739541162,1.6879393411769266e-16,False,False,unchanged
dmv.1813,2429335,False,,2505783.3658146565,2505783.3658146565,,1.0314688446898663,0.0,False,False,unchanged
dmv.1814,10964728,False,,11074474.989547245,11074474.989547247,,1.0100090936635404,1.6819263676057178e-16,False,False,unchanged
dmv.1815,10844953,False,,10978518.576512018,10978518.576512018,,1.012315920272962,0.0,False,False,unchanged
dmv.1816,11326364,False,,11213720.51208603,11213720.51208603,,1.010045148511822,0.0,False,False,unchanged
dmv.1817,1005182,False,,962943.1563953783,962943.1563953791,,1.04386431672949,8.462672457624771e-16,False,False,unchanged
dmv.1818,8762334,False,,8710591.164322514,8710591.16432251,,1.005940220899061,4.276736478828482e-16,False,False,unchanged
dmv.1819,76605,False,,72152.65554375006,72152.65554375005,,1.0617072846826856,2.016823236608837e-16,False,False,unchanged
dmv.1820,1111569,False,,778996.6709844206,778996.6709844207,,1.4269239412734676,1.4944264354791194e-16,False,False,unchanged
dmv.1821,528102,False,,519634.0937068797,519634.09370687976,,1.0162959020504474,1.1201663173837426e-16,False,False,unchanged
dmv.1822,10546666,False,,10608802.63257389,10608802.63257389,,1.005891590060204,0.0,False,False,unchanged
dmv.1823,3931109,False,,3922722.5896128584,3922722.5896128593,,1.0021379055478836,2.3741739400118844e-16,False,True,fd
dmv.1824,11450243,False,,11532359.623797385,11532359.623797385,,1.0071716053360078,0.0,False,False,unchanged
dmv.1825,11176615,False,,11277946.619929666,11277946.619929666,,1.0090663962147453,0.0,False,False,unchanged
dmv.1826,11006935,False,,11110724.678085282,11110724.678085284,,1.009429480421687,1.676438939131329e-16,False,False,unchanged
dmv.1827,65727,False,,70699.85954008283,70699.85954008283,,1.0756593110910713,0.0,False,False,unchanged
dmv.1828,893068,False,,947003.4011397577,947003.4011397577,,1.060393386774308,0.0,False,False,unchanged
dmv.1829,5189193,False,,5688392.424060379,5688392.424060377,,1.096199818364894,3.274466686497343e-16,False,False,unchanged
dmv.1830,5231190,False,,5207138.286958776,5207138.286958777,,1.0046189887258152,1.7885497240354958e-16,False,True,fd
dmv.1831,10229251,False,,10297368.860424226,10297368.860424224,,1.006659124937322,1.808855421688974e-16,False,False,unchanged
dmv.1832,317107,False,,317720.49922027404,317720.49922027416,,1.0019346757412295,3.664079658461842e-16,False,False,unchanged
dmv.1833,378737,False,,369920.526359627,369920.526359627,,1.0238334264041402,0.0,False,False,unchanged
dmv.1834,9583193,False,,9482994.65262732,9482994.652627321,,1.0105661081802804,1.9641950854785095e-16,False,False,unchanged
dmv.1835,9783,False,,15938.471706966007,15938.471706966007,,1.6292008286789337,0.0,False,False,unchanged
dmv.1836,1260170,False,,1115693.326421279,1115693.3264212797,,1.1294949697710817,6.260608667456187e-16,False,False,unchanged
dmv.1837,276831,False,,342914.8082605762,342914.80826057616,,1.2387153471272228,1.697437949930591e-16,False,False,unchanged
dmv.1838,249957,False,,274850.9356509913,274850.9356509914,,1.0995928725780486,4.235580335617275e-16,False,False,unchanged
dmv.1839,358359,False,,439883.5700293599,439883.57002935983,,1.2274941330603106,1.3232515347091132e-16,False,False,unchanged
dmv.1840,1791591,False,,2001824.9126644833,2001824.912664484,,1.1173448140030193,3.489275842970187e-16,False,False,unchanged
dmv.1841,5084,False,,1490.026764650857,1490.0267646508576,,3.4120192473128377,3.051940821969197e-16,False,False,unchanged
dmv.1842,6438406,False,,6485154.671608947,6485154.671608948,,1.0072609076856829,1.436083828027528e-16,False,False,unchanged
dmv.1843,10131336,False,,10260678.534704462,10260678.534704462,,1.0127665822853433,0.0,False,False,unchanged
dmv.1844,953965,False,,926608.9528038986,926608.9528038986,,1.0295227529513098,0.0,False,False,unchanged
dmv.1845,127114,False,,151590.8139605568,151590.8139605568,,1.1925579712742642,0.0,False,False,unchanged
dmv.1846,10963248,False,,11099745.016763352,11099745.016763357,,1.0124504176830946,5.034291724047452e-16,False,False,unchanged
dmv.1847,6581856,False,,6678825.3718534745,6678825.371853473,,1.0147328309603665,2.7888813459335075e-16,False,False,unchanged
dmv.1848,3466953,False,,3453637.283883761,3453637.283883761,,1.003855562996837,0.0,False,False,unchanged
dmv.1849,10342105,False,,10482563.822966835,10482563.822966836,,1.013581260581558,1.7768984579421147e-16,False,False,unchanged
dmv.1850,56775,False,,38810.199012206445,38810.199012206445,,1.4628886592965764,0.0,False,False,unchanged
dmv.1851,35403,False,,22814.44492556675,22814.444925566895,,1.5517800286399266,6.378377942502261e-15,False,False,unchanged
dmv.1852,131994,False,,156252.15088647054,156252.1508864705,,1.1837822240895082,1.8626195090191065e-16,False,False,unchanged
dmv.1853,10247427,False,,10138822.18312508,10138822.18312508,,1.0107117784406634,0.0,False,False,unchanged
dmv.1854,10374866,False,,10356539.283511441,10356539.283511441,,1.001769579198887,0.0,False,False,unchanged
dmv.1855,1893102,False,,1916226.5106725346,1916226.5106725344,,1.012215142487058,1.2150476071440714e-16,False,False,unchanged
dmv.1856,502612,False,,515163.3771280355,515163.3771280355,,1.0249722989662713,0.0,False,False,unchanged
dmv.1857,11253989,False,,11344504.293408867,11344504.293408867,,1.0080429520065166,0.0,False,False,unchanged
dmv.1858,4057101,False,,4034338.649245426,4034338.6492454265,,1.0056421517214058,1.1542444197014434e-16,False,False,unchanged
dmv.1859,1157043,False,,1132972.2592283592,1132972.2592283587,,1.021245657672179,4.1100855163469794e-16,False,False,unchanged
dmv.1860,1836115,False,,2040621.325265657,2040621.325265658,,1.1113799109890485,5.704895875856796e-16,False,False,unchanged
dmv.1861,619230,False,,655744.0672732969,655744.067273297,,1.0589668899654359,1.7753164326901329e-16,False,False,unchanged
dmv.1862,10979310,False,,11104842.25851264,11104842.25851264,,1.011433528929654,0.0,False,False,unchanged
dmv.1863,671172,False,,1618360.8501109267,1618360.8501109267,,2.411246074196967,0.0,False,False,unchanged
dmv.1864,3280162,False,,3298698.669963207,3298698.669963208,,1.0056511446578575,2.8233029682152385e-16,False,False,unchanged
dmv.1865,302825,False,,243541.59886066496,243541.598860665,,1.2434220741617628,1.1950250221271063e-16,False,False,unchanged
dmv.1866,2098551,False,,2057774.0448459135,2057774.0448459142,,1.0198160508711926,3.394405390189047e-16,False,False,unchanged
dmv.1867,9282926,False,,9361459.371233668,9361459.371233668,,1.008459980315869,0.0,False,False,unchanged
dmv.1868,895682,False,,1187984.1405729896,1187984.1405729891,,1.3263458912571533,3.9197601331878155e-16,False,False,unchanged
dmv.1869,5121437,False,,5110468.078188425,5110468.078188425,,1.0021463634335943,0.0,False,False,unchanged
dmv.1870,32526,False,,69223.94946645689,69223.94946645689,,2.128265063839909,0.0,False,False,unchanged
dmv.1871,10935826,False,,10912028.778963357,10912028.778963357,,1.0021808246219548,0.0,False,False,unchanged
dmv.1872,11383014,False,,11492199.201671869,11492199.201671869,,1.0095919412619425,0.0,False,False,unchanged
dmv.1873,10519161,False,,10610285.845679305,10610285.845679302,,1.0086627484529713,3.5110178487593895e-16,False,False,unchanged
dmv.1874,11359107,False,,11458928.708333332,11458928.708333336,,1.008787813014996,3.2509935206706995e-16,False,False,unchanged
dmv.1875,1195206,False,,1296952.9788882479,1296952.9788882479,,1.0851292403888935,0.0,False,False,unchanged
dmv.1876,5412174,False,,5386659.793310985,5386659.793310986,,1.0047365543152915,1.7289426292931487e-16,False,False,unchanged
dmv.1877,861736,False,,850327.0225181625,850327.0225181625,,1.0134171644316923,0.0,False,False,unchanged
dmv.1878,270511,False,,362309.70148390846,362309.70148390846,,1.339352933832297,0.0,False,False,unchanged
dmv.1879,6139885,False,,6369682.785974106,6369682.785974109,,1.037427050502429,4.3863530064616196e-16,False,False,unchanged
dmv.1880,1425028,False,,1727041.3633131704,1727041.3633131704,,1.2119350379874434,0.0,False,False,unchanged
dmv.1881,172897,False,,236520.48683130372,236520.4868313037,,1.3679849091152751,1.2304993468701836e-16,False,False,unchanged
dmv.1882,10527138,False,,10637235.476750769,10637235.476750769,,1.0104584433823105,0.0,False,False,unchanged
dmv.1883,105057,False,,105055.25541402202,105055.25541402205,,1.0000166063655846,2.770335509826301e-16,False,False,unchanged
dmv.1884,48844,False,,47493.53124381307,47493.53124381307,,1.0284347935564984,0.0,False,False,unchanged
dmv.1885,13599,False,,336224.40381489834,336224.4038148982,,24.724200589374096,3.4624292736057613e-16,False,False,unchanged
dmv.1886,2306703,False,,2341314.924380388,2341314.9243803886,,1.0150049331796889,1.9888878785965668e-16,False,False,unchanged
dmv.1887,10476921,False,,10550928.113670938,10550928.11367094,,1.0070638228226536,1.7653851198336854e-16,False,False,unchanged
dmv.1888,8342761,False,,8387445.078547421,8387445.078547419,,1.0053560300417836,2.2207539146754564e-16,False,False,unchanged
dmv.1889,452774,False,,522391.7828269541,522391.7828269554,,1.1537583492580274,2.4513565913430095e-15,False,False,unchanged
dmv.1890,1667686,False,,1672505.6394483165,1672505.6394483163,,1.0028900161351217,1.3921067777724797e-16,False,True,fd
dmv.1891,10074321,False,,10203403.845515942,10203403.845515942,,1.0128130566333893,0.0,False,True,fd
dmv.1892,1005743,False,,995764.6687880318,995764.6687880317,,1.010020772502516,1.169104764167086e-16,False,False,unchanged
dmv.1893,113371,False,,118497.46603103622,118497.46603103617,,1.0452184953033512,4.912143935484831e-16,False,False,unchanged
dmv.1894,2535283,False,,2403312.082384717,2403312.0823847177,,1.0549121017543144,1.9375814348908061e-16,False,False,unchanged
dmv.1895,797373,False,,866073.4952037523,866073.4952037524,,1.0861585421173683,1.34417370432918e-16,False,False,unchanged
dmv.1896,553674,False,,455807.2880002326,455807.28800023254,,1.214710722220215,1.2770234800071408e-16,False,False,unchanged
dmv.1897,11053335,False,,11186817.357937453,11186817.357937451,,1.0120762066776636,1.6650358092325008e-16,False,False,unchanged
dmv.1898,2427195,False,,2398187.3053416,2398187.3053416,,1.0120956751767427,0.0,False,False,unchanged
dmv.1899,568538,False,,129071.80058126732,129071.80058126774,,4.404819623183548,3.269540982012802e-15,False,False,unchanged
dmv.1900,4480870,False,,3743311.045745453,3743311.0457454524,,1.1970338412280317,1.2439823504301023e-16,False,False,unchanged
dmv.1901,10498276,False,,10673061.421852754,10673061.421852758,,1.0166489642540122,3.4903671507356823e-16,False,False,unchanged
dmv.1902,1701539,False,,1727593.427731419,1727593.4277314183,,1.0153122718500245,4.0431499665915636e-16,False,False,unchanged
dmv.1903,1180990,False,,1168641.6815030363,1168641.6815030365,,1.0105663854818887,1.992318495387028e-16,False,False,unchanged
dmv.1904,5496681,False,,5669064.178666691,5669064.178666691,,1.0313613212530783,0.0,False,False,unchanged
dmv.1905,470721,False,,457969.039566655,457969.0395666552,,1.027844590641785,3.8129866356388636e-16,False,False,unchanged
dmv.1906,10386130,False,,10502492.673989758,10502492.673989758,,1.0112036604577217,0.0,False,False,unchanged
dmv.1907,208180,False,,205700.2261568168,205700.2261568168,,1.0120552801011153,0.0,False,False,unchanged
dmv.1908,4358935,False,,4392759.367649443,4392759.367649444,,1.0077597779387495,2.120131099085965e-16,False,False,unchanged
dmv.1909,10964359,False,,10978360.032902494,10978360.032902494,,1.0012769586350185,0.0,False,False,unchanged
dmv.1910,113967,False,,222500.4178482443,222500.41784824437,,1.9523231974891355,2.616069734896756e-16,False,False,unchanged
dmv.1911,3513740,False,,3500706.609399802,3500706.6093998016,,1.0037230742402696,1.3301922704901488e-16,False,False,unchanged
dmv.1912,99443,False,,73856.48187389712,73856.48187389712,,1.3464356475818793,0.0,False,False,unchanged
dmv.1913,2001711,False,,1973019.0141818349,1973019.0141818349,,1.0145421740043712,0.0,False,False,unchanged
dmv.1914,324939,False,,97670.54830499346,97670.5483049936,,3.326888254843424,1.489897976504229e-15,False,False,unchanged
dmv.1915,1572,False,,3075.088192141816,3075.088192141815,,1.9561629721003917,2.9576215215455673e-16,False,False,unchanged
dmv.1916,336515,False,,170639.6902682387,170639.69026823872,,1.9720792945123848,1.7055721568049998e-16,False,False,unchanged
dmv.1917,292319,False,,198984.68848087796,198984.688480878,,1.469052730798889,1.462616580146091e-16,False,False,unchanged
dmv.1918,1213561,False,,2120842.062090063,2120842.062090062,,1.7476188358805722,4.391286797177496e-16,False,False,unchanged
dmv.1919,1634039,False,,2327381.601266513,2327381.6012665126,,1.42431214999551,2.0007947431325232e-16,False,False,unchanged
dmv.1920,4821194,False,,4913602.8800769355,4913602.880076935,,1.0191672187588667,1.8953965091311905e-16,False,False,unchanged
dmv.1921,588687,False,,727695.4053194753,727695.4053194755,,1.2361329625411728,1.5997809107483061e-16,False,False,unchanged
dmv.1922,8386477,False,,8437671.801084869,8437671.801084867,,1.006104446609091,2.2075344871691607e-16,False,False,unchanged
dmv.1923,1459761,False,,1338013.2388869342,1338013.2388869342,,1.0909914473001368,0.0,False,False,unchanged
dmv.1924,10061575,False,,10118162.46527407,10118162.465274073,,1.0056241160329342,3.681785414345001e-16,False,False,unchanged
dmv.1925,5783647,False,,6145773.731082666,6145773.731082666,,1.0626121772443349,0.0,False,False,unchanged
dmv.1926,807346,False,,990249.2074121741,990249.2074121747,,1.2265487255924648,5.87808205023278e-16,False,False,unchanged
dmv.1927,10859530,False,,10999184.305542566,10999184.305542566,,1.0128600690400567,0.0,False,False,unchanged
dmv.1928,2129558,False,,2466154.4962680507,2466154.496268051,,1.1580593232342349,1.8882080908248402e-16,False,False,unchanged
dmv.1929,113927,False,,166983.89210994117,166983.89210994108,,1.4657095518177532,5.228737351068318e-16,False,False,unchanged
dmv.1930,63438,False,,26510.91457539098,26510.91457539098,,2.3929012263834517,0.0,False,False,unchanged
dmv.1931,3174613,False,,3159488.6813228675,3159488.6813228675,,1.0047869513717644,0.0,False,False,unchanged
dmv.1932,11223254,False,,11315765.009357821,11315765.00935782,,1.0082427974416173,1.6460620626980164e-16,False,False,unchanged
dmv.1933,10900476,False,,11014365.164630355,11014365.164630357,,1.010448090948538,1.6911053169113514e-16,False,False,unchanged
dmv.1934,9718488,False,,9783103.152761549,9783103.15276155,,1.0066486837007516,1.9039410299023312e-16,False,False,unchanged
dmv.1935,653,False,,5031.188982267281,5031.188982267282,,7.704730447576234,1.8077132562074196e-16,False,False,unchanged
dmv.1936,472042,False,,502240.534878817,502240.5348788169,,1.0639742541528443,1.1589598383872388e-16,False,False,unchanged
dmv.1937,51509,False,,76157.675061839,76157.67506183904,,1.478531422893844,3.8215229696943576e-16,False,False,unchanged
dmv.1938,9197485,False,,9106965.587737009,9106965.58773701,,1.0099395799172537,2.0452972302202424e-16,False,False,unchanged
dmv.1939,220171,False,,336591.56920785265,336591.56920785276,,1.5287734043441354,3.4586523394186907e-16,False,False,unchanged
dmv.1940,656837,False,,686519.3369927616,686519.3369927616,,1.0451898065924448,0.0,False,False,unchanged
dmv.1941,436544,False,,452278.59321881726,452278.59321881726,,1.0360435447946077,0.0,False,False,unchanged
dmv.1942,327601,False,,114955.85776833445,114955.85776833448,,2.8497982300319142,2.5317396626612437e-16,False,False,unchanged
dmv.1943,129903,False,,282046.22103122866,282046.2210312289,,2.171206369608313,8.255052764138613e-16,False,False,unchanged
dmv.1944,10215657,False,,10287912.62641477,10287912.62641477,,1.0070730278448827,0.0,False,False,unchanged
dmv.1945,8175517,False,,7945102.626261083,7945102.626261084,,1.0290008052227448,1.172197035614319e-16,False,False,unchanged
dmv.1946,2008765,False,,1971692.2079390842,1971692.2079390842,,1.018802525014625,0.0,False,False,unchanged
dmv.1947,936303,False,,933273.1411052697,933273.1411052695,,1.0032464867585733,1.2473874656787494e-16,False,False,unchanged
dmv.1948,4574335,False,,4742336.198429055,4742336.198429053,,1.0367269118744156,3.927695277799953e-16,False,False,unchanged
dmv.1949,11233238,False,,11272456.410731724,11272456.410731724,,1.0034912828101499,0.0,False,False,unchanged
dmv.1950,10746688,False,,10772691.766944561,10772691.766944561,,1.0024197005574704,0.0,False,False,unchanged
dmv.1951,843750,False,,789184.8780662942,789184.8780662944,,1.0691411143956588,1.4751337115351508e-16,False,False,unchanged
dmv.1952,10602878,False,,10724437.655850312,10724437.655850312,,1.0114647792656213,0.0,False,False,unchanged
dmv.1953,6129,False,,4295.692159549253,4295.692159549253,,1.426778216957501,0.0,False,False,unchanged
dmv.1954,474563,False,,707944.8485188326,707944.848518833,,1.4917826474437168,6.577649209285143e-16,False,False,unchanged
dmv.1955,37280,False,,45234.54547139246,45234.54547139248,,1.2133730008420724,3.216991588335925e-16,False,False,unchanged
dmv.1956,2571627,False,,2538119.0196874253,2538119.0196874253,,1.013201894809764,0.0,False,False,unchanged
dmv.1957,11439162,False,,11538011.449270165,11538011.449270163,,1.008641319116747,1.6143554350076317e-16,False,True,fd
dmv.1958,105938,False,,178494.77563013192,178494.7756301319,,1.6848984843033843,1.6305144144409712e-16,False,False,unchanged
dmv.1959,602811,False,,655687.5902614371,655687.5902614383,,1.0877166977069714,1.775469347841664e-15,False,False,unchanged
dmv.1960,1476,False,,1651.7791142440847,1651.7791142440851,,1.1190915408157756,2.753076043672905e-16,False,False,unchanged
dmv.1961,11089742,False,,11016051.587375622,11016051.587375622,,1.006689367060411,0.0,False,False,unchanged
dmv.1962,1524312,False,,2047117.4203387955,2047117.420338795,,1.3429779601149867,2.2747170371432477e-16,False,False,unchanged
dmv.1963,10399591,False,,10287969.136190046,10287969.136190046,,1.0108497471495421,0.0,False,False,unchanged
dmv.1964,7551571,False,,7649688.694056981,7649688.694056983,,1.0129930174869548,2.434929346442607e-16,False,False,unchanged
dmv.1965,10079712,False,,10012397.907131653,10012397.907131653,,1.0067230740820239,0.0,False,False,unchanged
